N=13: closed subgroup classes = 1316 (productive rounds: 5, 84411.4s, np=4)
  orders: 1(x1) 2(x6) 3(x3) 4(x29) 5(x1) 6(x23) 8(x69) 9(x3) 10(x5) 12(x48) 14(x1) 16(x80) 18(x11) 20(x10) 22(x1) 24(x70) 26(x1) 28(x3) 30(x2) 32(x63) 36(x22) 40(x12) 42(x1) 44(x1) 48(x77) 52(x1) 56(x4) 60(x7) 64(x44) 72(x33) 78(x1) 80(x13) 84(x3) 96(x60) 100(x1) 108(x3) 112(x4) 120(x12) 128(x24) 140(x1) 144(x44) 160(x9) 168(x2) 192(x42) 200(x3) 216(x6) 224(x1) 240(x13) 256(x11) 288(x37) 320(x5) 336(x1) 360(x2) 384(x28) 400(x1) 432(x13) 480(x16) 504(x1) 512(x5) 576(x21) 600(x1) 640(x3) 648(x1) 672(x2) 720(x12) 768(x12) 864(x11) 960(x16) 1008(x1) 1024(x1) 1152(x15) 1200(x2) 1280(x1) 1296(x3) 1440(x13) 1536(x5) 1680(x1) 1728(x10) 1920(x11) 2160(x1) 2304(x11) 2400(x1) 2592(x4) 2880(x9) 3072(x3) 3456(x4) 3840(x6) 4320(x4) 4608(x6) 5040(x1) 5184(x5) 5760(x10) 6912(x4) 7200(x2) 7680(x3) 7776(x1) 8640(x6) 9216(x2) 10080(x4) 10368(x3) 11520(x5) 13824(x2) 14400(x2) 15120(x1) 15360(x1) 17280(x5) 20160(x4) 23040(x2) 25920(x1) 27648(x1) 28800(x3) 30240(x3) 31104(x2) 34560(x3) 40320(x5) 46080(x2) 50400(x1) 51840(x1) 57600(x1) 60480(x2) 69120(x1) 80640(x3) 82944(x1) 86400(x2) 103680(x1) 120960(x1) 138240(x1) 161280(x2) 172800(x2) 181440(x1) 241920(x3) 322560(x1) 362880(x2) 403200(x1) 483840(x1) 518400(x1) 604800(x1) 725760(x2) 967680(x1) 1036800(x1) 1451520(x2) 2177280(x1) 2903040(x1) 3628800(x2) 4838400(x1) 7257600(x1) 8709120(x1) 21772800(x1) 39916800(x1) 79833600(x1) 479001600(x1) 6227020800(x1)
--- order 1 (x1) ---
0 1 2 3 4 5 6 7 8 9 10 11 12 13 14 15 16 17 18 19 20 21 22 23 24 25 26 27 28 29 30 31 32 33 34 35 36 37 38 39 40 41 42 43 44 45 46 47 48 49 50 51 52 53 54 55 56 57 58 59 60 61 62 63 64 65 66 67 68 69 70 71 72 73 74 75 76 77 
--- order 2 (x6) ---
0 0 1 2 3 3 4 5 5 6 7 8 8 9 10 11 12 12 13 14 15 16 17 17 18 19 20 21 22 23 23 24 25 26 27 28 29 30 30 31 32 33 34 35 36 37 38 38 39 40 41 42 43 44 45 46 47 47 48 49 50 51 52 53 54 55 56 57 57 58 59 60 61 62 63 64 65 66 
0 0 1 2 3 3 4 5 5 6 7 8 8 9 10 11 12 12 13 14 15 16 17 17 18 19 20 21 22 23 23 24 25 26 27 28 29 30 30 31 32 33 34 35 36 37 38 38 39 40 41 42 43 44 45 46 47 48 49 50 51 52 53 54 55 56 46 48 47 49 50 51 52 53 54 55 56 57 
0 0 1 2 3 3 4 5 5 6 7 8 8 9 10 11 12 12 13 14 15 16 17 17 18 19 20 21 22 23 23 24 25 26 27 28 29 30 31 32 33 34 35 36 37 29 31 30 32 33 34 35 36 37 38 39 40 41 42 43 44 45 46 47 48 49 39 41 40 42 43 44 45 46 47 49 48 50 
0 0 1 2 3 3 4 5 5 6 7 8 8 9 10 11 12 12 13 14 15 16 17 18 19 20 21 22 16 18 17 19 20 21 22 23 24 25 26 27 28 29 30 31 32 24 26 25 27 28 29 30 32 31 33 34 35 36 37 38 39 40 41 42 43 44 34 36 35 37 38 39 40 42 41 44 43 45 
0 0 1 2 3 3 4 5 5 6 7 8 9 10 11 7 9 8 10 11 12 13 14 15 16 17 18 19 13 15 14 16 17 19 18 20 21 22 23 24 25 26 27 28 29 21 23 22 24 25 27 26 29 28 30 31 32 33 34 35 36 37 38 39 40 41 31 33 32 34 35 37 36 39 38 41 40 42 
0 0 1 2 3 4 2 4 3 5 6 7 8 9 10 6 8 7 10 9 11 12 13 14 15 16 17 18 12 14 13 16 15 18 17 19 20 21 22 23 24 25 26 27 28 20 22 21 24 23 26 25 28 27 29 30 31 32 33 34 35 36 37 38 39 40 30 32 31 34 33 36 35 38 37 40 39 41 
--- order 3 (x3) ---
0 0 0 1 1 1 2 2 2 3 4 4 4 5 6 7 7 7 8 9 10 11 11 11 12 13 14 15 16 16 16 17 18 19 20 21 22 22 22 23 24 25 26 27 28 29 30 31 32 33 34 35 36 37 38 30 31 29 32 33 34 35 36 37 38 39 31 29 30 32 33 34 35 36 37 38 39 39 
0 0 0 1 1 1 2 2 2 3 4 4 4 5 6 7 7 7 8 9 10 11 12 13 14 15 16 17 12 13 11 14 15 16 17 18 13 11 12 14 15 16 17 18 18 19 20 21 22 23 24 25 26 27 28 20 21 19 22 23 24 25 28 26 27 29 21 19 20 22 23 24 25 27 28 26 29 29 
0 0 0 1 1 1 2 3 4 5 3 4 2 5 6 4 2 3 5 6 6 7 8 9 10 11 12 13 8 9 7 10 13 11 12 14 9 7 8 10 12 13 11 14 14 15 16 17 18 19 20 21 22 23 24 16 17 15 18 21 19 20 24 22 23 25 17 15 16 18 20 21 19 23 24 22 25 25 
--- order 4 (x29) ---
0 0 1 0 1 2 0 2 1 1 3 4 4 4 4 5 6 6 6 6 7 8 9 9 9 9 10 11 12 13 13 13 13 14 15 16 17 18 19 20 21 22 23 24 25 17 19 21 18 20 22 23 24 25 26 17 20 18 21 19 22 23 24 25 26 27 17 21 20 19 18 22 23 24 25 27 26 26 
0 0 1 0 1 2 0 2 1 1 3 4 4 4 4 5 6 6 6 6 7 8 9 10 10 9 11 12 8 10 9 9 10 11 12 13 14 15 16 17 18 19 20 21 22 14 16 18 15 17 19 20 22 21 23 14 17 15 18 16 19 20 22 21 23 24 14 18 17 16 15 19 20 21 22 24 23 23 
0 0 1 0 1 2 0 2 1 1 3 4 5 5 4 3 5 4 4 5 6 7 8 9 9 8 10 11 7 9 8 8 9 11 10 12 13 14 15 16 17 18 19 20 21 13 15 17 14 16 19 18 21 20 22 13 16 14 17 15 19 18 21 20 22 23 13 17 16 15 14 18 19 20 21 23 22 22 
0 0 1 0 1 2 0 2 1 1 3 4 5 6 7 3 5 7 4 6 8 3 6 4 7 5 8 9 3 7 6 5 4 9 8 8 10 11 12 13 14 15 16 17 18 10 12 14 11 13 17 15 18 16 19 10 13 11 14 12 16 18 15 17 19 20 10 14 13 12 11 18 17 16 15 20 19 19 
0 0 1 0 2 3 0 3 2 1 4 5 5 5 5 6 7 7 7 7 8 9 10 10 10 10 11 12 13 14 14 14 14 15 16 17 18 19 19 19 19 20 21 22 23 24 25 25 25 25 26 27 28 29 30 31 32 32 32 32 33 34 35 36 37 38 39 40 40 40 40 41 42 43 44 45 46 47 
0 0 1 0 2 3 0 3 2 1 4 5 5 5 5 6 7 7 7 7 8 9 10 10 10 10 11 12 13 14 14 14 14 15 16 17 18 19 19 19 19 20 21 22 23 24 25 25 25 25 26 27 28 29 30 31 32 32 33 33 34 35 36 37 38 39 31 33 33 32 32 34 35 36 37 38 39 40 
0 0 1 0 2 3 0 3 2 1 4 5 5 5 5 6 7 7 7 7 8 9 10 10 10 10 11 12 13 14 14 14 14 15 16 17 18 19 19 20 20 21 22 23 24 18 20 20 19 19 21 22 23 24 25 26 27 27 28 28 29 30 31 32 33 34 26 28 28 27 27 29 30 31 32 34 33 35 
0 0 1 0 2 3 0 3 2 1 4 5 5 5 5 6 7 7 7 7 8 9 10 10 10 10 11 12 13 14 14 14 14 15 16 17 18 19 19 20 20 21 22 23 24 18 20 20 19 19 21 22 23 24 25 26 27 28 27 28 29 30 31 32 33 33 26 28 27 28 27 29 30 31 32 33 33 34 
0 0 1 0 2 3 0 3 2 1 4 5 5 5 5 6 7 7 7 7 8 9 10 10 10 10 11 12 13 14 14 14 14 15 16 17 18 19 20 21 22 23 24 25 26 18 20 19 22 21 23 24 25 26 27 18 21 22 19 20 23 24 25 26 28 29 18 22 21 20 19 23 24 25 26 29 28 27 
0 0 1 0 2 3 0 3 2 1 4 5 5 5 5 6 7 7 7 7 8 9 10 10 11 11 12 13 9 11 11 10 10 12 13 14 15 16 16 17 17 18 19 20 21 15 17 17 16 16 18 19 21 20 22 23 24 24 25 25 26 27 28 29 30 31 23 25 25 24 24 26 27 29 28 31 30 32 
0 0 1 0 2 3 0 3 2 1 4 5 5 5 5 6 7 7 7 7 8 9 10 10 11 11 12 13 9 11 11 10 10 12 13 14 15 16 16 17 17 18 19 20 21 15 17 17 16 16 18 19 21 20 22 23 24 25 24 25 26 27 28 28 29 29 23 25 24 25 24 26 27 28 28 29 29 30 
0 0 1 0 2 3 0 3 2 1 4 5 5 5 5 6 7 7 7 7 8 9 10 10 11 11 12 13 9 11 11 10 10 12 13 14 15 16 17 16 17 18 19 20 20 15 17 16 17 16 18 19 20 20 21 22 23 24 24 23 25 26 27 27 28 28 22 24 23 23 24 25 26 27 27 28 28 29 
0 0 1 0 2 3 0 3 2 1 4 5 5 5 5 6 7 7 7 7 8 9 10 10 11 11 12 13 9 11 11 10 10 12 13 14 15 16 17 18 19 20 21 22 23 15 17 16 19 18 20 21 22 23 24 15 18 19 16 17 20 21 23 22 25 26 15 19 18 17 16 20 21 23 22 26 25 24 
0 0 1 0 2 3 0 3 2 1 4 5 5 6 6 4 6 6 5 5 7 8 9 9 10 10 11 12 8 10 10 9 9 12 11 13 14 15 15 16 16 17 18 19 20 14 16 16 15 15 18 17 20 19 21 22 23 23 24 24 25 26 27 28 29 30 22 24 24 23 23 26 25 28 27 30 29 31 
0 0 1 0 2 3 0 3 2 1 4 5 5 6 6 4 6 6 5 5 7 8 9 9 10 10 11 12 8 10 10 9 9 12 11 13 14 15 15 16 16 17 18 19 20 14 16 16 15 15 18 17 20 19 21 22 23 24 23 24 25 25 26 26 27 27 22 24 23 24 23 25 25 26 26 27 27 28 
0 0 1 0 2 3 0 3 2 1 4 5 5 6 6 4 6 6 5 5 7 8 9 9 10 10 11 12 8 10 10 9 9 12 11 13 14 15 16 15 16 17 17 18 18 14 16 15 16 15 17 17 18 18 19 20 21 22 21 22 23 23 24 24 25 26 20 22 21 22 21 23 23 24 24 26 25 27 
0 0 1 0 2 3 0 3 2 1 4 5 5 6 6 4 6 6 5 5 7 8 9 9 10 10 11 12 8 10 10 9 9 12 11 13 14 15 16 15 16 17 17 18 18 14 16 15 16 15 17 17 18 18 19 20 21 22 22 21 23 23 24 24 25 25 20 22 21 21 22 23 23 24 24 25 25 26 
0 0 1 0 2 3 0 3 2 1 4 5 5 6 6 4 6 6 5 5 7 8 9 9 10 10 11 12 8 10 10 9 9 12 11 13 14 15 16 17 18 19 20 21 22 14 16 15 18 17 19 20 21 22 23 14 17 18 15 16 20 19 22 21 24 25 14 18 17 16 15 20 19 22 21 25 24 23 
0 0 1 0 2 3 0 3 2 1 4 5 5 6 6 4 6 6 5 5 7 8 9 10 9 10 11 11 8 10 9 10 9 11 11 12 13 14 15 16 17 18 19 20 21 13 15 14 17 16 18 19 21 20 22 13 16 17 14 15 19 18 20 21 23 24 13 17 16 15 14 19 18 21 20 24 23 22 
0 0 1 0 2 3 0 3 2 1 4 5 6 7 8 4 6 5 8 7 9 4 7 8 5 6 10 11 4 8 7 6 5 11 10 9 12 13 14 15 16 17 18 19 20 12 14 13 16 15 18 17 20 19 21 12 15 16 13 14 19 20 17 18 22 23 12 16 15 14 13 20 19 18 17 23 22 21 
0 0 1 2 0 0 3 4 4 3 5 6 6 5 7 8 9 9 8 10 11 12 13 13 12 14 15 16 17 18 18 17 19 20 21 22 23 24 24 23 25 26 27 28 29 30 31 31 30 32 33 34 35 36 37 38 39 39 38 40 41 42 43 44 45 46 47 48 48 47 49 50 51 52 53 54 55 56 
0 0 1 2 0 0 3 4 4 3 5 6 6 5 7 8 9 9 8 10 11 12 13 13 12 14 15 16 17 18 18 17 19 20 21 22 23 24 24 23 25 26 27 28 29 30 31 31 30 32 33 34 35 36 37 38 39 39 40 41 42 43 44 45 46 47 40 39 39 38 41 42 43 44 45 46 47 48 
0 0 1 2 0 0 3 4 4 3 5 6 6 5 7 8 9 9 8 10 11 12 13 13 12 14 15 16 17 18 18 17 19 20 21 22 23 24 24 25 26 27 28 29 30 25 24 24 23 26 27 28 29 30 31 32 33 33 34 35 36 37 38 39 40 41 34 33 33 32 35 36 37 38 39 41 40 42 
0 0 1 2 0 0 3 4 4 3 5 6 6 5 7 8 9 9 8 10 11 12 13 13 12 14 15 16 17 18 18 17 19 20 21 22 23 24 24 25 26 27 28 29 30 25 24 24 23 26 27 28 29 30 31 32 33 34 32 35 36 37 38 39 40 40 32 34 33 32 35 36 37 38 39 40 40 41 
0 0 1 2 0 0 3 4 4 3 5 6 6 5 7 8 9 9 8 10 11 12 13 13 14 15 16 17 14 13 13 12 15 16 17 18 19 20 20 21 22 23 24 25 26 21 20 20 19 22 23 24 26 25 27 28 29 29 30 31 32 33 34 35 36 37 30 29 29 28 31 32 33 35 34 37 36 38 
0 0 1 2 0 0 3 4 4 3 5 6 6 5 7 8 9 9 8 10 11 12 13 13 14 15 16 17 14 13 13 12 15 16 17 18 19 20 20 21 22 23 24 25 26 21 20 20 19 22 23 24 26 25 27 28 29 30 28 31 32 33 34 34 35 35 28 30 29 28 31 32 33 34 34 35 35 36 
0 0 1 2 0 0 3 4 4 3 5 6 6 7 8 7 6 6 5 8 9 10 11 11 12 13 14 15 12 11 11 10 13 15 14 16 17 18 18 19 20 21 22 23 24 19 18 18 17 20 22 21 24 23 25 26 27 27 28 29 30 31 32 33 34 35 28 27 27 26 29 31 30 33 32 35 34 36 
0 0 1 2 0 0 3 4 4 3 5 6 6 7 8 7 6 6 5 8 9 10 11 11 12 13 14 15 12 11 11 10 13 15 14 16 17 18 18 19 20 21 22 23 24 19 18 18 17 20 22 21 24 23 25 26 27 28 26 29 30 30 31 31 32 32 26 28 27 26 29 30 30 31 31 32 32 33 
0 0 1 2 0 0 3 4 4 3 5 6 6 7 8 7 6 6 5 8 9 10 11 11 12 13 14 15 12 11 11 10 13 15 14 16 17 18 19 17 20 21 21 22 22 17 19 18 17 20 21 21 22 22 23 24 25 26 24 27 28 28 29 29 30 31 24 26 25 24 27 28 28 29 29 31 30 32 
--- order 5 (x1) ---
0 0 1 0 1 2 0 2 1 2 0 2 2 1 1 3 4 4 4 4 4 5 6 6 6 6 6 7 8 9 10 11 12 13 14 15 8 10 12 9 13 11 14 15 16 8 11 9 13 10 12 14 15 16 17 8 12 13 10 11 9 14 15 17 16 17 8 13 11 12 9 10 14 15 17 17 16 16 
--- order 6 (x23) ---
0 0 0 1 1 1 1 1 1 2 3 3 3 4 4 5 5 5 6 6 7 8 8 8 9 9 10 11 12 12 12 13 13 14 15 16 17 17 17 18 18 19 20 21 22 23 24 25 26 26 27 28 29 30 31 24 25 23 26 26 27 28 29 30 31 32 25 23 24 26 26 27 28 29 30 31 32 32 
0 0 0 1 1 1 1 1 1 2 3 3 3 4 4 5 5 5 6 6 7 8 8 8 9 9 10 11 12 12 12 13 14 15 16 17 12 12 12 14 13 15 16 17 18 19 20 21 22 22 23 24 25 26 26 20 21 19 22 22 23 24 25 26 26 27 21 19 20 22 22 23 24 25 26 26 27 27 
0 0 0 1 1 1 1 1 1 2 3 3 3 4 4 5 5 5 6 6 7 8 9 10 11 11 12 13 9 10 8 11 11 12 13 14 10 8 9 11 11 12 13 14 14 15 16 17 18 18 19 20 21 22 23 16 17 15 18 18 19 20 23 21 22 24 17 15 16 18 18 19 20 22 23 21 24 24 
0 0 0 1 1 1 1 1 1 2 3 3 3 4 4 5 5 5 6 6 7 8 9 10 11 12 13 14 8 9 10 12 11 13 14 15 9 10 8 11 12 13 14 16 17 9 10 8 12 11 13 14 17 16 15 10 8 9 11 12 13 14 16 17 16 17 10 8 9 12 11 13 14 17 16 17 16 15 
0 0 0 1 1 1 1 1 1 2 3 3 3 4 4 5 5 5 6 7 8 5 5 5 7 6 8 9 10 10 10 11 12 13 14 15 10 10 10 12 11 13 15 14 16 17 18 19 20 20 21 22 22 23 23 18 19 17 20 20 21 22 22 23 23 24 19 17 18 20 20 21 22 22 23 23 24 24 
0 0 0 1 1 1 1 1 1 2 3 3 3 4 5 3 3 3 5 4 6 7 8 9 10 10 11 11 8 9 7 10 10 11 11 12 9 7 8 10 10 11 11 12 12 13 14 15 16 16 17 17 18 19 20 14 15 13 16 16 17 17 20 18 19 21 15 13 14 16 16 17 17 19 20 18 21 21 
0 0 0 1 1 1 1 1 1 2 3 3 3 4 5 3 3 3 5 4 6 7 8 9 10 11 12 13 7 8 9 11 10 13 12 14 8 9 7 10 11 12 13 15 16 8 9 7 11 10 13 12 16 15 14 9 7 8 10 11 12 13 15 16 15 16 9 7 8 11 10 13 12 16 15 16 15 14 
0 0 0 1 1 1 2 2 2 3 4 4 4 5 6 7 7 7 8 9 10 11 11 11 12 13 14 15 16 16 16 17 18 19 20 21 22 22 22 23 24 25 26 27 28 29 29 29 30 31 32 33 34 35 36 37 37 37 38 39 40 41 42 43 44 45 46 46 46 47 48 49 50 51 52 53 54 55 
0 0 0 1 1 1 2 2 2 3 4 4 4 5 6 7 7 7 8 9 10 11 11 12 1 2 4 7 11 12 11 1 2 4 7 0 12 11 11 1 2 4 7 0 0 13 14 15 16 17 18 19 15 14 13 14 15 13 16 17 18 19 13 15 14 20 15 13 14 16 17 18 19 14 13 15 20 20 
0 0 0 1 1 1 2 2 3 1 2 3 2 1 0 3 2 2 1 0 0 4 5 6 7 6 5 4 5 6 4 7 4 6 5 8 6 4 5 7 5 4 6 8 8 9 10 11 12 11 10 9 13 14 15 10 11 9 12 9 11 10 15 13 14 16 11 9 10 12 10 9 11 14 15 13 16 16 
0 0 0 1 1 1 2 2 3 1 2 3 2 1 0 3 2 2 1 0 0 4 5 6 7 8 9 10 5 6 4 7 10 8 9 11 6 4 5 7 9 10 8 11 11 8 10 9 7 5 4 6 12 12 13 9 8 10 7 4 6 5 12 13 12 11 10 9 8 7 6 5 4 13 12 12 11 11 
0 0 0 1 1 1 1 1 1 2 3 3 3 4 4 5 5 5 6 6 7 8 9 10 11 12 13 14 8 10 9 12 11 13 14 15 9 8 10 12 11 13 14 16 17 9 10 8 11 12 13 14 17 16 18 10 8 9 11 12 13 14 17 18 15 17 10 9 8 12 11 13 14 18 17 17 15 16 
0 0 0 1 1 1 1 1 1 2 3 3 3 4 5 3 3 3 5 4 6 7 8 9 10 11 12 13 7 9 8 11 10 13 12 14 8 7 9 11 10 13 12 15 16 8 9 7 10 11 12 13 16 15 17 9 7 8 10 11 12 13 16 17 14 16 9 8 7 11 10 13 12 17 16 16 14 15 
0 0 0 1 1 1 2 2 2 3 4 4 4 3 5 6 6 6 7 8 8 9 9 9 10 11 11 12 13 13 13 14 15 15 16 17 18 18 18 19 20 20 21 22 23 24 25 26 1 4 2 6 9 13 18 25 26 24 1 4 2 6 9 13 18 0 26 24 25 1 4 2 6 9 13 18 0 0 
0 0 0 1 1 1 2 2 2 3 4 4 4 3 5 6 6 6 7 8 8 9 9 9 10 11 11 12 13 13 13 14 15 16 17 18 19 19 19 14 16 15 17 18 20 21 22 23 1 4 2 6 9 19 13 22 23 21 1 4 2 6 9 19 13 0 23 21 22 1 4 2 6 9 19 13 0 0 
0 0 0 1 1 1 2 2 2 3 4 4 4 3 5 6 6 6 7 8 9 10 10 10 7 9 8 11 12 12 12 13 14 15 16 17 18 18 18 13 15 14 17 16 19 20 21 22 1 4 2 10 6 18 12 21 22 20 1 4 2 10 6 18 12 0 22 20 21 1 4 2 10 6 18 12 0 0 
0 0 0 1 1 1 2 2 2 3 4 4 4 5 6 7 7 7 8 9 10 11 11 11 12 13 14 15 16 16 16 17 18 19 20 21 22 22 22 23 24 25 26 27 28 29 29 30 31 32 33 34 35 36 37 29 30 29 31 32 33 34 35 36 37 38 30 29 29 31 32 33 34 35 36 37 38 38 
0 0 0 1 1 1 2 2 2 3 4 4 4 5 6 7 7 7 8 9 10 11 11 11 12 13 14 15 16 16 16 17 18 19 20 21 22 22 22 23 24 25 26 27 28 29 30 31 1 2 4 7 11 16 22 30 31 29 1 2 4 7 11 16 22 0 31 29 30 1 2 4 7 11 16 22 0 0 
0 0 0 1 1 1 2 2 2 3 4 4 4 5 6 7 7 7 8 9 10 11 11 12 13 14 15 16 11 12 11 13 14 15 16 17 12 11 11 13 14 15 16 17 17 18 18 19 20 21 22 23 24 25 25 18 19 18 20 21 22 23 25 24 25 26 19 18 18 20 21 22 23 25 25 24 26 26 
0 0 0 1 1 1 2 2 2 3 4 4 4 5 6 7 7 7 8 9 10 11 12 13 1 2 4 7 12 13 11 1 2 4 7 0 13 11 12 1 2 4 7 0 0 14 15 16 17 18 19 20 14 15 16 15 16 14 17 18 19 20 16 14 15 21 16 14 15 17 18 19 20 15 16 14 21 21 
0 0 0 1 1 1 2 2 3 4 2 3 2 4 5 3 2 2 4 5 5 6 6 7 8 9 10 10 6 7 6 8 10 9 10 11 7 6 6 8 10 10 9 11 11 12 12 13 14 15 16 16 17 18 18 12 13 12 14 16 15 16 18 17 18 19 13 12 12 14 16 16 15 18 18 17 19 19 
0 0 0 1 1 1 2 2 3 4 2 3 2 4 5 3 2 2 4 5 5 6 7 8 9 10 11 12 6 8 7 9 11 10 12 13 7 6 8 9 10 12 11 14 15 7 8 6 9 12 10 11 15 14 16 8 6 7 9 11 12 10 15 16 13 15 8 7 6 9 12 11 10 16 15 15 13 14 
0 0 0 1 1 1 2 3 4 1 3 4 2 1 0 4 2 3 1 0 0 5 6 7 8 9 10 11 6 7 5 8 11 9 10 12 7 5 6 8 10 11 9 12 12 9 10 11 8 5 6 7 13 14 15 10 11 9 8 7 5 6 15 13 14 12 11 9 10 8 6 7 5 14 15 13 12 12 
--- order 8 (x69) ---
0 0 1 0 1 2 0 2 1 1 0 3 3 4 4 0 3 4 3 4 1 0 4 3 4 3 1 2 0 4 4 3 3 2 1 1 5 6 7 7 6 8 9 9 8 5 7 6 6 7 9 8 8 9 10 5 8 9 9 8 7 6 6 7 11 11 5 9 8 8 9 6 7 7 6 11 11 10 
0 0 1 0 1 2 0 2 1 1 3 4 4 4 4 5 6 6 6 6 7 8 9 9 9 9 10 11 12 13 13 13 13 14 15 16 17 18 18 18 18 19 20 21 22 23 24 24 24 24 25 26 27 28 29 30 31 31 31 31 32 33 34 35 36 37 38 39 39 39 39 40 41 42 43 44 45 46 
0 0 1 0 1 2 0 2 1 1 3 4 4 4 4 5 6 6 6 6 7 8 9 9 9 9 10 11 12 13 13 13 13 14 15 16 17 18 18 18 18 19 20 21 22 23 24 24 24 24 25 26 27 28 29 30 31 32 32 31 33 34 35 36 37 38 30 32 31 31 32 33 34 35 36 37 38 39 
0 0 1 0 1 2 0 2 1 1 3 4 4 4 4 5 6 6 6 6 7 8 9 9 9 9 10 11 12 13 13 13 13 14 15 16 17 18 19 19 18 20 21 22 23 17 19 18 18 19 20 21 22 23 24 25 26 27 27 26 28 29 30 31 32 33 25 27 26 26 27 28 29 30 31 33 32 34 
0 0 1 0 1 2 0 2 1 1 3 4 4 4 4 5 6 6 6 6 7 8 9 10 10 9 11 12 8 10 9 9 10 11 12 13 14 15 16 16 15 17 18 19 20 14 16 15 15 16 17 18 20 19 21 22 23 24 24 23 25 26 27 28 29 30 22 24 23 23 24 25 26 28 27 30 29 31 
0 0 1 0 1 2 0 2 1 1 3 4 5 5 4 3 5 4 4 5 6 7 8 9 9 8 10 11 7 9 8 8 9 11 10 12 13 14 15 15 14 16 17 18 19 13 15 14 14 15 17 16 19 18 20 21 22 23 23 22 24 25 26 27 28 29 21 23 22 22 23 25 24 27 26 29 28 30 
0 0 1 0 1 2 0 2 1 1 0 3 4 4 5 0 4 3 5 4 1 0 4 5 3 4 1 2 0 5 4 4 3 2 1 1 6 7 8 9 10 7 8 9 10 6 8 10 7 9 8 10 7 9 11 6 9 7 10 8 9 7 10 8 11 12 6 10 9 8 7 10 9 8 7 12 11 11 
0 0 1 0 1 2 0 2 1 1 0 3 4 5 6 0 4 6 3 5 1 0 5 3 6 4 1 2 0 6 5 4 3 2 1 1 7 8 8 8 8 8 8 8 8 9 10 10 10 10 10 10 10 10 11 12 13 13 13 13 13 13 13 13 14 15 16 17 17 17 17 17 17 17 17 18 19 20 
0 0 1 0 1 2 0 2 1 1 0 3 4 5 6 0 4 6 3 5 1 0 5 3 6 4 1 2 0 6 5 4 3 2 1 1 7 8 8 8 8 8 8 8 8 9 10 10 10 10 10 10 10 10 11 12 13 13 13 13 14 14 14 14 15 16 12 14 14 14 14 13 13 13 13 15 16 17 
0 0 1 0 1 2 0 2 1 1 0 3 4 5 6 0 4 6 3 5 1 0 5 3 6 4 1 2 0 6 5 4 3 2 1 1 7 8 8 8 8 8 8 8 8 9 10 10 10 10 10 10 10 10 11 12 13 14 14 13 13 14 14 13 15 16 12 14 13 13 14 14 13 13 14 15 16 17 
0 0 1 0 1 2 0 2 1 1 0 3 4 5 6 0 4 6 3 5 1 0 5 3 6 4 1 2 0 6 5 4 3 2 1 1 7 8 8 8 8 9 9 9 9 7 9 9 9 9 8 8 8 8 10 11 12 12 12 12 13 13 13 13 14 15 11 13 13 13 13 12 12 12 12 15 14 16 
0 0 1 0 1 2 0 2 1 1 0 3 4 5 6 0 4 6 3 5 1 0 5 3 6 4 1 2 0 6 5 4 3 2 1 1 7 8 8 8 8 9 9 9 9 7 9 9 9 9 8 8 8 8 10 11 12 13 13 12 12 13 13 12 14 14 11 13 12 12 13 13 12 12 13 14 14 15 
0 0 1 0 1 2 0 2 1 1 0 3 4 5 6 0 4 6 3 5 1 0 5 3 6 4 1 2 0 6 5 4 3 2 1 1 7 8 9 9 8 8 9 9 8 7 9 8 8 9 9 8 8 9 10 11 12 13 13 12 12 13 13 12 14 15 11 13 12 12 13 13 12 12 13 15 14 16 
0 0 1 0 1 2 0 2 1 1 0 3 4 5 6 0 4 6 3 5 1 0 5 3 6 4 1 2 0 6 5 4 3 2 1 1 7 8 9 9 8 8 9 9 8 7 9 8 8 9 9 8 8 9 10 11 12 13 13 12 13 12 12 13 14 14 11 13 12 12 13 12 13 13 12 14 14 15 
0 0 1 0 1 2 0 2 1 1 0 3 4 5 6 0 4 6 3 5 1 0 5 3 6 4 1 2 0 6 5 4 3 2 1 1 7 8 9 9 8 10 11 11 10 7 9 8 8 9 11 10 10 11 12 7 10 11 11 10 8 9 9 8 13 14 7 11 10 10 11 9 8 8 9 14 13 12 
0 0 1 0 1 2 0 2 1 1 0 3 4 5 6 0 4 6 3 5 1 0 5 3 6 4 1 2 0 6 5 4 3 2 1 1 7 8 9 10 11 8 9 10 11 7 9 11 8 10 10 8 11 9 12 7 10 8 11 9 9 11 8 10 12 13 7 11 10 9 8 11 10 9 8 13 12 12 
0 0 1 0 1 2 0 2 1 1 3 0 0 0 0 4 5 5 5 5 4 6 7 7 7 7 6 8 9 10 10 10 10 9 11 12 13 14 14 15 15 16 17 18 19 13 15 15 14 14 16 17 18 19 20 16 14 15 14 15 13 17 18 19 21 21 16 15 14 15 14 13 17 18 19 21 21 20 
0 0 1 0 1 2 0 2 1 1 3 0 0 0 0 4 5 5 5 5 4 6 7 7 7 7 6 8 9 10 10 10 10 9 11 12 13 14 15 16 17 13 18 19 20 13 15 17 14 16 13 18 19 20 21 13 16 14 17 15 13 18 19 20 21 22 13 17 16 15 14 13 18 19 20 22 21 21 
0 0 1 0 1 2 0 2 1 1 3 0 0 0 0 4 5 5 5 5 4 6 7 7 7 7 8 9 8 7 7 7 7 6 9 10 11 12 12 13 13 14 15 16 17 11 13 13 12 12 14 15 16 17 18 14 12 13 12 13 11 15 17 16 19 19 14 13 12 13 12 11 15 17 16 19 19 18 
0 0 1 0 1 2 0 2 1 1 3 0 0 0 0 4 5 5 5 5 4 6 7 7 7 7 8 9 8 7 7 7 7 6 9 10 11 12 13 14 15 11 16 17 17 11 13 15 12 14 11 16 17 17 18 11 14 12 15 13 11 16 17 17 18 19 11 15 14 13 12 11 16 17 17 19 18 18 
0 0 1 0 1 2 0 2 1 1 3 0 0 0 0 4 5 5 5 5 4 6 7 7 8 8 9 10 6 8 8 7 7 9 10 11 9 7 8 7 8 6 10 12 12 9 8 7 8 7 6 10 12 12 11 13 14 15 15 14 13 16 17 17 17 17 13 15 14 14 15 13 16 17 17 17 17 18 
0 0 1 0 1 2 0 2 1 1 3 0 0 0 0 4 5 5 5 5 4 6 7 8 8 7 6 9 6 8 7 7 8 6 9 10 11 12 13 14 15 11 16 17 18 11 13 15 12 14 11 16 18 17 19 11 14 12 15 13 11 16 18 17 19 20 11 15 14 13 12 11 16 17 18 20 19 19 
0 0 1 0 1 2 0 2 1 1 3 4 4 4 4 5 6 6 6 6 7 8 9 9 9 9 10 11 12 13 13 13 13 14 15 16 17 18 18 19 19 20 21 22 23 17 18 19 18 19 20 21 22 23 24 17 19 18 19 18 20 21 22 23 24 25 17 19 19 18 18 20 21 22 23 25 24 24 
0 0 1 0 1 2 0 2 1 1 3 4 4 4 4 5 6 6 6 6 7 8 9 9 9 9 10 11 12 13 13 13 13 14 15 16 17 18 19 19 20 21 22 23 24 17 19 18 20 19 21 22 23 24 25 17 19 20 18 19 21 22 23 24 25 26 17 20 19 19 18 21 22 23 24 26 25 25 
0 0 1 0 1 2 0 2 1 1 3 4 4 4 4 5 6 6 6 6 7 8 9 10 10 9 11 12 8 10 9 9 10 11 12 13 14 15 16 16 17 18 19 20 21 14 16 15 17 16 18 19 21 20 22 14 16 17 15 16 18 19 21 20 22 23 14 17 16 16 15 18 19 20 21 23 22 22 
0 0 1 0 1 2 0 2 1 1 3 4 4 5 5 3 4 5 4 5 6 3 5 4 5 4 6 7 3 5 5 4 4 7 6 6 8 9 9 10 10 11 12 12 13 8 9 10 9 10 12 11 13 12 14 8 10 9 10 9 12 13 11 12 14 15 8 10 10 9 9 13 12 12 11 15 14 14 
0 0 1 0 1 2 0 2 1 1 3 4 4 5 5 3 4 5 4 5 6 3 5 4 5 4 6 7 3 5 5 4 4 7 6 6 8 9 10 10 9 11 12 12 11 8 9 10 10 9 12 11 11 12 13 8 10 9 9 10 11 12 12 11 14 15 8 10 9 9 10 12 11 11 12 15 14 13 
0 0 1 0 1 2 0 2 1 1 3 4 5 5 4 3 4 5 5 4 6 3 5 4 4 5 7 8 3 5 4 4 5 8 7 6 9 10 11 12 13 14 14 15 15 9 11 13 10 12 15 15 14 14 16 9 12 10 13 11 15 15 14 14 16 17 9 13 12 11 10 14 14 15 15 17 16 16 
0 0 1 0 1 2 0 2 1 1 3 4 5 5 4 3 5 4 4 5 6 7 8 9 9 8 10 11 7 9 8 8 9 11 10 12 13 14 15 15 16 17 18 19 20 13 15 14 16 15 18 17 20 19 21 13 15 16 14 15 18 17 20 19 21 22 13 16 15 15 14 17 18 19 20 22 21 21 
0 0 1 0 1 2 0 2 1 1 3 4 5 5 6 3 5 4 6 5 7 3 5 6 4 5 7 8 3 6 5 5 4 8 7 7 9 10 11 11 12 13 14 14 15 9 11 10 12 11 14 13 15 14 16 9 11 12 10 11 14 15 13 14 16 17 9 12 11 11 10 15 14 14 13 17 16 16 
0 0 1 2 0 0 3 4 4 3 3 4 4 3 5 6 7 7 6 8 8 9 10 10 9 11 11 12 13 14 14 13 15 15 16 17 18 19 19 18 20 20 21 22 23 24 25 25 24 26 26 27 28 29 30 31 32 32 31 33 33 34 35 36 37 38 39 40 40 39 41 41 42 43 44 45 46 47 
0 0 1 2 0 0 3 4 4 3 3 4 4 3 5 6 7 7 6 8 8 9 10 10 9 11 11 12 13 14 14 13 15 15 16 17 18 19 19 18 20 20 21 22 23 24 25 25 24 26 26 27 28 29 30 31 32 32 31 33 34 35 36 37 38 39 31 32 32 31 34 33 35 36 37 38 39 40 
0 0 1 2 0 0 3 4 4 3 3 4 4 3 5 6 7 7 6 8 8 9 10 10 9 11 11 12 13 14 14 13 15 15 16 17 18 19 19 18 20 21 22 23 24 18 19 19 18 21 20 22 23 24 25 26 27 27 26 28 29 30 31 32 33 34 26 27 27 26 29 28 30 31 32 34 33 35 
0 0 1 2 0 0 3 4 4 3 3 4 4 3 5 6 7 7 6 8 8 9 10 10 9 11 11 12 13 14 14 13 15 15 16 17 18 19 19 18 20 21 22 23 24 18 19 19 18 21 20 22 23 24 25 26 27 27 28 29 29 30 31 32 33 33 28 27 27 26 29 29 30 31 32 33 33 34 
0 0 1 2 0 0 3 4 4 3 3 4 4 3 5 6 7 7 6 8 8 9 10 10 9 11 12 13 9 10 10 9 12 11 13 14 15 16 16 15 17 18 19 20 21 15 16 16 15 18 17 19 21 20 22 23 24 24 23 25 26 27 28 29 30 31 23 24 24 23 26 25 27 29 28 31 30 32 
0 0 1 2 0 0 3 4 4 3 3 4 4 3 5 6 7 7 6 8 8 9 10 10 9 11 12 13 9 10 10 9 12 11 13 14 15 16 16 15 17 18 19 20 21 15 16 16 15 18 17 19 21 20 22 23 24 24 25 26 26 27 28 28 29 29 25 24 24 23 26 26 27 28 28 29 29 30 
0 0 1 2 0 0 3 4 4 3 3 4 4 3 5 6 7 7 6 8 8 9 10 10 9 11 12 13 9 10 10 9 12 11 13 14 15 16 16 17 18 18 19 20 20 17 16 16 15 18 18 19 20 20 21 22 23 24 22 25 25 26 27 27 28 28 22 24 23 22 25 25 26 27 27 28 28 29 
0 0 1 0 2 3 0 3 2 1 0 4 5 6 7 0 5 4 7 6 1 0 6 7 4 5 2 3 0 7 6 5 4 3 2 1 8 9 9 9 9 9 9 9 9 10 11 11 11 11 11 11 11 11 12 13 14 14 14 14 14 14 14 14 15 16 17 18 18 18 18 18 18 18 18 19 20 21 
0 0 1 0 2 3 0 3 2 1 0 4 5 6 7 0 5 4 7 6 1 0 6 7 4 5 2 3 0 7 6 5 4 3 2 1 8 9 9 9 9 9 9 9 9 10 11 11 11 11 11 11 11 11 12 13 14 14 14 14 15 15 15 15 16 17 13 15 15 15 15 14 14 14 14 16 17 18 
0 0 1 0 2 3 0 3 2 1 0 4 5 6 7 0 5 4 7 6 1 0 6 7 4 5 2 3 0 7 6 5 4 3 2 1 8 9 9 9 9 10 10 10 10 8 10 10 10 10 9 9 9 9 11 12 13 13 13 13 14 14 14 14 15 16 12 14 14 14 14 13 13 13 13 16 15 17 
0 0 1 0 2 3 0 3 2 1 0 4 5 6 7 0 5 4 7 6 1 0 6 7 4 5 2 3 0 7 6 5 4 3 2 1 8 9 9 9 9 10 10 10 10 8 10 10 10 10 9 9 9 9 11 12 13 13 14 14 13 13 14 14 15 15 12 14 14 13 13 14 14 13 13 15 15 16 
0 0 1 0 2 3 0 3 2 1 0 4 5 6 7 0 5 4 7 6 1 0 6 7 4 5 2 3 0 7 6 5 4 3 2 1 8 9 9 10 10 11 11 12 12 8 10 10 9 9 12 12 11 11 13 8 11 11 12 12 9 9 10 10 14 15 8 12 12 11 11 10 10 9 9 15 14 13 
0 0 1 0 2 3 0 3 2 1 4 0 0 0 0 5 6 6 6 6 5 5 6 6 6 6 5 7 8 9 9 9 9 8 10 10 11 12 12 13 13 14 15 16 17 11 13 13 12 12 14 16 15 17 18 14 12 12 13 13 11 16 15 17 19 20 14 13 13 12 12 11 15 16 17 20 19 18 
0 0 1 0 2 3 0 3 2 1 4 0 0 0 0 5 6 6 6 6 5 7 8 8 8 8 7 9 10 11 11 11 11 10 12 13 14 15 15 15 15 14 16 17 18 19 20 20 20 20 19 21 22 23 24 25 26 26 26 26 25 27 28 29 30 31 32 33 33 33 33 32 34 35 36 37 38 39 
0 0 1 0 2 3 0 3 2 1 4 0 0 0 0 5 6 6 6 6 5 7 8 8 8 8 7 9 10 11 11 11 11 10 12 13 14 15 15 15 15 14 16 17 18 19 20 20 20 20 19 21 22 23 24 25 26 26 26 26 27 28 29 30 31 32 27 26 26 26 26 25 28 29 30 31 32 33 
0 0 1 0 2 3 0 3 2 1 4 0 0 0 0 5 6 6 6 6 5 7 8 8 8 8 7 9 10 11 11 11 11 10 12 13 14 15 15 15 15 14 16 17 18 19 20 20 20 20 19 21 22 23 24 25 26 26 27 27 25 28 29 30 31 32 25 27 27 26 26 25 28 29 30 31 32 33 
0 0 1 0 2 3 0 3 2 1 4 0 0 0 0 5 6 6 6 6 5 7 8 8 8 8 7 9 10 11 11 11 11 10 12 13 14 15 15 15 15 16 17 18 19 16 15 15 15 15 14 17 18 19 20 21 22 22 22 22 23 24 25 26 27 28 23 22 22 22 22 21 24 25 26 28 27 29 
0 0 1 0 2 3 0 3 2 1 4 0 0 0 0 5 6 6 6 6 5 7 8 8 8 8 7 9 10 11 11 11 11 10 12 13 14 15 15 15 15 16 17 18 19 16 15 15 15 15 14 17 18 19 20 21 22 22 23 23 21 24 25 26 27 27 21 23 23 22 22 21 24 25 26 27 27 28 
0 0 1 0 2 3 0 3 2 1 4 0 0 0 0 5 6 6 6 6 5 7 8 8 8 8 7 9 10 11 11 11 11 10 12 13 14 15 15 16 16 14 17 18 19 14 16 16 15 15 14 17 18 19 20 21 22 22 23 23 21 24 25 26 27 28 21 23 23 22 22 21 24 25 26 28 27 29 
0 0 1 0 2 3 0 3 2 1 4 0 0 0 0 5 6 6 6 6 5 7 8 8 8 8 7 9 10 11 11 11 11 10 12 13 14 15 15 16 16 14 17 18 19 14 16 16 15 15 14 17 18 19 20 21 22 23 22 23 21 24 25 26 27 27 21 23 22 23 22 21 24 25 26 27 27 28 
0 0 1 0 2 3 0 3 2 1 4 0 0 0 0 5 6 6 6 6 5 7 8 8 8 8 7 9 10 11 11 11 11 10 12 13 14 15 15 16 16 17 18 19 20 14 16 16 15 15 17 18 19 20 21 17 15 15 16 16 14 18 19 20 22 23 17 16 16 15 15 14 18 19 20 23 22 21 
0 0 1 0 2 3 0 3 2 1 4 0 0 0 0 5 6 6 6 6 5 7 8 8 8 8 7 9 10 11 11 11 11 10 12 13 14 15 16 17 18 14 19 20 21 14 16 15 18 17 14 19 20 21 22 14 17 18 15 16 14 19 20 21 23 24 14 18 17 16 15 14 19 20 21 24 23 22 
0 0 1 0 2 3 0 3 2 1 4 0 0 0 0 5 6 6 6 6 5 7 8 8 8 8 9 10 9 8 8 8 8 7 10 11 12 13 13 13 13 14 15 16 17 14 13 13 13 13 12 15 17 16 18 19 20 20 20 20 21 22 23 24 25 26 21 20 20 20 20 19 22 24 23 26 25 27 
0 0 1 0 2 3 0 3 2 1 4 0 0 0 0 5 6 6 6 6 5 7 8 8 8 8 9 10 9 8 8 8 8 7 10 11 12 13 13 13 13 14 15 16 17 14 13 13 13 13 12 15 17 16 18 19 20 20 21 21 19 22 23 23 24 24 19 21 21 20 20 19 22 23 23 24 24 25 
0 0 1 0 2 3 0 3 2 1 4 0 0 0 0 5 6 6 6 6 5 7 8 8 8 8 9 10 9 8 8 8 8 7 10 11 12 13 13 14 14 12 15 16 16 12 14 14 13 13 12 15 16 16 17 18 19 19 20 20 18 21 22 22 23 24 18 20 20 19 19 18 21 22 22 24 23 25 
0 0 1 0 2 3 0 3 2 1 4 0 0 0 0 5 6 6 6 6 5 7 8 8 8 8 9 10 9 8 8 8 8 7 10 11 12 13 13 14 14 12 15 16 16 12 14 14 13 13 12 15 16 16 17 18 19 20 19 20 18 21 22 22 23 23 18 20 19 20 19 18 21 22 22 23 23 24 
0 0 1 0 2 3 0 3 2 1 4 0 0 0 0 5 6 6 6 6 5 7 8 8 8 8 9 10 9 8 8 8 8 7 10 11 12 13 13 14 14 15 16 17 18 12 14 14 13 13 15 16 17 18 19 15 13 13 14 14 12 16 18 17 20 21 15 14 14 13 13 12 16 18 17 21 20 19 
0 0 1 0 2 3 0 3 2 1 4 0 0 0 0 5 6 6 6 6 5 7 8 8 8 8 9 10 9 8 8 8 8 7 10 11 12 13 14 15 16 12 17 18 18 12 14 13 16 15 12 17 18 18 19 12 15 16 13 14 12 17 18 18 20 21 12 16 15 14 13 12 17 18 18 21 20 19 
0 0 1 0 2 3 0 3 2 1 4 0 0 0 0 5 6 6 6 6 5 7 8 8 9 9 7 10 7 9 9 8 8 7 10 11 12 13 13 14 14 12 15 16 17 12 14 14 13 13 12 15 17 16 18 19 20 20 21 21 19 22 23 24 25 26 19 21 21 20 20 19 22 24 23 26 25 27 
0 0 1 0 2 3 0 3 2 1 4 0 0 0 0 5 6 6 6 6 5 7 8 8 9 9 7 10 7 9 9 8 8 7 10 11 12 13 13 14 14 12 15 16 17 12 14 14 13 13 12 15 17 16 18 19 20 21 20 21 19 22 23 23 24 24 19 21 20 21 20 19 22 23 23 24 24 25 
0 0 1 0 2 3 0 3 2 1 4 0 0 0 0 5 6 6 6 6 5 7 8 8 9 9 7 10 7 9 9 8 8 7 10 11 12 13 13 14 14 15 16 17 18 12 14 14 13 13 15 16 18 17 19 15 13 13 14 14 12 16 17 18 20 21 15 14 14 13 13 12 16 18 17 21 20 19 
0 0 1 0 2 3 0 3 2 1 4 0 0 0 0 5 6 6 6 6 5 7 8 8 9 9 7 10 7 9 9 8 8 7 10 11 12 13 14 13 14 12 15 16 16 12 14 13 14 13 12 15 16 16 17 18 19 20 20 19 18 21 22 22 23 23 18 20 19 19 20 18 21 22 22 23 23 24 
0 0 1 0 2 3 0 3 2 1 4 0 0 0 0 5 6 6 6 6 5 7 8 8 9 9 7 10 7 9 9 8 8 7 10 11 12 13 14 13 14 15 16 17 17 12 14 13 14 13 15 16 17 17 18 15 13 14 13 14 12 16 17 17 19 20 15 14 13 14 13 12 16 17 17 20 19 18 
0 0 1 0 2 3 0 3 2 1 4 0 0 0 0 5 6 6 6 6 5 7 8 8 9 9 7 10 7 9 9 8 8 7 10 11 12 13 14 15 16 12 17 18 19 12 14 13 16 15 12 17 18 19 20 12 15 16 13 14 12 17 19 18 21 22 12 16 15 14 13 12 17 19 18 22 21 20 
0 0 1 0 2 3 0 3 2 1 4 5 5 5 5 6 7 7 7 7 8 9 10 10 10 10 11 12 13 14 14 14 14 15 16 17 18 19 19 20 20 21 22 23 24 18 19 19 20 20 21 22 23 24 25 18 20 20 19 19 21 22 23 24 26 27 18 20 20 19 19 21 22 23 24 27 26 25 
0 0 1 0 2 3 0 3 2 1 4 5 5 5 5 6 7 7 7 7 8 9 10 10 11 11 12 13 9 10 10 11 11 12 13 14 9 11 11 10 10 12 13 15 16 9 11 11 10 10 12 13 16 15 14 17 18 18 19 19 20 21 22 22 23 23 17 19 19 18 18 20 21 23 23 22 22 24 
0 0 1 0 2 3 0 3 2 1 4 5 5 6 6 4 5 5 6 6 7 4 6 6 5 5 8 9 4 6 6 5 5 9 8 7 10 11 11 12 12 13 13 14 14 10 12 12 11 11 14 14 13 13 15 16 17 17 18 18 19 19 20 20 21 22 16 18 18 17 17 20 20 19 19 22 21 23 
0 0 1 0 2 3 0 3 2 1 4 5 5 6 6 4 5 5 6 6 7 4 6 6 5 5 8 9 4 6 6 5 5 9 8 7 10 11 11 12 12 13 14 15 16 10 11 11 12 12 14 13 16 15 17 10 12 12 11 11 15 16 13 14 18 19 10 12 12 11 11 16 15 14 13 19 18 17 
0 0 1 0 2 3 0 3 2 1 4 5 5 6 6 4 5 5 6 6 7 4 6 6 5 5 8 9 4 6 6 5 5 9 8 7 10 11 12 11 12 13 14 13 14 10 11 12 11 12 14 13 14 13 15 10 12 11 12 11 13 14 13 14 16 17 10 12 11 12 11 14 13 14 13 17 16 15 
--- order 9 (x3) ---
0 0 0 1 1 1 2 2 2 3 4 4 4 3 3 5 5 5 6 6 6 7 8 9 2 4 1 5 7 9 8 4 1 2 5 8 8 7 9 4 1 2 5 7 0 8 9 7 2 4 1 5 0 7 9 9 7 8 2 4 1 5 0 9 8 0 9 8 7 4 1 2 5 9 0 0 8 7 
0 0 0 1 1 1 1 1 1 2 1 1 1 2 2 3 3 3 4 4 4 5 5 5 6 7 8 9 5 5 5 7 8 6 9 10 5 5 5 8 6 7 9 10 10 11 12 13 14 14 14 15 16 16 16 12 13 11 14 14 14 15 16 16 16 17 13 11 12 14 14 14 15 16 16 16 17 17 
0 0 0 1 1 1 2 2 2 3 4 4 4 3 3 5 5 5 6 6 6 7 8 9 2 4 1 5 7 9 8 4 1 2 5 7 8 7 9 4 1 2 5 9 0 8 9 7 2 4 1 5 0 9 8 9 7 8 2 4 1 5 0 8 7 0 9 8 7 4 1 2 5 8 0 0 7 9 
--- order 10 (x5) ---
0 0 1 0 1 2 0 2 1 2 0 2 2 1 1 3 0 0 0 0 0 4 5 5 5 5 5 4 6 7 8 9 10 11 6 12 6 8 10 7 11 9 6 12 13 6 9 7 11 8 10 6 12 13 14 6 10 11 8 9 7 6 12 14 13 14 6 11 9 10 7 8 6 12 14 14 13 13 
0 0 1 0 1 2 0 2 1 2 0 2 2 1 1 3 4 4 4 4 4 5 6 6 6 6 6 7 8 9 9 9 9 9 10 11 12 13 13 13 13 13 14 15 16 17 18 18 18 18 18 19 20 21 22 23 24 24 24 24 24 25 26 27 28 29 30 31 31 31 31 31 32 33 34 35 36 37 
0 0 1 0 1 2 0 2 1 2 0 2 2 1 1 0 3 4 5 6 7 0 4 6 3 7 5 1 0 5 3 7 4 6 1 2 0 6 7 4 5 3 2 1 2 0 7 5 6 3 4 2 2 1 1 8 9 9 9 9 9 9 9 9 9 9 10 11 11 11 11 11 11 11 11 11 11 12 
0 0 1 0 1 2 0 2 1 2 0 2 2 1 1 0 3 4 5 6 7 0 4 6 3 7 5 1 0 5 3 7 4 6 1 2 0 6 7 4 5 3 2 1 2 0 7 5 6 3 4 2 2 1 1 8 9 9 9 9 9 10 10 10 10 10 8 10 10 10 10 10 9 9 9 9 9 11 
0 0 1 0 1 2 0 2 1 2 0 2 2 1 1 3 4 4 4 4 4 5 6 6 6 6 6 7 8 9 9 10 10 11 12 13 8 9 10 9 11 10 12 13 14 8 10 9 11 9 10 12 13 14 15 8 10 11 9 10 9 12 13 15 14 15 8 11 10 10 9 9 12 13 15 15 14 14 
--- order 12 (x48) ---
0 0 0 1 1 1 1 1 1 2 3 3 3 4 4 5 5 5 6 6 7 8 8 8 9 9 10 11 12 12 12 13 13 14 15 16 17 17 17 18 18 19 20 21 22 23 23 23 24 24 25 26 27 28 29 30 30 30 31 31 32 33 34 35 36 37 38 38 38 39 39 40 41 42 43 44 45 46 
0 0 0 1 1 1 1 1 1 2 3 3 3 4 4 5 5 5 6 6 7 8 8 8 9 9 10 11 12 12 12 13 13 14 15 16 17 17 17 18 18 19 20 21 22 23 23 23 24 24 25 26 27 28 29 30 30 30 31 32 33 34 35 36 37 38 30 30 30 32 31 33 34 35 36 37 38 39 
0 0 0 1 1 1 1 1 1 2 3 3 3 4 4 5 5 5 6 6 7 8 8 8 9 9 10 11 12 12 12 13 13 14 15 16 17 17 17 18 19 20 21 22 23 17 17 17 19 18 20 21 22 23 24 25 25 25 26 27 28 29 30 31 32 33 25 25 25 27 26 28 29 30 31 33 32 34 
0 0 0 1 1 1 1 1 1 2 3 3 3 4 4 5 5 5 6 6 7 8 8 8 9 10 11 12 8 8 8 10 9 11 12 13 14 14 14 15 16 17 18 19 20 14 14 14 16 15 17 18 20 19 21 22 22 22 23 24 25 26 27 28 29 30 22 22 22 24 23 25 26 28 27 30 29 31 
0 0 0 1 1 1 1 1 1 2 3 3 3 4 5 3 3 3 5 4 6 7 7 7 8 9 10 11 7 7 7 9 8 11 10 12 13 13 13 14 15 16 17 18 19 13 13 13 15 14 17 16 19 18 20 21 21 21 22 23 24 25 26 27 28 29 21 21 21 23 22 25 24 27 26 29 28 30 
0 0 0 1 1 1 2 2 2 3 4 4 4 3 5 6 6 6 7 8 8 9 9 9 10 11 11 12 13 13 13 14 15 15 16 17 18 18 18 19 20 20 21 22 23 24 24 25 1 4 2 6 9 13 18 24 25 24 1 4 2 6 9 13 18 0 25 24 24 1 4 2 6 9 13 18 0 0 
0 0 0 1 1 1 2 2 2 3 4 4 4 3 5 6 6 6 7 8 8 9 9 9 10 11 11 12 13 13 13 14 15 16 17 18 19 19 19 14 16 15 17 18 20 21 21 22 1 4 2 6 9 19 13 21 22 21 1 4 2 6 9 19 13 0 22 21 21 1 4 2 6 9 19 13 0 0 
0 0 0 1 1 1 2 2 2 3 4 4 4 3 5 6 6 6 7 8 9 10 10 10 7 9 8 11 12 12 12 13 14 15 16 17 18 18 18 13 15 14 17 16 19 20 20 21 1 4 2 10 6 18 12 20 21 20 1 4 2 10 6 18 12 0 21 20 20 1 4 2 10 6 18 12 0 0 
0 0 0 1 1 1 2 2 2 3 4 4 4 5 6 7 7 7 8 9 10 11 11 11 12 13 14 15 16 16 16 17 18 19 20 21 22 22 22 23 24 25 26 27 28 29 29 30 1 2 4 7 11 16 22 29 30 29 1 2 4 7 11 16 22 0 30 29 29 1 2 4 7 11 16 22 0 0 
0 0 0 0 0 0 1 1 1 1 1 1 1 1 2 1 1 1 1 2 2 3 3 4 4 5 6 7 3 4 3 4 6 7 5 8 3 4 4 3 7 5 6 8 8 4 3 3 4 7 5 6 8 8 9 4 3 4 3 6 7 5 8 9 8 8 4 4 3 3 5 6 7 9 8 8 8 8 
0 0 0 1 1 1 1 1 1 2 1 1 1 3 4 1 1 1 4 3 2 5 5 5 6 6 6 6 7 7 7 8 8 8 8 9 10 10 10 11 11 11 11 12 13 14 15 16 17 17 17 17 18 19 20 15 16 14 17 17 17 17 18 19 20 21 16 14 15 17 17 17 17 18 19 20 21 21 
0 0 0 1 1 1 1 1 1 2 1 1 1 3 4 1 1 1 4 3 2 5 5 5 6 6 6 6 7 7 7 8 8 9 9 10 7 7 7 9 9 8 8 10 11 12 13 14 15 15 15 15 16 17 17 13 14 12 15 15 15 15 16 17 17 18 14 12 13 15 15 15 15 16 17 17 18 18 
0 0 0 1 1 1 1 1 1 2 1 1 1 3 4 1 1 1 4 3 2 5 6 7 8 8 8 8 6 7 5 8 8 8 8 9 7 5 6 8 8 8 8 9 9 10 11 12 13 13 13 13 14 15 16 11 12 10 13 13 13 13 16 14 15 17 12 10 11 13 13 13 13 15 16 14 17 17 
0 0 0 1 1 1 1 1 1 2 1 1 1 3 4 1 1 1 4 3 2 5 6 7 8 8 9 9 5 6 7 9 9 8 8 10 6 7 5 8 8 9 9 11 12 6 7 5 9 9 8 8 12 11 10 7 5 6 8 8 9 9 11 12 11 12 7 5 6 9 9 8 8 12 11 12 11 10 
0 0 0 1 1 1 1 1 1 2 1 1 1 3 4 1 1 1 4 3 2 5 6 7 8 8 9 9 5 7 6 9 9 8 8 10 6 5 7 9 9 8 8 11 12 6 7 5 8 8 9 9 12 11 13 7 5 6 8 8 9 9 12 13 10 12 7 6 5 9 9 8 8 13 12 12 10 11 
0 0 0 1 1 1 1 1 1 2 3 3 3 4 4 3 3 3 4 4 5 6 6 6 7 7 8 8 9 9 9 10 10 11 11 12 13 13 13 14 14 15 15 16 17 18 19 20 21 21 22 22 23 24 25 19 20 18 21 21 22 22 23 24 25 26 20 18 19 21 21 22 22 23 24 25 26 26 
0 0 0 1 1 1 1 1 1 2 3 3 3 4 4 3 3 3 4 4 5 6 6 6 7 7 8 8 9 9 9 10 10 11 12 13 9 9 9 10 10 12 11 13 14 15 16 17 18 18 19 19 20 21 21 16 17 15 18 18 19 19 20 21 21 22 17 15 16 18 18 19 19 20 21 21 22 22 
0 0 0 1 1 1 1 1 1 2 3 3 3 4 4 3 3 3 4 4 5 6 7 8 9 9 10 10 7 8 6 9 9 10 10 11 8 6 7 9 9 10 10 11 11 12 13 14 15 15 16 16 17 18 19 13 14 12 15 15 16 16 19 17 18 20 14 12 13 15 15 16 16 18 19 17 20 20 
0 0 0 1 1 1 1 1 1 2 3 3 3 4 4 3 3 3 4 4 5 6 7 8 9 9 10 11 6 7 8 9 9 11 10 12 7 8 6 9 9 10 11 13 14 7 8 6 9 9 11 10 14 13 12 8 6 7 9 9 10 11 13 14 13 14 8 6 7 9 9 11 10 14 13 14 13 12 
0 0 0 1 1 1 1 1 1 2 3 3 3 4 4 3 3 3 4 4 5 6 7 8 9 9 10 11 6 8 7 9 9 11 10 12 7 6 8 9 9 11 10 13 14 7 8 6 9 9 10 11 14 13 15 8 6 7 9 9 10 11 14 15 12 14 8 7 6 9 9 11 10 15 14 14 12 13 
0 0 0 1 1 1 1 1 1 2 3 3 3 4 4 5 5 5 4 4 6 7 7 7 8 8 9 9 10 10 10 11 11 12 12 13 14 14 14 15 15 16 16 17 18 19 20 21 1 1 5 3 7 10 14 20 21 19 1 1 5 3 7 10 14 0 21 19 20 1 1 5 3 7 10 14 0 0 
0 0 0 1 1 1 1 1 1 2 3 3 3 4 4 5 5 5 4 4 6 7 7 7 8 8 9 9 10 10 10 11 11 12 13 14 15 15 15 11 11 13 12 14 16 17 18 19 1 1 5 3 7 15 10 18 19 17 1 1 5 3 7 15 10 0 19 17 18 1 1 5 3 7 15 10 0 0 
0 0 0 1 1 1 1 1 1 2 3 3 3 4 4 5 5 5 4 4 6 7 7 7 8 8 9 9 10 10 10 11 12 13 13 14 10 10 10 12 11 13 13 14 15 16 17 18 1 1 5 3 7 10 10 17 18 16 1 1 5 3 7 10 10 0 18 16 17 1 1 5 3 7 10 10 0 0 
0 0 0 1 1 1 1 1 1 2 3 3 3 4 4 5 5 5 6 6 7 8 8 8 9 9 7 10 11 11 11 12 13 4 9 6 11 11 11 13 12 4 9 6 2 14 15 16 11 11 3 8 5 1 1 15 16 14 11 11 3 8 5 1 1 0 16 14 15 11 11 3 8 5 1 1 0 0 
0 0 0 1 1 1 1 1 1 2 3 3 3 4 4 5 5 5 6 6 7 8 8 8 9 9 10 11 12 12 12 13 13 14 15 16 17 17 17 18 18 19 20 21 22 23 23 24 25 25 26 27 28 29 30 23 24 23 25 25 26 27 28 29 30 31 24 23 23 25 25 26 27 28 29 30 31 31 
0 0 0 1 1 1 1 1 1 2 3 3 3 4 4 5 5 5 6 6 7 8 8 8 9 9 10 11 12 12 12 13 13 14 15 16 17 17 17 18 18 19 20 21 22 23 24 25 1 1 3 5 8 12 17 24 25 23 1 1 3 5 8 12 17 0 25 23 24 1 1 3 5 8 12 17 0 0 
0 0 0 1 1 1 1 1 1 2 3 3 3 4 4 5 5 5 6 6 7 8 8 8 9 9 10 11 12 12 12 13 14 4 6 9 12 12 12 14 13 4 6 9 2 15 16 17 12 12 3 5 8 1 1 16 17 15 12 12 3 5 8 1 1 0 17 15 16 12 12 3 5 8 1 1 0 0 
0 0 0 1 1 1 1 1 1 2 3 3 3 4 4 5 5 5 6 6 7 8 8 8 9 9 10 11 12 12 12 13 14 15 16 17 12 12 12 14 13 15 16 17 18 19 19 20 21 21 22 23 24 25 25 19 20 19 21 21 22 23 24 25 25 26 20 19 19 21 21 22 23 24 25 25 26 26 
0 0 0 1 1 1 1 1 1 2 3 3 3 4 4 5 5 5 6 6 7 8 8 8 9 9 10 11 12 12 12 13 14 15 16 17 12 12 12 14 13 15 16 17 18 19 20 21 1 1 3 5 8 12 12 20 21 19 1 1 3 5 8 12 12 0 21 19 20 1 1 3 5 8 12 12 0 0 
0 0 0 1 1 1 1 1 1 2 3 3 3 4 4 5 5 5 6 6 7 8 8 9 1 1 3 5 8 9 8 1 1 3 5 0 9 8 8 1 1 3 5 0 0 10 11 12 13 13 14 15 12 11 10 11 12 10 13 13 14 15 10 12 11 16 12 10 11 13 13 14 15 11 10 12 16 16 
0 0 0 1 1 1 1 1 1 2 3 3 3 4 4 5 5 5 6 6 7 8 8 9 10 10 11 12 8 9 8 10 10 11 12 13 9 8 8 10 10 11 12 13 13 14 14 15 16 16 17 18 19 20 20 14 15 14 16 16 17 18 20 19 20 21 15 14 14 16 16 17 18 20 20 19 21 21 
0 0 0 1 1 1 1 1 1 2 3 3 3 4 4 5 5 5 6 6 7 8 8 9 10 11 12 13 8 8 9 11 10 12 13 14 8 9 8 10 11 12 13 15 16 8 9 8 11 10 12 13 16 15 14 9 8 8 10 11 12 13 15 16 15 16 9 8 8 11 10 12 13 16 15 16 15 14 
0 0 0 1 1 1 1 1 1 2 3 3 3 4 4 5 5 5 6 6 7 8 9 10 1 1 3 5 9 10 8 1 1 3 5 0 10 8 9 1 1 3 5 0 0 11 12 13 14 14 15 16 11 12 13 12 13 11 14 14 15 16 13 11 12 17 13 11 12 14 14 15 16 12 13 11 17 17 
0 0 0 1 1 1 1 1 1 2 3 3 3 4 4 5 5 5 6 7 4 5 5 5 7 6 4 2 8 8 8 9 10 11 9 10 8 8 8 10 9 11 10 9 12 13 14 15 5 5 3 1 1 8 8 14 15 13 5 5 3 1 1 8 8 0 15 13 14 5 5 3 1 1 8 8 0 0 
0 0 0 1 1 1 1 1 1 2 3 3 3 4 4 5 5 5 6 7 8 5 5 5 7 6 8 9 10 10 10 11 12 13 14 15 10 10 10 12 11 13 15 14 16 17 17 18 19 19 20 21 21 22 22 17 18 17 19 19 20 21 21 22 22 23 18 17 17 19 19 20 21 21 22 22 23 23 
0 0 0 1 1 1 1 1 1 2 3 3 3 4 4 5 5 5 6 7 8 5 5 5 7 6 8 9 10 10 10 11 12 13 14 15 10 10 10 12 11 13 15 14 16 17 18 19 1 1 3 5 5 10 10 18 19 17 1 1 3 5 5 10 10 0 19 17 18 1 1 3 5 5 10 10 0 0 
0 0 0 1 1 1 1 1 1 2 3 3 3 4 5 3 3 3 5 4 6 7 7 8 1 1 3 3 7 8 7 1 1 3 3 0 8 7 7 1 1 3 3 0 0 9 10 11 12 12 13 13 11 10 9 10 11 9 12 12 13 13 9 11 10 14 11 9 10 12 12 13 13 10 9 11 14 14 
0 0 0 1 1 1 1 1 1 2 3 3 3 4 5 3 3 3 5 4 6 7 7 8 9 9 10 10 7 8 7 9 9 10 10 11 8 7 7 9 9 10 10 11 11 12 12 13 14 14 15 15 16 17 17 12 13 12 14 14 15 15 17 16 17 18 13 12 12 14 14 15 15 17 17 16 18 18 
0 0 0 1 1 1 1 1 1 2 3 3 3 4 5 3 3 3 5 4 6 7 7 8 9 10 11 12 7 7 8 10 9 12 11 13 7 8 7 9 10 11 12 14 15 7 8 7 10 9 12 11 15 14 13 8 7 7 9 10 11 12 14 15 14 15 8 7 7 10 9 12 11 15 14 15 14 13 
0 0 0 1 1 1 1 1 1 2 3 3 3 4 5 3 3 3 5 4 6 7 8 9 1 1 3 3 8 9 7 1 1 3 3 0 9 7 8 1 1 3 3 0 0 10 11 12 13 13 14 14 10 11 12 11 12 10 13 13 14 14 12 10 11 15 12 10 11 13 13 14 14 11 12 10 15 15 
0 0 0 1 1 1 2 2 2 3 4 4 4 5 6 7 7 7 8 9 10 11 11 12 1 2 4 7 11 12 11 1 2 4 7 0 12 11 11 1 2 4 7 0 0 13 13 14 15 16 17 18 14 13 13 13 14 13 15 16 17 18 13 14 13 19 14 13 13 15 16 17 18 13 13 14 19 19 
0 0 0 1 1 1 2 2 3 1 2 3 2 1 0 3 2 2 1 0 0 4 4 5 6 5 4 4 4 5 4 6 4 5 4 7 5 4 4 6 4 4 5 7 7 8 8 9 10 9 8 8 11 12 12 8 9 8 10 8 9 8 12 11 12 13 9 8 8 10 8 8 9 12 12 11 13 13 
0 0 0 1 1 1 2 2 3 1 2 3 2 1 0 3 2 2 1 0 0 4 4 5 6 7 8 8 4 5 4 6 8 7 8 9 5 4 4 6 8 8 7 9 9 7 8 8 6 4 4 5 10 10 11 8 7 8 6 4 5 4 10 11 10 9 8 8 7 6 5 4 4 11 10 10 9 9 
0 0 0 1 1 1 2 2 3 1 2 3 2 1 0 3 2 2 1 0 0 4 5 6 1 7 8 9 5 6 4 1 9 7 8 0 6 4 5 1 8 9 7 0 0 7 9 8 1 5 4 6 2 2 3 8 7 9 1 4 6 5 2 3 2 0 9 8 7 1 6 5 4 3 2 2 0 0 
0 0 0 1 1 1 2 2 3 1 2 3 2 1 0 3 2 2 1 0 0 4 5 6 7 4 5 6 4 6 5 7 5 4 6 8 5 4 6 7 4 6 5 8 9 5 6 4 7 6 4 5 9 8 10 6 4 5 7 5 6 4 9 10 8 9 6 5 4 7 6 5 4 10 9 9 8 8 
0 0 0 1 1 1 2 2 3 1 2 3 2 1 0 3 2 2 1 0 0 4 5 6 7 6 5 4 4 5 6 7 6 5 4 8 5 6 4 7 4 6 5 9 10 5 6 4 7 4 6 5 10 9 8 6 4 5 7 5 4 6 9 10 9 10 6 4 5 7 5 4 6 10 9 10 9 8 
0 0 0 1 1 1 2 2 3 1 2 3 2 1 0 3 2 2 1 0 0 4 5 6 7 6 5 4 4 6 5 7 5 6 4 8 5 4 6 7 6 4 5 9 10 5 6 4 7 4 6 5 10 9 11 6 4 5 7 5 4 6 10 11 8 10 6 5 4 7 4 5 6 11 10 10 8 9 
0 0 0 1 1 1 2 3 4 1 2 5 6 1 2 3 4 2 1 5 0 4 2 3 1 5 7 5 4 7 5 1 6 0 0 4 5 4 7 1 0 3 4 6 2 5 6 2 1 7 4 2 0 3 5 6 2 5 1 0 4 7 2 5 0 4 7 5 4 1 4 5 6 0 2 2 0 3 
--- order 14 (x1) ---
0 0 1 0 1 2 0 2 1 3 0 2 3 1 3 0 3 2 3 1 2 0 3 3 2 2 1 1 4 5 5 5 5 5 5 5 6 7 7 7 7 7 7 7 8 9 10 10 10 10 10 10 10 11 12 13 14 14 14 14 14 14 14 15 16 17 18 19 19 19 19 19 19 19 20 21 22 23 
--- order 16 (x80) ---
0 0 1 0 1 2 0 2 1 1 0 3 3 4 4 0 3 4 3 4 1 0 4 3 4 3 1 2 0 4 4 3 3 2 1 1 5 6 6 6 6 6 6 6 6 7 8 8 8 8 8 8 8 8 9 10 11 11 11 11 11 11 11 11 12 13 14 15 15 15 15 15 15 15 15 16 17 18 
0 0 1 0 1 2 0 2 1 1 0 3 3 4 4 0 3 4 3 4 1 0 4 3 4 3 1 2 0 4 4 3 3 2 1 1 5 6 6 6 6 6 6 6 6 7 8 8 8 8 8 8 8 8 9 10 11 11 11 11 12 12 12 12 13 14 10 12 12 12 12 11 11 11 11 13 14 15 
0 0 1 0 1 2 0 2 1 1 0 3 3 4 4 0 3 4 3 4 1 0 4 3 4 3 1 2 0 4 4 3 3 2 1 1 5 6 6 6 6 7 7 7 7 5 7 7 7 7 6 6 6 6 8 9 10 10 10 10 11 11 11 11 12 13 9 11 11 11 11 10 10 10 10 13 12 14 
0 0 1 0 1 2 0 1 3 4 0 1 4 3 2 0 2 1 1 1 1 0 3 1 1 1 1 4 0 4 1 1 1 1 3 2 5 6 7 7 8 8 6 9 9 5 7 9 9 6 6 7 8 8 10 5 8 6 6 9 9 8 7 7 10 11 5 9 8 8 7 7 9 6 6 11 10 10 
0 0 1 0 1 2 0 2 1 1 0 3 3 4 4 0 3 4 3 4 1 0 4 3 4 3 1 2 0 4 4 3 3 2 1 1 5 6 6 6 6 7 8 8 7 5 6 6 6 6 8 7 7 8 9 5 7 8 8 7 6 6 6 6 10 10 5 8 7 7 8 6 6 6 6 10 10 9 
0 0 1 0 1 2 0 2 1 1 0 3 3 4 4 0 3 4 3 4 1 0 4 3 4 3 1 2 0 4 4 3 3 2 1 1 5 6 7 7 6 6 7 7 6 5 6 7 7 6 7 6 6 7 8 5 7 6 6 7 6 7 7 6 8 9 5 7 6 6 7 7 6 6 7 9 8 8 
0 0 1 0 1 2 0 2 1 1 0 3 4 4 5 0 4 3 5 4 1 0 4 5 3 4 1 2 0 5 4 4 3 2 1 1 6 7 7 7 7 7 7 7 7 8 9 9 9 9 9 9 9 9 10 11 12 12 12 12 12 12 12 12 13 14 15 16 16 16 16 16 16 16 16 17 18 19 
0 0 1 0 1 2 0 2 1 1 0 3 4 4 5 0 4 3 5 4 1 0 4 5 3 4 1 2 0 5 4 4 3 2 1 1 6 7 7 7 7 7 7 7 7 8 9 9 9 9 9 9 9 9 10 11 12 12 12 12 13 13 13 13 14 15 11 13 13 13 13 12 12 12 12 14 15 16 
0 0 1 0 1 2 0 2 1 1 0 3 4 4 5 0 4 3 5 4 1 0 4 5 3 4 1 2 0 5 4 4 3 2 1 1 6 7 7 7 7 7 7 7 7 8 9 9 9 9 9 9 9 9 10 11 12 13 13 12 12 13 13 12 14 15 11 13 12 12 13 13 12 12 13 14 15 16 
0 0 1 0 1 2 0 2 1 1 0 3 4 4 5 0 4 3 5 4 1 0 4 5 3 4 1 2 0 5 4 4 3 2 1 1 6 7 7 7 7 8 8 8 8 6 8 8 8 8 7 7 7 7 9 10 11 11 11 11 12 12 12 12 13 14 10 12 12 12 12 11 11 11 11 14 13 15 
0 0 1 0 1 2 0 2 1 1 0 3 4 4 5 0 4 3 5 4 1 0 4 5 3 4 1 2 0 5 4 4 3 2 1 1 6 7 7 7 7 8 8 8 8 6 8 8 8 8 7 7 7 7 9 10 11 12 12 11 11 12 12 11 13 13 10 12 11 11 12 12 11 11 12 13 13 14 
0 0 1 0 1 2 0 2 1 1 0 3 4 4 5 0 4 3 5 4 1 0 4 5 3 4 1 2 0 5 4 4 3 2 1 1 6 7 7 7 7 8 8 8 8 6 8 8 8 8 7 7 7 7 9 10 11 12 12 11 12 11 11 12 13 13 10 12 11 11 12 11 12 12 11 13 13 14 
0 0 1 0 1 2 0 2 1 1 0 3 4 4 5 0 4 3 5 4 1 0 4 5 3 4 1 2 0 5 4 4 3 2 1 1 6 7 8 8 7 7 8 8 7 6 8 7 7 8 8 7 7 8 9 10 11 12 12 11 11 12 12 11 13 14 10 12 11 11 12 12 11 11 12 14 13 15 
0 0 1 0 1 2 0 2 1 1 0 3 4 4 5 0 4 3 5 4 1 0 4 5 3 4 1 2 0 5 4 4 3 2 1 1 6 7 8 8 7 9 10 10 9 6 8 7 7 8 10 9 9 10 11 6 9 10 10 9 7 8 8 7 12 13 6 10 9 9 10 8 7 7 8 13 12 11 
0 0 1 0 1 2 0 2 1 1 3 0 0 0 0 4 5 5 5 5 4 4 5 5 5 5 4 6 7 8 8 8 8 7 9 9 10 11 11 12 12 10 13 14 15 10 11 12 11 12 10 14 13 15 16 10 12 11 12 11 10 14 13 15 16 17 10 12 12 11 11 10 13 14 15 17 16 16 
0 0 1 0 1 2 0 2 1 1 3 0 0 0 0 4 5 5 5 5 4 4 5 5 5 5 4 6 7 8 8 8 8 7 9 9 10 11 12 12 11 13 14 15 16 10 12 11 11 12 13 15 14 16 17 13 11 12 12 11 10 15 14 16 18 19 13 12 11 11 12 10 14 15 16 19 18 17 
0 0 1 0 1 2 0 2 1 1 3 0 0 0 0 4 5 5 5 5 4 4 5 5 5 5 4 6 7 8 8 8 8 7 9 9 10 11 12 13 14 10 15 15 16 10 12 14 11 13 10 15 15 16 17 10 13 11 14 12 10 15 15 16 17 18 10 14 13 12 11 10 15 15 16 18 17 17 
0 0 1 0 1 2 0 2 1 1 3 0 0 0 0 4 5 5 5 5 4 6 7 7 7 7 6 8 9 10 10 10 10 9 11 12 13 14 14 14 14 13 15 16 17 18 19 19 19 19 18 20 21 22 23 24 25 25 25 25 24 26 27 28 29 30 31 32 32 32 32 31 33 34 35 36 37 38 
0 0 1 0 1 2 0 2 1 1 3 0 0 0 0 4 5 5 5 5 4 6 7 7 7 7 6 8 9 10 10 10 10 9 11 12 13 14 14 14 14 13 15 16 17 18 19 19 19 19 18 20 21 22 23 24 25 25 25 25 26 27 28 29 30 31 26 25 25 25 25 24 27 28 29 30 31 32 
0 0 1 0 1 2 0 2 1 1 3 0 0 0 0 4 5 5 5 5 4 6 7 7 7 7 6 8 9 10 10 10 10 9 11 12 13 14 14 14 14 13 15 16 17 18 19 19 19 19 18 20 21 22 23 24 25 26 26 25 24 27 28 29 30 31 24 26 25 25 26 24 27 28 29 30 31 32 
0 0 1 0 1 2 0 2 1 1 3 0 0 0 0 4 5 5 5 5 4 6 7 7 7 7 6 8 9 10 10 10 10 9 11 12 13 14 14 14 14 15 16 17 18 15 14 14 14 14 13 16 17 18 19 20 21 21 21 21 22 23 24 25 26 27 22 21 21 21 21 20 23 24 25 27 26 28 
0 0 1 0 1 2 0 2 1 1 3 0 0 0 0 4 5 5 5 5 4 6 7 7 7 7 6 8 9 10 10 10 10 9 11 12 13 14 14 14 14 15 16 17 18 15 14 14 14 14 13 16 17 18 19 20 21 22 22 21 20 23 24 25 26 26 20 22 21 21 22 20 23 24 25 26 26 27 
0 0 1 0 1 2 0 2 1 1 3 0 0 0 0 4 5 5 5 5 4 6 7 7 7 7 6 8 9 10 10 10 10 9 11 12 13 14 14 15 15 13 16 17 18 13 14 15 14 15 13 16 17 18 19 13 15 14 15 14 13 16 17 18 19 20 13 15 15 14 14 13 16 17 18 20 19 19 
0 0 1 0 1 2 0 2 1 1 3 0 0 0 0 4 5 5 5 5 4 6 7 7 7 7 6 8 9 10 10 10 10 9 11 12 13 14 15 15 14 13 16 17 18 13 15 14 14 15 13 16 17 18 19 20 21 22 22 21 20 23 24 25 26 27 20 22 21 21 22 20 23 24 25 27 26 28 
0 0 1 0 1 2 0 2 1 1 3 0 0 0 0 4 5 5 5 5 4 6 7 7 7 7 6 8 9 10 10 10 10 9 11 12 13 14 15 15 14 16 17 18 19 13 15 14 14 15 16 17 18 19 20 16 14 15 15 14 13 17 18 19 21 22 16 15 14 14 15 13 17 18 19 22 21 20 
0 0 1 0 1 2 0 2 1 1 3 0 0 0 0 4 5 5 5 5 4 6 7 7 7 7 6 8 9 10 10 10 10 9 11 12 13 14 15 15 16 13 17 18 19 13 15 14 16 15 13 17 18 19 20 13 15 16 14 15 13 17 18 19 20 21 13 16 15 15 14 13 17 18 19 21 20 20 
0 0 1 0 1 2 0 2 1 1 3 0 0 0 0 4 5 5 5 5 4 6 7 7 7 7 8 9 8 7 7 7 7 6 9 10 11 12 12 12 12 13 14 15 16 13 12 12 12 12 11 14 16 15 17 18 19 19 19 19 20 21 22 23 24 25 20 19 19 19 19 18 21 23 22 25 24 26 
0 0 1 0 1 2 0 2 1 1 3 0 0 0 0 4 5 5 5 5 4 6 7 7 7 7 8 9 8 7 7 7 7 6 9 10 11 12 12 12 12 13 14 15 16 13 12 12 12 12 11 14 16 15 17 18 19 20 20 19 18 21 22 22 23 23 18 20 19 19 20 18 21 22 22 23 23 24 
0 0 1 0 1 2 0 2 1 1 3 0 0 0 0 4 5 5 5 5 4 6 7 7 7 7 8 9 8 7 7 7 7 6 9 10 11 12 12 13 13 11 14 15 15 11 12 13 12 13 11 14 15 15 16 11 13 12 13 12 11 14 15 15 16 17 11 13 13 12 12 11 14 15 15 17 16 16 
0 0 1 0 1 2 0 2 1 1 3 0 0 0 0 4 5 5 5 5 4 6 7 7 7 7 8 9 8 7 7 7 7 6 9 10 11 12 13 13 12 11 14 15 15 11 13 12 12 13 11 14 15 15 16 17 18 19 19 18 17 20 21 21 22 23 17 19 18 18 19 17 20 21 21 23 22 24 
0 0 1 0 1 2 0 2 1 1 3 0 0 0 0 4 5 5 5 5 4 6 7 7 7 7 8 9 8 7 7 7 7 6 9 10 11 12 13 13 12 14 15 16 17 11 13 12 12 13 14 15 16 17 18 14 12 13 13 12 11 15 17 16 19 20 14 13 12 12 13 11 15 17 16 20 19 18 
0 0 1 0 1 2 0 2 1 1 3 0 0 0 0 4 5 5 5 5 4 6 7 7 7 7 8 9 8 7 7 7 7 6 9 10 11 12 13 13 14 11 15 16 16 11 13 12 14 13 11 15 16 16 17 11 13 14 12 13 11 15 16 16 17 18 11 14 13 13 12 11 15 16 16 18 17 17 
0 0 1 0 1 2 0 2 1 1 3 0 0 0 0 4 5 5 5 5 4 6 7 8 8 7 6 9 6 8 7 7 8 6 9 10 11 12 13 13 12 11 14 15 16 11 13 12 12 13 11 14 16 15 17 18 19 20 20 19 18 21 22 23 24 25 18 20 19 19 20 18 21 23 22 25 24 26 
0 0 1 0 1 2 0 2 1 1 3 0 0 0 0 4 5 5 5 5 4 6 7 8 8 7 6 9 6 8 7 7 8 6 9 10 11 12 13 13 12 14 15 16 17 11 13 12 12 13 14 15 17 16 18 14 12 13 13 12 11 15 16 17 19 20 14 13 12 12 13 11 15 17 16 20 19 18 
0 0 1 0 1 2 0 2 1 1 3 0 0 0 0 4 5 5 5 5 4 6 7 8 8 7 6 9 6 8 7 7 8 6 9 10 11 12 13 13 14 11 15 16 17 11 13 12 14 13 11 15 17 16 18 11 13 14 12 13 11 15 17 16 18 19 11 14 13 13 12 11 15 16 17 19 18 18 
0 0 1 0 1 2 0 2 1 1 3 4 4 4 4 5 6 6 6 6 7 8 9 9 9 9 10 11 12 13 13 13 13 14 15 16 17 18 19 19 18 20 21 22 23 17 18 19 19 18 20 21 22 23 24 17 19 18 18 19 20 21 22 23 25 26 17 19 18 18 19 20 21 22 23 26 25 24 
0 0 1 0 1 2 0 2 1 1 3 4 4 4 4 5 6 6 6 6 7 8 9 10 10 9 11 12 8 9 10 10 9 11 12 13 8 10 9 9 10 11 12 14 15 8 10 9 9 10 11 12 15 14 13 16 17 18 18 17 19 20 21 21 22 22 16 18 17 17 18 19 20 22 22 21 21 23 
0 0 1 0 1 2 0 2 1 1 3 4 5 5 4 3 4 5 5 4 6 3 5 4 4 5 7 7 3 5 4 4 5 7 7 6 8 9 10 10 9 11 12 13 14 8 9 10 10 9 12 11 14 13 15 8 10 9 9 10 13 14 12 11 16 16 8 10 9 9 10 14 13 11 12 16 16 15 
0 0 1 0 1 2 0 2 1 1 3 4 5 5 4 3 4 5 5 4 6 3 5 4 4 5 7 8 3 5 4 4 5 8 7 6 9 10 11 11 10 12 12 13 13 9 11 10 10 11 13 13 12 12 14 15 16 17 17 16 18 18 19 19 20 21 15 17 16 16 17 19 19 18 18 21 20 22 
0 0 1 0 1 2 0 2 1 1 3 4 5 5 4 3 4 5 5 4 6 3 5 4 4 5 7 8 3 5 4 4 5 8 7 6 9 10 11 11 10 12 13 14 15 9 10 11 11 10 13 12 15 14 16 9 11 10 10 11 14 15 12 13 17 18 9 11 10 10 11 15 14 13 12 18 17 16 
0 0 1 0 1 2 0 2 1 1 3 4 5 5 4 3 4 5 5 4 6 3 5 4 4 5 7 8 3 5 4 4 5 8 7 6 9 10 11 11 12 13 13 14 14 9 11 10 12 11 14 14 13 13 15 9 11 12 10 11 14 14 13 13 15 16 9 12 11 11 10 13 13 14 14 16 15 15 
0 0 1 0 1 2 0 2 1 1 0 3 4 4 5 0 4 3 5 4 1 0 4 5 3 4 1 2 0 5 4 4 3 2 1 1 6 7 7 8 8 7 7 8 8 6 7 8 7 8 7 8 7 8 9 6 8 7 8 7 8 7 8 7 9 10 6 8 8 7 7 8 8 7 7 10 9 9 
0 0 1 0 1 2 0 2 1 1 0 3 4 4 5 0 4 3 5 4 1 0 4 5 3 4 1 2 0 5 4 4 3 2 1 1 6 7 8 8 9 7 8 8 9 6 8 7 9 8 8 7 9 8 10 6 8 9 7 8 8 9 7 8 10 11 6 9 8 8 7 9 8 8 7 11 10 10 
0 0 1 0 1 2 0 2 1 1 0 3 4 5 6 0 4 6 3 5 1 0 5 3 6 4 1 2 0 6 5 4 3 2 1 1 7 0 0 0 0 0 0 0 0 8 9 9 9 9 9 9 9 9 8 10 11 11 11 11 11 11 11 11 10 12 13 14 14 14 14 14 14 14 14 13 15 16 
0 0 1 0 1 2 0 2 1 1 0 3 4 5 6 0 4 6 3 5 1 0 5 3 6 4 1 2 0 6 5 4 3 2 1 1 7 0 0 0 0 0 0 0 0 8 9 9 9 9 9 9 9 9 8 10 11 11 11 11 11 11 11 11 12 13 12 11 11 11 11 11 11 11 11 10 13 14 
0 0 1 0 1 2 0 2 1 1 0 3 4 5 6 0 4 6 3 5 1 0 5 3 6 4 1 2 0 6 5 4 3 2 1 1 7 0 0 0 0 0 0 0 0 8 9 9 9 9 9 9 9 9 8 10 11 11 11 11 12 12 12 12 10 13 10 12 12 12 12 11 11 11 11 10 13 14 
0 0 1 0 1 2 0 2 1 1 0 3 4 5 6 0 4 6 3 5 1 0 5 3 6 4 1 2 0 6 5 4 3 2 1 1 7 0 0 0 0 0 0 0 0 8 9 9 9 9 9 9 9 9 8 10 11 12 12 11 11 12 12 11 10 13 10 12 11 11 12 12 11 11 12 10 13 14 
0 0 1 0 1 2 0 2 1 1 0 3 4 5 6 0 4 6 3 5 1 0 5 3 6 4 1 2 0 6 5 4 3 2 1 1 7 8 8 8 8 9 9 9 9 7 8 8 8 8 9 9 9 9 10 7 9 9 9 9 8 8 8 8 11 12 7 9 9 9 9 8 8 8 8 12 11 10 
0 0 1 0 1 2 0 2 1 1 0 3 4 5 6 0 4 6 3 5 1 0 5 3 6 4 1 2 0 6 5 4 3 2 1 1 7 8 9 9 8 8 9 9 8 7 8 9 9 8 8 9 9 8 10 7 9 8 8 9 9 8 8 9 11 12 7 9 8 8 9 9 8 8 9 12 11 10 
0 0 1 0 1 2 0 2 1 1 3 0 0 0 0 4 0 0 0 0 5 5 0 0 0 0 4 3 6 7 7 7 7 6 6 6 8 9 9 10 10 8 11 11 12 8 10 10 9 9 8 11 11 12 13 11 9 10 9 10 11 8 8 12 14 14 11 10 9 10 9 11 8 8 12 14 14 13 
0 0 1 0 1 2 0 2 1 1 3 0 0 0 0 4 0 0 0 0 5 5 0 0 0 0 4 3 6 7 7 7 7 6 6 6 8 9 10 11 12 8 8 8 13 8 10 12 9 11 8 8 8 13 14 8 11 9 12 10 8 8 8 13 14 15 8 12 11 10 9 8 8 8 13 15 14 14 
0 0 1 0 2 3 0 3 2 1 4 0 0 0 0 5 6 6 6 6 5 5 6 6 6 6 5 7 8 9 9 9 9 8 10 10 11 12 12 12 12 11 13 13 14 15 16 16 16 16 15 17 17 18 19 20 21 21 21 21 20 22 22 23 24 25 26 27 27 27 27 26 28 28 29 30 31 32 
0 0 1 0 2 3 0 3 2 1 4 0 0 0 0 5 6 6 6 6 5 5 6 6 6 6 5 7 8 9 9 9 9 8 10 10 11 12 12 12 12 11 13 13 14 15 16 16 16 16 15 17 17 18 19 20 21 21 21 21 20 22 23 24 25 26 20 21 21 21 21 20 23 22 24 25 26 27 
0 0 1 0 2 3 0 3 2 1 4 0 0 0 0 5 6 6 6 6 5 5 6 6 6 6 5 7 8 9 9 9 9 8 10 10 11 12 12 12 12 11 13 13 14 15 16 16 16 16 15 17 17 18 19 20 21 21 22 22 20 23 23 24 25 26 20 22 22 21 21 20 23 23 24 25 26 27 
0 0 1 0 2 3 0 3 2 1 4 0 0 0 0 5 6 6 6 6 5 5 6 6 6 6 5 7 8 9 9 9 9 8 10 10 11 12 12 12 12 11 13 14 15 11 12 12 12 12 11 14 13 15 16 17 18 18 18 18 17 19 20 21 22 23 17 18 18 18 18 17 20 19 21 23 22 24 
0 0 1 0 2 3 0 3 2 1 4 0 0 0 0 5 6 6 6 6 5 5 6 6 6 6 5 7 8 9 9 9 9 8 10 10 11 12 12 12 12 11 13 14 15 11 12 12 12 12 11 14 13 15 16 17 18 18 18 18 19 20 20 21 22 22 19 18 18 18 18 17 20 20 21 22 22 23 
0 0 1 0 2 3 0 3 2 1 4 0 0 0 0 5 6 6 6 6 5 5 6 6 6 6 5 7 8 9 9 9 9 8 10 10 11 12 12 12 12 11 13 14 15 11 12 12 12 12 11 14 13 15 16 17 18 18 19 19 17 20 20 21 22 22 17 19 19 18 18 17 20 20 21 22 22 23 
0 0 1 0 2 3 0 3 2 1 4 0 0 0 0 5 6 6 6 6 5 5 6 6 6 6 5 7 8 9 9 9 9 8 10 10 11 12 12 13 13 11 14 14 15 11 13 13 12 12 11 14 14 15 16 17 18 18 19 19 17 20 20 21 22 23 17 19 19 18 18 17 20 20 21 23 22 24 
0 0 1 0 2 3 0 3 2 1 4 0 0 0 0 5 6 6 6 6 5 5 6 6 6 6 5 7 8 9 9 9 9 8 10 10 11 12 12 13 13 11 14 14 15 11 13 13 12 12 11 14 14 15 16 17 18 19 18 19 17 20 20 21 22 22 17 19 18 19 18 17 20 20 21 22 22 23 
0 0 1 0 2 3 0 3 2 1 4 0 0 0 0 5 6 6 6 6 5 5 6 6 6 6 5 7 8 9 9 9 9 8 10 10 11 12 12 13 13 11 14 15 16 11 12 12 13 13 11 15 14 16 17 11 13 13 12 12 11 14 15 16 18 19 11 13 13 12 12 11 15 14 16 19 18 17 
0 0 1 0 2 3 0 3 2 1 4 0 0 0 0 5 6 6 6 6 5 5 6 6 6 6 5 7 8 9 9 9 9 8 10 10 11 12 13 14 15 11 16 16 17 11 13 12 15 14 11 16 16 17 18 11 14 15 12 13 11 16 16 17 19 20 11 15 14 13 12 11 16 16 17 20 19 18 
0 0 1 0 2 3 0 3 2 1 4 0 0 0 0 5 6 6 6 6 5 7 8 8 8 8 7 9 10 11 11 11 11 10 12 13 14 15 15 16 16 14 17 18 19 14 15 15 16 16 14 17 18 19 20 14 16 16 15 15 14 17 18 19 21 22 14 16 16 15 15 14 17 18 19 22 21 20 
0 0 1 0 2 3 0 3 2 1 4 0 0 0 0 5 6 6 6 6 5 7 8 8 8 8 9 10 9 8 8 8 8 7 10 11 12 13 13 14 14 12 15 16 16 12 13 13 14 14 12 15 16 16 17 12 14 14 13 13 12 15 16 16 18 19 12 14 14 13 13 12 15 16 16 19 18 17 
0 0 1 0 2 3 0 3 2 1 4 0 0 0 0 5 6 6 6 6 5 7 8 8 9 9 7 10 7 8 8 9 9 7 10 11 7 9 9 8 8 7 10 12 13 7 9 9 8 8 7 10 13 12 11 14 15 15 16 16 14 17 18 18 19 19 14 16 16 15 15 14 17 19 19 18 18 20 
0 0 1 0 2 3 0 3 2 1 4 5 5 6 6 4 5 5 6 6 7 4 6 6 5 5 8 9 4 6 6 5 5 9 8 7 10 11 11 12 12 13 13 14 14 10 11 11 12 12 13 13 14 14 15 10 12 12 11 11 14 14 13 13 16 17 10 12 12 11 11 14 14 13 13 17 16 15 
0 0 1 2 0 0 3 4 4 3 3 4 4 3 5 6 7 7 6 8 8 6 7 7 6 8 8 9 10 11 11 10 12 12 13 13 14 15 15 14 16 16 17 17 18 19 20 20 19 21 21 22 22 23 24 25 26 26 25 27 27 28 28 29 30 31 32 33 33 32 34 34 35 35 36 37 38 39 
0 0 1 2 0 0 3 4 4 3 3 4 4 3 5 6 7 7 6 8 8 6 7 7 6 8 8 9 10 11 11 10 12 12 13 13 14 15 15 14 16 16 17 17 18 19 20 20 19 21 21 22 22 23 24 25 26 26 25 27 27 28 29 30 31 32 25 26 26 25 27 27 29 28 30 31 32 33 
0 0 1 2 0 0 3 4 4 3 3 4 4 3 5 6 7 7 6 8 8 6 7 7 6 8 8 9 10 11 11 10 12 12 13 13 14 15 15 14 16 16 17 18 19 14 15 15 14 16 16 18 17 19 20 21 22 22 21 23 23 24 25 26 27 28 21 22 22 21 23 23 25 24 26 28 27 29 
0 0 1 2 0 0 3 4 4 3 3 4 4 3 5 6 7 7 6 8 8 6 7 7 6 8 8 9 10 11 11 10 12 12 13 13 14 15 15 14 16 16 17 18 19 14 15 15 14 16 16 18 17 19 20 21 22 22 21 23 24 25 25 26 27 27 21 22 22 21 24 23 25 25 26 27 27 28 
0 0 1 0 2 3 0 3 2 1 0 4 5 6 7 0 5 4 7 6 1 0 6 7 4 5 2 3 0 7 6 5 4 3 2 1 8 0 0 0 0 0 0 0 0 9 10 10 10 10 10 10 10 10 9 11 12 12 12 12 12 12 12 12 11 13 14 15 15 15 15 15 15 15 15 14 16 17 
0 0 1 0 2 3 0 3 2 1 0 4 5 6 7 0 5 4 7 6 1 0 6 7 4 5 2 3 0 7 6 5 4 3 2 1 8 0 0 0 0 0 0 0 0 9 10 10 10 10 10 10 10 10 9 11 12 12 12 12 12 12 12 12 13 14 13 12 12 12 12 12 12 12 12 11 14 15 
0 0 1 0 2 3 0 3 2 1 0 4 5 6 7 0 5 4 7 6 1 0 6 7 4 5 2 3 0 7 6 5 4 3 2 1 8 0 0 0 0 0 0 0 0 9 10 10 10 10 10 10 10 10 9 11 12 12 12 12 13 13 13 13 11 14 11 13 13 13 13 12 12 12 12 11 14 15 
0 0 1 0 2 3 0 3 2 1 0 4 5 6 7 0 5 4 7 6 1 0 6 7 4 5 2 3 0 7 6 5 4 3 2 1 8 9 9 9 9 10 10 10 10 8 9 9 9 9 10 10 10 10 11 8 10 10 10 10 9 9 9 9 12 13 8 10 10 10 10 9 9 9 9 13 12 11 
0 0 1 0 2 3 0 3 2 1 4 0 0 0 0 5 0 0 0 0 6 6 0 0 0 0 5 4 7 8 8 8 8 7 7 7 9 10 10 10 10 9 9 9 11 12 13 13 13 13 12 12 12 14 15 16 17 17 17 17 16 16 16 18 19 20 21 22 22 22 22 21 21 21 23 24 25 26 
0 0 1 0 2 3 0 3 2 1 4 0 0 0 0 5 0 0 0 0 6 6 0 0 0 0 5 4 7 8 8 8 8 7 7 7 9 10 10 10 10 9 9 9 11 12 13 13 13 13 12 12 12 14 15 16 17 17 17 17 16 18 18 19 20 21 18 17 17 17 17 18 16 16 19 20 21 22 
0 0 1 0 2 3 0 3 2 1 4 0 0 0 0 5 0 0 0 0 6 6 0 0 0 0 5 4 7 8 8 8 8 7 7 7 9 10 10 10 10 9 11 11 12 11 10 10 10 10 11 9 9 12 13 14 15 15 15 15 14 16 16 17 18 19 16 15 15 15 15 16 14 14 17 19 18 20 
0 0 1 0 2 3 0 3 2 1 4 0 0 0 0 5 0 0 0 0 6 6 0 0 0 0 5 4 7 8 8 8 8 7 7 7 9 10 10 10 10 9 11 11 12 11 10 10 10 10 11 9 9 12 13 14 15 15 15 15 16 14 16 17 18 18 16 15 15 15 15 14 16 14 17 18 18 19 
0 0 1 0 2 3 0 3 2 1 4 0 0 0 0 5 0 0 0 0 6 6 0 0 0 0 5 4 7 8 8 8 8 7 7 7 9 10 10 10 10 9 11 11 12 11 10 10 10 10 11 9 9 12 13 14 15 15 16 16 14 14 14 17 18 18 14 16 16 15 15 14 14 14 17 18 18 19 
0 0 1 0 2 3 0 3 2 1 4 0 0 0 0 5 0 0 0 0 6 6 0 0 0 0 5 4 7 8 8 8 8 7 7 7 9 10 10 10 10 11 12 13 14 11 10 10 10 10 9 13 12 14 15 12 10 10 10 10 13 9 11 14 16 17 13 10 10 10 10 12 11 9 14 17 16 15 
0 0 1 0 2 3 0 3 2 1 4 0 0 0 0 5 0 0 0 0 6 6 0 0 0 0 5 4 7 8 8 8 8 7 7 7 9 10 10 11 11 9 12 12 13 9 11 11 10 10 9 12 12 13 14 12 10 10 11 11 12 9 9 13 15 16 12 11 11 10 10 12 9 9 13 16 15 14 
--- order 18 (x11) ---
0 0 0 1 1 1 2 2 2 3 4 4 4 5 6 7 7 7 8 9 10 11 12 13 1 2 4 7 11 13 12 1 2 4 7 12 12 11 13 1 2 4 7 11 0 12 13 11 1 2 4 7 0 11 13 13 11 12 1 2 4 7 0 13 12 0 13 12 11 1 2 4 7 13 0 0 12 11 
0 0 0 0 1 2 0 2 1 0 1 0 2 2 0 1 2 0 0 2 1 2 0 1 0 1 0 0 2 1 0 1 0 0 0 2 3 3 3 3 3 3 3 3 3 4 5 6 5 6 4 4 6 5 7 5 6 4 6 4 5 5 4 6 7 8 6 4 5 4 5 6 6 5 4 7 8 8 
0 0 0 1 1 1 1 1 1 0 1 1 1 0 0 2 2 2 2 2 2 3 3 3 4 5 6 7 3 3 3 5 6 4 7 8 3 3 3 6 4 5 7 8 8 4 5 6 3 3 3 7 9 9 9 5 6 4 3 3 3 7 9 9 9 8 6 4 5 3 3 3 7 9 9 9 8 8 
0 0 0 1 1 1 1 1 1 2 1 1 1 2 2 1 1 1 3 4 5 1 1 1 4 5 3 2 1 1 1 5 3 4 2 2 6 6 6 7 7 7 7 7 7 8 9 10 11 11 11 11 11 11 12 9 10 8 11 11 11 11 11 11 12 13 10 8 9 11 11 11 11 11 11 12 13 13 
0 0 0 1 1 1 1 1 1 2 1 1 1 2 2 3 3 3 4 4 4 5 5 5 6 6 6 7 8 8 8 9 9 9 10 11 12 12 12 13 13 13 14 15 16 17 17 17 18 19 20 21 22 23 24 17 17 17 19 20 18 21 22 23 24 25 17 17 17 20 18 19 21 22 23 24 25 25 
0 0 0 1 1 1 1 1 1 2 1 1 1 2 2 3 3 3 4 4 4 5 5 5 6 6 7 8 5 5 5 6 7 6 8 9 5 5 5 7 6 6 8 9 9 10 11 12 13 13 13 14 15 15 15 11 12 10 13 13 13 14 15 15 15 16 12 10 11 13 13 13 14 15 15 15 16 16 
0 0 0 1 1 1 1 1 1 2 1 1 1 2 2 3 3 3 4 4 4 5 5 5 6 7 8 9 5 5 5 7 8 6 9 10 5 5 5 8 6 7 9 10 10 11 11 11 12 13 14 15 16 17 18 11 11 11 13 14 12 15 18 16 17 19 11 11 11 14 12 13 15 17 18 16 19 19 
0 0 0 1 1 1 1 1 1 2 3 3 3 2 2 4 4 4 5 5 5 6 7 8 1 3 1 4 6 8 7 3 1 1 4 7 7 6 8 3 1 1 4 6 0 7 8 6 1 3 1 4 0 6 8 8 6 7 1 3 1 4 0 8 7 0 8 7 6 3 1 1 4 8 0 0 7 6 
0 0 0 1 1 1 2 2 2 3 4 4 4 5 6 7 7 7 8 9 10 11 12 13 1 2 4 7 11 13 12 1 2 4 7 11 12 11 13 1 2 4 7 13 0 12 13 11 1 2 4 7 0 13 12 13 11 12 1 2 4 7 0 12 11 0 13 12 11 1 2 4 7 12 0 0 11 13 
0 0 0 1 1 1 1 1 1 2 1 1 1 2 2 3 3 3 4 4 4 5 5 5 6 7 8 4 5 5 5 7 8 6 4 2 5 5 5 8 6 7 4 2 2 9 10 11 5 5 5 3 1 1 1 10 11 9 5 5 5 3 1 1 1 0 11 9 10 5 5 5 3 1 1 1 0 0 
0 0 0 1 1 1 1 1 1 2 3 3 3 2 2 4 4 4 5 5 5 6 7 8 1 3 1 4 6 8 7 3 1 1 4 6 7 6 8 3 1 1 4 8 0 7 8 6 1 3 1 4 0 8 7 8 6 7 1 3 1 4 0 7 6 0 8 7 6 3 1 1 4 7 0 0 6 8 
--- order 20 (x10) ---
0 0 1 0 1 2 0 2 1 2 0 2 2 1 1 0 3 3 4 4 5 0 3 4 3 5 4 1 0 4 3 5 3 4 1 2 0 4 5 3 4 3 2 1 2 0 5 4 4 3 3 2 2 1 1 6 7 7 7 7 7 7 7 7 7 7 8 9 9 9 9 9 9 9 9 9 9 10 
0 0 1 0 1 2 0 2 1 2 0 2 2 1 1 0 3 3 4 4 5 0 3 4 3 5 4 1 0 4 3 5 3 4 1 2 0 4 5 3 4 3 2 1 2 0 5 4 4 3 3 2 2 1 1 6 7 7 7 7 7 8 8 8 8 8 6 8 8 8 8 8 7 7 7 7 7 9 
0 0 1 0 1 2 0 2 1 2 0 2 2 1 1 3 0 0 0 0 0 4 5 5 5 5 5 4 6 7 7 7 7 7 6 8 9 10 10 10 10 10 9 11 12 13 14 14 14 14 14 13 15 16 17 18 19 19 19 19 19 18 20 21 22 23 24 25 25 25 25 25 24 26 27 28 29 30 
0 0 1 0 1 2 0 2 1 2 0 2 2 1 1 3 0 0 0 0 0 4 5 5 5 5 5 4 6 7 7 7 7 7 6 8 9 10 10 10 10 10 9 11 12 13 14 14 14 14 14 13 15 16 17 18 19 19 19 19 19 20 21 22 23 24 20 19 19 19 19 19 18 21 22 23 24 25 
0 0 1 0 1 2 0 2 1 2 0 2 2 1 1 3 0 0 0 0 0 4 5 5 5 5 5 4 6 7 7 7 7 7 6 8 9 10 10 10 10 10 11 12 13 11 10 10 10 10 10 9 12 13 14 15 16 16 16 16 16 17 18 19 20 21 17 16 16 16 16 16 15 18 19 21 20 22 
0 0 1 0 1 2 0 2 1 2 0 2 2 1 1 3 0 0 0 0 0 4 5 5 5 5 5 6 6 5 5 5 5 5 4 7 8 9 9 9 9 9 10 11 12 10 9 9 9 9 9 8 12 11 13 14 15 15 15 15 15 16 17 18 19 20 16 15 15 15 15 15 14 18 17 20 19 21 
0 0 1 0 1 2 0 1 2 3 0 1 3 2 3 0 2 1 4 1 1 0 2 4 1 1 1 3 0 3 1 1 1 4 3 2 0 3 1 1 4 1 2 3 2 0 4 3 3 2 2 1 1 1 1 5 6 6 6 6 6 6 6 6 6 6 7 8 8 8 8 8 8 8 8 8 8 9 
0 0 1 0 1 2 0 1 2 3 0 1 3 2 3 0 2 1 4 1 1 0 2 4 1 1 1 3 0 3 1 1 1 4 3 2 0 3 1 1 4 1 2 3 2 0 4 3 3 2 2 1 1 1 1 5 6 7 7 7 7 6 6 6 6 7 5 7 6 6 6 6 7 7 7 7 6 8 
0 0 1 0 1 2 0 2 1 2 0 2 2 1 1 0 3 4 5 6 7 0 4 6 3 7 5 1 0 5 3 7 4 6 1 2 0 6 7 4 5 3 2 1 2 0 7 5 6 3 4 2 2 1 1 8 0 0 0 0 0 0 0 0 0 0 9 10 10 10 10 10 10 10 10 10 10 9 
0 0 1 0 1 2 0 2 1 2 0 2 2 1 1 3 0 0 0 0 0 4 5 5 5 5 5 4 6 7 7 8 8 9 6 10 6 7 8 7 9 8 6 10 11 6 8 7 9 7 8 6 10 11 12 6 8 9 7 8 7 6 10 12 11 12 6 9 8 8 7 7 6 10 12 12 11 11 
--- order 22 (x1) ---
0 0 1 0 1 2 0 2 1 3 0 2 3 1 4 0 3 2 4 1 5 0 3 4 2 5 1 5 0 4 3 5 2 5 1 4 0 4 5 3 5 2 4 1 3 0 5 4 5 3 4 2 3 1 2 0 5 5 4 4 3 3 2 2 1 1 6 7 7 7 7 7 7 7 7 7 7 7 
--- order 24 (x70) ---
0 0 0 1 1 1 1 1 1 2 1 1 1 2 3 1 1 1 3 2 2 4 4 4 5 5 5 5 6 6 6 7 7 7 7 8 9 9 9 10 10 10 10 11 12 13 14 15 16 16 16 16 17 18 19 14 15 13 16 16 16 16 17 18 19 20 15 13 14 16 16 16 16 17 18 19 20 20 
0 0 0 1 1 1 1 1 1 2 1 1 1 2 3 1 1 1 3 2 2 4 4 4 5 5 5 5 6 6 6 7 7 7 7 8 9 9 9 10 11 12 13 14 15 9 9 9 11 13 10 12 14 15 16 9 9 9 12 10 13 11 14 15 16 17 9 9 9 13 12 11 10 14 15 17 16 16 
0 0 0 1 1 1 1 1 1 2 1 1 1 2 3 1 1 1 3 2 2 4 4 4 5 5 5 5 6 6 6 7 8 8 7 9 6 6 6 8 7 7 8 9 10 11 12 13 14 14 14 14 15 16 16 12 13 11 14 14 14 14 15 16 16 17 13 11 12 14 14 14 14 15 16 16 17 17 
0 0 0 1 1 1 1 1 1 2 1 1 1 2 3 1 1 1 3 2 2 4 4 4 5 6 6 5 4 4 4 6 5 5 6 7 8 8 8 9 10 11 12 13 14 8 8 8 10 12 9 11 14 13 15 8 8 8 11 9 12 10 14 13 15 16 8 8 8 12 11 10 9 13 14 16 15 15 
0 0 0 1 1 1 1 1 1 2 1 1 1 2 3 1 1 1 3 2 2 4 5 6 7 7 7 7 5 6 4 7 7 7 7 8 6 4 5 7 7 7 7 8 8 9 10 11 12 12 12 12 13 14 15 10 11 9 12 12 12 12 15 13 14 16 11 9 10 12 12 12 12 14 15 13 16 16 
0 0 0 1 1 1 1 1 1 2 1 1 1 2 3 1 1 1 3 2 2 4 5 6 7 8 8 7 4 5 6 8 7 7 8 9 5 6 4 7 8 8 7 10 11 5 6 4 8 7 7 8 11 10 9 6 4 5 7 8 8 7 10 11 10 11 6 4 5 8 7 7 8 11 10 11 10 9 
0 0 0 1 1 1 2 2 3 1 2 3 2 1 0 3 2 2 1 0 0 4 5 6 1 4 5 6 4 6 5 1 5 4 6 2 5 4 6 1 4 6 5 2 0 5 6 4 1 6 4 5 0 2 3 6 4 5 1 5 6 4 0 3 2 0 6 5 4 1 6 5 4 3 0 0 2 2 
0 0 0 0 0 0 1 1 1 1 1 1 1 1 2 1 1 1 1 2 2 3 3 4 4 5 5 6 3 4 3 4 5 6 5 7 3 4 4 3 6 5 5 7 7 4 3 3 4 6 5 5 7 7 8 4 3 4 3 5 6 5 7 8 7 7 4 4 3 3 5 5 6 8 7 7 7 7 
0 0 0 0 0 0 1 1 1 1 2 2 2 2 3 4 4 4 4 5 6 7 7 7 7 8 9 10 11 11 11 11 12 13 14 15 16 16 16 16 17 18 19 20 21 22 22 22 22 23 24 25 26 27 28 29 29 29 29 30 31 32 33 34 35 36 37 37 37 37 38 39 40 41 42 43 44 45 
0 0 0 0 0 0 1 1 1 1 2 2 2 2 3 4 4 4 4 5 6 7 7 7 7 8 9 10 11 11 11 11 12 13 14 15 16 16 16 17 18 19 20 21 22 16 16 17 16 18 19 20 21 22 23 16 17 16 16 18 19 20 21 22 23 23 17 16 16 16 18 19 20 21 22 23 23 23 
0 0 0 0 0 0 1 1 1 1 2 2 2 2 3 4 4 4 4 5 6 7 7 8 8 9 10 11 7 8 7 8 9 10 11 12 7 8 8 7 9 10 11 12 12 8 7 7 8 9 10 11 12 12 13 8 7 8 7 9 10 11 12 13 12 12 8 8 7 7 9 10 11 13 12 12 12 12 
0 0 0 0 0 0 1 1 1 1 2 2 2 3 4 2 2 3 2 4 5 2 3 2 2 4 5 5 3 2 2 2 4 5 5 5 6 6 6 7 8 9 10 10 10 6 6 7 6 8 10 9 10 10 11 6 7 6 6 8 10 10 9 10 11 11 7 6 6 6 8 10 10 10 9 11 11 11 
0 0 0 0 0 1 0 1 0 0 1 0 0 0 0 2 2 2 2 2 2 3 3 3 3 3 3 4 5 5 5 5 5 5 6 7 8 8 8 8 8 8 9 10 11 12 13 14 14 13 12 15 16 17 18 13 14 12 12 14 13 15 16 17 18 19 14 12 13 13 12 14 15 16 17 18 19 19 
0 0 0 0 0 1 0 1 0 0 1 0 0 0 0 2 2 2 2 2 2 3 4 5 5 4 3 6 4 5 3 3 5 4 6 7 5 3 4 4 3 5 6 7 7 8 9 10 10 9 8 11 12 13 14 9 10 8 8 10 9 11 14 12 13 15 10 8 9 9 8 10 11 13 14 12 15 15 
0 0 0 0 0 1 0 1 0 0 1 0 0 0 0 2 2 2 2 2 2 3 4 5 5 4 6 7 4 5 3 6 5 4 7 8 4 5 6 3 5 4 7 8 9 5 3 4 4 6 5 7 8 8 8 5 6 4 4 3 5 7 8 8 8 9 6 4 5 5 4 3 7 9 8 8 8 8 
0 0 0 0 1 2 0 2 3 0 1 2 0 2 0 2 0 1 2 4 2 2 2 4 0 1 2 3 2 3 0 4 2 0 0 2 2 4 2 3 0 0 2 0 1 3 0 2 0 2 4 0 0 2 2 4 2 2 2 2 3 0 0 0 0 1 5 5 5 5 5 5 5 5 5 5 5 5 
0 0 0 0 1 2 0 2 3 0 1 2 0 3 4 1 3 4 2 0 1 2 0 1 3 0 3 0 2 3 0 0 1 0 3 4 3 0 2 4 1 0 2 0 1 3 4 1 0 2 2 0 1 0 3 4 1 3 1 3 0 0 2 2 0 0 5 5 5 5 5 5 5 5 5 5 5 5 
0 0 0 1 1 1 1 1 1 2 1 1 1 2 3 1 1 1 3 2 2 4 5 6 7 8 8 7 4 6 5 8 7 7 8 9 5 4 6 8 7 7 8 10 11 5 6 4 7 8 8 7 11 10 12 6 4 5 7 8 8 7 11 12 9 11 6 5 4 8 7 7 8 12 11 11 9 10 
0 0 0 1 1 1 1 1 1 2 1 1 1 3 4 1 1 1 4 3 2 5 5 5 6 6 6 6 7 7 7 8 8 8 8 9 10 10 10 11 11 11 11 12 13 14 14 14 15 15 15 15 16 17 18 19 19 19 20 20 20 20 21 22 23 24 25 25 25 26 26 26 26 27 28 29 30 31 
0 0 0 1 1 1 1 1 1 2 1 1 1 3 4 1 1 1 4 3 2 5 5 5 6 6 6 6 7 7 7 8 8 8 8 9 10 10 10 11 11 11 11 12 13 14 14 14 15 15 15 15 16 17 18 19 19 19 20 20 21 21 22 23 24 25 19 19 19 21 21 20 20 22 23 24 25 26 
0 0 0 1 1 1 1 1 1 2 1 1 1 3 4 1 1 1 4 3 2 5 5 5 6 6 6 6 7 7 7 8 8 8 8 9 10 10 10 11 11 11 11 12 13 14 14 15 16 16 16 16 17 18 19 14 15 14 16 16 16 16 17 18 19 20 15 14 14 16 16 16 16 17 18 19 20 20 
0 0 0 1 1 1 1 1 1 2 1 1 1 3 4 1 1 1 4 3 2 5 5 5 6 6 6 6 7 7 7 8 8 8 8 9 10 10 10 11 11 12 12 13 14 10 10 10 12 12 11 11 13 14 15 16 16 16 17 17 18 18 19 20 21 22 16 16 16 18 18 17 17 19 20 22 21 23 
0 0 0 1 1 1 1 1 1 2 1 1 1 3 4 1 1 1 4 3 2 5 5 5 6 6 6 6 7 7 7 8 8 8 8 9 10 10 10 11 11 12 12 13 14 10 10 10 12 12 11 11 13 14 15 16 16 16 17 18 17 18 19 20 21 21 16 16 16 18 17 18 17 19 20 21 21 22 
0 0 0 1 1 1 1 1 1 2 1 1 1 3 4 1 1 1 4 3 2 5 5 5 6 6 6 6 7 7 7 8 8 8 8 9 10 10 10 11 12 13 14 15 16 10 10 10 12 11 14 13 15 16 17 10 10 10 13 14 11 12 15 16 18 19 10 10 10 14 13 12 11 15 16 19 18 17 
0 0 0 1 1 1 1 1 1 2 1 1 1 3 4 1 1 1 4 3 2 5 5 5 6 6 6 6 7 7 7 8 8 9 9 10 7 7 7 9 9 8 8 10 11 12 12 13 14 14 14 14 15 16 16 12 13 12 14 14 14 14 15 16 16 17 13 12 12 14 14 14 14 15 16 16 17 17 
0 0 0 1 1 1 1 1 1 2 1 1 1 3 4 1 1 1 4 3 2 5 5 5 6 6 7 7 5 5 5 7 7 6 6 8 9 9 9 10 10 11 11 12 13 9 9 9 11 11 10 10 13 12 14 15 15 15 16 16 17 17 18 19 20 21 15 15 15 17 17 16 16 19 18 21 20 22 
0 0 0 1 1 1 1 1 1 2 1 1 1 3 4 1 1 1 4 3 2 5 5 5 6 6 7 7 5 5 5 7 7 6 6 8 9 9 9 10 10 11 11 12 13 9 9 9 11 11 10 10 13 12 14 15 15 15 16 17 16 17 18 18 19 19 15 15 15 17 16 17 16 18 18 19 19 20 
0 0 0 1 1 1 1 1 1 2 1 1 1 3 4 1 1 1 4 3 2 5 5 5 6 6 7 7 5 5 5 7 7 6 6 8 9 9 9 10 11 10 11 12 12 9 9 9 11 10 11 10 12 12 13 14 14 14 15 16 16 15 17 17 18 18 14 14 14 16 15 15 16 17 17 18 18 19 
0 0 0 1 1 1 1 1 1 2 1 1 1 3 4 1 1 1 4 3 2 5 5 5 6 6 7 7 5 5 5 7 7 6 6 8 9 9 9 10 11 12 13 14 15 9 9 9 11 10 13 12 14 15 16 9 9 9 12 13 10 11 15 14 17 18 9 9 9 13 12 11 10 15 14 18 17 16 
0 0 0 1 1 1 1 1 1 2 1 1 1 3 4 1 1 1 4 3 2 5 5 6 7 7 7 7 5 6 5 7 7 7 7 8 6 5 5 7 7 7 7 8 8 9 9 10 11 11 11 11 12 13 13 9 10 9 11 11 11 11 13 12 13 14 10 9 9 11 11 11 11 13 13 12 14 14 
0 0 0 1 1 1 1 1 1 2 1 1 1 3 4 1 1 1 4 3 2 5 5 6 7 7 8 8 5 5 6 8 8 7 7 9 5 6 5 7 7 8 8 10 11 5 6 5 8 8 7 7 11 10 9 6 5 5 7 7 8 8 10 11 10 11 6 5 5 8 8 7 7 11 10 11 10 9 
0 0 0 1 1 1 1 1 1 2 3 3 3 4 4 3 3 3 4 4 2 5 5 5 6 6 6 6 7 7 7 8 8 8 8 9 10 10 10 11 11 11 11 12 13 14 15 16 3 3 1 1 5 7 10 15 16 14 3 3 1 1 5 7 10 0 16 14 15 3 3 1 1 5 7 10 0 0 
0 0 0 1 1 1 1 1 1 2 3 3 3 4 4 3 3 3 4 4 2 5 5 5 6 6 6 6 7 7 7 8 8 9 9 10 11 11 11 9 9 8 8 10 12 13 14 15 3 3 1 1 5 11 7 14 15 13 3 3 1 1 5 11 7 0 15 13 14 3 3 1 1 5 11 7 0 0 
0 0 0 1 1 1 1 1 1 2 3 3 3 4 4 3 3 3 4 4 5 6 6 6 7 7 8 8 6 6 6 7 7 8 8 9 10 10 10 11 11 12 12 13 13 14 15 16 17 17 18 18 19 19 20 15 16 14 17 17 18 18 19 19 20 21 16 14 15 17 17 18 18 19 19 20 21 21 
0 0 0 1 1 1 1 1 1 2 3 3 3 4 4 3 3 3 4 4 5 6 6 6 7 7 8 8 9 9 9 7 7 8 8 10 11 11 11 12 12 13 13 14 14 15 16 17 1 1 3 3 9 6 11 16 17 15 1 1 3 3 9 6 11 0 17 15 16 1 1 3 3 9 6 11 0 0 
0 0 0 1 1 1 1 1 1 2 3 3 3 4 4 3 3 3 4 4 5 6 6 6 7 7 8 8 9 9 9 10 10 11 11 12 13 13 13 14 14 15 15 16 17 18 18 18 19 19 20 20 21 22 23 24 24 24 25 25 26 26 27 28 29 30 31 31 31 32 32 33 33 34 35 36 37 38 
0 0 0 1 1 1 1 1 1 2 3 3 3 4 4 3 3 3 4 4 5 6 6 6 7 7 8 8 9 9 9 10 10 11 11 12 13 13 13 14 14 15 15 16 17 18 18 18 19 19 20 20 21 22 23 24 24 24 25 25 26 27 28 29 30 31 24 24 24 25 25 27 26 28 29 30 31 32 
0 0 0 1 1 1 1 1 1 2 3 3 3 4 4 3 3 3 4 4 5 6 6 6 7 7 8 8 9 9 9 10 10 11 11 12 13 13 13 14 14 15 15 16 17 18 18 19 20 20 21 21 22 23 24 18 19 18 20 20 21 21 22 23 24 25 19 18 18 20 20 21 21 22 23 24 25 25 
0 0 0 1 1 1 1 1 1 2 3 3 3 4 4 3 3 3 4 4 5 6 6 6 7 7 8 8 9 9 9 10 10 11 11 12 13 13 13 14 14 15 15 16 17 18 19 20 1 1 3 3 6 9 13 19 20 18 1 1 3 3 6 9 13 0 20 18 19 1 1 3 3 6 9 13 0 0 
0 0 0 1 1 1 1 1 1 2 3 3 3 4 4 3 3 3 4 4 5 6 6 6 7 7 8 8 9 9 9 10 10 11 11 12 13 13 13 14 14 15 16 17 18 13 13 13 14 14 16 15 17 18 19 20 20 20 21 21 22 23 24 25 26 27 20 20 20 21 21 23 22 24 25 27 26 28 
0 0 0 1 1 1 1 1 1 2 3 3 3 4 4 3 3 3 4 4 5 6 6 6 7 7 8 8 9 9 9 10 10 11 11 12 13 13 13 14 14 15 16 17 18 13 13 13 14 14 16 15 17 18 19 20 20 20 21 22 23 23 24 25 26 26 20 20 20 22 21 23 23 24 25 26 26 27 
0 0 0 1 1 1 1 1 1 2 3 3 3 4 4 3 3 3 4 4 5 6 6 6 7 7 8 8 9 9 9 10 10 11 12 13 9 9 9 10 10 12 11 13 14 15 15 16 17 17 18 18 19 20 20 15 16 15 17 17 18 18 19 20 20 21 16 15 15 17 17 18 18 19 20 20 21 21 
0 0 0 1 1 1 1 1 1 2 3 3 3 4 4 3 3 3 4 4 5 6 6 6 7 7 8 8 9 9 9 10 10 11 12 13 9 9 9 10 10 12 11 13 14 15 16 17 1 1 3 3 6 9 9 16 17 15 1 1 3 3 6 9 9 0 17 15 16 1 1 3 3 6 9 9 0 0 
0 0 0 1 1 1 1 1 1 2 3 3 3 4 4 3 3 3 4 4 5 6 6 6 7 7 8 9 6 6 6 7 7 9 8 10 11 11 11 12 12 13 14 15 16 11 11 11 12 12 14 13 16 15 17 18 18 18 19 19 20 21 22 23 24 25 18 18 18 19 19 21 20 23 22 25 24 26 
0 0 0 1 1 1 1 1 1 2 3 3 3 4 4 3 3 3 4 4 5 6 6 6 7 7 8 9 6 6 6 7 7 9 8 10 11 11 11 12 12 13 14 15 16 11 11 11 12 12 14 13 16 15 17 18 18 18 19 20 21 21 22 22 23 23 18 18 18 20 19 21 21 22 22 23 23 24 
0 0 0 1 1 1 1 1 1 2 3 3 3 4 4 3 3 3 4 4 5 6 6 7 1 1 3 3 6 7 6 1 1 3 3 0 7 6 6 1 1 3 3 0 0 8 9 10 11 11 12 12 10 9 8 9 10 8 11 11 12 12 8 10 9 13 10 8 9 11 11 12 12 9 8 10 13 13 
0 0 0 1 1 1 1 1 1 2 3 3 3 4 4 3 3 3 4 4 5 6 6 7 8 8 9 9 6 7 6 8 8 9 9 10 7 6 6 8 8 9 9 10 10 11 11 12 13 13 14 14 15 16 16 11 12 11 13 13 14 14 16 15 16 17 12 11 11 13 13 14 14 16 16 15 17 17 
0 0 0 1 1 1 1 1 1 2 3 3 3 4 4 3 3 3 4 4 5 6 6 7 8 8 9 10 6 6 7 8 8 10 9 11 6 7 6 8 8 9 10 12 13 6 7 6 8 8 10 9 13 12 11 7 6 6 8 8 9 10 12 13 12 13 7 6 6 8 8 10 9 13 12 13 12 11 
0 0 0 1 1 1 1 1 1 2 3 3 3 4 4 3 3 3 4 4 5 6 7 8 1 1 3 3 7 8 6 1 1 3 3 0 8 6 7 1 1 3 3 0 0 9 10 11 12 12 13 13 9 10 11 10 11 9 12 12 13 13 11 9 10 14 11 9 10 12 12 13 13 10 11 9 14 14 
0 0 0 1 1 1 1 1 1 2 3 3 3 4 4 5 5 5 4 4 6 7 7 7 8 8 9 9 10 10 10 11 11 12 12 13 14 14 14 15 15 16 16 17 18 19 19 20 1 1 5 3 7 10 14 19 20 19 1 1 5 3 7 10 14 0 20 19 19 1 1 5 3 7 10 14 0 0 
0 0 0 1 1 1 1 1 1 2 3 3 3 4 4 5 5 5 4 4 6 7 7 7 8 8 9 9 10 10 10 11 11 12 13 14 15 15 15 11 11 13 12 14 16 17 17 18 1 1 5 3 7 15 10 17 18 17 1 1 5 3 7 15 10 0 18 17 17 1 1 5 3 7 15 10 0 0 
0 0 0 1 1 1 1 1 1 2 3 3 3 4 4 5 5 5 4 4 6 7 7 7 8 8 9 9 10 10 10 11 12 13 13 14 10 10 10 12 11 13 13 14 15 16 16 17 1 1 5 3 7 10 10 16 17 16 1 1 5 3 7 10 10 0 17 16 16 1 1 5 3 7 10 10 0 0 
0 0 0 1 1 1 1 1 1 2 3 3 3 4 4 5 5 5 6 6 7 8 8 8 9 9 7 10 11 11 11 12 13 4 9 6 11 11 11 13 12 4 9 6 2 14 14 15 11 11 3 8 5 1 1 14 15 14 11 11 3 8 5 1 1 0 15 14 14 11 11 3 8 5 1 1 0 0 
0 0 0 1 1 1 1 1 1 2 3 3 3 4 4 5 5 5 6 6 7 8 8 8 9 9 10 11 12 12 12 13 13 14 15 16 17 17 17 18 18 19 20 21 22 23 23 24 1 1 3 5 8 12 17 23 24 23 1 1 3 5 8 12 17 0 24 23 23 1 1 3 5 8 12 17 0 0 
0 0 0 1 1 1 1 1 1 2 3 3 3 4 4 5 5 5 6 6 7 8 8 8 9 9 10 11 12 12 12 13 14 4 6 9 12 12 12 14 13 4 6 9 2 15 15 16 12 12 3 5 8 1 1 15 16 15 12 12 3 5 8 1 1 0 16 15 15 12 12 3 5 8 1 1 0 0 
0 0 0 1 1 1 1 1 1 2 3 3 3 4 4 5 5 5 6 6 7 8 8 8 9 9 10 11 12 12 12 13 14 15 16 17 12 12 12 14 13 15 16 17 18 19 19 20 1 1 3 5 8 12 12 19 20 19 1 1 3 5 8 12 12 0 20 19 19 1 1 3 5 8 12 12 0 0 
0 0 0 1 1 1 1 1 1 2 3 3 3 4 4 5 5 5 6 6 7 8 8 9 1 1 3 5 8 9 8 1 1 3 5 0 9 8 8 1 1 3 5 0 0 10 10 11 12 12 13 14 11 10 10 10 11 10 12 12 13 14 10 11 10 15 11 10 10 12 12 13 14 10 10 11 15 15 
0 0 0 1 1 1 1 1 1 2 3 3 3 4 4 5 5 5 6 7 4 5 5 5 7 6 4 2 8 8 8 9 10 11 9 10 8 8 8 10 9 11 10 9 12 13 13 14 5 5 3 1 1 8 8 13 14 13 5 5 3 1 1 8 8 0 14 13 13 5 5 3 1 1 8 8 0 0 
0 0 0 1 1 1 1 1 1 2 3 3 3 4 4 5 5 5 6 7 8 5 5 5 7 6 8 9 10 10 10 11 12 13 14 15 10 10 10 12 11 13 15 14 16 17 17 18 1 1 3 5 5 10 10 17 18 17 1 1 3 5 5 10 10 0 18 17 17 1 1 3 5 5 10 10 0 0 
0 0 0 1 1 1 1 1 1 2 3 3 3 4 5 3 3 3 5 4 6 7 7 8 1 1 3 3 7 8 7 1 1 3 3 0 8 7 7 1 1 3 3 0 0 9 9 10 11 11 12 12 10 9 9 9 10 9 11 11 12 12 9 10 9 13 10 9 9 11 11 12 12 9 9 10 13 13 
0 0 0 1 1 1 2 2 3 1 2 3 2 1 0 3 2 2 1 0 0 4 4 5 1 6 7 7 4 5 4 1 7 6 7 0 5 4 4 1 7 7 6 0 0 6 7 7 1 4 4 5 2 2 3 7 6 7 1 4 5 4 2 3 2 0 7 7 6 1 5 4 4 3 2 2 0 0 
0 0 0 1 1 1 2 2 3 1 2 3 2 1 0 3 2 2 1 0 0 4 5 6 1 6 5 4 4 5 6 1 6 5 4 3 5 6 4 1 4 6 5 0 2 5 6 4 1 4 6 5 2 0 3 6 4 5 1 5 4 6 0 2 0 2 6 4 5 1 5 4 6 2 0 2 0 3 
0 0 0 1 1 1 1 1 1 2 1 1 1 3 4 1 1 1 4 3 2 5 5 5 6 6 6 6 5 5 5 6 6 6 6 7 8 8 8 9 9 9 9 10 10 11 12 13 14 14 14 14 15 15 16 12 13 11 14 14 14 14 15 15 16 17 13 11 12 14 14 14 14 15 15 16 17 17 
0 0 0 1 1 1 1 1 1 2 1 1 1 3 4 1 1 1 4 3 2 5 5 5 6 6 6 6 7 7 7 6 6 6 6 8 9 9 9 10 10 10 10 11 11 12 13 14 1 1 1 1 7 5 9 13 14 12 1 1 1 1 7 5 9 0 14 12 13 1 1 1 1 7 5 9 0 0 
0 0 0 1 1 1 1 1 1 2 1 1 1 3 4 1 1 1 4 3 2 5 5 5 6 6 6 6 7 7 7 8 8 8 8 9 10 10 10 11 11 11 11 12 13 14 15 16 1 1 1 1 5 7 10 15 16 14 1 1 1 1 5 7 10 0 16 14 15 1 1 1 1 5 7 10 0 0 
0 0 0 1 1 1 1 1 1 2 1 1 1 3 4 1 1 1 4 3 2 5 5 5 6 6 6 6 7 7 7 8 8 9 9 10 7 7 7 9 9 8 8 10 11 12 13 14 1 1 1 1 5 7 7 13 14 12 1 1 1 1 5 7 7 0 14 12 13 1 1 1 1 5 7 7 0 0 
0 0 0 1 1 1 1 1 1 2 1 1 1 3 4 1 1 1 4 3 2 5 5 6 1 1 1 1 5 6 5 1 1 1 1 0 6 5 5 1 1 1 1 0 0 7 8 9 10 10 10 10 9 8 7 8 9 7 10 10 10 10 7 9 8 11 9 7 8 10 10 10 10 8 7 9 11 11 
0 0 0 1 1 1 1 1 1 2 1 1 1 3 4 1 1 1 4 3 2 5 6 7 1 1 1 1 6 7 5 1 1 1 1 0 7 5 6 1 1 1 1 0 0 8 9 10 11 11 11 11 8 9 10 9 10 8 11 11 11 11 10 8 9 12 10 8 9 11 11 11 11 9 10 8 12 12 
0 0 0 1 1 1 1 1 1 2 3 3 3 4 4 3 3 3 4 4 5 6 6 6 4 4 7 8 6 6 6 4 4 8 7 5 9 9 9 10 10 11 11 11 11 12 13 14 1 1 6 6 3 3 9 13 14 12 1 1 6 6 3 3 9 0 14 12 13 1 1 6 6 3 3 9 0 0 
0 0 0 1 1 1 2 2 3 1 2 3 2 1 0 3 2 2 1 0 0 4 4 5 6 5 4 4 4 4 5 6 5 4 4 7 4 5 4 6 4 5 4 8 9 4 5 4 6 4 5 4 9 8 7 5 4 4 6 4 4 5 8 9 8 9 5 4 4 6 4 4 5 9 8 9 8 7 
--- order 26 (x1) ---
0 0 1 1 0 2 1 2 0 3 2 1 3 0 4 2 3 1 4 0 5 3 2 4 1 5 0 5 3 4 2 5 1 5 0 4 4 3 5 2 5 1 4 0 3 4 5 3 5 2 4 1 3 0 2 5 4 5 3 4 2 3 1 2 0 1 5 5 4 4 3 3 2 2 1 1 0 0 
--- order 28 (x3) ---
0 0 1 0 1 2 0 2 1 3 0 2 3 1 3 0 3 2 3 1 2 0 3 3 2 2 1 1 4 0 0 0 0 0 0 0 5 6 6 6 6 6 6 6 5 7 8 8 8 8 8 8 8 7 9 10 11 11 11 11 11 11 11 10 12 13 14 15 15 15 15 15 15 15 14 16 17 18 
0 0 1 0 1 2 0 2 1 3 0 2 3 1 3 0 3 2 3 1 2 0 3 3 2 2 1 1 4 0 0 0 0 0 0 0 5 6 6 6 6 6 6 6 5 7 8 8 8 8 8 8 8 7 9 10 11 11 11 11 11 11 11 12 13 14 12 11 11 11 11 11 11 11 10 13 14 15 
0 0 1 0 1 2 0 2 1 3 0 2 3 1 3 0 3 2 3 1 2 0 3 3 2 2 1 1 4 0 0 0 0 0 0 0 5 6 6 6 6 6 6 6 7 7 6 6 6 6 6 6 6 5 8 9 10 10 10 10 10 10 10 11 12 13 11 10 10 10 10 10 10 10 9 13 12 14 
--- order 30 (x2) ---
0 0 0 1 1 1 1 1 1 2 1 1 1 2 3 1 1 1 3 2 3 1 1 1 3 3 2 2 4 4 4 5 5 5 5 5 6 6 6 7 7 7 7 7 8 9 10 11 12 12 12 12 12 13 14 10 11 9 12 12 12 12 12 13 14 15 11 9 10 12 12 12 12 12 13 14 15 15 
0 0 0 1 1 1 1 1 1 2 1 1 1 2 3 1 1 1 3 2 3 1 1 1 3 3 2 2 4 4 4 5 6 7 8 9 4 4 4 6 8 5 9 7 10 4 4 4 7 5 9 6 8 10 11 4 4 4 8 9 6 7 5 11 10 11 4 4 4 9 7 8 5 6 11 11 10 10 
--- order 32 (x63) ---
0 0 1 0 1 2 0 1 3 4 0 1 4 3 2 0 2 1 1 1 1 0 3 1 1 1 1 4 0 4 1 1 1 1 3 2 5 6 6 6 6 6 6 6 6 7 8 8 8 8 8 8 8 8 9 10 11 11 11 11 11 11 11 11 12 13 14 15 15 15 15 15 15 15 15 16 17 18 
0 0 1 0 1 2 0 1 3 4 0 1 4 3 2 0 2 1 1 1 1 0 3 1 1 1 1 4 0 4 1 1 1 1 3 2 5 6 6 6 6 6 6 6 6 7 8 8 8 8 8 8 8 8 9 10 11 12 12 12 12 11 11 11 13 14 10 12 11 11 11 11 12 12 12 13 14 15 
0 0 1 0 1 2 0 1 3 4 0 1 4 3 2 0 2 1 1 1 1 0 3 1 1 1 1 4 0 4 1 1 1 1 3 2 5 6 6 6 7 7 6 7 7 5 6 7 7 6 6 6 7 7 8 5 7 6 6 7 7 7 6 6 8 9 5 7 7 7 6 6 7 6 6 9 8 8 
0 0 1 0 1 2 0 1 3 4 0 1 4 3 2 0 2 1 1 1 1 0 3 1 1 1 1 4 0 4 1 1 1 1 3 2 5 6 7 7 7 7 6 6 6 5 7 6 6 6 6 7 7 7 8 9 10 11 11 11 11 10 10 10 12 13 9 11 10 10 10 10 11 11 11 13 12 14 
0 0 1 0 1 2 0 1 3 4 0 1 4 3 2 0 2 1 1 1 1 0 3 1 1 1 1 4 0 4 1 1 1 1 3 2 5 6 7 7 7 7 6 8 8 5 7 6 6 8 8 7 7 7 9 5 7 8 8 6 6 7 7 7 9 10 5 8 7 7 7 7 8 6 6 10 9 9 
0 0 1 0 1 2 0 2 1 1 0 3 3 4 4 0 3 4 3 4 1 0 4 3 4 3 1 2 0 4 4 3 3 2 1 1 5 0 0 0 0 0 0 0 0 6 7 7 7 7 7 7 7 7 6 8 9 9 9 9 9 9 9 9 8 10 11 12 12 12 12 12 12 12 12 11 13 14 
0 0 1 0 1 2 0 2 1 1 0 3 3 4 4 0 3 4 3 4 1 0 4 3 4 3 1 2 0 4 4 3 3 2 1 1 5 0 0 0 0 0 0 0 0 6 7 7 7 7 7 7 7 7 6 8 9 9 9 9 9 9 9 9 10 11 10 9 9 9 9 9 9 9 9 8 11 12 
0 0 1 0 1 2 0 2 1 1 0 3 3 4 4 0 3 4 3 4 1 0 4 3 4 3 1 2 0 4 4 3 3 2 1 1 5 0 0 0 0 0 0 0 0 6 7 7 7 7 7 7 7 7 6 8 9 9 9 9 10 10 10 10 8 11 8 10 10 10 10 9 9 9 9 8 11 12 
0 0 1 0 1 2 0 2 1 1 0 3 3 4 4 0 3 4 3 4 1 0 4 3 4 3 1 2 0 4 4 3 3 2 1 1 5 6 6 6 6 7 7 7 7 5 6 6 6 6 7 7 7 7 8 5 7 7 7 7 6 6 6 6 9 10 5 7 7 7 7 6 6 6 6 10 9 8 
0 0 1 0 1 2 0 2 1 1 0 3 4 5 6 0 4 6 3 5 1 0 5 3 6 4 1 2 0 6 5 4 3 2 1 1 7 8 8 8 8 9 9 9 9 7 8 8 8 8 9 9 9 9 10 7 9 9 9 9 8 8 8 8 11 11 7 9 9 9 9 8 8 8 8 11 11 10 
0 0 1 0 1 2 0 2 1 1 0 3 4 5 6 0 4 6 3 5 1 0 5 3 6 4 1 2 0 6 5 4 3 2 1 1 7 8 9 9 8 8 9 9 8 7 8 9 9 8 8 9 9 8 10 7 9 8 8 9 9 8 8 9 11 11 7 9 8 8 9 9 8 8 9 11 11 10 
0 0 1 0 1 2 0 2 1 1 3 0 0 0 0 3 0 0 0 0 4 4 0 0 0 0 3 3 5 6 6 6 6 5 5 5 7 8 8 8 8 9 10 11 12 9 8 8 8 8 11 7 10 12 13 10 8 8 8 8 7 11 9 12 13 14 11 8 8 8 8 10 9 7 12 14 13 13 
0 0 1 0 1 2 0 2 1 1 3 0 0 0 0 3 0 0 0 0 4 4 0 0 0 0 3 3 5 6 6 6 6 5 5 5 7 8 8 9 9 10 10 7 11 7 9 9 8 8 10 10 7 11 12 10 8 9 8 9 7 7 10 11 13 13 10 9 8 9 8 7 7 10 11 13 13 12 
0 0 1 0 1 2 0 2 1 1 3 0 0 0 0 4 5 5 5 5 4 4 5 5 5 5 4 6 7 8 8 8 8 7 9 9 10 11 11 11 11 10 12 12 13 14 15 15 15 15 14 16 16 17 18 19 20 20 20 20 19 21 21 22 23 24 25 26 26 26 26 25 27 27 28 29 30 31 
0 0 1 0 1 2 0 2 1 1 3 0 0 0 0 4 5 5 5 5 4 4 5 5 5 5 4 6 7 8 8 8 8 7 9 9 10 11 11 11 11 10 12 12 13 14 15 15 15 15 14 16 16 17 18 19 20 20 20 20 19 21 22 23 24 25 19 20 20 20 20 19 22 21 23 24 25 26 
0 0 1 0 1 2 0 2 1 1 3 0 0 0 0 4 5 5 5 5 4 4 5 5 5 5 4 6 7 8 8 8 8 7 9 9 10 11 11 11 11 10 12 12 13 14 15 15 15 15 14 16 16 17 18 19 20 21 21 20 19 22 22 23 24 25 19 21 20 20 21 19 22 22 23 24 25 26 
0 0 1 0 1 2 0 2 1 1 3 0 0 0 0 4 5 5 5 5 4 4 5 5 5 5 4 6 7 8 8 8 8 7 9 9 10 11 11 11 11 10 12 13 14 10 11 11 11 11 10 13 12 14 15 16 17 17 17 17 16 18 19 20 21 22 16 17 17 17 17 16 19 18 20 22 21 23 
0 0 1 0 1 2 0 2 1 1 3 0 0 0 0 4 5 5 5 5 4 4 5 5 5 5 4 6 7 8 8 8 8 7 9 9 10 11 11 11 11 10 12 13 14 10 11 11 11 11 10 13 12 14 15 16 17 17 17 17 18 19 19 20 21 21 18 17 17 17 17 16 19 19 20 21 21 22 
0 0 1 0 1 2 0 2 1 1 3 0 0 0 0 4 5 5 5 5 4 4 5 5 5 5 4 6 7 8 8 8 8 7 9 9 10 11 11 11 11 10 12 13 14 10 11 11 11 11 10 13 12 14 15 16 17 18 18 17 16 19 19 20 21 21 16 18 17 17 18 16 19 19 20 21 21 22 
0 0 1 0 1 2 0 2 1 1 3 0 0 0 0 4 5 5 5 5 4 4 5 5 5 5 4 6 7 8 8 8 8 7 9 9 10 11 12 12 11 10 13 13 14 10 12 11 11 12 10 13 13 14 15 16 17 18 18 17 16 19 19 20 21 22 16 18 17 17 18 16 19 19 20 22 21 23 
0 0 1 0 1 2 0 2 1 1 3 0 0 0 0 4 5 5 5 5 4 4 5 5 5 5 4 6 7 8 8 8 8 7 9 9 10 11 12 12 13 10 14 14 15 10 12 11 13 12 10 14 14 15 16 10 12 13 11 12 10 14 14 15 16 17 10 13 12 12 11 10 14 14 15 17 16 16 
0 0 1 0 1 2 0 2 1 1 3 4 4 4 4 5 6 6 6 6 7 8 9 9 9 9 10 11 12 13 13 13 13 14 15 16 17 18 19 19 18 20 21 22 23 17 18 19 19 18 20 21 22 23 24 17 19 18 18 19 20 21 22 23 25 25 17 19 18 18 19 20 21 22 23 25 25 24 
0 0 1 0 1 2 0 2 1 1 3 4 4 4 4 5 6 6 6 6 7 8 9 10 10 9 11 12 8 9 10 10 9 11 12 13 8 10 9 9 10 11 12 14 14 8 10 9 9 10 11 12 14 14 13 15 16 17 17 16 18 19 20 20 21 21 15 17 16 16 17 18 19 21 21 20 20 22 
0 0 1 0 1 2 0 2 1 1 3 4 5 5 4 3 4 5 5 4 6 3 5 4 4 5 7 7 3 5 4 4 5 7 7 6 8 9 10 10 9 11 11 12 12 8 10 9 9 10 12 12 11 11 13 14 15 16 16 15 17 17 18 18 19 20 14 16 15 15 16 18 18 17 17 20 19 21 
0 0 1 0 1 2 0 2 1 1 3 4 5 5 4 3 4 5 5 4 6 3 5 4 4 5 7 7 3 5 4 4 5 7 7 6 8 9 10 10 9 11 11 12 13 8 9 10 10 9 11 11 13 12 14 8 10 9 9 10 12 13 11 11 15 15 8 10 9 9 10 13 12 11 11 15 15 14 
0 0 1 0 1 2 0 2 1 1 0 3 4 4 5 0 4 3 5 4 1 0 4 5 3 4 1 2 0 5 4 4 3 2 1 1 6 0 0 0 0 0 0 0 0 7 8 8 8 8 8 8 8 8 7 9 10 10 10 10 10 10 10 10 9 11 12 13 13 13 13 13 13 13 13 12 14 15 
0 0 1 0 1 2 0 2 1 1 0 3 4 4 5 0 4 3 5 4 1 0 4 5 3 4 1 2 0 5 4 4 3 2 1 1 6 0 0 0 0 0 0 0 0 7 8 8 8 8 8 8 8 8 7 9 10 10 10 10 10 10 10 10 11 12 11 10 10 10 10 10 10 10 10 9 12 13 
0 0 1 0 1 2 0 2 1 1 0 3 4 4 5 0 4 3 5 4 1 0 4 5 3 4 1 2 0 5 4 4 3 2 1 1 6 0 0 0 0 0 0 0 0 7 8 8 8 8 8 8 8 8 7 9 10 10 10 10 11 11 11 11 9 12 9 11 11 11 11 10 10 10 10 9 12 13 
0 0 1 0 1 2 0 2 1 1 0 3 4 4 5 0 4 3 5 4 1 0 4 5 3 4 1 2 0 5 4 4 3 2 1 1 6 0 0 0 0 0 0 0 0 7 8 8 8 8 8 8 8 8 7 9 10 11 11 10 10 11 11 10 9 12 9 11 10 10 11 11 10 10 11 9 12 13 
0 0 1 0 1 2 0 2 1 1 0 3 4 4 5 0 4 3 5 4 1 0 4 5 3 4 1 2 0 5 4 4 3 2 1 1 6 7 7 7 7 8 8 8 8 6 7 7 7 7 8 8 8 8 9 6 8 8 8 8 7 7 7 7 10 11 6 8 8 8 8 7 7 7 7 11 10 9 
0 0 1 0 1 2 0 2 1 1 0 3 4 4 5 0 4 3 5 4 1 0 4 5 3 4 1 2 0 5 4 4 3 2 1 1 6 7 8 8 7 7 8 8 7 6 7 8 8 7 7 8 8 7 9 6 8 7 7 8 8 7 7 8 10 11 6 8 7 7 8 8 7 7 8 11 10 9 
0 0 1 0 1 2 0 2 1 1 0 3 4 5 6 0 4 6 3 5 1 0 5 3 6 4 1 2 0 6 5 4 3 2 1 1 7 0 0 0 0 0 0 0 0 8 9 9 9 9 9 9 9 9 8 8 9 9 9 9 9 9 9 9 8 10 11 12 12 12 12 12 12 12 12 11 13 13 
0 0 1 0 1 2 0 2 1 1 3 0 0 0 0 4 0 0 0 0 5 5 0 0 0 0 4 3 6 7 7 7 7 6 6 6 8 9 9 9 9 8 8 8 10 11 12 12 12 12 11 11 11 13 14 15 16 16 16 16 15 15 15 17 18 19 20 21 21 21 21 20 20 20 22 23 24 25 
0 0 1 0 1 2 0 2 1 1 3 0 0 0 0 4 0 0 0 0 5 5 0 0 0 0 4 3 6 7 7 7 7 6 6 6 8 9 9 9 9 8 8 8 10 11 12 12 12 12 11 11 11 13 14 15 16 16 16 16 15 17 17 18 19 20 17 16 16 16 16 17 15 15 18 19 20 21 
0 0 1 0 1 2 0 2 1 1 3 0 0 0 0 4 0 0 0 0 5 5 0 0 0 0 4 3 6 7 7 7 7 6 6 6 8 9 9 9 9 8 8 8 10 11 12 12 12 12 11 11 11 13 14 15 16 17 17 16 15 15 15 18 19 20 15 17 16 16 17 15 15 15 18 19 20 21 
0 0 1 0 1 2 0 2 1 1 3 0 0 0 0 4 0 0 0 0 5 5 0 0 0 0 4 3 6 7 7 7 7 6 6 6 8 9 9 9 9 8 10 10 11 10 9 9 9 9 10 8 8 11 12 13 14 14 14 14 13 15 15 16 17 18 15 14 14 14 14 15 13 13 16 18 17 19 
0 0 1 0 1 2 0 2 1 1 3 0 0 0 0 4 0 0 0 0 5 5 0 0 0 0 4 3 6 7 7 7 7 6 6 6 8 9 9 9 9 8 10 10 11 10 9 9 9 9 10 8 8 11 12 13 14 14 14 14 15 13 15 16 17 17 15 14 14 14 14 13 15 13 16 17 17 18 
0 0 1 0 1 2 0 2 1 1 3 0 0 0 0 4 0 0 0 0 5 5 0 0 0 0 4 3 6 7 7 7 7 6 6 6 8 9 9 9 9 8 10 10 11 10 9 9 9 9 10 8 8 11 12 13 14 15 15 14 13 13 13 16 17 17 13 15 14 14 15 13 13 13 16 17 17 18 
0 0 1 0 1 2 0 2 1 1 3 0 0 0 0 4 0 0 0 0 5 5 0 0 0 0 4 3 6 7 7 7 7 6 6 6 8 9 9 9 9 10 11 12 13 10 9 9 9 9 8 12 11 13 14 11 9 9 9 9 12 8 10 13 15 16 12 9 9 9 9 11 10 8 13 16 15 14 
0 0 1 0 1 2 0 2 1 1 3 0 0 0 0 4 0 0 0 0 5 5 0 0 0 0 4 3 6 7 7 7 7 6 6 6 8 9 9 10 10 8 8 8 11 8 9 10 9 10 8 8 8 11 12 8 10 9 10 9 8 8 8 11 12 13 8 10 10 9 9 8 8 8 11 13 12 12 
0 0 1 0 1 2 0 2 1 1 3 0 0 0 0 4 0 0 0 0 5 5 0 0 0 0 4 3 6 7 7 7 7 6 6 6 8 9 10 10 9 8 8 8 11 8 10 9 9 10 8 8 8 11 12 13 14 15 15 14 13 13 13 16 17 18 13 15 14 14 15 13 13 13 16 18 17 19 
0 0 1 0 1 2 0 2 1 1 3 0 0 0 0 4 0 0 0 0 5 5 0 0 0 0 4 3 6 7 7 7 7 6 6 6 8 9 10 10 9 8 11 11 12 8 10 9 9 10 8 11 11 12 13 11 9 10 10 9 11 8 8 12 14 15 11 10 9 9 10 11 8 8 12 15 14 13 
0 0 1 0 1 2 0 2 1 1 3 0 0 0 0 4 0 0 0 0 5 5 0 0 0 0 4 3 6 7 7 7 7 6 6 6 8 9 10 10 11 8 8 8 12 8 10 9 11 10 8 8 8 12 13 8 10 11 9 10 8 8 8 12 13 14 8 11 10 10 9 8 8 8 12 14 13 13 
0 0 1 0 1 2 0 2 1 1 3 0 0 0 0 4 5 5 5 5 4 4 5 5 5 5 4 6 7 8 8 8 8 7 9 9 10 11 11 12 12 10 13 13 14 10 11 12 11 12 10 13 13 14 15 10 12 11 12 11 10 13 13 14 15 16 10 12 12 11 11 10 13 13 14 16 15 15 
0 0 1 0 1 2 0 2 1 1 3 0 0 0 0 4 5 5 5 5 4 4 5 5 5 5 4 6 7 8 8 8 8 7 9 9 10 11 12 12 11 10 13 14 15 10 11 12 12 11 10 14 13 15 16 10 12 11 11 12 10 13 14 15 17 18 10 12 11 11 12 10 14 13 15 18 17 16 
0 0 1 0 1 2 0 2 1 1 3 0 0 0 0 4 5 5 5 5 4 6 7 7 7 7 6 8 9 10 10 10 10 9 11 12 13 14 15 15 14 13 16 17 18 13 14 15 15 14 13 16 17 18 19 13 15 14 14 15 13 16 17 18 20 21 13 15 14 14 15 13 16 17 18 21 20 19 
0 0 1 0 1 2 0 2 1 1 3 0 0 0 0 4 5 5 5 5 4 6 7 7 7 7 8 9 8 7 7 7 7 6 9 10 11 12 13 13 12 11 14 15 15 11 12 13 13 12 11 14 15 15 16 11 13 12 12 13 11 14 15 15 17 18 11 13 12 12 13 11 14 15 15 18 17 16 
0 0 1 0 1 2 0 2 1 1 3 0 0 0 0 4 5 5 5 5 4 6 7 8 8 7 6 9 6 7 8 8 7 6 9 10 6 8 7 7 8 6 9 11 12 6 8 7 7 8 6 9 12 11 10 13 14 15 15 14 13 16 17 17 18 18 13 15 14 14 15 13 16 18 18 17 17 19 
0 0 1 0 1 2 0 2 1 1 3 4 5 5 4 3 4 5 5 4 6 3 4 5 5 4 7 8 3 4 5 5 4 8 7 6 3 5 4 4 5 9 10 11 12 3 5 4 4 5 10 9 12 11 6 3 5 4 4 5 11 12 9 10 7 8 3 5 4 4 5 12 11 10 9 8 7 6 
0 0 1 0 1 2 0 2 1 1 3 4 5 5 4 3 4 5 5 4 6 3 5 4 4 5 7 8 3 5 4 4 5 8 7 6 9 10 11 11 10 12 12 13 13 9 10 11 11 10 12 12 13 13 14 9 11 10 10 11 13 13 12 12 15 16 9 11 10 10 11 13 13 12 12 16 15 14 
0 0 1 0 2 3 0 3 2 1 4 0 0 0 0 5 6 6 6 6 5 5 6 6 6 6 5 7 8 9 9 9 9 8 10 10 8 9 9 9 9 8 10 10 11 12 13 13 13 13 12 14 14 15 15 16 17 17 17 17 16 18 18 19 19 20 21 22 22 22 22 21 23 23 24 24 25 26 
0 0 1 0 2 3 0 3 2 1 4 0 0 0 0 5 6 6 6 6 5 5 6 6 6 6 5 7 8 9 9 9 9 8 10 10 8 9 9 9 9 8 10 10 11 12 13 13 13 13 12 14 14 15 15 16 17 17 17 17 16 18 18 19 20 21 16 17 17 17 17 16 18 18 20 19 21 22 
0 0 1 0 2 3 0 3 2 1 4 0 0 0 0 5 6 6 6 6 5 5 6 6 6 6 5 7 8 9 9 9 9 8 10 10 8 9 9 9 9 8 10 10 11 12 13 13 13 13 12 14 14 15 15 16 17 17 18 18 16 19 19 20 20 21 16 18 18 17 17 16 19 19 20 20 21 22 
0 0 1 0 2 3 0 3 2 1 4 0 0 0 0 5 6 6 6 6 5 5 6 6 6 6 5 7 8 9 9 9 9 8 10 10 11 12 12 13 13 11 14 14 15 11 12 12 13 13 11 14 14 15 16 11 13 13 12 12 11 14 14 15 17 18 11 13 13 12 12 11 14 14 15 18 17 16 
0 0 1 2 0 0 3 4 4 3 3 4 4 3 5 6 7 7 6 8 8 6 7 7 6 8 8 9 10 11 11 10 12 12 13 13 10 11 11 10 12 12 13 13 14 15 16 16 15 17 17 18 18 19 19 20 21 21 20 22 22 23 23 24 24 25 26 27 27 26 28 28 29 29 30 30 31 32 
0 0 1 2 0 0 3 4 4 3 3 4 4 3 5 6 7 7 6 8 8 6 7 7 6 8 8 9 10 11 11 10 12 12 13 13 10 11 11 10 12 12 13 13 14 15 16 16 15 17 17 18 18 19 19 20 21 21 20 22 22 23 23 24 25 26 20 21 21 20 22 22 23 23 25 24 26 27 
0 0 1 0 1 2 0 2 1 1 0 3 4 5 6 0 4 6 3 5 1 0 5 3 6 4 1 2 0 6 5 4 3 2 1 1 7 0 0 0 0 0 0 0 0 8 0 0 0 0 0 0 0 0 9 9 0 0 0 0 0 0 0 0 8 7 10 11 11 11 11 11 11 11 11 10 10 10 
0 0 1 0 2 3 0 3 2 1 0 4 5 6 7 0 5 4 7 6 1 0 6 7 4 5 2 3 0 7 6 5 4 3 2 1 8 0 0 0 0 0 0 0 0 9 10 10 10 10 10 10 10 10 9 9 10 10 10 10 10 10 10 10 9 11 12 13 13 13 13 13 13 13 13 12 14 14 
0 0 1 0 2 3 0 3 2 1 4 0 0 0 0 5 0 0 0 0 6 6 0 0 0 0 5 4 7 8 8 8 8 7 7 7 7 8 8 8 8 7 7 7 9 10 11 11 11 11 10 10 10 12 12 13 14 14 14 14 13 13 13 15 15 16 17 18 18 18 18 17 17 17 19 19 20 21 
0 0 1 0 2 3 0 3 2 1 4 0 0 0 0 5 0 0 0 0 6 6 0 0 0 0 5 4 7 8 8 8 8 7 7 7 7 8 8 8 8 7 7 7 9 10 11 11 11 11 10 10 10 12 12 13 14 14 14 14 13 13 13 15 16 17 13 14 14 14 14 13 13 13 16 15 17 18 
0 0 1 0 2 3 0 3 2 1 4 0 0 0 0 5 0 0 0 0 6 6 0 0 0 0 5 4 7 8 8 8 8 7 7 7 7 8 8 8 8 7 7 7 9 10 11 11 11 11 10 10 10 12 12 13 14 14 14 14 13 15 15 16 16 17 15 14 14 14 14 15 13 13 16 16 17 18 
0 0 1 0 2 3 0 3 2 1 4 0 0 0 0 5 0 0 0 0 6 6 0 0 0 0 5 4 7 8 8 8 8 7 7 7 9 10 10 10 10 9 11 11 12 9 10 10 10 10 9 11 11 12 13 11 10 10 10 10 11 9 9 12 14 15 11 10 10 10 10 11 9 9 12 15 14 13 
0 0 1 0 2 3 0 3 2 1 0 4 5 6 7 0 5 4 7 6 1 0 6 7 4 5 2 3 0 7 6 5 4 3 2 1 8 0 0 0 0 0 0 0 0 9 0 0 0 0 0 0 0 0 10 10 0 0 0 0 0 0 0 0 9 8 11 12 12 12 12 12 12 12 12 11 11 11 
--- order 36 (x22) ---
0 0 0 1 1 1 1 1 1 2 3 3 3 4 4 5 5 5 6 6 7 8 9 10 1 1 3 5 8 10 9 1 1 3 5 9 9 8 10 1 1 3 5 8 0 9 10 8 1 1 3 5 0 8 10 10 8 9 1 1 3 5 0 10 9 0 10 9 8 1 1 3 5 10 0 0 9 8 
0 0 0 1 1 1 1 1 1 2 3 3 3 4 5 3 3 3 5 4 6 7 8 9 1 1 3 3 7 9 8 1 1 3 3 8 8 7 9 1 1 3 3 7 0 8 9 7 1 1 3 3 0 7 9 9 7 8 1 1 3 3 0 9 8 0 9 8 7 1 1 3 3 9 0 0 8 7 
0 0 0 0 1 2 0 2 1 0 1 0 2 2 0 1 2 0 0 2 1 2 0 1 0 1 0 0 2 1 0 1 0 0 0 2 3 3 3 3 3 3 3 3 3 4 4 4 4 4 4 4 4 4 5 6 6 6 6 6 6 6 6 6 7 8 9 9 9 9 9 9 9 9 9 10 11 12 
0 0 0 0 1 2 0 2 1 0 1 0 2 2 0 1 2 0 0 2 1 2 0 1 0 1 0 0 2 1 0 1 0 0 0 2 3 3 3 3 3 3 3 3 3 4 4 5 4 5 4 4 5 4 6 4 5 4 5 4 4 4 4 5 6 7 5 4 4 4 4 5 5 4 4 6 7 7 
0 0 0 1 1 1 1 1 1 0 1 1 1 0 0 2 2 2 2 2 2 3 3 3 4 5 6 2 3 3 3 5 6 4 2 0 3 3 3 6 4 5 2 0 0 4 5 6 3 3 3 2 1 1 1 5 6 4 3 3 3 2 1 1 1 0 6 4 5 3 3 3 2 1 1 1 0 0 
0 0 0 1 1 1 1 1 1 2 1 1 1 2 2 1 1 1 3 3 4 1 1 1 3 4 3 2 1 1 1 4 3 3 2 2 5 5 5 6 6 6 6 6 6 7 7 7 8 9 10 10 9 8 11 7 7 7 9 10 8 8 10 9 11 12 7 7 7 10 8 9 9 8 10 11 12 12 
0 0 0 1 1 1 1 1 1 2 1 1 1 2 2 1 1 1 3 3 4 1 1 1 3 4 3 2 1 1 1 4 3 3 2 2 5 5 5 6 6 6 6 6 6 7 8 9 10 10 10 10 10 10 11 8 9 7 10 10 10 10 10 10 11 12 9 7 8 10 10 10 10 10 10 11 12 12 
0 0 0 1 1 1 1 1 1 2 1 1 1 2 2 1 1 1 3 4 5 1 1 1 4 5 3 2 1 1 1 5 3 4 2 2 6 6 6 7 7 7 7 7 7 8 8 8 9 9 9 9 9 9 10 11 11 11 12 12 12 12 12 12 13 14 15 15 15 16 16 16 16 16 16 17 18 19 
0 0 0 1 1 1 1 1 1 2 1 1 1 2 2 1 1 1 3 4 5 1 1 1 4 5 3 2 1 1 1 5 3 4 2 2 6 6 6 7 7 7 7 7 7 8 8 8 9 9 9 9 9 9 10 11 11 11 12 12 12 13 13 13 14 15 11 11 11 13 13 13 12 12 12 14 15 16 
0 0 0 1 1 1 1 1 1 2 1 1 1 2 2 1 1 1 3 4 5 1 1 1 4 5 3 2 1 1 1 5 3 4 2 2 6 6 6 7 7 7 7 7 7 8 8 8 9 10 11 9 10 11 12 8 8 8 10 11 9 11 9 10 12 13 8 8 8 11 9 10 10 11 9 12 13 13 
0 0 0 1 1 1 1 1 1 2 1 1 1 2 2 1 1 1 3 4 5 1 1 1 4 5 3 2 1 1 1 5 3 4 2 2 6 6 6 7 7 7 7 7 7 8 8 9 10 10 10 10 10 10 11 8 9 8 10 10 10 10 10 10 11 12 9 8 8 10 10 10 10 10 10 11 12 12 
0 0 0 1 1 1 1 1 1 2 1 1 1 2 2 1 1 1 3 4 5 1 1 1 4 5 3 2 1 1 1 5 3 4 2 2 6 6 6 7 7 7 7 7 7 8 9 10 1 1 1 1 1 1 6 9 10 8 1 1 1 1 1 1 6 0 10 8 9 1 1 1 1 1 1 6 0 0 
0 0 0 1 1 1 1 1 1 2 1 1 1 2 2 1 1 1 3 4 5 1 1 1 4 5 3 2 1 1 1 5 3 4 2 2 6 6 6 7 7 7 8 8 8 6 6 6 8 8 8 7 7 7 9 10 10 10 11 11 11 12 12 12 13 14 10 10 10 12 12 12 11 11 11 14 13 15 
0 0 0 1 1 1 1 1 1 2 1 1 1 2 2 3 3 3 4 4 4 3 3 3 4 4 4 5 6 6 6 7 7 7 8 8 9 9 9 10 10 10 11 11 12 13 13 13 14 15 16 17 17 18 19 13 13 13 15 16 14 17 17 18 19 20 13 13 13 16 14 15 17 17 18 19 20 20 
0 0 0 1 1 1 1 1 1 2 1 1 1 2 2 3 3 3 4 4 4 3 3 3 4 4 4 5 6 6 6 7 7 7 8 9 6 6 6 7 7 7 9 8 10 11 11 11 12 13 14 15 15 16 16 11 11 11 13 14 12 15 15 16 16 17 11 11 11 14 12 13 15 15 16 16 17 17 
0 0 0 1 1 1 1 1 1 2 1 1 1 2 2 3 3 3 4 4 4 5 5 5 6 6 6 7 8 8 8 9 9 9 10 11 12 12 12 13 13 13 14 15 16 17 17 17 18 18 18 19 20 21 22 23 23 23 24 24 24 25 26 27 28 29 30 30 30 31 31 31 32 33 34 35 36 37 
0 0 0 1 1 1 1 1 1 2 1 1 1 2 2 3 3 3 4 4 4 5 5 5 6 6 6 7 8 8 8 9 9 9 10 11 12 12 12 13 13 13 14 15 16 17 17 17 18 18 19 20 21 22 23 17 17 17 18 19 18 20 21 22 23 24 17 17 17 19 18 18 20 21 22 23 24 24 
0 0 0 1 1 1 1 1 1 2 1 1 1 2 2 3 3 3 4 4 4 5 5 5 6 6 7 4 5 5 5 6 7 6 4 2 5 5 5 7 6 6 4 2 2 8 9 10 5 5 5 3 1 1 1 9 10 8 5 5 5 3 1 1 1 0 10 8 9 5 5 5 3 1 1 1 0 0 
0 0 0 1 1 1 1 1 1 2 1 1 1 2 2 3 3 3 4 4 4 5 5 5 6 6 7 8 5 5 5 6 7 6 8 9 5 5 5 7 6 6 8 9 9 10 10 10 11 11 12 13 14 15 15 10 10 10 11 12 11 13 15 14 15 16 10 10 10 12 11 11 13 15 15 14 16 16 
0 0 0 1 1 1 1 1 1 2 1 1 1 2 2 3 3 3 4 4 4 5 5 5 6 6 7 8 5 5 5 6 7 6 8 9 5 5 5 7 6 6 8 9 9 10 10 11 12 12 12 13 14 14 14 10 11 10 12 12 12 13 14 14 14 15 11 10 10 12 12 12 13 14 14 14 15 15 
0 0 0 1 1 1 1 1 1 2 3 3 3 4 4 5 5 5 6 6 7 8 9 10 1 1 3 5 8 10 9 1 1 3 5 8 9 8 10 1 1 3 5 10 0 9 10 8 1 1 3 5 0 10 9 10 8 9 1 1 3 5 0 9 8 0 10 9 8 1 1 3 5 9 0 0 8 10 
0 0 0 1 1 1 1 1 1 2 3 3 3 4 5 3 3 3 5 4 6 7 8 9 1 1 3 3 7 9 8 1 1 3 3 7 8 7 9 1 1 3 3 9 0 8 9 7 1 1 3 3 0 9 8 9 7 8 1 1 3 3 0 8 7 0 9 8 7 1 1 3 3 8 0 0 7 9 
--- order 40 (x12) ---
0 0 1 0 1 2 0 2 1 1 3 0 0 0 0 3 0 0 0 0 4 4 0 0 0 0 3 4 4 0 0 0 0 4 3 3 5 6 7 8 9 5 5 5 5 5 7 9 6 8 5 5 5 5 10 5 8 6 9 7 5 5 5 5 10 11 5 9 8 7 6 5 5 5 5 11 10 10 
0 0 1 0 1 2 0 1 2 3 0 1 3 2 3 0 2 1 4 1 1 0 2 4 1 1 1 3 0 3 1 1 1 4 3 2 0 3 1 1 4 1 2 3 2 0 4 3 3 2 2 1 1 1 1 5 0 0 0 0 0 0 0 0 0 0 6 7 7 7 7 7 7 7 7 7 7 6 
0 0 1 0 1 2 0 2 1 2 0 2 2 1 1 0 3 3 4 4 5 0 3 4 3 5 4 1 0 4 3 5 3 4 1 2 0 4 5 3 4 3 2 1 2 0 5 4 4 3 3 2 2 1 1 6 0 0 0 0 0 0 0 0 0 0 7 8 8 8 8 8 8 8 8 8 8 7 
0 0 1 0 1 2 0 2 1 2 0 2 2 1 1 3 0 0 0 0 0 4 0 0 0 0 0 5 5 0 0 0 0 0 4 3 6 7 7 7 7 7 6 6 6 8 9 9 9 9 9 8 8 8 10 11 12 12 12 12 12 11 11 11 13 14 15 16 16 16 16 16 15 15 15 17 18 19 
0 0 1 0 1 2 0 2 1 2 0 2 2 1 1 3 0 0 0 0 0 4 0 0 0 0 0 5 5 0 0 0 0 0 4 3 6 7 7 7 7 7 6 6 6 8 9 9 9 9 9 8 8 8 10 11 12 12 12 12 12 11 13 13 14 15 13 12 12 12 12 12 13 11 11 14 15 16 
0 0 1 0 1 2 0 2 1 2 0 2 2 1 1 3 0 0 0 0 0 4 0 0 0 0 0 5 5 0 0 0 0 0 4 3 6 7 7 7 7 7 6 8 8 8 7 7 7 7 7 8 6 6 9 10 11 11 11 11 11 10 12 12 13 14 12 11 11 11 11 11 12 10 10 14 13 15 
0 0 1 0 1 2 0 2 1 2 0 2 2 1 1 3 0 0 0 0 0 4 0 0 0 0 0 5 5 0 0 0 0 0 4 3 6 7 7 7 7 7 6 8 8 8 7 7 7 7 7 8 6 6 9 10 11 11 11 11 11 12 10 12 13 13 12 11 11 11 11 11 10 12 10 13 13 14 
0 0 1 0 1 2 0 2 1 2 0 2 2 1 1 3 0 0 0 0 0 4 0 0 0 0 0 5 5 0 0 0 0 0 4 3 6 7 7 7 7 7 8 9 10 8 7 7 7 7 7 6 10 9 11 9 7 7 7 7 7 10 6 8 12 13 10 7 7 7 7 7 9 8 6 13 12 11 
0 0 1 0 1 2 0 2 1 2 0 2 2 1 1 3 0 0 0 0 0 4 5 5 5 5 5 4 4 5 5 5 5 5 4 6 7 8 8 8 8 8 7 9 9 10 11 11 11 11 11 10 12 12 13 14 15 15 15 15 15 14 16 16 17 18 19 20 20 20 20 20 19 21 21 22 23 24 
0 0 1 0 1 2 0 2 1 2 0 2 2 1 1 3 0 0 0 0 0 4 5 5 5 5 5 4 4 5 5 5 5 5 4 6 7 8 8 8 8 8 7 9 9 10 11 11 11 11 11 10 12 12 13 14 15 15 15 15 15 14 16 17 18 19 14 15 15 15 15 15 14 17 16 18 19 20 
0 0 1 0 1 2 0 2 1 2 0 2 2 1 1 3 0 0 0 0 0 4 5 5 5 5 5 4 4 5 5 5 5 5 4 6 7 8 8 8 8 8 7 9 10 7 8 8 8 8 8 7 10 9 11 12 13 13 13 13 13 12 14 15 16 17 12 13 13 13 13 13 12 15 14 17 16 18 
0 0 1 0 1 2 0 2 1 2 0 2 2 1 1 3 0 0 0 0 0 4 5 5 5 5 5 4 4 5 5 5 5 5 4 6 7 8 8 8 8 8 7 9 10 7 8 8 8 8 8 7 10 9 11 12 13 13 13 13 13 14 15 15 16 16 14 13 13 13 13 13 12 15 15 16 16 17 
--- order 42 (x1) ---
0 0 0 1 1 1 1 1 1 2 1 1 1 2 3 1 1 1 3 2 4 1 1 1 3 4 2 4 1 1 1 4 3 4 2 3 1 1 1 4 4 3 3 2 2 5 6 7 8 8 8 8 8 8 8 6 7 5 8 8 8 8 8 8 8 9 7 5 6 8 8 8 8 8 8 8 9 9 
--- order 44 (x1) ---
0 0 1 0 1 2 0 2 1 3 0 2 3 1 4 0 3 2 4 1 5 0 3 4 2 5 1 5 0 4 3 5 2 5 1 4 0 4 5 3 5 2 4 1 3 0 5 4 5 3 4 2 3 1 2 0 5 5 4 4 3 3 2 2 1 1 6 0 0 0 0 0 0 0 0 0 0 0 
--- order 48 (x77) ---
0 0 0 1 1 1 1 1 1 2 1 1 1 2 3 1 1 1 3 2 2 4 4 4 5 5 5 5 6 6 6 7 7 7 7 8 9 9 9 10 10 10 10 11 12 13 13 13 14 14 14 14 15 16 17 18 18 18 19 19 19 19 20 21 22 23 24 24 24 25 25 25 25 26 27 28 29 30 
0 0 0 1 1 1 1 1 1 2 1 1 1 2 3 1 1 1 3 2 2 4 4 4 5 5 5 5 6 6 6 7 7 7 7 8 9 9 9 10 10 10 10 11 12 13 13 13 14 14 14 14 15 16 17 18 18 18 19 20 20 19 21 22 23 24 18 18 18 20 19 19 20 21 22 23 24 25 
0 0 0 1 1 1 1 1 1 2 1 1 1 2 3 1 1 1 3 2 2 4 4 4 5 5 5 5 6 6 6 7 7 7 7 8 9 9 9 10 11 11 10 12 13 9 9 9 11 10 10 11 12 13 14 15 15 15 16 17 17 16 18 19 20 21 15 15 15 17 16 16 17 18 19 21 20 22 
0 0 0 1 1 1 1 1 1 2 1 1 1 2 3 1 1 1 3 2 2 4 4 4 5 6 6 5 4 4 4 6 5 5 6 7 8 8 8 9 10 10 9 11 12 8 8 8 10 9 9 10 12 11 13 14 14 14 15 16 16 15 17 18 19 20 14 14 14 16 15 15 16 18 17 20 19 21 
0 0 0 1 1 1 1 1 1 2 3 3 3 4 4 3 3 3 4 4 2 5 5 5 6 6 6 6 7 7 7 8 8 8 8 9 10 10 10 11 11 11 11 12 13 14 14 15 3 3 1 1 5 7 10 14 15 14 3 3 1 1 5 7 10 0 15 14 14 3 3 1 1 5 7 10 0 0 
0 0 0 1 1 1 1 1 1 2 3 3 3 4 4 3 3 3 4 4 2 5 5 5 6 6 6 6 7 7 7 8 8 9 9 10 11 11 11 9 9 8 8 10 12 13 13 14 3 3 1 1 5 11 7 13 14 13 3 3 1 1 5 11 7 0 14 13 13 3 3 1 1 5 11 7 0 0 
0 0 0 0 0 0 1 1 1 1 1 1 1 1 2 3 3 3 3 4 4 5 5 5 5 6 6 7 8 8 8 8 9 9 10 11 12 12 12 12 13 13 14 15 16 17 17 17 17 18 18 19 20 21 22 23 23 23 23 24 24 25 26 27 28 29 30 30 30 30 31 31 32 33 34 35 36 37 
0 0 0 0 0 0 1 1 1 1 1 1 1 1 2 3 3 3 3 4 4 5 5 5 5 6 6 7 8 8 8 8 9 9 10 11 12 12 12 12 13 13 14 15 16 17 17 17 17 18 18 19 20 21 22 23 23 23 23 24 25 26 27 28 29 30 23 23 23 23 25 24 26 27 28 29 30 31 
0 0 0 0 0 0 1 1 1 1 1 1 1 1 2 3 3 3 3 4 4 5 5 5 5 6 6 7 8 8 8 8 9 9 10 11 12 12 12 12 13 14 15 16 17 12 12 12 12 14 13 15 16 17 18 19 19 19 19 20 21 22 23 24 25 26 19 19 19 19 21 20 22 23 24 26 25 27 
0 0 0 0 0 0 1 1 1 1 1 1 1 1 2 3 3 3 3 4 4 5 5 5 5 6 6 7 8 8 8 8 9 9 10 11 12 12 12 13 14 14 15 16 17 12 12 13 12 14 14 15 16 17 18 12 13 12 12 14 14 15 16 17 18 18 13 12 12 12 14 14 15 16 17 18 18 18 
0 0 0 0 0 0 1 1 1 1 1 1 1 1 2 3 3 3 3 4 4 5 5 5 5 6 7 8 5 5 5 5 7 6 8 9 10 10 10 10 11 12 13 14 15 10 10 10 10 12 11 13 15 14 16 17 17 17 17 18 19 20 21 22 23 24 17 17 17 17 19 18 20 22 21 24 23 25 
0 0 0 0 0 0 1 1 1 1 1 1 1 1 2 3 3 3 3 4 4 5 5 5 5 6 7 8 5 5 5 5 7 6 8 9 10 10 10 11 12 12 13 14 14 10 10 11 10 12 12 13 14 14 15 10 11 10 10 12 12 13 14 14 15 15 11 10 10 10 12 12 13 14 14 15 15 15 
0 0 0 0 0 0 1 1 1 1 1 1 1 1 2 3 3 3 3 4 4 5 5 6 6 7 7 8 5 6 5 6 7 7 8 9 5 6 6 5 7 7 8 9 9 6 5 5 6 7 7 8 9 9 10 6 5 6 5 7 7 8 9 10 9 9 6 6 5 5 7 7 8 10 9 9 9 9 
0 0 0 0 0 0 1 1 1 1 2 2 2 2 3 4 4 4 4 3 5 6 6 6 6 7 8 8 9 9 9 9 10 11 11 12 13 13 13 14 1 4 2 6 9 13 13 14 13 1 4 2 6 9 0 13 14 13 13 1 4 2 6 9 0 0 14 13 13 13 1 4 2 6 9 0 0 0 
0 0 0 0 0 0 1 1 1 1 2 2 2 2 3 4 4 4 4 3 5 6 6 6 6 7 8 9 10 10 10 10 7 9 8 11 12 12 12 13 1 4 2 10 6 12 12 13 12 1 4 2 10 6 0 12 13 12 12 1 4 2 10 6 0 0 13 12 12 12 1 4 2 10 6 0 0 0 
0 0 0 0 0 0 1 1 1 1 2 2 2 2 3 4 4 4 4 5 6 7 7 7 7 8 9 10 11 11 11 11 12 13 14 15 16 16 16 17 1 2 4 7 11 16 16 17 16 1 2 4 7 11 0 16 17 16 16 1 2 4 7 11 0 0 17 16 16 16 1 2 4 7 11 0 0 0 
0 0 0 0 0 0 1 1 1 1 2 2 2 3 1 2 2 3 2 1 0 2 3 2 2 1 0 0 3 2 2 2 1 0 0 0 4 4 4 5 6 5 4 4 4 4 4 5 4 6 4 5 4 4 7 4 5 4 4 6 4 4 5 4 7 7 5 4 4 4 6 4 4 4 5 7 7 7 
0 0 0 0 0 1 0 1 0 0 1 0 0 0 0 2 2 2 2 2 2 2 2 2 2 2 2 3 4 4 4 4 4 4 5 5 6 6 6 6 6 6 7 7 8 9 10 11 11 10 9 12 12 13 14 10 11 9 9 11 10 12 12 13 14 15 11 9 10 10 9 11 12 12 13 14 15 15 
0 0 0 0 0 1 0 1 0 0 1 0 0 0 0 2 2 2 2 2 2 2 2 2 2 2 2 3 4 4 4 4 4 4 5 6 4 4 4 4 4 4 6 5 7 8 9 10 10 9 8 11 11 12 12 9 10 8 8 10 9 11 11 12 12 13 10 8 9 9 8 10 11 11 12 12 13 13 
0 0 0 0 0 1 0 1 0 0 1 0 0 0 0 2 2 2 2 2 2 3 3 3 3 3 3 4 5 5 5 5 5 5 6 7 8 8 8 8 8 8 9 10 11 12 12 12 12 12 12 13 14 15 16 17 17 17 17 17 17 18 19 20 21 22 23 23 23 23 23 23 24 25 26 27 28 29 
0 0 0 0 0 1 0 1 0 0 1 0 0 0 0 2 2 2 2 2 2 3 3 3 3 3 3 4 5 5 5 5 5 5 6 7 8 8 8 8 8 8 9 10 11 12 12 13 13 12 12 14 15 16 17 12 13 12 12 13 12 14 15 16 17 18 13 12 12 12 12 13 14 15 16 17 18 18 
0 0 0 0 0 1 0 1 0 0 1 0 0 0 0 2 2 2 2 2 2 3 3 4 4 3 3 5 3 4 3 3 4 3 5 6 4 3 3 3 3 4 5 6 6 7 7 8 8 7 7 9 10 11 11 7 8 7 7 8 7 9 11 10 11 12 8 7 7 7 7 8 9 11 11 10 12 12 
0 0 0 0 0 1 0 1 0 0 1 0 0 0 0 2 2 2 2 2 2 3 3 4 5 3 3 6 3 3 5 4 3 3 6 7 3 4 3 3 5 3 6 8 8 3 5 3 3 4 3 6 8 8 7 4 3 3 3 3 5 6 8 8 8 8 5 3 3 3 3 4 6 8 8 8 8 7 
0 0 0 0 0 1 0 1 0 0 1 0 0 0 0 2 2 2 2 2 2 3 4 5 5 4 3 6 3 4 5 5 4 3 6 7 4 5 3 3 5 4 6 8 9 4 5 3 3 5 4 6 9 8 7 5 3 4 4 3 5 6 8 9 8 9 5 3 4 4 3 5 6 9 8 9 8 7 
0 0 0 0 0 1 0 1 0 0 1 0 0 0 0 2 2 2 2 2 2 3 4 5 5 4 3 6 3 5 4 4 5 3 6 7 4 3 5 5 3 4 6 8 9 4 5 3 3 5 4 6 9 8 10 5 3 4 4 3 5 6 9 10 7 9 5 4 3 3 4 5 6 10 9 9 7 8 
0 0 0 0 0 1 0 1 0 0 1 0 0 0 0 2 2 2 2 2 2 3 4 5 5 4 6 2 4 5 3 6 5 4 2 0 4 5 6 3 5 4 2 0 1 5 3 4 4 6 5 2 0 0 0 5 6 4 4 3 5 2 0 0 0 1 6 4 5 5 4 3 2 1 0 0 0 0 
0 0 0 0 1 2 0 2 1 0 1 0 2 0 2 1 2 0 2 0 3 2 0 1 2 3 0 2 2 1 0 3 2 2 0 0 2 2 3 0 1 0 2 1 2 2 3 2 1 0 2 0 2 1 0 3 2 2 2 2 1 1 0 0 0 0 4 4 4 4 4 4 4 4 4 4 4 4 
0 0 0 1 1 1 1 1 1 2 1 1 1 2 3 1 1 1 3 2 2 1 1 1 4 5 6 7 1 1 1 5 7 4 6 2 1 1 1 6 4 7 5 2 3 1 1 1 7 6 5 4 3 2 2 8 8 8 9 9 9 9 9 9 9 9 10 10 10 11 11 11 11 11 11 11 11 12 
0 0 0 1 1 1 1 1 1 2 1 1 1 2 3 1 1 1 3 2 2 1 1 1 4 5 6 7 1 1 1 5 7 4 6 2 1 1 1 6 4 7 5 2 3 1 1 1 7 6 5 4 3 2 2 8 8 8 9 9 9 9 10 10 10 10 8 8 8 10 10 10 10 9 9 9 9 11 
0 0 0 1 1 1 1 1 1 2 1 1 1 2 3 1 1 1 3 2 2 1 1 1 4 5 6 7 1 1 1 5 7 4 6 2 1 1 1 6 4 7 5 2 3 1 1 1 7 6 5 4 3 2 2 8 8 8 9 10 10 9 9 10 10 9 8 8 8 10 9 9 10 10 9 9 10 11 
0 0 0 1 1 1 1 1 1 2 1 1 1 2 3 1 1 1 3 2 2 4 4 4 5 5 5 5 4 4 4 5 5 5 5 6 7 7 7 8 8 8 8 9 9 10 11 12 13 13 13 13 14 14 15 11 12 10 13 13 13 13 14 14 15 16 12 10 11 13 13 13 13 14 14 15 16 16 
0 0 0 1 1 1 1 1 1 2 1 1 1 2 3 1 1 1 3 2 2 4 4 4 5 5 5 5 4 4 4 5 5 5 5 6 7 7 7 8 8 9 9 10 11 7 7 7 8 9 8 9 11 10 12 7 7 7 9 8 9 8 11 10 12 13 7 7 7 9 9 8 8 10 11 13 12 12 
0 0 0 1 1 1 1 1 1 2 1 1 1 2 3 1 1 1 3 2 2 4 4 4 5 5 5 5 4 4 4 5 5 5 5 6 7 7 7 8 9 10 11 12 12 7 7 7 9 11 8 10 12 12 13 7 7 7 10 8 11 9 12 12 13 14 7 7 7 11 10 9 8 12 12 14 13 13 
0 0 0 1 1 1 1 1 1 2 1 1 1 2 3 1 1 1 3 2 2 4 4 4 5 5 5 5 6 6 6 5 5 5 5 7 8 8 8 9 9 9 9 10 10 11 12 13 1 1 1 1 6 4 8 12 13 11 1 1 1 1 6 4 8 0 13 11 12 1 1 1 1 6 4 8 0 0 
0 0 0 1 1 1 1 1 1 2 1 1 1 2 3 1 1 1 3 2 2 4 4 4 5 5 5 5 6 6 6 7 7 7 7 8 9 9 9 10 10 10 10 11 12 13 13 14 15 15 15 15 16 17 18 13 14 13 15 15 15 15 16 17 18 19 14 13 13 15 15 15 15 16 17 18 19 19 
0 0 0 1 1 1 1 1 1 2 1 1 1 2 3 1 1 1 3 2 2 4 4 4 5 5 5 5 6 6 6 7 7 7 7 8 9 9 9 10 10 10 10 11 12 13 14 15 1 1 1 1 4 6 9 14 15 13 1 1 1 1 4 6 9 0 15 13 14 1 1 1 1 4 6 9 0 0 
0 0 0 1 1 1 1 1 1 2 1 1 1 2 3 1 1 1 3 2 2 4 4 4 5 5 5 5 6 6 6 7 7 7 7 8 9 9 9 10 10 11 11 12 13 9 9 9 10 11 10 11 12 13 14 9 9 9 11 10 11 10 12 13 14 15 9 9 9 11 11 10 10 12 13 15 14 14 
0 0 0 1 1 1 1 1 1 2 1 1 1 2 3 1 1 1 3 2 2 4 4 4 5 5 5 5 6 6 6 7 7 7 7 8 9 9 9 10 11 11 12 13 14 9 9 9 11 10 12 11 13 14 15 9 9 9 11 12 10 11 13 14 15 16 9 9 9 12 11 11 10 13 14 16 15 15 
0 0 0 1 1 1 1 1 1 2 1 1 1 2 3 1 1 1 3 2 2 4 4 4 5 5 5 5 6 6 6 7 8 8 7 9 6 6 6 8 7 7 8 9 10 11 11 12 13 13 13 13 14 15 15 11 12 11 13 13 13 13 14 15 15 16 12 11 11 13 13 13 13 14 15 15 16 16 
0 0 0 1 1 1 1 1 1 2 1 1 1 2 3 1 1 1 3 2 2 4 4 4 5 5 5 5 6 6 6 7 8 8 7 9 6 6 6 8 7 7 8 9 10 11 12 13 1 1 1 1 4 6 6 12 13 11 1 1 1 1 4 6 6 0 13 11 12 1 1 1 1 4 6 6 0 0 
0 0 0 1 1 1 1 1 1 2 1 1 1 2 3 1 1 1 3 2 2 4 4 4 5 6 6 5 4 4 4 6 5 5 6 7 8 8 8 9 10 10 11 12 13 8 8 8 10 9 11 10 13 12 14 8 8 8 10 11 9 10 13 12 14 15 8 8 8 11 10 10 9 12 13 15 14 14 
0 0 0 1 1 1 1 1 1 2 1 1 1 2 3 1 1 1 3 2 2 4 4 5 1 1 1 1 4 5 4 1 1 1 1 0 5 4 4 1 1 1 1 0 0 6 7 8 9 9 9 9 8 7 6 7 8 6 9 9 9 9 6 8 7 10 8 6 7 9 9 9 9 7 6 8 10 10 
0 0 0 1 1 1 1 1 1 2 1 1 1 2 3 1 1 1 3 2 2 4 4 5 6 6 6 6 4 5 4 6 6 6 6 7 5 4 4 6 6 6 6 7 7 8 8 9 10 10 10 10 11 12 12 8 9 8 10 10 10 10 12 11 12 13 9 8 8 10 10 10 10 12 12 11 13 13 
0 0 0 1 1 1 1 1 1 2 1 1 1 2 3 1 1 1 3 2 2 4 4 5 6 7 7 6 4 4 5 7 6 6 7 8 4 5 4 6 7 7 6 9 10 4 5 4 7 6 6 7 10 9 8 5 4 4 6 7 7 6 9 10 9 10 5 4 4 7 6 6 7 10 9 10 9 8 
0 0 0 1 1 1 1 1 1 2 1 1 1 2 3 1 1 1 3 2 2 4 5 6 1 1 1 1 5 6 4 1 1 1 1 0 6 4 5 1 1 1 1 0 0 7 8 9 10 10 10 10 7 8 9 8 9 7 10 10 10 10 9 7 8 11 9 7 8 10 10 10 10 8 9 7 11 11 
0 0 0 1 1 1 1 1 1 2 3 3 3 4 4 3 3 3 4 4 2 5 5 5 6 6 6 6 5 5 5 6 6 6 6 7 8 8 8 9 9 9 9 10 10 11 12 13 3 3 1 1 5 5 8 12 13 11 3 3 1 1 5 5 8 0 13 11 12 3 3 1 1 5 5 8 0 0 
0 0 0 1 1 1 1 1 1 2 3 3 3 4 4 3 3 3 4 4 5 6 6 6 7 7 8 8 6 6 6 7 7 8 8 9 10 10 10 11 11 12 12 13 13 14 14 14 15 15 16 16 17 17 18 19 19 19 20 20 21 21 22 22 23 24 25 25 25 26 26 27 27 28 28 29 30 31 
0 0 0 1 1 1 1 1 1 2 3 3 3 4 4 3 3 3 4 4 5 6 6 6 7 7 8 8 6 6 6 7 7 8 8 9 10 10 10 11 11 12 12 13 13 14 14 14 15 15 16 16 17 17 18 19 19 19 20 20 21 21 22 23 24 25 19 19 19 20 20 21 21 23 22 24 25 26 
0 0 0 1 1 1 1 1 1 2 3 3 3 4 4 3 3 3 4 4 5 6 6 6 7 7 8 8 6 6 6 7 7 8 8 9 10 10 10 11 11 12 12 13 13 14 14 15 16 16 17 17 18 18 19 14 15 14 16 16 17 17 18 18 19 20 15 14 14 16 16 17 17 18 18 19 20 20 
0 0 0 1 1 1 1 1 1 2 3 3 3 4 4 3 3 3 4 4 5 6 6 6 7 7 8 8 6 6 6 7 7 8 8 9 10 10 10 11 11 12 12 13 14 10 10 10 11 11 12 12 14 13 15 16 16 16 17 17 18 18 19 20 21 22 16 16 16 17 17 18 18 20 19 22 21 23 
0 0 0 1 1 1 1 1 1 2 3 3 3 4 4 3 3 3 4 4 5 6 6 6 7 7 8 8 6 6 6 7 7 8 8 9 10 10 10 11 11 12 12 13 14 10 10 10 11 11 12 12 14 13 15 16 16 16 17 17 18 19 20 20 21 21 16 16 16 17 17 19 18 20 20 21 21 22 
0 0 0 1 1 1 1 1 1 2 3 3 3 4 4 3 3 3 4 4 5 6 6 6 7 7 8 8 9 9 9 7 7 8 8 10 11 11 11 12 12 13 13 14 14 15 15 16 1 1 3 3 9 6 11 15 16 15 1 1 3 3 9 6 11 0 16 15 15 1 1 3 3 9 6 11 0 0 
0 0 0 1 1 1 1 1 1 2 3 3 3 4 4 3 3 3 4 4 5 6 6 6 7 7 8 8 9 9 9 10 10 11 11 12 13 13 13 14 14 15 15 16 17 18 18 19 1 1 3 3 6 9 13 18 19 18 1 1 3 3 6 9 13 0 19 18 18 1 1 3 3 6 9 13 0 0 
0 0 0 1 1 1 1 1 1 2 3 3 3 4 4 3 3 3 4 4 5 6 6 6 7 7 8 8 9 9 9 10 10 11 12 13 9 9 9 10 10 12 11 13 14 15 15 16 1 1 3 3 6 9 9 15 16 15 1 1 3 3 6 9 9 0 16 15 15 1 1 3 3 6 9 9 0 0 
0 0 0 1 1 1 1 1 1 2 3 3 3 4 4 3 3 3 4 4 5 6 6 7 1 1 3 3 6 7 6 1 1 3 3 0 7 6 6 1 1 3 3 0 0 8 8 9 10 10 11 11 9 8 8 8 9 8 10 10 11 11 8 9 8 12 9 8 8 10 10 11 11 8 8 9 12 12 
0 0 0 1 1 1 2 2 3 1 2 2 3 1 4 2 3 2 1 0 5 2 3 2 1 5 0 4 3 2 2 1 0 5 0 5 3 2 2 1 5 0 5 0 4 4 5 5 1 2 2 2 2 3 3 5 4 5 1 2 2 3 3 2 2 0 5 5 4 1 3 3 2 2 2 2 0 0 
0 0 0 1 1 1 1 1 1 2 1 1 1 3 4 1 1 1 4 3 2 1 1 1 5 6 7 8 1 1 1 6 5 8 7 2 1 1 1 7 8 5 6 3 4 1 1 1 8 7 6 5 4 3 2 9 9 9 10 10 10 10 10 10 10 10 11 11 11 12 12 12 12 12 12 12 12 13 
0 0 0 1 1 1 1 1 1 2 1 1 1 3 4 1 1 1 4 3 2 1 1 1 5 6 7 8 1 1 1 6 5 8 7 2 1 1 1 7 8 5 6 3 4 1 1 1 8 7 6 5 4 3 2 9 9 9 10 10 10 10 11 11 11 11 9 9 9 11 11 11 11 10 10 10 10 12 
0 0 0 1 1 1 1 1 1 2 1 1 1 3 4 1 1 1 4 3 2 5 5 5 6 6 6 6 5 5 5 6 6 6 6 7 8 8 8 9 9 9 9 10 10 11 11 11 12 12 12 12 13 13 14 15 15 15 16 16 16 16 17 17 18 19 20 20 20 21 21 21 21 22 22 23 24 25 
0 0 0 1 1 1 1 1 1 2 1 1 1 3 4 1 1 1 4 3 2 5 5 5 6 6 6 6 5 5 5 6 6 6 6 7 8 8 8 9 9 9 9 10 10 11 11 11 12 12 12 12 13 13 14 15 15 15 16 16 16 16 17 18 19 20 15 15 15 16 16 16 16 18 17 19 20 21 
0 0 0 1 1 1 1 1 1 2 1 1 1 3 4 1 1 1 4 3 2 5 5 5 6 6 6 6 5 5 5 6 6 6 6 7 8 8 8 9 9 9 9 10 10 11 11 11 12 12 12 12 13 13 14 15 15 15 16 16 17 17 18 18 19 20 15 15 15 17 17 16 16 18 18 19 20 21 
0 0 0 1 1 1 1 1 1 2 1 1 1 3 4 1 1 1 4 3 2 5 5 5 6 6 6 6 5 5 5 6 6 6 6 7 8 8 8 9 9 9 9 10 10 11 11 12 13 13 13 13 14 14 15 11 12 11 13 13 13 13 14 14 15 16 12 11 11 13 13 13 13 14 14 15 16 16 
0 0 0 1 1 1 1 1 1 2 1 1 1 3 4 1 1 1 4 3 2 5 5 5 6 6 6 6 5 5 5 6 6 6 6 7 8 8 8 9 9 9 9 10 10 11 12 13 1 1 1 1 5 5 8 12 13 11 1 1 1 1 5 5 8 0 13 11 12 1 1 1 1 5 5 8 0 0 
0 0 0 1 1 1 1 1 1 2 1 1 1 3 4 1 1 1 4 3 2 5 5 5 6 6 6 6 5 5 5 6 6 6 6 7 8 8 8 9 9 9 9 10 11 8 8 8 9 9 9 9 11 10 12 13 13 13 14 14 14 14 15 16 17 18 13 13 13 14 14 14 14 16 15 18 17 19 
0 0 0 1 1 1 1 1 1 2 1 1 1 3 4 1 1 1 4 3 2 5 5 5 6 6 6 6 5 5 5 6 6 6 6 7 8 8 8 9 9 9 9 10 11 8 8 8 9 9 9 9 11 10 12 13 13 13 14 14 15 15 16 16 17 17 13 13 13 15 15 14 14 16 16 17 17 18 
0 0 0 1 1 1 1 1 1 2 1 1 1 3 4 1 1 1 4 3 2 5 5 5 6 6 6 6 5 5 5 6 6 6 6 7 8 8 8 9 9 10 10 11 11 8 8 8 10 10 9 9 11 11 12 13 13 13 14 14 15 15 16 16 17 18 13 13 13 15 15 14 14 16 16 18 17 19 
0 0 0 1 1 1 1 1 1 2 1 1 1 3 4 1 1 1 4 3 2 5 5 5 6 6 6 6 5 5 5 6 6 6 6 7 8 8 8 9 9 10 10 11 11 8 8 8 10 10 9 9 11 11 12 13 13 13 14 15 14 15 16 16 17 17 13 13 13 15 14 15 14 16 16 17 17 18 
0 0 0 1 1 1 1 1 1 2 1 1 1 3 4 1 1 1 4 3 2 5 5 5 6 6 6 6 5 5 5 6 6 6 6 7 8 8 8 9 9 10 10 11 12 8 8 8 9 9 10 10 12 11 13 8 8 8 10 10 9 9 11 12 14 15 8 8 8 10 10 9 9 12 11 15 14 13 
0 0 0 1 1 1 1 1 1 2 1 1 1 3 4 1 1 1 4 3 2 5 5 5 6 6 6 6 5 5 5 6 6 6 6 7 8 8 8 9 10 11 12 13 13 8 8 8 10 9 12 11 13 13 14 8 8 8 11 12 9 10 13 13 15 16 8 8 8 12 11 10 9 13 13 16 15 14 
0 0 0 1 1 1 1 1 1 2 1 1 1 3 4 1 1 1 4 3 2 5 5 5 6 6 6 6 7 7 7 6 6 6 6 8 9 9 9 10 10 10 10 11 11 12 12 13 1 1 1 1 7 5 9 12 13 12 1 1 1 1 7 5 9 0 13 12 12 1 1 1 1 7 5 9 0 0 
0 0 0 1 1 1 1 1 1 2 1 1 1 3 4 1 1 1 4 3 2 5 5 5 6 6 6 6 7 7 7 8 8 8 8 9 10 10 10 11 11 11 11 12 13 14 14 15 1 1 1 1 5 7 10 14 15 14 1 1 1 1 5 7 10 0 15 14 14 1 1 1 1 5 7 10 0 0 
0 0 0 1 1 1 1 1 1 2 1 1 1 3 4 1 1 1 4 3 2 5 5 5 6 6 6 6 7 7 7 8 8 8 8 9 10 10 10 11 11 12 12 13 14 10 10 10 11 11 12 12 13 14 15 10 10 10 12 12 11 11 13 14 16 17 10 10 10 12 12 11 11 13 14 17 16 15 
0 0 0 1 1 1 1 1 1 2 1 1 1 3 4 1 1 1 4 3 2 5 5 5 6 6 6 6 7 7 7 8 8 9 9 10 7 7 7 9 9 8 8 10 11 12 12 13 1 1 1 1 5 7 7 12 13 12 1 1 1 1 5 7 7 0 13 12 12 1 1 1 1 5 7 7 0 0 
0 0 0 1 1 1 1 1 1 2 1 1 1 3 4 1 1 1 4 3 2 5 5 5 6 6 7 7 5 5 5 6 6 7 7 8 5 5 5 7 7 6 6 9 10 5 5 5 7 7 6 6 10 9 8 11 11 11 12 12 13 13 14 14 15 15 11 11 11 13 13 12 12 15 15 14 14 16 
0 0 0 1 1 1 1 1 1 2 1 1 1 3 4 1 1 1 4 3 2 5 5 6 1 1 1 1 5 6 5 1 1 1 1 0 6 5 5 1 1 1 1 0 0 7 7 8 9 9 9 9 8 7 7 7 8 7 9 9 9 9 7 8 7 10 8 7 7 9 9 9 9 7 7 8 10 10 
0 0 0 1 1 1 1 1 1 2 3 3 3 4 4 3 3 3 4 4 5 6 6 6 4 4 7 8 6 6 6 4 4 8 7 5 9 9 9 10 10 11 11 11 11 12 12 13 1 1 6 6 3 3 9 12 13 12 1 1 6 6 3 3 9 0 13 12 12 1 1 6 6 3 3 9 0 0 
0 0 0 1 1 1 1 1 1 2 3 3 3 4 4 3 3 3 4 4 5 6 6 6 7 7 8 8 6 6 6 7 7 8 8 9 10 10 10 11 11 12 12 13 13 14 15 16 1 1 3 3 6 6 10 15 16 14 1 1 3 3 6 6 10 0 16 14 15 1 1 3 3 6 6 10 0 0 
--- order 52 (x1) ---
0 0 1 0 1 2 0 2 1 1 1 0 0 1 2 1 0 2 0 1 2 1 1 0 2 0 2 0 1 2 1 0 0 0 2 2 2 0 1 2 2 1 1 0 2 2 1 2 0 2 0 1 2 1 0 2 2 0 2 1 1 2 1 0 0 1 2 2 2 1 0 2 0 1 1 1 0 0 
--- order 56 (x4) ---
0 0 1 0 1 2 0 2 1 3 0 2 3 1 3 0 3 2 3 1 2 0 3 3 2 2 1 1 4 0 0 0 0 0 0 0 5 0 0 0 0 0 0 0 6 6 0 0 0 0 0 0 0 5 4 7 8 8 8 8 8 8 8 7 7 7 9 10 10 10 10 10 10 10 9 9 9 11 
0 0 1 0 1 2 0 2 1 3 0 2 3 1 3 0 3 2 3 1 2 0 3 3 2 2 1 1 4 0 0 0 0 0 0 0 5 0 0 0 0 0 0 0 6 6 0 0 0 0 0 0 0 5 4 7 8 8 8 8 8 8 8 7 9 9 9 8 8 8 8 8 8 8 9 7 7 10 
0 0 1 0 1 2 0 2 1 3 0 2 3 1 3 0 3 2 3 1 2 0 3 3 2 2 1 1 4 0 0 0 0 0 0 0 5 6 6 6 6 6 6 6 5 5 6 6 6 6 6 6 6 5 7 8 9 9 9 9 9 9 9 8 10 10 11 12 12 12 12 12 12 12 11 13 13 14 
0 0 1 0 1 2 0 2 1 3 0 2 3 1 3 0 3 2 3 1 2 0 3 3 2 2 1 1 4 0 0 0 0 0 0 0 5 6 6 6 6 6 6 6 5 5 6 6 6 6 6 6 6 5 7 8 9 9 9 9 9 9 9 8 10 11 8 9 9 9 9 9 9 9 8 11 10 12 
--- order 60 (x7) ---
0 0 0 1 1 1 1 1 1 2 1 1 1 2 3 1 1 1 3 2 3 1 1 1 3 3 2 2 4 4 4 5 5 5 5 5 4 4 4 5 5 5 5 5 6 7 8 9 10 10 10 10 10 11 11 8 9 7 10 10 10 10 10 11 11 12 9 7 8 10 10 10 10 10 11 11 12 12 
0 0 0 1 1 1 1 1 1 2 1 1 1 2 3 1 1 1 3 2 3 1 1 1 3 3 2 2 4 4 4 5 5 5 5 5 6 6 6 7 7 7 7 7 8 9 9 9 10 10 10 10 10 11 12 13 13 13 14 14 14 14 14 15 16 17 18 18 18 19 19 19 19 19 20 21 22 23 
0 0 0 1 1 1 1 1 1 2 1 1 1 2 3 1 1 1 3 2 3 1 1 1 3 3 2 2 1 1 1 4 5 6 7 8 1 1 1 5 7 4 8 6 2 1 1 1 6 4 8 5 7 2 3 1 1 1 7 8 5 6 4 3 2 3 1 1 1 8 6 7 4 5 3 3 2 2 
0 0 0 1 1 1 1 1 1 2 1 1 1 2 3 1 1 1 3 2 3 1 1 1 3 3 2 2 4 4 4 5 5 5 5 5 6 6 6 5 5 5 5 5 7 8 9 10 1 1 1 1 1 6 4 9 10 8 1 1 1 1 1 6 4 0 10 8 9 1 1 1 1 1 6 4 0 0 
0 0 0 1 1 1 1 1 1 2 1 1 1 2 3 1 1 1 3 2 3 1 1 1 3 3 2 2 4 4 4 5 5 5 5 5 6 6 6 7 7 7 7 7 8 9 9 10 11 11 11 11 11 12 13 9 10 9 11 11 11 11 11 12 13 14 10 9 9 11 11 11 11 11 12 13 14 14 
0 0 0 1 1 1 1 1 1 2 1 1 1 2 3 1 1 1 3 2 3 1 1 1 3 3 2 2 4 4 4 5 5 5 5 5 6 6 6 7 7 7 7 7 8 9 10 11 1 1 1 1 1 4 6 10 11 9 1 1 1 1 1 4 6 0 11 9 10 1 1 1 1 1 4 6 0 0 
0 0 0 1 1 1 1 1 1 2 1 1 1 2 3 1 1 1 3 2 3 1 1 1 3 3 2 2 4 4 4 5 5 6 6 7 4 4 4 5 6 5 7 6 8 4 4 4 6 5 7 5 6 8 9 4 4 4 6 7 5 6 5 9 8 9 4 4 4 7 6 6 5 5 9 9 8 8 
--- order 64 (x44) ---
0 0 1 0 1 2 0 1 2 3 0 1 3 2 2 0 2 1 1 1 1 0 2 1 1 1 1 3 0 3 1 1 1 1 2 2 4 5 6 7 7 6 8 8 5 4 6 8 5 5 8 7 7 6 9 4 7 5 8 8 5 6 6 7 9 10 4 8 7 6 6 7 5 5 8 10 9 9 
0 0 1 0 1 2 0 1 3 4 0 1 4 3 2 0 2 1 1 1 1 0 3 1 1 1 1 4 0 4 1 1 1 1 3 2 5 0 0 0 0 0 0 0 0 6 7 7 7 7 7 7 7 7 6 8 9 9 9 9 9 9 9 9 8 10 11 12 12 12 12 12 12 12 12 11 13 14 
0 0 1 0 1 2 0 1 3 4 0 1 4 3 2 0 2 1 1 1 1 0 3 1 1 1 1 4 0 4 1 1 1 1 3 2 5 0 0 0 0 0 0 0 0 6 7 7 7 7 7 7 7 7 6 8 9 9 9 9 9 9 9 9 10 11 10 9 9 9 9 9 9 9 9 8 11 12 
0 0 1 0 1 2 0 1 3 4 0 1 4 3 2 0 2 1 1 1 1 0 3 1 1 1 1 4 0 4 1 1 1 1 3 2 5 0 0 0 0 0 0 0 0 6 7 7 7 7 7 7 7 7 6 8 9 10 10 10 10 9 9 9 8 11 8 10 9 9 9 9 10 10 10 8 11 12 
0 0 1 0 1 2 0 1 3 4 0 1 4 3 2 0 2 1 1 1 1 0 3 1 1 1 1 4 0 4 1 1 1 1 3 2 5 6 7 7 7 7 6 6 6 5 6 7 7 7 7 6 6 6 8 5 7 6 6 6 6 7 7 7 9 10 5 7 6 6 6 6 7 7 7 10 9 8 
0 0 1 0 1 2 0 2 1 1 0 3 3 4 4 0 3 4 3 4 1 0 4 3 4 3 1 2 0 4 4 3 3 2 1 1 5 0 0 0 0 0 0 0 0 6 7 7 7 7 7 7 7 7 6 6 7 7 7 7 7 7 7 7 6 8 9 10 10 10 10 10 10 10 10 9 11 11 
0 0 1 0 1 2 0 2 1 1 0 3 3 4 4 0 3 4 3 4 1 0 4 3 4 3 1 2 0 4 4 3 3 2 1 1 5 6 6 6 6 7 7 7 7 5 6 6 6 6 7 7 7 7 8 5 7 7 7 7 6 6 6 6 9 9 5 7 7 7 7 6 6 6 6 9 9 8 
0 0 1 0 1 2 0 2 1 1 0 3 4 4 3 0 3 4 4 3 2 0 4 3 3 4 1 1 0 4 3 3 4 1 1 2 5 6 6 6 6 6 6 6 6 7 8 8 8 8 8 8 8 8 9 10 11 11 11 11 11 11 11 11 12 13 14 15 15 15 15 15 15 15 15 16 17 18 
0 0 1 0 1 2 0 2 1 1 0 3 4 4 3 0 3 4 4 3 2 0 4 3 3 4 1 1 0 4 3 3 4 1 1 2 5 6 6 6 6 6 6 6 6 7 8 8 8 8 8 8 8 8 9 10 11 11 11 11 12 12 12 12 13 14 10 12 12 12 12 11 11 11 11 13 14 15 
0 0 1 0 1 2 0 2 1 1 0 3 4 4 3 0 3 4 4 3 2 0 4 3 3 4 1 1 0 4 3 3 4 1 1 2 5 6 6 6 6 7 7 7 7 5 7 7 7 7 6 6 6 6 8 9 10 10 10 10 11 11 11 11 12 13 9 11 11 11 11 10 10 10 10 13 12 14 
0 0 1 0 1 2 0 2 1 1 0 3 4 4 3 0 3 4 4 3 2 0 4 3 3 4 1 1 0 4 3 3 4 1 1 2 5 6 6 6 6 7 7 7 7 5 7 7 7 7 6 6 6 6 8 9 10 11 11 10 10 10 11 11 12 12 9 11 10 10 11 11 11 10 10 12 12 13 
0 0 1 0 1 2 0 2 1 1 0 3 4 4 3 0 3 4 4 3 2 0 4 3 3 4 1 1 0 4 3 3 4 1 1 2 5 6 7 7 6 8 8 9 9 5 7 6 6 7 9 9 8 8 10 5 8 9 9 8 6 6 7 7 11 12 5 9 8 8 9 7 7 6 6 12 11 10 
0 0 1 0 1 2 0 2 1 1 0 3 4 4 5 0 4 3 5 4 1 0 4 5 3 4 1 2 0 5 4 4 3 2 1 1 6 7 7 7 7 8 8 8 8 6 7 7 7 7 8 8 8 8 9 6 8 8 8 8 7 7 7 7 10 10 6 8 8 8 8 7 7 7 7 10 10 9 
0 0 1 0 1 2 0 2 1 1 0 3 4 4 5 0 4 3 5 4 1 0 4 5 3 4 1 2 0 5 4 4 3 2 1 1 6 7 8 8 7 7 8 8 7 6 7 8 8 7 7 8 8 7 9 6 8 7 7 8 8 7 7 8 10 10 6 8 7 7 8 8 7 7 8 10 10 9 
0 0 1 0 1 2 0 2 1 1 3 0 0 0 0 3 0 0 0 0 4 4 0 0 0 0 3 3 5 6 6 6 6 5 5 5 7 8 8 8 8 7 7 7 9 10 11 11 11 11 10 10 10 12 13 14 15 15 15 15 14 14 14 16 17 18 19 20 20 20 20 19 19 19 21 22 23 24 
0 0 1 0 1 2 0 2 1 1 3 0 0 0 0 3 0 0 0 0 4 4 0 0 0 0 3 3 5 6 6 6 6 5 5 5 7 8 8 8 8 7 7 7 9 10 11 11 11 11 10 10 10 12 13 14 15 15 15 15 16 16 14 17 18 19 16 15 15 15 15 14 14 16 17 18 19 20 
0 0 1 0 1 2 0 2 1 1 3 0 0 0 0 3 0 0 0 0 4 4 0 0 0 0 3 3 5 6 6 6 6 5 5 5 7 8 8 8 8 7 9 9 10 7 8 8 8 8 9 7 9 10 11 9 8 8 8 8 7 9 7 10 11 12 9 8 8 8 8 9 7 7 10 12 11 11 
0 0 1 0 1 2 0 2 1 1 3 0 0 0 0 3 0 0 0 0 4 4 0 0 0 0 3 3 5 6 6 6 6 5 5 5 7 8 8 8 8 9 9 7 10 9 8 8 8 8 7 7 9 10 11 12 13 13 13 13 14 14 12 15 16 17 14 13 13 13 13 12 12 14 15 17 16 18 
0 0 1 0 1 2 0 2 1 1 3 0 0 0 0 3 0 0 0 0 4 4 0 0 0 0 3 3 5 6 6 6 6 5 5 5 7 8 8 8 8 9 9 7 10 9 8 8 8 8 7 7 9 10 11 12 13 14 14 13 12 12 12 15 16 16 12 14 13 13 14 12 12 12 15 16 16 17 
0 0 1 0 1 2 0 2 1 1 3 0 0 0 0 3 0 0 0 0 4 4 0 0 0 0 3 3 5 6 6 6 6 5 5 5 7 8 8 8 8 9 9 10 11 9 8 8 8 8 7 10 9 11 12 9 8 8 8 8 10 7 9 11 12 13 10 8 8 8 8 9 9 7 11 13 12 12 
0 0 1 0 1 2 0 2 1 1 3 0 0 0 0 3 0 0 0 0 4 4 0 0 0 0 3 3 5 6 6 6 6 5 5 5 7 8 9 9 8 10 10 7 11 7 9 8 8 9 10 10 7 11 12 10 8 9 9 8 7 7 10 11 13 14 10 9 8 8 9 7 7 10 11 14 13 12 
0 0 1 0 1 2 0 2 1 1 3 0 0 0 0 4 5 5 5 5 4 6 7 7 7 7 6 8 9 10 10 10 10 9 11 12 13 14 15 15 14 13 16 17 18 13 14 15 15 14 13 16 17 18 19 13 15 14 14 15 13 16 17 18 20 20 13 15 14 14 15 13 16 17 18 20 20 19 
0 0 1 0 1 2 0 2 1 1 3 0 0 0 0 4 5 5 5 5 4 6 7 7 7 7 8 9 8 7 7 7 7 6 9 10 11 12 13 13 12 11 14 15 15 11 12 13 13 12 11 14 15 15 16 11 13 12 12 13 11 14 15 15 17 17 11 13 12 12 13 11 14 15 15 17 17 16 
0 0 1 0 1 2 0 2 1 1 3 0 0 0 0 4 5 5 5 5 4 6 7 8 8 7 6 9 6 7 8 8 7 6 9 10 6 8 7 7 8 6 9 11 11 6 8 7 7 8 6 9 11 11 10 12 13 14 14 13 12 15 16 16 17 17 12 14 13 13 14 12 15 17 17 16 16 18 
0 0 1 0 1 2 0 2 1 1 3 4 5 5 4 3 4 5 5 4 6 3 5 4 4 5 7 7 3 5 4 4 5 7 7 6 8 9 10 10 9 11 11 12 12 8 9 10 10 9 11 11 12 12 13 8 10 9 9 10 12 12 11 11 14 15 8 10 9 9 10 12 12 11 11 15 14 13 
0 0 1 0 1 2 0 2 1 1 0 3 3 4 4 0 3 4 3 4 1 0 4 3 4 3 1 2 0 4 4 3 3 2 1 1 5 0 0 0 0 0 0 0 0 6 0 0 0 0 0 0 0 0 7 7 0 0 0 0 0 0 0 0 6 5 8 9 9 9 9 9 9 9 9 8 8 8 
0 0 1 0 1 2 0 2 1 1 0 3 4 4 5 0 4 3 5 4 1 0 4 5 3 4 1 2 0 5 4 4 3 2 1 1 6 0 0 0 0 0 0 0 0 7 8 8 8 8 8 8 8 8 7 7 8 8 8 8 8 8 8 8 7 9 10 11 11 11 11 11 11 11 11 10 12 12 
0 0 1 0 1 2 0 2 1 1 0 3 4 5 6 0 4 6 3 5 1 0 5 3 6 4 1 2 0 6 5 4 3 2 1 1 7 0 0 0 0 0 0 0 0 7 0 0 0 0 0 0 0 0 8 8 0 0 0 0 0 0 0 0 7 7 9 10 10 10 10 10 10 10 10 9 9 9 
0 0 1 0 1 2 0 2 1 1 3 0 0 0 0 4 0 0 0 0 5 5 0 0 0 0 4 3 6 7 7 7 7 6 6 6 6 7 7 7 7 6 6 6 8 9 10 10 10 10 9 9 9 11 11 12 13 13 13 13 12 12 12 14 14 15 16 17 17 17 17 16 16 16 18 18 19 20 
0 0 1 0 1 2 0 2 1 1 3 0 0 0 0 4 0 0 0 0 5 5 0 0 0 0 4 3 6 7 7 7 7 6 6 6 6 7 7 7 7 6 6 6 8 9 10 10 10 10 9 9 9 11 11 12 13 13 13 13 12 12 12 14 15 16 12 13 13 13 13 12 12 12 15 14 16 17 
0 0 1 0 1 2 0 2 1 1 3 0 0 0 0 4 0 0 0 0 5 5 0 0 0 0 4 3 6 7 7 7 7 6 6 6 6 7 7 7 7 6 6 6 8 9 10 10 10 10 9 9 9 11 11 12 13 13 13 13 12 14 14 15 15 16 14 13 13 13 13 14 12 12 15 15 16 17 
0 0 1 0 1 2 0 2 1 1 3 0 0 0 0 4 0 0 0 0 5 5 0 0 0 0 4 3 6 7 7 7 7 6 6 6 6 7 7 7 7 6 6 6 8 9 10 10 10 10 9 9 9 11 11 12 13 14 14 13 12 12 12 15 15 16 12 14 13 13 14 12 12 12 15 15 16 17 
0 0 1 0 1 2 0 2 1 1 3 0 0 0 0 4 0 0 0 0 5 5 0 0 0 0 4 3 6 7 7 7 7 6 6 6 8 9 9 9 9 8 10 10 11 8 9 9 9 9 8 10 10 11 12 10 9 9 9 9 10 8 8 11 13 14 10 9 9 9 9 10 8 8 11 14 13 12 
0 0 1 0 1 2 0 2 1 1 3 0 0 0 0 4 5 5 5 5 4 4 5 5 5 5 4 6 7 8 8 8 8 7 9 9 7 8 8 8 8 7 9 9 10 11 12 12 12 12 11 13 13 14 14 15 16 16 16 16 15 17 17 18 18 19 20 21 21 21 21 20 22 22 23 23 24 25 
0 0 1 0 1 2 0 2 1 1 3 0 0 0 0 4 5 5 5 5 4 4 5 5 5 5 4 6 7 8 8 8 8 7 9 9 7 8 8 8 8 7 9 9 10 11 12 12 12 12 11 13 13 14 14 15 16 16 16 16 15 17 17 18 19 20 15 16 16 16 16 15 17 17 19 18 20 21 
0 0 1 0 1 2 0 2 1 1 3 0 0 0 0 4 5 5 5 5 4 4 5 5 5 5 4 6 7 8 8 8 8 7 9 9 7 8 8 8 8 7 9 9 10 11 12 12 12 12 11 13 13 14 14 15 16 17 17 16 15 18 18 19 19 20 15 17 16 16 17 15 18 18 19 19 20 21 
0 0 1 0 1 2 0 2 1 1 3 0 0 0 0 4 5 5 5 5 4 4 5 5 5 5 4 6 7 8 8 8 8 7 9 9 10 11 12 12 11 10 13 13 14 10 11 12 12 11 10 13 13 14 15 10 12 11 11 12 10 13 13 14 16 17 10 12 11 11 12 10 13 13 14 17 16 15 
0 0 1 0 2 3 0 3 2 1 4 0 0 0 0 5 6 6 6 6 5 5 6 6 6 6 5 7 8 9 9 9 9 8 10 10 8 9 9 9 9 8 10 10 11 12 13 13 13 13 12 14 14 15 15 12 13 13 13 13 12 14 14 15 15 16 17 18 18 18 18 17 19 19 20 20 21 21 
0 0 1 2 0 0 3 4 4 3 3 4 4 3 5 6 7 7 6 8 8 6 7 7 6 8 8 9 10 11 11 10 12 12 13 13 10 11 11 10 12 12 13 13 14 15 16 16 15 17 17 18 18 19 19 15 16 16 15 17 17 18 18 19 19 20 21 22 22 21 23 23 24 24 25 25 26 26 
0 0 1 0 1 2 0 2 1 1 0 3 4 4 5 0 4 3 5 4 1 0 4 5 3 4 1 2 0 5 4 4 3 2 1 1 6 0 0 0 0 0 0 0 0 7 0 0 0 0 0 0 0 0 8 8 0 0 0 0 0 0 0 0 7 6 9 10 10 10 10 10 10 10 10 9 9 9 
0 0 1 0 1 2 0 2 1 1 3 0 0 0 0 4 0 0 0 0 5 5 0 0 0 0 4 3 6 0 0 0 0 7 8 9 7 0 0 0 0 6 9 8 3 8 0 0 0 0 9 6 7 4 5 9 0 0 0 0 8 7 6 5 4 3 10 11 11 11 11 10 10 10 10 10 10 10 
0 0 1 0 1 2 0 2 1 1 3 0 0 0 0 4 0 0 0 0 5 5 0 0 0 0 4 3 6 7 7 7 7 6 6 6 8 9 10 10 9 8 8 8 11 8 9 10 10 9 8 8 8 11 12 8 10 9 9 10 8 8 8 11 13 14 8 10 9 9 10 8 8 8 11 14 13 12 
0 0 1 0 2 3 0 3 2 1 4 0 0 0 0 5 0 0 0 0 6 6 0 0 0 0 5 4 7 8 8 8 8 7 7 7 7 8 8 8 8 7 7 7 9 7 8 8 8 8 7 7 7 10 11 7 8 8 8 8 7 7 7 11 10 9 12 13 13 13 13 12 12 12 14 14 14 14 
0 0 1 0 2 3 0 3 2 1 4 0 0 0 0 5 0 0 0 0 6 6 0 0 0 0 5 4 7 8 8 8 8 7 7 7 7 8 8 8 8 7 7 7 9 10 11 11 11 11 10 10 10 12 12 10 11 11 11 11 10 10 10 12 12 13 14 15 15 15 15 14 14 14 16 16 17 17 
--- order 72 (x33) ---
0 0 0 0 0 0 1 1 1 1 1 1 1 1 2 1 1 1 1 2 2 3 3 3 3 4 4 4 5 5 5 5 6 6 6 7 8 8 8 8 9 9 9 10 11 12 12 12 12 13 14 15 16 17 18 12 12 12 12 14 15 13 16 17 18 19 12 12 12 12 15 13 14 16 17 18 19 19 
0 0 0 0 0 0 1 1 1 1 1 1 1 1 2 1 1 1 1 2 2 3 3 3 3 4 5 6 3 3 3 3 5 6 4 7 3 3 3 3 6 4 5 7 7 8 8 8 8 9 10 11 12 13 14 8 8 8 8 10 11 9 14 12 13 15 8 8 8 8 11 9 10 13 14 12 15 15 
0 0 0 0 1 1 0 1 1 0 1 0 1 0 1 1 0 1 1 0 0 1 1 0 0 1 0 1 1 1 0 1 0 1 0 0 2 2 2 2 2 2 2 2 2 3 3 3 3 3 3 3 3 3 4 5 5 5 5 5 5 5 5 5 6 7 8 8 8 8 8 8 8 8 8 9 10 11 
0 0 0 0 1 2 0 2 1 0 1 0 2 2 0 1 2 0 0 2 1 2 0 1 0 1 0 0 2 1 0 1 0 0 0 2 3 3 3 3 3 3 3 3 3 3 3 3 3 3 3 3 3 3 4 5 5 5 5 5 5 5 5 5 6 6 7 7 7 7 7 7 7 7 7 8 8 9 
0 0 0 0 1 2 0 2 1 0 1 0 2 2 0 1 2 0 0 2 1 2 0 1 0 1 0 0 2 1 0 1 0 0 0 2 3 3 3 3 3 3 3 3 3 3 3 3 3 3 3 3 3 3 4 5 5 5 5 5 5 5 5 5 6 7 5 5 5 5 5 5 5 5 5 7 6 8 
0 0 0 1 1 1 1 1 1 0 1 1 1 0 0 1 1 1 2 3 4 1 1 1 3 4 2 0 1 1 1 4 2 3 0 0 2 3 4 1 1 1 1 1 1 3 4 2 1 1 1 1 1 1 0 4 2 3 1 1 1 1 1 1 0 0 5 5 5 5 5 5 5 5 5 5 5 5 
0 0 0 1 1 1 1 1 1 0 1 1 1 0 0 2 2 2 2 2 2 3 3 3 3 3 3 4 5 5 5 5 5 5 6 7 8 8 8 8 8 8 9 10 11 12 12 12 12 12 12 13 14 15 16 17 17 17 17 17 17 18 19 20 21 22 23 23 23 23 23 23 24 25 26 27 28 29 
0 0 0 1 1 1 1 1 1 0 1 1 1 0 0 2 2 2 2 2 2 3 3 3 3 3 3 4 5 5 5 5 5 5 6 7 8 8 8 8 8 8 9 10 11 12 12 12 12 12 12 13 14 15 16 17 17 17 18 18 18 19 20 21 22 23 18 18 18 17 17 17 19 20 21 22 23 24 
0 0 0 1 1 1 1 1 1 0 1 1 1 0 0 2 2 2 2 2 2 3 3 3 3 3 3 4 5 5 5 5 5 5 6 7 8 8 8 9 9 9 10 11 12 9 9 9 8 8 8 10 11 12 13 14 14 14 15 15 15 16 17 18 19 20 15 15 15 14 14 14 16 17 18 20 19 21 
0 0 0 1 1 1 1 1 1 0 1 1 1 0 0 2 2 2 2 2 2 3 3 3 4 4 4 5 4 4 4 3 3 3 5 6 7 7 7 8 8 8 9 10 11 8 8 8 7 7 7 9 11 10 12 13 13 13 14 14 14 15 16 17 18 19 14 14 14 13 13 13 15 17 16 19 18 20 
0 0 0 1 1 1 1 1 1 0 1 1 1 0 0 2 2 2 2 2 2 3 3 3 4 4 5 6 3 3 3 4 5 4 6 7 3 3 3 5 4 4 6 7 7 4 4 5 3 3 3 6 8 8 8 4 5 4 3 3 3 6 8 8 8 7 5 4 4 3 3 3 6 8 8 8 7 7 
0 0 0 1 1 1 1 1 1 2 1 1 1 2 2 1 1 1 3 3 4 1 1 1 3 4 3 2 1 1 1 4 3 3 2 2 5 5 5 6 6 6 6 6 6 7 7 7 8 8 8 8 8 8 9 10 10 10 11 11 11 11 11 11 12 13 14 14 14 15 15 15 15 15 15 16 17 18 
0 0 0 1 1 1 1 1 1 2 1 1 1 2 2 1 1 1 3 3 4 1 1 1 3 4 3 2 1 1 1 4 3 3 2 2 5 5 5 6 6 6 6 6 6 7 7 7 8 8 8 8 8 8 9 10 10 10 11 11 11 12 12 12 13 14 10 10 10 12 12 12 11 11 11 13 14 15 
0 0 0 1 1 1 1 1 1 2 1 1 1 2 2 1 1 1 3 3 4 1 1 1 3 4 3 2 1 1 1 4 3 3 2 2 5 5 5 6 6 6 6 6 6 7 7 7 8 8 9 9 8 8 10 7 7 7 8 9 8 8 9 8 10 11 7 7 7 9 8 8 8 8 9 10 11 11 
0 0 0 1 1 1 1 1 1 2 1 1 1 2 2 1 1 1 3 3 4 1 1 1 3 4 3 2 1 1 1 4 3 3 2 2 5 5 5 6 6 6 6 6 6 7 7 8 9 9 9 9 9 9 10 7 8 7 9 9 9 9 9 9 10 11 8 7 7 9 9 9 9 9 9 10 11 11 
0 0 0 1 1 1 1 1 1 2 1 1 1 2 2 1 1 1 3 3 4 1 1 1 3 4 3 2 1 1 1 4 3 3 2 2 5 5 5 6 6 6 6 6 6 7 8 9 1 1 1 1 1 1 5 8 9 7 1 1 1 1 1 1 5 0 9 7 8 1 1 1 1 1 1 5 0 0 
0 0 0 1 1 1 1 1 1 2 1 1 1 2 2 1 1 1 3 3 4 1 1 1 3 4 3 2 1 1 1 4 3 3 2 2 5 5 5 6 6 6 7 7 7 5 5 5 7 7 7 6 6 6 8 9 9 9 10 10 10 11 11 11 12 13 9 9 9 11 11 11 10 10 10 13 12 14 
0 0 0 1 1 1 1 1 1 2 1 1 1 2 2 1 1 1 3 4 5 1 1 1 4 5 3 2 1 1 1 5 3 4 2 2 6 6 6 7 7 7 7 7 7 6 6 6 7 7 7 7 7 7 8 9 9 9 10 10 10 10 10 10 11 11 12 12 12 13 13 13 13 13 13 14 14 15 
0 0 0 1 1 1 1 1 1 2 1 1 1 2 2 1 1 1 3 4 5 1 1 1 4 5 3 2 1 1 1 5 3 4 2 2 6 6 6 7 7 7 7 7 7 6 6 6 7 7 7 7 7 7 8 9 9 9 10 10 10 10 10 10 11 12 9 9 9 10 10 10 10 10 10 12 11 13 
0 0 0 1 1 1 1 1 1 2 1 1 1 2 2 1 1 1 3 4 5 1 1 1 4 5 3 2 1 1 1 5 3 4 2 2 6 6 6 7 7 7 7 7 7 6 6 6 7 7 7 7 7 7 8 9 9 9 10 10 10 11 11 11 12 12 9 9 9 11 11 11 10 10 10 12 12 13 
0 0 0 1 1 1 1 1 1 2 1 1 1 2 2 1 1 1 3 4 5 1 1 1 4 5 3 2 1 1 1 5 3 4 2 2 6 6 6 7 7 7 8 8 8 6 6 6 7 7 7 8 8 8 9 6 6 6 8 8 8 7 7 7 10 11 6 6 6 8 8 8 7 7 7 11 10 9 
0 0 0 1 1 1 1 1 1 2 1 1 1 2 2 3 3 3 4 4 4 3 3 3 4 4 4 5 3 3 3 4 4 4 6 7 3 3 3 4 4 4 7 6 5 8 8 8 9 10 11 12 12 12 12 8 8 8 10 11 9 12 12 12 12 13 8 8 8 11 9 10 12 12 12 12 13 13 
0 0 0 1 1 1 1 1 1 2 1 1 1 2 2 3 3 3 4 4 4 3 3 3 4 4 4 5 6 6 6 7 7 7 8 8 6 6 6 7 7 7 8 8 9 10 10 10 11 12 13 14 14 15 15 10 10 10 12 13 11 14 14 15 15 16 10 10 10 13 11 12 14 14 15 15 16 16 
0 0 0 1 1 1 1 1 1 2 1 1 1 2 2 3 3 3 4 4 4 3 3 3 4 4 4 5 6 6 6 7 7 7 8 8 9 9 9 10 10 10 11 11 12 13 13 13 14 14 14 15 15 16 17 18 18 18 19 19 19 20 20 21 22 23 24 24 24 25 25 25 26 26 27 28 29 30 
0 0 0 1 1 1 1 1 1 2 1 1 1 2 2 3 3 3 4 4 4 3 3 3 4 4 4 5 6 6 6 7 7 7 8 8 9 9 9 10 10 10 11 11 12 13 13 13 14 14 14 15 15 16 17 18 18 18 19 19 19 20 21 22 23 24 18 18 18 19 19 19 21 20 22 23 24 25 
0 0 0 1 1 1 1 1 1 2 1 1 1 2 2 3 3 3 4 4 4 3 3 3 4 4 4 5 6 6 6 7 7 7 8 8 9 9 9 10 10 10 11 11 12 13 13 13 14 14 15 16 16 17 18 13 13 13 14 15 14 16 16 17 18 19 13 13 13 15 14 14 16 16 17 18 19 19 
0 0 0 1 1 1 1 1 1 2 1 1 1 2 2 3 3 3 4 4 4 3 3 3 4 4 4 5 6 6 6 7 7 7 8 8 9 9 9 10 10 10 11 12 13 9 9 9 10 10 10 12 11 13 14 15 15 15 16 16 16 17 18 19 20 21 15 15 15 16 16 16 18 17 19 21 20 22 
0 0 0 1 1 1 1 1 1 2 1 1 1 2 2 3 3 3 4 4 4 3 3 3 4 4 4 5 6 6 6 7 7 7 8 9 6 6 6 7 7 7 9 8 10 11 11 11 12 12 13 14 14 15 15 11 11 11 12 13 12 14 14 15 15 16 11 11 11 13 12 12 14 14 15 15 16 16 
0 0 0 1 1 1 1 1 1 2 1 1 1 2 2 3 3 3 4 4 4 5 5 5 6 6 7 4 5 5 5 6 7 6 4 2 5 5 5 7 6 6 4 2 2 8 8 9 5 5 5 3 1 1 1 8 9 8 5 5 5 3 1 1 1 0 9 8 8 5 5 5 3 1 1 1 0 0 
0 0 0 1 1 1 1 1 1 2 1 1 1 3 4 1 1 1 4 3 2 5 6 7 1 1 1 1 5 7 6 1 1 1 1 5 6 5 7 1 1 1 1 7 0 6 7 5 1 1 1 1 0 7 6 7 5 6 1 1 1 1 0 6 5 0 7 6 5 1 1 1 1 6 0 0 5 7 
0 0 0 1 1 1 1 1 1 2 1 1 1 3 4 1 1 1 4 3 2 5 6 7 1 1 1 1 5 7 6 1 1 1 1 6 6 5 7 1 1 1 1 5 0 6 7 5 1 1 1 1 0 5 7 7 5 6 1 1 1 1 0 7 6 0 7 6 5 1 1 1 1 7 0 0 6 5 
0 0 0 1 1 1 1 1 1 2 3 3 3 4 4 3 3 3 4 4 5 6 7 8 1 1 3 3 6 8 7 1 1 3 3 6 7 6 8 1 1 3 3 8 0 7 8 6 1 1 3 3 0 8 7 8 6 7 1 1 3 3 0 7 6 0 8 7 6 1 1 3 3 7 0 0 6 8 
0 0 0 1 1 1 1 1 1 2 3 3 3 4 4 3 3 3 4 4 5 6 7 8 1 1 3 3 6 8 7 1 1 3 3 7 7 6 8 1 1 3 3 6 0 7 8 6 1 1 3 3 0 6 8 8 6 7 1 1 3 3 0 8 7 0 8 7 6 1 1 3 3 8 0 0 7 6 
--- order 78 (x1) ---
0 0 0 0 0 1 0 1 0 1 0 1 1 0 1 0 1 1 1 0 0 1 0 0 1 1 0 1 1 0 1 0 1 1 0 1 1 0 1 1 0 1 0 0 0 1 1 0 0 0 1 1 1 0 1 1 1 0 1 1 0 0 0 0 1 0 1 1 1 0 0 0 1 0 1 0 0 1 
--- order 80 (x13) ---
0 0 1 0 1 2 0 2 1 1 3 0 0 0 0 3 0 0 0 0 4 4 0 0 0 0 3 4 4 0 0 0 0 4 3 3 5 6 6 6 6 5 5 5 5 7 8 8 8 8 7 7 7 7 9 10 11 11 11 11 10 10 10 10 12 13 14 15 15 15 15 14 14 14 14 16 17 18 
0 0 1 0 1 2 0 2 1 1 3 0 0 0 0 3 0 0 0 0 4 4 0 0 0 0 3 4 4 0 0 0 0 4 3 3 5 6 6 6 6 5 5 5 5 7 8 8 8 8 7 7 7 7 9 10 11 12 12 11 10 10 10 10 13 14 10 12 11 11 12 10 10 10 10 13 14 15 
0 0 1 0 1 2 0 2 1 1 3 0 0 0 0 3 0 0 0 0 4 4 0 0 0 0 3 4 4 0 0 0 0 4 3 3 5 6 7 7 6 5 5 5 5 5 7 6 6 7 5 5 5 5 8 9 10 11 11 10 9 9 9 9 12 13 9 11 10 10 11 9 9 9 9 13 12 14 
0 0 1 0 1 2 0 2 1 1 0 3 4 5 6 0 4 6 3 5 1 0 5 3 6 4 1 2 0 6 5 4 3 2 1 1 7 0 0 0 0 0 0 0 0 7 0 0 0 0 0 0 0 0 8 8 0 0 0 0 0 0 0 0 7 8 8 0 0 0 0 0 0 0 0 8 7 7 
0 0 1 0 1 2 0 2 1 1 3 0 0 0 0 3 0 0 0 0 4 4 0 0 0 0 3 4 4 0 0 0 0 4 3 3 5 6 6 7 7 5 5 5 5 5 6 7 6 7 5 5 5 5 8 5 7 6 7 6 5 5 5 5 8 9 5 7 7 6 6 5 5 5 5 9 8 8 
0 0 1 0 1 2 0 2 1 1 3 0 0 0 0 3 0 0 0 0 4 4 0 0 0 0 3 4 4 0 0 0 0 4 3 3 5 6 7 7 8 5 5 5 5 5 7 6 8 7 5 5 5 5 9 5 7 8 6 7 5 5 5 5 9 10 5 8 7 7 6 5 5 5 5 10 9 9 
0 0 1 0 1 2 0 2 1 2 0 2 2 1 1 3 0 0 0 0 0 4 5 5 5 5 5 4 4 5 5 5 5 5 4 6 7 8 8 8 8 8 7 9 9 7 8 8 8 8 8 7 9 9 10 11 12 12 12 12 12 11 13 13 14 14 15 16 16 16 16 16 15 17 17 18 18 19 
0 0 1 0 1 2 0 2 1 2 0 2 2 1 1 3 0 0 0 0 0 4 5 5 5 5 5 4 4 5 5 5 5 5 4 6 7 8 8 8 8 8 7 9 9 7 8 8 8 8 8 7 9 9 10 11 12 12 12 12 12 11 13 13 14 15 11 12 12 12 12 12 11 13 13 15 14 16 
0 0 1 0 1 2 0 2 1 2 0 2 2 1 1 3 0 0 0 0 0 4 0 0 0 0 0 5 5 0 0 0 0 0 4 3 6 0 0 0 0 0 7 8 9 7 0 0 0 0 0 6 9 8 3 8 0 0 0 0 0 9 6 7 4 5 9 0 0 0 0 0 8 7 6 5 4 3 
0 0 1 0 1 2 0 2 1 2 0 2 2 1 1 3 0 0 0 0 0 4 0 0 0 0 0 5 5 0 0 0 0 0 4 3 6 7 7 7 7 7 6 6 6 6 7 7 7 7 7 6 6 6 8 9 10 10 10 10 10 9 9 9 11 11 12 13 13 13 13 13 12 12 12 14 14 15 
0 0 1 0 1 2 0 2 1 2 0 2 2 1 1 3 0 0 0 0 0 4 0 0 0 0 0 5 5 0 0 0 0 0 4 3 6 7 7 7 7 7 6 6 6 6 7 7 7 7 7 6 6 6 8 9 10 10 10 10 10 9 9 9 11 12 9 10 10 10 10 10 9 9 9 12 11 13 
0 0 1 0 1 2 0 2 1 2 0 2 2 1 1 3 0 0 0 0 0 4 0 0 0 0 0 5 5 0 0 0 0 0 4 3 6 7 7 7 7 7 6 6 6 6 7 7 7 7 7 6 6 6 8 9 10 10 10 10 10 9 11 11 12 12 11 10 10 10 10 10 11 9 9 12 12 13 
0 0 1 0 1 2 0 2 1 2 0 2 2 1 1 3 0 0 0 0 0 4 0 0 0 0 0 5 5 0 0 0 0 0 4 3 6 7 7 7 7 7 6 8 8 6 7 7 7 7 7 6 8 8 9 8 7 7 7 7 7 8 6 6 10 11 8 7 7 7 7 7 8 6 6 11 10 9 
--- order 84 (x3) ---
0 0 0 1 1 1 1 1 1 2 1 1 1 2 3 1 1 1 3 2 4 1 1 1 3 4 2 4 1 1 1 4 3 4 2 3 1 1 1 4 4 3 3 2 2 5 5 5 6 6 6 6 6 6 6 7 7 7 8 8 8 8 8 8 8 9 10 10 10 11 11 11 11 11 11 11 12 13 
0 0 0 1 1 1 1 1 1 2 1 1 1 2 3 1 1 1 3 2 4 1 1 1 3 4 2 4 1 1 1 4 3 4 2 3 1 1 1 4 4 3 3 2 2 5 5 6 7 7 7 7 7 7 7 5 6 5 7 7 7 7 7 7 7 8 6 5 5 7 7 7 7 7 7 7 8 8 
0 0 0 1 1 1 1 1 1 2 1 1 1 2 3 1 1 1 3 2 4 1 1 1 3 4 2 4 1 1 1 4 3 4 2 3 1 1 1 4 4 3 3 2 2 5 6 7 1 1 1 1 1 1 1 6 7 5 1 1 1 1 1 1 1 0 7 5 6 1 1 1 1 1 1 1 0 0 
--- order 96 (x60) ---
0 0 0 1 1 1 1 1 1 2 1 1 1 2 3 1 1 1 3 2 2 1 1 1 4 4 5 5 1 1 1 4 5 4 5 2 1 1 1 5 4 5 4 2 3 1 1 1 5 5 4 4 3 2 2 6 6 6 7 7 7 7 7 7 7 7 8 8 8 9 9 9 9 9 9 9 9 10 
0 0 0 1 1 1 1 1 1 2 1 1 1 2 3 1 1 1 3 2 2 1 1 1 4 4 5 5 1 1 1 4 5 4 5 2 1 1 1 5 4 5 4 2 3 1 1 1 5 5 4 4 3 2 2 6 6 6 7 7 7 7 8 8 8 8 6 6 6 8 8 8 8 7 7 7 7 9 
0 0 0 0 0 0 1 1 1 1 1 1 1 1 2 1 1 1 1 2 3 1 1 1 1 3 2 2 4 4 4 4 5 5 5 5 6 6 6 6 7 8 9 10 11 6 6 6 6 8 10 7 9 11 12 6 6 6 6 9 7 10 8 11 12 13 6 6 6 6 10 9 8 7 11 13 12 12 
0 0 0 0 0 0 1 1 1 1 1 1 1 1 2 1 1 1 1 3 4 1 1 1 1 4 3 2 5 5 5 5 6 6 6 6 7 7 7 7 8 8 8 8 9 10 10 10 10 11 11 11 11 12 13 14 14 14 14 15 15 15 15 16 17 18 19 19 19 19 20 20 20 20 21 22 23 24 
0 0 0 0 0 0 1 1 1 1 1 1 1 1 2 1 1 1 1 3 4 1 1 1 1 4 3 2 5 5 5 5 6 6 6 6 7 7 7 7 8 8 8 8 9 10 10 10 10 11 11 11 11 12 13 14 14 14 14 15 15 16 16 17 18 19 14 14 14 14 16 16 15 15 17 18 19 20 
0 0 0 0 0 0 1 1 1 1 1 1 1 1 2 1 1 1 1 3 4 1 1 1 1 4 3 2 5 5 5 5 6 6 6 6 7 7 7 7 8 8 9 9 10 7 7 7 7 9 9 8 8 10 11 12 12 12 12 13 13 14 14 15 16 17 12 12 12 12 14 14 13 13 15 17 16 18 
0 0 0 0 0 0 1 1 1 1 1 1 1 1 2 1 1 1 1 3 4 1 1 1 1 4 3 2 5 5 5 5 6 6 6 6 7 7 7 7 8 8 9 9 10 7 7 7 7 9 9 8 8 10 11 12 12 12 12 13 14 13 14 15 16 16 12 12 12 12 14 13 14 13 15 16 16 17 
0 0 0 0 0 0 1 1 1 1 1 1 1 1 2 1 1 1 1 3 4 1 1 1 1 4 3 2 5 5 5 5 6 6 6 6 7 7 7 7 8 9 10 11 12 7 7 7 7 9 8 11 10 12 13 7 7 7 7 10 11 8 9 12 14 15 7 7 7 7 11 10 9 8 12 15 14 13 
0 0 0 0 0 0 1 1 1 1 1 1 1 1 2 1 1 1 1 3 4 1 1 1 1 4 3 2 5 5 5 5 6 6 6 6 7 7 7 8 9 9 9 9 10 7 7 8 7 9 9 9 9 10 11 7 8 7 7 9 9 9 9 10 11 11 8 7 7 7 9 9 9 9 10 11 11 11 
0 0 0 0 0 0 1 1 1 1 1 1 1 1 2 3 3 3 3 4 4 3 3 3 3 4 4 5 6 6 6 6 7 7 8 8 9 9 9 9 10 10 11 11 12 13 13 13 13 14 14 15 15 16 17 18 18 18 18 19 19 20 20 21 22 23 24 24 24 24 25 25 26 26 27 28 29 30 
0 0 0 0 0 0 1 1 1 1 1 1 1 1 2 3 3 3 3 4 4 3 3 3 3 4 4 5 6 6 6 6 7 7 8 8 9 9 9 9 10 10 11 11 12 13 13 13 13 14 14 15 15 16 17 18 18 18 18 19 19 20 21 22 23 24 18 18 18 18 19 19 21 20 22 23 24 25 
0 0 0 0 0 0 1 1 1 1 1 1 1 1 2 3 3 3 3 4 4 3 3 3 3 4 4 5 6 6 6 6 7 7 8 8 9 9 9 9 10 10 11 12 13 9 9 9 9 10 10 12 11 13 14 15 15 15 15 16 16 17 18 19 20 21 15 15 15 15 16 16 18 17 19 21 20 22 
0 0 0 0 0 0 1 1 1 1 1 1 1 1 2 3 3 3 3 4 4 3 3 3 3 4 4 5 6 6 6 6 7 7 8 8 9 9 9 9 10 10 11 12 13 9 9 9 9 10 10 12 11 13 14 15 15 15 15 16 17 18 18 19 20 20 15 15 15 15 17 16 18 18 19 20 20 21 
0 0 0 0 0 0 1 1 1 1 1 1 1 1 2 3 3 3 3 4 4 3 3 3 3 4 4 5 6 6 6 6 7 7 8 8 9 9 9 10 11 11 12 12 13 9 9 10 9 11 11 12 12 13 14 9 10 9 9 11 11 12 12 13 14 14 10 9 9 9 11 11 12 12 13 14 14 14 
0 0 0 0 0 0 1 1 1 1 1 1 1 1 2 3 3 3 3 4 4 5 5 5 5 4 4 6 7 7 7 7 8 8 9 9 10 10 10 11 1 1 5 3 7 10 10 11 10 1 1 5 3 7 0 10 11 10 10 1 1 5 3 7 0 0 11 10 10 10 1 1 5 3 7 0 0 0 
0 0 0 0 0 0 1 1 1 1 1 1 1 1 2 3 3 3 3 4 4 5 5 5 5 6 6 7 8 8 8 8 9 9 10 11 12 12 12 13 1 1 3 5 8 12 12 13 12 1 1 3 5 8 0 12 13 12 12 1 1 3 5 8 0 0 13 12 12 12 1 1 3 5 8 0 0 0 
0 0 0 0 0 0 1 1 1 1 1 1 1 1 2 3 3 3 3 4 4 5 5 5 5 6 7 4 5 5 5 5 7 6 4 2 8 8 8 9 5 5 3 1 1 8 8 9 8 5 5 3 1 1 0 8 9 8 8 5 5 3 1 1 0 0 9 8 8 8 5 5 3 1 1 0 0 0 
0 0 0 0 0 0 1 1 1 1 1 1 1 1 2 3 3 3 3 4 4 5 5 5 5 6 7 8 5 5 5 5 7 6 8 9 10 10 10 11 1 1 3 5 5 10 10 11 10 1 1 3 5 5 0 10 11 10 10 1 1 3 5 5 0 0 11 10 10 10 1 1 3 5 5 0 0 0 
0 0 0 0 0 1 0 1 0 0 1 0 0 0 0 2 2 2 2 2 2 2 2 2 2 2 2 3 2 2 2 2 2 2 4 5 2 2 2 2 2 2 5 4 3 6 7 8 8 7 6 9 9 9 9 7 8 6 6 8 7 9 9 9 9 10 8 6 7 7 6 8 9 9 9 9 10 10 
0 0 0 0 0 1 0 1 0 0 1 0 0 0 0 2 2 2 2 2 2 2 2 2 2 2 2 3 4 4 4 4 4 4 5 5 4 4 4 4 4 4 5 5 6 7 8 9 9 8 7 10 10 11 11 8 9 7 7 9 8 10 10 11 11 12 9 7 8 8 7 9 10 10 11 11 12 12 
0 0 0 0 0 1 0 1 0 0 1 0 0 0 0 2 2 2 2 2 2 2 2 2 2 2 2 3 4 4 4 4 4 4 5 5 6 6 6 6 6 6 7 7 8 9 9 9 9 9 9 10 10 11 12 13 13 13 13 13 13 14 14 15 16 17 18 18 18 18 18 18 19 19 20 21 22 23 
0 0 0 0 0 1 0 1 0 0 1 0 0 0 0 2 2 2 2 2 2 2 2 2 2 2 2 3 4 4 4 4 4 4 5 5 6 6 6 6 6 6 7 7 8 9 9 9 9 9 9 10 10 11 12 13 13 13 13 13 13 14 15 16 17 18 13 13 13 13 13 13 15 14 16 17 18 19 
0 0 0 0 0 1 0 1 0 0 1 0 0 0 0 2 2 2 2 2 2 2 2 2 2 2 2 3 4 4 4 4 4 4 5 5 6 6 6 6 6 6 7 7 8 9 9 10 10 9 9 11 11 12 13 9 10 9 9 10 9 11 11 12 13 14 10 9 9 9 9 10 11 11 12 13 14 14 
0 0 0 0 0 1 0 1 0 0 1 0 0 0 0 2 2 2 2 2 2 2 2 2 2 2 2 3 4 4 4 4 4 4 5 5 6 6 6 6 6 6 7 8 9 6 6 6 6 6 6 8 7 9 10 11 11 11 11 11 11 12 13 14 15 16 11 11 11 11 11 11 13 12 14 16 15 17 
0 0 0 0 0 1 0 1 0 0 1 0 0 0 0 2 2 2 2 2 2 2 2 2 2 2 2 3 4 4 4 4 4 4 5 6 4 4 4 4 4 4 6 5 7 8 8 9 9 8 8 10 10 11 11 8 9 8 8 9 8 10 10 11 11 12 9 8 8 8 8 9 10 10 11 11 12 12 
0 0 0 0 0 1 0 1 0 0 1 0 0 0 0 2 2 2 2 2 2 3 3 4 4 3 3 5 3 3 4 4 3 3 5 6 3 4 3 3 4 3 5 7 8 3 4 3 3 4 3 5 8 7 6 4 3 3 3 3 4 5 7 8 7 8 4 3 3 3 3 4 5 8 7 8 7 6 
0 0 0 0 0 1 0 1 0 0 1 0 0 0 0 2 2 2 2 2 2 3 3 4 5 3 3 2 3 3 5 4 3 3 2 1 3 4 3 3 5 3 2 0 0 3 5 3 3 4 3 2 0 0 1 4 3 3 3 3 5 2 0 0 0 0 5 3 3 3 3 4 2 0 0 0 0 1 
0 0 0 1 1 1 1 1 1 2 1 1 1 2 3 1 1 1 3 2 2 1 1 1 4 5 5 6 1 1 1 5 4 6 5 2 1 1 1 5 6 4 5 2 3 1 1 1 6 5 5 4 3 2 2 7 7 7 8 8 8 8 8 8 8 8 9 9 9 10 10 10 10 10 10 10 10 11 
0 0 0 1 1 1 1 1 1 2 1 1 1 2 3 1 1 1 3 2 2 1 1 1 4 5 5 6 1 1 1 5 4 6 5 2 1 1 1 5 6 4 5 2 3 1 1 1 6 5 5 4 3 2 2 7 7 7 8 8 8 8 9 9 9 9 7 7 7 9 9 9 9 8 8 8 8 10 
0 0 0 1 1 1 1 1 1 2 1 1 1 2 3 1 1 1 3 2 2 1 1 1 4 5 5 6 1 1 1 5 4 6 5 2 1 1 1 5 6 4 5 2 3 1 1 1 6 5 5 4 3 2 2 7 7 7 8 9 9 8 8 9 9 8 7 7 7 9 8 8 9 9 8 8 9 10 
0 0 0 1 1 1 1 1 1 2 1 1 1 2 3 1 1 1 3 2 2 4 4 4 5 5 5 5 4 4 4 5 5 5 5 6 7 7 7 8 8 8 8 9 9 10 10 10 11 11 11 11 12 12 13 14 14 14 15 15 15 15 16 16 17 18 19 19 19 20 20 20 20 21 21 22 23 24 
0 0 0 1 1 1 1 1 1 2 1 1 1 2 3 1 1 1 3 2 2 4 4 4 5 5 5 5 4 4 4 5 5 5 5 6 7 7 7 8 8 8 8 9 9 10 10 10 11 11 11 11 12 12 13 14 14 14 15 15 15 15 16 17 18 19 14 14 14 15 15 15 15 17 16 18 19 20 
0 0 0 1 1 1 1 1 1 2 1 1 1 2 3 1 1 1 3 2 2 4 4 4 5 5 5 5 4 4 4 5 5 5 5 6 7 7 7 8 8 8 8 9 9 10 10 10 11 11 11 11 12 12 13 14 14 14 15 16 16 15 17 17 18 19 14 14 14 16 15 15 16 17 17 18 19 20 
0 0 0 1 1 1 1 1 1 2 1 1 1 2 3 1 1 1 3 2 2 4 4 4 5 5 5 5 4 4 4 5 5 5 5 6 7 7 7 8 8 8 8 9 9 10 10 11 12 12 12 12 13 13 14 10 11 10 12 12 12 12 13 13 14 15 11 10 10 12 12 12 12 13 13 14 15 15 
0 0 0 1 1 1 1 1 1 2 1 1 1 2 3 1 1 1 3 2 2 4 4 4 5 5 5 5 4 4 4 5 5 5 5 6 7 7 7 8 8 8 8 9 9 10 11 12 1 1 1 1 4 4 7 11 12 10 1 1 1 1 4 4 7 0 12 10 11 1 1 1 1 4 4 7 0 0 
0 0 0 1 1 1 1 1 1 2 1 1 1 2 3 1 1 1 3 2 2 4 4 4 5 5 5 5 4 4 4 5 5 5 5 6 7 7 7 8 8 8 8 9 10 7 7 7 8 8 8 8 10 9 11 12 12 12 13 13 13 13 14 15 16 17 12 12 12 13 13 13 13 15 14 17 16 18 
0 0 0 1 1 1 1 1 1 2 1 1 1 2 3 1 1 1 3 2 2 4 4 4 5 5 5 5 4 4 4 5 5 5 5 6 7 7 7 8 8 8 8 9 10 7 7 7 8 8 8 8 10 9 11 12 12 12 13 14 14 13 15 15 16 16 12 12 12 14 13 13 14 15 15 16 16 17 
0 0 0 1 1 1 1 1 1 2 1 1 1 2 3 1 1 1 3 2 2 4 4 4 5 5 5 5 4 4 4 5 5 5 5 6 7 7 7 8 8 9 9 10 10 7 7 7 8 9 8 9 10 10 11 7 7 7 9 8 9 8 10 10 11 12 7 7 7 9 9 8 8 10 10 12 11 11 
0 0 0 1 1 1 1 1 1 2 1 1 1 2 3 1 1 1 3 2 2 4 4 4 5 5 5 5 4 4 4 5 5 5 5 6 7 7 7 8 9 9 8 10 10 7 7 7 9 8 8 9 10 10 11 12 12 12 13 14 14 13 15 15 16 17 12 12 12 14 13 13 14 15 15 17 16 18 
0 0 0 1 1 1 1 1 1 2 1 1 1 2 3 1 1 1 3 2 2 4 4 4 5 5 5 5 4 4 4 5 5 5 5 6 7 7 7 8 9 9 8 10 11 7 7 7 8 9 9 8 11 10 12 7 7 7 9 8 8 9 10 11 13 14 7 7 7 9 8 8 9 11 10 14 13 12 
0 0 0 1 1 1 1 1 1 2 1 1 1 2 3 1 1 1 3 2 2 4 4 4 5 5 5 5 4 4 4 5 5 5 5 6 7 7 7 8 9 9 10 11 11 7 7 7 9 8 10 9 11 11 12 7 7 7 9 10 8 9 11 11 12 13 7 7 7 10 9 9 8 11 11 13 12 12 
0 0 0 1 1 1 1 1 1 2 1 1 1 2 3 1 1 1 3 2 2 4 4 4 5 5 5 5 6 6 6 5 5 5 5 7 8 8 8 9 9 9 9 10 10 11 11 12 1 1 1 1 6 4 8 11 12 11 1 1 1 1 6 4 8 0 12 11 11 1 1 1 1 6 4 8 0 0 
0 0 0 1 1 1 1 1 1 2 1 1 1 2 3 1 1 1 3 2 2 4 4 4 5 5 5 5 6 6 6 7 7 7 7 8 9 9 9 10 10 10 10 11 12 13 13 14 1 1 1 1 4 6 9 13 14 13 1 1 1 1 4 6 9 0 14 13 13 1 1 1 1 4 6 9 0 0 
0 0 0 1 1 1 1 1 1 2 1 1 1 2 3 1 1 1 3 2 2 4 4 4 5 5 5 5 6 6 6 7 7 7 7 8 9 9 9 10 11 11 10 12 13 9 9 9 10 11 11 10 12 13 14 9 9 9 11 10 10 11 12 13 15 16 9 9 9 11 10 10 11 12 13 16 15 14 
0 0 0 1 1 1 1 1 1 2 1 1 1 2 3 1 1 1 3 2 2 4 4 4 5 5 5 5 6 6 6 7 8 8 7 9 6 6 6 8 7 7 8 9 10 11 11 12 1 1 1 1 4 6 6 11 12 11 1 1 1 1 4 6 6 0 12 11 11 1 1 1 1 4 6 6 0 0 
0 0 0 1 1 1 1 1 1 2 1 1 1 2 3 1 1 1 3 2 2 4 4 4 5 6 6 5 4 4 4 5 6 6 5 7 4 4 4 6 5 5 6 8 9 4 4 4 6 5 5 6 9 8 7 10 10 10 11 12 12 11 13 13 14 14 10 10 10 12 11 11 12 14 14 13 13 15 
0 0 0 1 1 1 1 1 1 2 1 1 1 2 3 1 1 1 3 2 2 4 4 5 1 1 1 1 4 5 4 1 1 1 1 0 5 4 4 1 1 1 1 0 0 6 6 7 8 8 8 8 7 6 6 6 7 6 8 8 8 8 6 7 6 9 7 6 6 8 8 8 8 6 6 7 9 9 
0 0 0 1 1 1 1 1 1 2 3 3 3 4 4 3 3 3 4 4 2 5 5 5 6 6 6 6 5 5 5 6 6 6 6 7 8 8 8 9 9 9 9 10 10 11 11 12 3 3 1 1 5 5 8 11 12 11 3 3 1 1 5 5 8 0 12 11 11 3 3 1 1 5 5 8 0 0 
0 0 0 1 1 1 1 1 1 2 1 1 1 2 3 1 1 1 3 2 2 1 1 1 4 5 6 7 1 1 1 5 7 4 6 2 1 1 1 6 4 7 5 2 3 1 1 1 7 6 5 4 3 2 2 8 8 8 9 9 9 9 9 9 9 9 8 8 8 9 9 9 9 9 9 9 9 10 
0 0 0 1 1 1 1 1 1 2 1 1 1 3 4 1 1 1 4 3 2 5 5 5 6 6 6 6 5 5 5 6 6 6 6 7 8 8 8 9 9 9 9 10 10 8 8 8 9 9 9 9 10 10 11 12 12 12 13 13 13 13 14 14 15 15 16 16 16 17 17 17 17 18 18 19 19 20 
0 0 0 1 1 1 1 1 1 2 1 1 1 3 4 1 1 1 4 3 2 5 5 5 6 6 6 6 5 5 5 6 6 6 6 7 8 8 8 9 9 9 9 10 10 8 8 8 9 9 9 9 10 10 11 12 12 12 13 13 13 13 14 14 15 16 12 12 12 13 13 13 13 14 14 16 15 17 
0 0 0 1 1 1 1 1 1 2 1 1 1 3 4 1 1 1 4 3 2 5 5 5 6 6 6 6 5 5 5 6 6 6 6 7 8 8 8 9 9 9 9 10 10 8 8 8 9 9 9 9 10 10 11 12 12 12 13 13 14 14 15 15 16 16 12 12 12 14 14 13 13 15 15 16 16 17 
0 0 0 1 1 1 1 1 1 2 1 1 1 3 4 1 1 1 4 3 2 5 5 5 6 6 6 6 5 5 5 6 6 6 6 7 8 8 8 9 9 9 9 10 10 11 11 12 1 1 1 1 5 5 8 11 12 11 1 1 1 1 5 5 8 0 12 11 11 1 1 1 1 5 5 8 0 0 
0 0 0 1 1 1 1 1 1 2 1 1 1 3 4 1 1 1 4 3 2 5 5 5 6 6 6 6 5 5 5 6 6 6 6 7 8 8 8 9 9 10 10 11 11 8 8 8 9 9 10 10 11 11 12 8 8 8 10 10 9 9 11 11 13 14 8 8 8 10 10 9 9 11 11 14 13 12 
0 0 0 1 1 1 1 1 1 2 3 3 3 4 4 3 3 3 4 4 5 6 6 6 7 7 8 8 6 6 6 7 7 8 8 9 10 10 10 11 11 12 12 13 13 10 10 10 11 11 12 12 13 13 14 15 15 15 16 16 17 17 18 18 19 19 20 20 20 21 21 22 22 23 23 24 24 25 
0 0 0 1 1 1 1 1 1 2 3 3 3 4 4 3 3 3 4 4 5 6 6 6 7 7 8 8 6 6 6 7 7 8 8 9 10 10 10 11 11 12 12 13 13 10 10 10 11 11 12 12 13 13 14 15 15 15 16 16 17 17 18 18 19 20 15 15 15 16 16 17 17 18 18 20 19 21 
0 0 0 1 1 1 1 1 1 2 3 3 3 4 4 3 3 3 4 4 5 6 6 6 7 7 8 8 6 6 6 7 7 8 8 9 10 10 10 11 11 12 12 13 13 14 14 15 1 1 3 3 6 6 10 14 15 14 1 1 3 3 6 6 10 0 15 14 14 1 1 3 3 6 6 10 0 0 
0 0 0 1 1 1 1 1 1 2 1 1 1 3 4 1 1 1 4 3 2 1 1 1 5 6 7 8 1 1 1 6 5 8 7 2 1 1 1 7 8 5 6 3 4 1 1 1 8 7 6 5 4 3 2 9 9 9 10 10 10 10 10 10 10 10 9 9 9 10 10 10 10 10 10 10 10 11 
0 0 0 1 1 1 1 1 1 2 1 1 1 3 4 1 1 1 4 3 2 5 5 5 6 6 6 6 5 5 5 6 6 6 6 7 5 5 5 6 6 6 6 8 9 5 5 5 6 6 6 6 9 8 7 10 10 10 11 11 11 11 12 12 12 12 13 13 13 14 14 14 14 15 15 15 15 16 
0 0 0 1 1 1 1 1 1 2 1 1 1 3 4 1 1 1 4 3 2 5 5 5 6 6 6 6 5 5 5 6 6 6 6 7 5 5 5 6 6 6 6 8 9 5 5 5 6 6 6 6 9 8 7 10 10 10 11 11 11 11 12 12 13 13 10 10 10 11 11 11 11 13 13 12 12 14 
--- order 100 (x1) ---
0 0 1 0 1 2 0 2 1 2 0 2 2 1 1 3 0 0 0 0 0 3 0 0 0 0 0 4 4 0 0 0 0 0 3 4 4 0 0 0 0 0 4 3 3 5 6 6 6 6 6 5 5 5 5 7 8 8 8 8 8 7 7 7 7 9 10 11 11 11 11 11 10 10 10 10 12 13 
--- order 108 (x3) ---
0 0 0 1 1 1 1 1 1 2 1 1 1 2 2 1 1 1 3 4 5 1 1 1 3 5 4 3 1 1 1 4 3 5 5 2 1 1 1 4 5 3 2 5 4 1 1 1 5 3 4 2 4 3 2 1 1 1 5 4 3 4 2 2 3 5 6 6 6 7 7 7 7 7 7 7 7 7 
0 0 0 1 1 1 1 1 1 2 1 1 1 2 2 1 1 1 3 4 5 1 1 1 3 5 4 4 1 1 1 4 3 5 3 2 1 1 1 4 5 3 2 3 5 1 1 1 5 3 4 2 5 4 2 1 1 1 5 4 3 5 2 2 4 3 6 6 6 7 7 7 7 7 7 7 7 7 
0 0 0 1 1 1 1 1 1 2 1 1 1 2 2 3 3 3 4 4 4 3 3 3 4 4 4 5 3 3 3 4 4 4 5 5 6 6 6 7 7 7 8 8 8 9 9 9 10 10 10 11 12 13 14 9 9 9 10 10 10 12 13 11 14 15 9 9 9 10 10 10 13 11 12 14 15 15 
--- order 112 (x4) ---
0 0 1 0 1 2 0 2 1 1 3 0 0 0 0 3 0 0 0 0 4 4 0 0 0 0 3 5 4 0 0 0 0 5 3 5 5 0 0 0 0 4 5 3 4 5 0 0 0 0 5 4 4 3 3 6 7 7 7 7 6 6 6 6 6 6 8 9 9 9 9 8 8 8 8 8 8 10 
0 0 1 0 1 2 0 2 1 1 3 0 0 0 0 3 0 0 0 0 4 4 0 0 0 0 3 5 4 0 0 0 0 5 3 5 5 0 0 0 0 4 5 3 4 5 0 0 0 0 5 4 4 3 3 6 7 8 8 7 6 6 6 6 6 6 6 8 7 7 8 6 6 6 6 6 6 9 
0 0 1 0 1 2 0 2 1 3 0 2 3 1 3 0 3 2 3 1 2 0 3 3 2 2 1 1 4 0 0 0 0 0 0 0 5 6 6 6 6 6 6 6 5 5 6 6 6 6 6 6 6 5 7 8 9 9 9 9 9 9 9 8 10 10 8 9 9 9 9 9 9 9 8 10 10 11 
0 0 1 0 1 2 0 2 1 3 0 2 3 1 3 0 3 2 3 1 2 0 3 3 2 2 1 1 4 0 0 0 0 0 0 0 5 0 0 0 0 0 0 0 6 6 0 0 0 0 0 0 0 5 4 7 8 8 8 8 8 8 8 7 7 7 7 8 8 8 8 8 8 8 7 7 7 9 
--- order 120 (x12) ---
0 0 0 1 1 1 1 1 1 2 1 1 1 2 3 1 1 1 3 2 3 1 1 1 3 3 2 2 1 1 1 4 4 5 5 6 1 1 1 4 5 4 6 5 2 1 1 1 5 4 6 4 5 2 3 1 1 1 5 6 4 5 4 3 2 3 1 1 1 6 5 5 4 4 3 3 2 2 
0 0 0 1 1 1 1 1 1 2 1 1 1 2 3 1 1 1 3 2 3 1 1 1 3 3 2 2 4 4 4 5 5 5 5 5 4 4 4 5 5 5 5 5 6 7 7 7 8 8 8 8 8 9 9 10 10 10 11 11 11 11 11 12 12 13 14 14 14 15 15 15 15 15 16 16 17 18 
0 0 0 1 1 1 1 1 1 2 1 1 1 2 3 1 1 1 3 2 3 1 1 1 3 3 2 2 4 4 4 5 5 5 5 5 4 4 4 5 5 5 5 5 6 7 7 7 8 8 8 8 8 9 9 10 10 10 11 11 11 11 11 12 13 14 10 10 10 11 11 11 11 11 13 12 14 15 
0 0 0 1 1 1 1 1 1 2 1 1 1 2 3 1 1 1 3 2 3 1 1 1 3 3 2 2 4 4 4 5 5 5 5 5 6 6 6 5 5 5 5 5 7 8 8 9 1 1 1 1 1 6 4 8 9 8 1 1 1 1 1 6 4 0 9 8 8 1 1 1 1 1 6 4 0 0 
0 0 0 1 1 1 1 1 1 2 1 1 1 2 3 1 1 1 3 2 3 1 1 1 3 3 2 2 4 4 4 5 5 5 5 5 6 6 6 7 7 7 7 7 8 9 9 10 1 1 1 1 1 4 6 9 10 9 1 1 1 1 1 4 6 0 10 9 9 1 1 1 1 1 4 6 0 0 
0 0 0 0 0 0 0 0 0 0 1 1 1 1 1 2 2 2 2 2 3 4 4 4 4 4 5 6 7 7 7 7 7 8 9 10 11 11 11 11 11 12 13 14 15 16 16 16 16 16 17 18 19 20 21 22 22 22 22 22 23 24 25 26 27 28 29 29 29 29 29 30 31 32 33 34 35 36 
0 0 0 0 0 0 0 0 0 0 1 1 1 1 1 2 2 2 2 2 3 4 4 4 4 4 5 6 7 7 7 7 8 9 10 11 7 7 7 8 7 9 10 11 12 7 7 8 7 7 9 10 11 12 12 7 8 7 7 7 9 10 11 12 12 12 8 7 7 7 7 9 10 11 12 12 12 12 
0 0 0 0 0 0 0 0 1 1 0 1 0 1 0 0 1 1 0 0 0 1 0 0 1 0 0 1 1 0 1 0 0 1 0 0 1 1 0 0 1 0 0 0 0 2 2 2 2 2 2 2 2 2 2 3 3 3 3 3 3 3 3 3 3 4 5 5 5 5 5 5 5 5 5 5 6 7 
0 0 0 0 0 1 0 1 0 1 0 1 1 0 0 1 0 0 1 1 2 1 0 1 0 2 1 0 1 1 0 2 0 1 0 1 1 1 2 0 1 0 1 0 1 1 2 1 1 0 0 1 1 0 0 2 1 1 1 1 1 0 0 0 0 0 3 3 3 3 3 3 3 3 3 3 3 3 
0 0 0 1 1 1 1 1 1 2 1 1 1 2 3 1 1 1 2 3 4 1 1 1 2 4 3 4 1 1 1 3 2 5 2 2 1 1 1 3 5 2 2 2 4 1 1 1 4 2 2 2 5 4 3 1 1 1 4 2 2 5 2 3 4 3 1 1 1 5 4 4 3 3 2 2 2 2 
0 0 0 1 1 1 1 1 1 2 1 1 1 2 3 1 1 1 3 2 3 1 1 1 3 3 2 2 4 4 4 5 5 5 5 5 4 4 4 5 5 5 5 5 6 7 7 8 9 9 9 9 9 10 10 7 8 7 9 9 9 9 9 10 10 11 8 7 7 9 9 9 9 9 10 10 11 11 
0 0 0 1 1 1 1 1 1 2 1 1 1 2 3 1 1 1 3 2 3 1 1 1 3 3 2 2 4 4 4 5 5 5 5 5 4 4 4 5 5 5 5 5 6 7 8 9 1 1 1 1 1 4 4 8 9 7 1 1 1 1 1 4 4 0 9 7 8 1 1 1 1 1 4 4 0 0 
--- order 128 (x24) ---
0 0 1 0 1 2 0 1 2 3 0 1 3 2 2 0 2 1 1 1 1 0 2 1 1 1 1 3 0 3 1 1 1 1 2 2 4 5 5 5 5 5 5 5 5 6 7 7 7 7 7 7 7 7 8 9 10 10 10 10 10 10 10 10 11 12 13 14 14 14 14 14 14 14 14 15 16 17 
0 0 1 0 1 2 0 1 2 3 0 1 3 2 2 0 2 1 1 1 1 0 2 1 1 1 1 3 0 3 1 1 1 1 2 2 4 5 5 5 5 5 5 5 5 6 7 7 7 7 7 7 7 7 8 9 10 11 11 11 11 10 10 10 12 13 9 11 10 10 10 10 11 11 11 12 13 14 
0 0 1 0 1 2 0 1 2 3 0 1 3 2 2 0 2 1 1 1 1 0 2 1 1 1 1 3 0 3 1 1 1 1 2 2 4 5 5 6 6 5 6 6 5 4 5 6 5 5 6 6 6 5 7 4 6 5 6 6 5 5 5 6 7 8 4 6 6 5 5 6 5 5 6 8 7 7 
0 0 1 0 1 2 0 1 2 3 0 1 3 2 2 0 2 1 1 1 1 0 2 1 1 1 1 3 0 3 1 1 1 1 2 2 4 5 6 6 6 6 5 5 5 4 6 5 5 5 5 6 6 6 7 8 9 10 10 10 10 9 9 9 11 12 8 10 9 9 9 9 10 10 10 12 11 13 
0 0 1 0 1 2 0 1 2 3 0 1 3 2 2 0 2 1 1 1 1 0 2 1 1 1 1 3 0 3 1 1 1 1 2 2 4 5 6 6 6 6 7 7 5 4 6 5 7 7 5 6 6 6 8 4 6 7 5 5 7 6 6 6 8 9 4 7 6 6 6 6 5 5 7 9 8 8 
0 0 1 0 1 2 0 1 3 4 0 1 4 3 2 0 2 1 1 1 1 0 3 1 1 1 1 4 0 4 1 1 1 1 3 2 5 0 0 0 0 0 0 0 0 6 7 7 7 7 7 7 7 7 6 6 7 7 7 7 7 7 7 7 6 8 9 10 10 10 10 10 10 10 10 9 11 11 
0 0 1 0 1 2 0 1 3 4 0 1 4 3 2 0 2 1 1 1 1 0 3 1 1 1 1 4 0 4 1 1 1 1 3 2 5 6 7 7 7 7 6 6 6 5 6 7 7 7 7 6 6 6 8 5 7 6 6 6 6 7 7 7 9 9 5 7 6 6 6 6 7 7 7 9 9 8 
0 0 1 0 1 2 0 2 1 1 0 3 3 4 4 0 3 4 3 4 1 0 4 3 4 3 1 2 0 4 4 3 3 2 1 1 5 0 0 0 0 0 0 0 0 5 0 0 0 0 0 0 0 0 6 6 0 0 0 0 0 0 0 0 5 5 7 8 8 8 8 8 8 8 8 7 7 7 
0 0 1 0 1 2 0 2 1 1 3 0 0 0 0 3 0 0 0 0 4 4 0 0 0 0 3 3 5 6 6 6 6 5 5 5 5 6 6 6 6 5 5 5 7 8 9 9 9 9 8 8 8 10 10 11 12 12 12 12 11 11 11 13 13 14 15 16 16 16 16 15 15 15 17 17 18 19 
0 0 1 0 1 2 0 2 1 1 3 0 0 0 0 3 0 0 0 0 4 4 0 0 0 0 3 3 5 6 6 6 6 5 5 5 5 6 6 6 6 5 5 5 7 8 9 9 9 9 8 8 8 10 10 11 12 12 12 12 11 11 11 13 14 15 11 12 12 12 12 11 11 11 14 13 15 16 
0 0 1 0 1 2 0 2 1 1 3 0 0 0 0 3 0 0 0 0 4 4 0 0 0 0 3 3 5 6 6 6 6 5 5 5 5 6 6 6 6 5 5 5 7 8 9 9 9 9 8 8 8 10 10 11 12 12 12 12 13 13 11 14 14 15 13 12 12 12 12 11 11 13 14 14 15 16 
0 0 1 0 1 2 0 2 1 1 3 0 0 0 0 4 5 5 5 5 4 4 5 5 5 5 4 6 7 8 8 8 8 7 9 9 10 11 12 12 11 10 13 13 14 10 11 12 12 11 10 13 13 14 15 10 12 11 11 12 10 13 13 14 16 16 10 12 11 11 12 10 13 13 14 16 16 15 
0 0 1 0 1 2 0 2 1 1 3 4 5 5 4 3 4 5 5 4 6 3 5 4 4 5 7 7 3 5 4 4 5 7 7 6 8 9 10 10 9 11 11 12 12 8 9 10 10 9 11 11 12 12 13 8 10 9 9 10 12 12 11 11 14 14 8 10 9 9 10 12 12 11 11 14 14 13 
0 0 1 0 1 2 0 1 3 4 0 1 4 3 2 0 2 1 1 1 1 0 3 1 1 1 1 4 0 4 1 1 1 1 3 2 5 0 0 0 0 0 0 0 0 6 0 0 0 0 0 0 0 0 7 7 0 0 0 0 0 0 0 0 6 5 8 9 9 9 9 9 9 9 9 8 8 8 
0 0 1 0 1 2 0 2 1 1 0 3 4 4 3 0 3 4 4 3 2 0 4 3 3 4 1 1 0 4 3 3 4 1 1 2 5 0 0 0 0 0 0 0 0 6 7 7 7 7 7 7 7 7 6 8 9 9 9 9 9 9 9 9 8 10 11 12 12 12 12 12 12 12 12 11 13 14 
0 0 1 0 1 2 0 2 1 1 0 3 4 4 3 0 3 4 4 3 2 0 4 3 3 4 1 1 0 4 3 3 4 1 1 2 5 0 0 0 0 0 0 0 0 6 7 7 7 7 7 7 7 7 6 8 9 9 9 9 9 9 9 9 10 11 10 9 9 9 9 9 9 9 9 8 11 12 
0 0 1 0 1 2 0 2 1 1 0 3 4 4 3 0 3 4 4 3 2 0 4 3 3 4 1 1 0 4 3 3 4 1 1 2 5 0 0 0 0 0 0 0 0 6 7 7 7 7 7 7 7 7 6 8 9 9 9 9 10 10 10 10 8 11 8 10 10 10 10 9 9 9 9 8 11 12 
0 0 1 0 1 2 0 2 1 1 0 3 4 4 3 0 3 4 4 3 2 0 4 3 3 4 1 1 0 4 3 3 4 1 1 2 5 6 6 6 6 7 7 7 7 5 6 6 6 6 7 7 7 7 8 5 7 7 7 7 6 6 6 6 9 10 5 7 7 7 7 6 6 6 6 10 9 8 
0 0 1 0 1 2 0 2 1 1 0 3 4 4 5 0 4 3 5 4 1 0 4 5 3 4 1 2 0 5 4 4 3 2 1 1 6 0 0 0 0 0 0 0 0 6 0 0 0 0 0 0 0 0 7 7 0 0 0 0 0 0 0 0 6 6 8 9 9 9 9 9 9 9 9 8 8 8 
0 0 1 0 1 2 0 2 1 1 3 0 0 0 0 3 0 0 0 0 4 4 0 0 0 0 3 3 5 6 6 6 6 5 5 5 7 8 8 8 8 9 9 7 10 7 8 8 8 8 9 9 7 10 11 9 8 8 8 8 7 7 9 10 12 13 9 8 8 8 8 7 7 9 10 13 12 11 
0 0 1 0 1 2 0 2 1 1 3 0 0 0 0 4 0 0 0 0 5 5 0 0 0 0 4 3 6 7 7 7 7 6 6 6 6 7 7 7 7 6 6 6 8 9 10 10 10 10 9 9 9 11 11 9 10 10 10 10 9 9 9 11 11 12 13 14 14 14 14 13 13 13 15 15 16 16 
0 0 1 0 1 2 0 2 1 1 3 0 0 0 0 4 0 0 0 0 5 5 0 0 0 0 4 3 6 7 7 7 7 6 6 6 8 9 10 10 9 8 8 8 11 8 9 10 10 9 8 8 8 11 12 8 10 9 9 10 8 8 8 11 13 13 8 10 9 9 10 8 8 8 11 13 13 12 
0 0 1 0 1 2 0 2 1 1 3 0 0 0 0 4 5 5 5 5 4 4 5 5 5 5 4 6 7 8 8 8 8 7 9 9 7 8 8 8 8 7 9 9 10 11 12 12 12 12 11 13 13 14 14 11 12 12 12 12 11 13 13 14 14 15 16 17 17 17 17 16 18 18 19 19 20 20 
0 0 1 0 1 2 0 2 1 1 3 0 0 0 0 4 0 0 0 0 5 5 0 0 0 0 4 3 6 7 7 7 7 6 6 6 6 7 7 7 7 6 6 6 8 6 7 7 7 7 6 6 6 9 10 6 7 7 7 7 6 6 6 10 9 8 11 12 12 12 12 11 11 11 13 13 13 13 
--- order 140 (x1) ---
0 0 1 0 1 2 0 2 1 2 0 2 2 1 1 3 0 0 0 0 0 3 0 0 0 0 0 4 4 0 0 0 0 0 3 5 4 0 0 0 0 0 5 3 5 5 0 0 0 0 0 4 5 3 4 5 0 0 0 0 0 5 4 4 3 3 6 7 7 7 7 7 6 6 6 6 6 6 
--- order 144 (x44) ---
0 0 0 1 1 1 1 1 1 2 1 1 1 2 3 1 1 1 3 2 2 4 5 6 1 1 1 1 4 6 5 1 1 1 1 5 5 4 6 1 1 1 1 4 0 5 6 4 1 1 1 1 0 4 6 6 4 5 1 1 1 1 0 6 5 0 6 5 4 1 1 1 1 6 0 0 5 4 
0 0 0 0 0 0 1 1 1 1 1 1 1 1 2 1 1 1 1 2 2 1 1 1 1 3 3 4 1 1 1 1 3 4 3 2 1 1 1 1 4 3 3 2 2 5 5 5 5 6 7 8 8 7 6 5 5 5 5 7 8 6 6 8 7 9 5 5 5 5 8 6 7 7 6 8 9 9 
0 0 0 0 0 0 1 1 1 1 1 1 1 1 2 1 1 1 1 2 2 1 1 1 1 3 4 5 1 1 1 1 4 5 3 2 1 1 1 1 5 3 4 2 2 6 6 6 6 7 7 7 7 7 7 8 8 8 8 9 9 9 9 9 9 10 11 11 11 11 12 12 12 12 12 12 13 14 
0 0 0 0 0 0 1 1 1 1 1 1 1 1 2 1 1 1 1 2 2 1 1 1 1 3 4 5 1 1 1 1 4 5 3 2 1 1 1 1 5 3 4 2 2 6 6 6 6 7 7 7 7 7 7 8 8 8 8 9 9 9 10 10 10 11 8 8 8 8 10 10 10 9 9 9 11 12 
0 0 0 0 0 0 1 1 1 1 1 1 1 1 2 1 1 1 1 2 2 1 1 1 1 3 4 5 1 1 1 1 4 5 3 2 1 1 1 1 5 3 4 2 2 6 6 6 6 7 8 9 7 8 9 6 6 6 6 8 9 7 9 7 8 10 6 6 6 6 9 7 8 8 9 7 10 10 
0 0 0 0 0 0 1 1 1 1 1 1 1 1 2 1 1 1 1 2 2 3 3 3 3 4 4 4 3 3 3 3 4 4 4 5 6 6 6 6 7 7 7 8 8 9 9 9 9 10 11 12 13 13 14 9 9 9 9 11 12 10 13 13 14 15 9 9 9 9 12 10 11 13 13 14 15 15 
0 0 0 0 0 0 1 1 1 1 1 1 1 1 2 1 1 1 1 2 2 3 3 3 3 4 4 4 5 5 5 5 6 6 6 7 8 8 8 8 9 9 9 10 11 12 12 12 12 13 13 13 14 15 16 17 17 17 17 18 18 18 19 20 21 22 23 23 23 23 24 24 24 25 26 27 28 29 
0 0 0 0 0 0 1 1 1 1 1 1 1 1 2 1 1 1 1 2 2 3 3 3 3 4 4 4 5 5 5 5 6 6 6 7 8 8 8 8 9 9 9 10 11 12 12 12 12 13 13 14 15 16 17 12 12 12 12 13 14 13 15 16 17 18 12 12 12 12 14 13 13 15 16 17 18 18 
0 0 0 0 0 0 1 1 1 1 1 1 1 1 2 1 1 1 1 2 2 3 3 3 3 4 4 4 5 5 5 5 6 6 6 7 8 8 8 9 10 10 10 11 12 8 8 9 8 10 10 10 11 12 13 8 9 8 8 10 10 10 11 12 13 13 9 8 8 8 10 10 10 11 12 13 13 13 
0 0 0 0 0 0 1 1 1 1 1 1 1 1 2 1 1 1 1 2 2 3 3 3 3 4 4 5 3 3 3 3 4 5 4 6 3 3 3 3 5 4 4 6 6 7 7 7 7 8 8 9 10 11 11 7 7 7 7 8 9 8 11 10 11 12 7 7 7 7 9 8 8 11 11 10 12 12 
0 0 0 0 0 0 1 1 1 1 1 1 1 1 2 1 1 1 1 2 2 3 3 4 4 5 5 5 3 4 3 4 5 5 5 6 3 4 4 3 5 5 5 6 6 4 3 3 4 5 5 5 6 6 7 4 3 4 3 5 5 5 6 7 6 6 4 4 3 3 5 5 5 7 6 6 6 6 
0 0 0 0 0 0 1 1 1 1 2 2 2 3 1 2 2 2 3 1 3 2 2 3 2 1 0 2 2 2 3 2 1 2 0 3 2 3 2 2 1 0 2 0 2 2 3 2 2 1 2 0 2 0 3 3 2 2 2 1 0 2 0 2 0 2 3 2 2 2 1 2 0 2 0 2 0 3 
0 0 0 0 0 1 0 1 0 0 1 0 0 0 0 2 2 2 2 2 2 2 2 2 2 2 2 3 2 2 2 2 2 2 3 3 4 4 4 4 4 4 5 5 5 6 6 6 6 6 6 7 8 9 10 6 6 6 6 6 6 8 9 7 10 11 6 6 6 6 6 6 9 7 8 10 11 11 
0 0 0 0 0 1 0 1 0 0 1 0 0 0 0 2 2 2 2 2 2 2 2 2 2 2 2 3 2 2 2 2 2 2 3 3 4 4 4 4 4 4 5 5 5 6 7 8 8 7 6 9 9 9 10 7 8 6 6 8 7 9 9 9 10 11 8 6 7 7 6 8 9 9 9 10 11 11 
0 0 0 0 1 1 0 1 1 0 1 0 1 0 1 1 0 1 1 0 0 1 1 0 0 1 0 1 1 1 0 1 0 1 0 0 2 2 2 2 2 2 2 2 2 2 2 2 2 2 2 2 2 2 3 4 4 4 4 4 4 4 4 4 5 5 6 6 6 6 6 6 6 6 6 7 7 8 
0 0 0 0 1 1 0 1 1 0 1 0 1 0 1 1 0 1 1 0 0 1 1 0 0 1 0 1 1 1 0 1 0 1 0 0 2 2 2 2 2 2 2 2 2 2 2 2 2 2 2 2 2 2 3 4 4 4 4 4 4 4 4 4 5 6 4 4 4 4 4 4 4 4 4 6 5 7 
0 0 0 0 1 2 0 2 1 0 1 0 2 2 0 1 2 0 0 2 1 2 0 1 0 1 0 0 2 1 0 1 0 0 0 2 3 3 3 3 3 3 3 3 3 3 3 3 3 3 3 3 3 3 4 3 3 3 3 3 3 3 3 3 5 6 3 3 3 3 3 3 3 3 3 6 5 4 
0 0 0 0 1 2 0 2 1 0 1 0 2 2 0 1 2 0 0 2 1 2 0 1 0 1 0 0 2 1 0 1 0 0 0 2 3 3 3 3 3 3 3 3 3 3 3 3 3 3 3 3 3 3 4 5 5 5 5 5 5 5 5 5 6 6 5 5 5 5 5 5 5 5 5 6 6 7 
0 0 0 1 1 1 1 1 1 0 1 1 1 0 0 2 2 2 2 2 2 2 2 2 2 2 2 3 4 4 4 4 4 4 5 5 6 6 6 6 6 6 7 7 8 9 9 9 9 9 9 10 10 11 12 13 13 13 13 13 13 14 14 15 16 17 18 18 18 18 18 18 19 19 20 21 22 23 
0 0 0 1 1 1 1 1 1 0 1 1 1 0 0 2 2 2 2 2 2 2 2 2 2 2 2 3 4 4 4 4 4 4 5 5 6 6 6 6 6 6 7 7 8 9 9 9 9 9 9 10 10 11 12 13 13 13 13 13 13 14 15 16 17 18 13 13 13 13 13 13 15 14 16 17 18 19 
0 0 0 1 1 1 1 1 1 0 1 1 1 0 0 2 2 2 2 2 2 2 2 2 2 2 2 3 4 4 4 4 4 4 5 5 6 6 6 6 6 6 7 7 8 9 9 9 9 9 9 10 10 11 12 13 13 13 14 14 14 15 15 16 17 18 14 14 14 13 13 13 15 15 16 17 18 19 
0 0 0 1 1 1 1 1 1 0 1 1 1 0 0 2 2 2 2 2 2 2 2 2 2 2 2 3 4 4 4 4 4 4 5 5 6 6 6 6 6 6 7 8 9 6 6 6 6 6 6 8 7 9 10 11 11 11 11 11 11 12 13 14 15 16 11 11 11 11 11 11 13 12 14 16 15 17 
0 0 0 1 1 1 1 1 1 0 1 1 1 0 0 2 2 2 2 2 2 2 2 2 2 2 2 3 4 4 4 4 4 4 5 5 6 6 6 6 6 6 7 8 9 6 6 6 6 6 6 8 7 9 10 11 11 11 12 12 12 13 13 14 15 15 12 12 12 11 11 11 13 13 14 15 15 16 
0 0 0 1 1 1 1 1 1 0 1 1 1 0 0 2 2 2 2 2 2 2 2 2 2 2 2 3 4 4 4 4 4 4 5 5 6 6 6 7 7 7 8 8 9 7 7 7 6 6 6 8 8 9 10 11 11 11 12 12 12 13 13 14 15 16 12 12 12 11 11 11 13 13 14 16 15 17 
0 0 0 1 1 1 1 1 1 0 1 1 1 0 0 2 2 2 2 2 2 2 2 2 2 2 2 3 4 4 4 4 4 4 5 5 6 6 6 7 7 7 8 9 10 6 6 6 7 7 7 9 8 10 11 7 7 7 6 6 6 8 9 10 12 13 7 7 7 6 6 6 9 8 10 13 12 11 
0 0 0 1 1 1 1 1 1 0 1 1 1 0 0 2 2 2 2 2 2 3 3 3 3 3 3 4 5 5 5 5 5 5 6 7 8 8 8 9 9 9 10 11 12 8 8 8 9 9 9 10 11 12 13 9 9 9 8 8 8 10 11 12 14 15 9 9 9 8 8 8 10 11 12 15 14 13 
0 0 0 1 1 1 1 1 1 0 1 1 1 0 0 2 2 2 2 2 2 3 3 3 4 4 4 5 3 3 3 4 4 4 5 6 4 4 4 3 3 3 5 7 8 4 4 4 3 3 3 5 8 7 6 9 9 9 10 10 10 11 12 12 13 13 10 10 10 9 9 9 11 13 13 12 12 14 
0 0 0 1 1 1 1 1 1 0 1 1 1 0 0 2 2 2 2 2 2 3 3 3 4 4 5 2 3 3 3 4 5 4 2 0 3 3 3 5 4 4 2 0 0 4 4 5 3 3 3 2 1 1 1 4 5 4 3 3 3 2 1 1 1 0 5 4 4 3 3 3 2 1 1 1 0 0 
0 0 0 1 1 1 1 1 1 2 1 1 1 2 2 1 1 1 3 3 4 1 1 1 3 4 3 2 1 1 1 4 3 3 2 2 5 5 5 6 6 6 6 6 6 5 5 5 6 6 6 6 6 6 7 8 8 8 9 9 9 9 9 9 10 10 11 11 11 12 12 12 12 12 12 13 13 14 
0 0 0 1 1 1 1 1 1 2 1 1 1 2 2 1 1 1 3 3 4 1 1 1 3 4 3 2 1 1 1 4 3 3 2 2 5 5 5 6 6 6 6 6 6 5 5 5 6 6 6 6 6 6 7 8 8 8 9 9 9 9 9 9 10 11 8 8 8 9 9 9 9 9 9 11 10 12 
0 0 0 1 1 1 1 1 1 2 1 1 1 2 2 1 1 1 3 3 4 1 1 1 3 4 3 2 1 1 1 4 3 3 2 2 5 5 5 6 6 6 6 6 6 5 5 5 6 6 6 6 6 6 7 8 8 8 9 9 9 10 10 10 11 11 8 8 8 10 10 10 9 9 9 11 11 12 
0 0 0 1 1 1 1 1 1 2 1 1 1 2 2 1 1 1 3 3 4 1 1 1 3 4 3 2 1 1 1 4 3 3 2 2 5 5 5 6 6 6 6 6 6 7 7 8 1 1 1 1 1 1 5 7 8 7 1 1 1 1 1 1 5 0 8 7 7 1 1 1 1 1 1 5 0 0 
0 0 0 1 1 1 1 1 1 2 1 1 1 2 2 1 1 1 3 3 4 1 1 1 3 4 3 2 1 1 1 4 3 3 2 2 5 5 5 6 6 6 7 7 7 5 5 5 6 6 6 7 7 7 8 5 5 5 7 7 7 6 6 6 9 10 5 5 5 7 7 7 6 6 6 10 9 8 
0 0 0 1 1 1 1 1 1 2 1 1 1 2 2 1 1 1 3 4 5 1 1 1 4 5 3 2 1 1 1 5 3 4 2 2 6 6 6 7 7 7 7 7 7 6 6 6 7 7 7 7 7 7 8 9 9 9 10 10 10 10 10 10 11 11 9 9 9 10 10 10 10 10 10 11 11 12 
0 0 0 1 1 1 1 1 1 2 1 1 1 2 2 1 1 1 3 4 5 1 1 1 4 5 3 2 1 1 1 5 3 4 2 2 6 6 6 7 7 7 8 8 8 6 6 6 7 7 7 8 8 8 9 6 6 6 8 8 8 7 7 7 10 10 6 6 6 8 8 8 7 7 7 10 10 9 
0 0 0 1 1 1 1 1 1 2 1 1 1 2 2 3 3 3 4 4 4 3 3 3 4 4 4 5 3 3 3 4 4 4 5 6 3 3 3 4 4 4 6 5 5 7 7 7 8 9 10 11 11 11 11 7 7 7 9 10 8 11 11 11 11 12 7 7 7 10 8 9 11 11 11 11 12 12 
0 0 0 1 1 1 1 1 1 2 1 1 1 2 2 3 3 3 4 4 4 3 3 3 4 4 4 5 3 3 3 4 4 4 6 7 3 3 3 4 4 4 7 6 5 8 8 8 9 9 9 10 10 10 10 11 11 11 12 12 12 13 13 13 13 14 15 15 15 16 16 16 17 17 17 17 18 19 
0 0 0 1 1 1 1 1 1 2 1 1 1 2 2 3 3 3 4 4 4 3 3 3 4 4 4 5 3 3 3 4 4 4 6 7 3 3 3 4 4 4 7 6 5 8 8 8 9 9 9 10 10 10 10 11 11 11 12 12 12 13 13 14 14 15 11 11 11 12 12 12 14 14 13 13 15 16 
0 0 0 1 1 1 1 1 1 2 1 1 1 2 2 3 3 3 4 4 4 3 3 3 4 4 4 5 3 3 3 4 4 4 6 7 3 3 3 4 4 4 7 6 5 8 8 8 9 9 10 11 11 11 11 8 8 8 9 10 9 11 11 11 11 12 8 8 8 10 9 9 11 11 11 11 12 12 
0 0 0 1 1 1 1 1 1 2 1 1 1 2 2 3 3 3 4 4 4 3 3 3 4 4 4 5 6 6 6 7 7 7 8 8 6 6 6 7 7 7 8 8 9 10 10 10 11 11 11 12 12 13 13 14 14 14 15 15 15 16 16 17 17 18 19 19 19 20 20 20 21 21 22 22 23 24 
0 0 0 1 1 1 1 1 1 2 1 1 1 2 2 3 3 3 4 4 4 3 3 3 4 4 4 5 6 6 6 7 7 7 8 8 6 6 6 7 7 7 8 8 9 10 10 10 11 11 11 12 12 13 13 14 14 14 15 15 15 16 16 17 18 19 14 14 14 15 15 15 16 16 18 17 19 20 
0 0 0 1 1 1 1 1 1 2 1 1 1 2 2 3 3 3 4 4 4 3 3 3 4 4 4 5 6 6 6 7 7 7 8 8 6 6 6 7 7 7 8 8 9 10 10 10 11 11 12 13 13 14 14 10 10 10 11 12 11 13 13 14 14 15 10 10 10 12 11 11 13 13 14 14 15 15 
0 0 0 1 1 1 1 1 1 2 1 1 1 2 3 1 1 1 3 2 2 4 5 6 1 1 1 1 4 6 5 1 1 1 1 4 5 4 6 1 1 1 1 6 0 5 6 4 1 1 1 1 0 6 5 6 4 5 1 1 1 1 0 5 4 0 6 5 4 1 1 1 1 5 0 0 4 6 
0 0 0 1 1 1 1 1 1 2 1 1 1 2 2 1 1 1 3 4 5 1 1 1 4 5 3 2 1 1 1 5 3 4 2 2 6 6 6 7 7 7 7 7 7 6 6 6 7 7 7 7 7 7 8 6 6 6 7 7 7 7 7 7 9 10 6 6 6 7 7 7 7 7 7 10 9 8 
--- order 160 (x9) ---
0 0 1 0 1 2 0 2 1 1 0 3 3 4 4 0 3 4 3 4 1 0 4 3 4 3 1 2 0 4 4 3 3 2 1 1 5 0 0 0 0 0 0 0 0 5 0 0 0 0 0 0 0 0 6 6 0 0 0 0 0 0 0 0 5 6 6 0 0 0 0 0 0 0 0 6 5 5 
0 0 1 0 1 2 0 2 1 1 0 3 4 4 5 0 4 3 5 4 1 0 4 5 3 4 1 2 0 5 4 4 3 2 1 1 6 0 0 0 0 0 0 0 0 6 0 0 0 0 0 0 0 0 7 7 0 0 0 0 0 0 0 0 6 7 7 0 0 0 0 0 0 0 0 7 6 6 
0 0 1 0 1 2 0 2 1 1 3 0 0 0 0 3 0 0 0 0 4 4 0 0 0 0 3 4 4 0 0 0 0 4 3 3 5 6 6 6 6 5 5 5 5 5 6 6 6 6 5 5 5 5 7 8 9 9 9 9 8 8 8 8 10 10 11 12 12 12 12 11 11 11 11 13 13 14 
0 0 1 0 1 2 0 2 1 1 3 0 0 0 0 3 0 0 0 0 4 4 0 0 0 0 3 4 4 0 0 0 0 4 3 3 5 6 6 6 6 5 5 5 5 5 6 6 6 6 5 5 5 5 7 8 9 9 9 9 8 8 8 8 10 11 8 9 9 9 9 8 8 8 8 11 10 12 
0 0 1 0 1 2 0 2 1 1 3 0 0 0 0 3 0 0 0 0 4 4 0 0 0 0 3 4 4 0 0 0 0 4 3 3 5 6 6 6 6 5 5 5 5 5 6 6 6 6 5 5 5 5 7 8 9 10 10 9 8 8 8 8 11 11 8 10 9 9 10 8 8 8 8 11 11 12 
0 0 1 0 1 2 0 2 1 1 3 0 0 0 0 3 0 0 0 0 4 4 0 0 0 0 3 4 4 0 0 0 0 4 3 3 5 6 7 7 6 5 5 5 5 5 6 7 7 6 5 5 5 5 8 5 7 6 6 7 5 5 5 5 9 10 5 7 6 6 7 5 5 5 5 10 9 8 
0 0 1 0 1 2 0 2 1 2 0 2 2 1 1 3 0 0 0 0 0 4 0 0 0 0 0 5 5 0 0 0 0 0 4 3 6 7 7 7 7 7 6 6 6 6 7 7 7 7 7 6 6 6 8 9 10 10 10 10 10 9 9 9 11 11 9 10 10 10 10 10 9 9 9 11 11 12 
0 0 1 0 1 2 0 2 1 2 0 2 2 1 1 3 0 0 0 0 0 4 5 5 5 5 5 4 4 5 5 5 5 5 4 6 7 8 8 8 8 8 7 9 9 7 8 8 8 8 8 7 9 9 10 11 12 12 12 12 12 11 13 13 14 14 11 12 12 12 12 12 11 13 13 14 14 15 
0 0 1 0 1 2 0 2 1 2 0 2 2 1 1 3 0 0 0 0 0 4 0 0 0 0 0 5 5 0 0 0 0 0 4 3 6 7 7 7 7 7 6 6 6 6 7 7 7 7 7 6 6 6 8 6 7 7 7 7 7 6 6 6 9 10 6 7 7 7 7 7 6 6 6 10 9 8 
--- order 168 (x2) ---
0 0 0 1 1 1 1 1 1 2 1 1 1 2 3 1 1 1 3 2 4 1 1 1 3 4 2 4 1 1 1 4 3 4 2 3 1 1 1 4 4 3 3 2 2 5 5 5 6 6 6 6 6 6 6 5 5 5 6 6 6 6 6 6 6 7 8 8 8 9 9 9 9 9 9 9 10 10 
0 0 0 1 1 1 1 1 1 2 1 1 1 2 3 1 1 1 3 2 4 1 1 1 3 4 2 4 1 1 1 4 3 4 2 3 1 1 1 4 4 3 3 2 2 5 5 6 1 1 1 1 1 1 1 5 6 5 1 1 1 1 1 1 1 0 6 5 5 1 1 1 1 1 1 1 0 0 
--- order 192 (x42) ---
0 0 0 0 0 0 1 1 1 1 1 1 1 1 2 1 1 1 1 2 3 1 1 1 1 3 2 2 1 1 1 1 4 5 6 7 1 1 1 1 5 7 4 6 2 1 1 1 1 6 4 7 5 2 3 1 1 1 1 7 6 5 4 3 2 2 8 8 8 8 9 9 9 9 9 9 9 9 
0 0 0 0 0 0 1 1 1 1 1 1 1 1 2 1 1 1 1 2 3 1 1 1 1 3 2 2 4 4 4 4 5 5 5 5 6 6 6 6 7 7 7 7 8 9 9 9 9 10 10 10 10 11 12 13 13 13 13 14 14 14 14 15 16 17 18 18 18 18 19 19 19 19 20 21 22 23 
0 0 0 0 0 0 1 1 1 1 1 1 1 1 2 1 1 1 1 2 3 1 1 1 1 3 2 2 4 4 4 4 5 5 5 5 6 6 6 6 7 7 7 7 8 9 9 9 9 10 10 10 10 11 12 13 13 13 13 14 15 15 14 16 17 18 13 13 13 13 15 14 14 15 16 17 18 19 
0 0 0 0 0 0 1 1 1 1 1 1 1 1 2 1 1 1 1 2 3 1 1 1 1 3 2 2 4 4 4 4 5 5 5 5 6 6 6 6 7 7 8 8 9 6 6 6 6 7 8 7 8 9 10 6 6 6 6 8 7 8 7 9 10 11 6 6 6 6 8 8 7 7 9 11 10 10 
0 0 0 0 0 0 1 1 1 1 1 1 1 1 2 1 1 1 1 2 3 1 1 1 1 3 2 2 4 4 4 4 5 5 5 5 6 6 6 6 7 8 8 7 9 6 6 6 6 8 7 7 8 9 10 11 11 11 11 12 13 13 12 14 15 16 11 11 11 11 13 12 12 13 14 16 15 17 
0 0 0 0 0 0 1 1 1 1 1 1 1 1 2 1 1 1 1 2 3 1 1 1 1 3 2 2 4 4 4 4 5 5 5 5 6 6 6 6 7 8 8 9 10 6 6 6 6 8 7 9 8 10 11 6 6 6 6 8 9 7 8 10 11 12 6 6 6 6 9 8 8 7 10 12 11 11 
0 0 0 0 0 0 1 1 1 1 1 1 1 1 2 1 1 1 1 2 3 1 1 1 1 3 2 2 4 4 4 4 5 5 5 5 6 6 6 7 8 8 8 8 9 6 6 7 6 8 8 8 8 9 10 6 7 6 6 8 8 8 8 9 10 10 7 6 6 6 8 8 8 8 9 10 10 10 
0 0 0 0 0 0 1 1 1 1 1 1 1 1 2 3 3 3 3 4 4 3 3 3 3 4 4 2 5 5 5 5 6 6 6 6 7 7 7 8 3 3 1 1 5 7 7 8 7 3 3 1 1 5 0 7 8 7 7 3 3 1 1 5 0 0 8 7 7 7 3 3 1 1 5 0 0 0 
0 0 0 0 0 0 1 1 1 1 1 1 1 1 2 3 3 3 3 4 4 3 3 3 3 4 4 5 6 6 6 6 7 7 8 8 6 6 6 6 7 7 8 8 9 10 10 10 10 11 11 12 12 13 13 14 14 14 14 15 15 16 16 17 17 18 19 19 19 19 20 20 21 21 22 22 23 24 
0 0 0 0 0 0 1 1 1 1 1 1 1 1 2 3 3 3 3 4 4 3 3 3 3 4 4 5 6 6 6 6 7 7 8 8 6 6 6 6 7 7 8 8 9 10 10 10 10 11 11 12 12 13 13 14 14 14 14 15 15 16 16 17 18 19 14 14 14 14 15 15 16 16 18 17 19 20 
0 0 0 0 0 0 1 1 1 1 1 1 1 1 2 3 3 3 3 4 4 3 3 3 3 4 4 5 6 6 6 6 7 7 8 8 9 9 9 10 1 1 3 3 6 9 9 10 9 1 1 3 3 6 0 9 10 9 9 1 1 3 3 6 0 0 10 9 9 9 1 1 3 3 6 0 0 0 
0 0 0 0 0 1 0 1 0 0 1 0 0 0 0 2 2 2 2 2 2 2 2 2 2 2 2 3 2 2 2 2 2 2 3 4 2 2 2 2 2 2 4 3 3 5 6 7 7 6 5 8 8 8 8 6 7 5 5 7 6 8 8 8 8 9 7 5 6 6 5 7 8 8 8 8 9 9 
0 0 0 0 0 1 0 1 0 0 1 0 0 0 0 2 2 2 2 2 2 2 2 2 2 2 2 3 2 2 2 2 2 2 4 5 2 2 2 2 2 2 5 4 3 6 6 6 6 6 6 7 7 7 7 8 8 8 8 8 8 9 9 9 9 10 11 11 11 11 11 11 12 12 12 12 13 14 
0 0 0 0 0 1 0 1 0 0 1 0 0 0 0 2 2 2 2 2 2 2 2 2 2 2 2 3 2 2 2 2 2 2 4 5 2 2 2 2 2 2 5 4 3 6 6 6 6 6 6 7 7 7 7 8 8 8 8 8 8 9 9 10 10 11 8 8 8 8 8 8 10 10 9 9 11 12 
0 0 0 0 0 1 0 1 0 0 1 0 0 0 0 2 2 2 2 2 2 2 2 2 2 2 2 3 2 2 2 2 2 2 4 5 2 2 2 2 2 2 5 4 3 6 6 7 7 6 6 8 8 8 8 6 7 6 6 7 6 8 8 8 8 9 7 6 6 6 6 7 8 8 8 8 9 9 
0 0 0 0 0 1 0 1 0 0 1 0 0 0 0 2 2 2 2 2 2 2 2 2 2 2 2 3 4 4 4 4 4 4 5 5 4 4 4 4 4 4 5 5 6 7 7 7 7 7 7 8 8 9 9 10 10 10 10 10 10 11 11 12 12 13 14 14 14 14 14 14 15 15 16 16 17 18 
0 0 0 0 0 1 0 1 0 0 1 0 0 0 0 2 2 2 2 2 2 2 2 2 2 2 2 3 4 4 4 4 4 4 5 5 4 4 4 4 4 4 5 5 6 7 7 7 7 7 7 8 8 9 9 10 10 10 10 10 10 11 11 12 13 14 10 10 10 10 10 10 11 11 13 12 14 15 
0 0 0 0 0 1 0 1 0 0 1 0 0 0 0 2 2 2 2 2 2 2 2 2 2 2 2 3 4 4 4 4 4 4 5 5 4 4 4 4 4 4 5 5 6 7 7 8 8 7 7 9 9 10 10 7 8 7 7 8 7 9 9 10 10 11 8 7 7 7 7 8 9 9 10 10 11 11 
0 0 0 0 0 1 0 1 0 0 1 0 0 0 0 2 2 2 2 2 2 3 4 5 5 4 3 6 3 4 5 5 4 3 6 7 4 5 3 3 5 4 6 8 8 4 5 3 3 5 4 6 8 8 7 5 3 4 4 3 5 6 8 8 8 8 5 3 4 4 3 5 6 8 8 8 8 7 
0 0 0 1 1 1 1 1 1 2 1 1 1 2 3 1 1 1 2 4 5 1 1 1 2 5 4 3 1 1 1 3 2 2 2 2 1 1 1 4 2 2 2 2 5 1 1 1 5 2 2 2 2 4 3 6 6 6 7 7 7 7 7 7 7 7 8 8 8 9 9 9 9 9 9 9 9 10 
0 0 0 1 1 1 1 1 1 2 1 1 1 2 3 1 1 1 2 4 5 1 1 1 2 5 4 3 1 1 1 3 2 2 2 2 1 1 1 4 2 2 2 2 5 1 1 1 5 2 2 2 2 4 3 6 6 6 7 8 8 8 8 7 7 7 6 6 6 8 7 7 7 7 8 8 8 9 
0 0 0 1 1 1 1 1 1 2 1 1 1 2 3 1 1 1 3 2 2 1 1 1 4 4 5 5 1 1 1 4 5 4 5 2 1 1 1 5 4 5 4 2 3 1 1 1 5 5 4 4 3 2 2 6 6 6 7 7 7 7 7 7 7 7 6 6 6 7 7 7 7 7 7 7 7 8 
0 0 0 1 1 1 1 1 1 2 1 1 1 2 3 1 1 1 3 2 2 4 4 4 5 5 5 5 4 4 4 5 5 5 5 6 7 7 7 8 8 8 8 9 9 7 7 7 8 8 8 8 9 9 10 11 11 11 12 12 12 12 13 13 14 14 15 15 15 16 16 16 16 17 17 18 18 19 
0 0 0 1 1 1 1 1 1 2 1 1 1 2 3 1 1 1 3 2 2 4 4 4 5 5 5 5 4 4 4 5 5 5 5 6 7 7 7 8 8 8 8 9 9 7 7 7 8 8 8 8 9 9 10 11 11 11 12 12 12 12 13 13 14 15 11 11 11 12 12 12 12 13 13 15 14 16 
0 0 0 1 1 1 1 1 1 2 1 1 1 2 3 1 1 1 3 2 2 4 4 4 5 5 5 5 4 4 4 5 5 5 5 6 7 7 7 8 8 8 8 9 9 7 7 7 8 8 8 8 9 9 10 11 11 11 12 13 13 12 14 14 15 15 11 11 11 13 12 12 13 14 14 15 15 16 
0 0 0 1 1 1 1 1 1 2 1 1 1 2 3 1 1 1 3 2 2 4 4 4 5 5 5 5 4 4 4 5 5 5 5 6 7 7 7 8 8 8 8 9 9 10 10 11 1 1 1 1 4 4 7 10 11 10 1 1 1 1 4 4 7 0 11 10 10 1 1 1 1 4 4 7 0 0 
0 0 0 1 1 1 1 1 1 2 1 1 1 2 3 1 1 1 3 2 2 4 4 4 5 5 5 5 6 6 6 7 7 7 7 8 9 9 9 10 11 11 10 12 13 9 9 9 10 11 11 10 12 13 14 9 9 9 11 10 10 11 12 13 15 15 9 9 9 11 10 10 11 12 13 15 15 14 
0 0 0 1 1 1 1 1 1 2 1 1 1 2 3 1 1 1 3 2 2 4 4 4 5 6 6 5 4 4 4 5 6 6 5 7 4 4 4 6 5 5 6 8 8 4 4 4 6 5 5 6 8 8 7 9 9 9 10 11 11 10 12 12 13 13 9 9 9 11 10 10 11 13 13 12 12 14 
0 0 0 0 0 0 1 1 1 1 1 1 1 1 2 1 1 1 1 3 4 1 1 1 1 4 3 2 1 1 1 1 5 6 7 8 1 1 1 1 6 5 8 7 2 1 1 1 1 7 8 5 6 3 4 1 1 1 1 8 7 6 5 4 3 2 9 9 9 9 10 10 10 10 10 10 10 10 
0 0 0 0 0 0 1 1 1 1 1 1 1 1 2 1 1 1 1 3 4 1 1 1 1 4 3 2 5 5 5 5 6 6 6 6 5 5 5 5 6 6 6 6 7 8 8 8 8 9 9 9 9 10 10 11 11 11 11 12 12 12 12 13 13 14 15 15 15 15 16 16 16 16 17 17 18 19 
0 0 0 0 0 0 1 1 1 1 1 1 1 1 2 1 1 1 1 3 4 1 1 1 1 4 3 2 5 5 5 5 6 6 6 6 5 5 5 5 6 6 6 6 7 8 8 8 8 9 9 9 9 10 10 11 11 11 11 12 12 12 12 13 14 15 11 11 11 11 12 12 12 12 14 13 15 16 
0 0 0 0 0 0 1 1 1 1 1 1 1 1 2 1 1 1 1 3 4 1 1 1 1 4 3 2 5 5 5 5 6 6 6 6 5 5 5 5 6 6 6 6 7 8 8 8 8 9 9 9 9 10 10 11 11 11 11 12 12 13 13 14 14 15 11 11 11 11 13 13 12 12 14 14 15 16 
0 0 0 0 0 0 1 1 1 1 1 1 1 1 2 1 1 1 1 3 4 1 1 1 1 4 3 2 5 5 5 5 6 6 6 6 7 7 7 7 8 8 9 9 10 7 7 7 7 8 8 9 9 10 11 7 7 7 7 9 9 8 8 10 12 13 7 7 7 7 9 9 8 8 10 13 12 11 
0 0 0 0 0 0 1 1 1 1 1 1 1 1 2 1 1 1 1 3 4 1 1 1 1 4 3 2 5 5 5 5 6 6 6 6 7 7 7 8 1 1 1 1 5 7 7 8 7 1 1 1 1 5 0 7 8 7 7 1 1 1 1 5 0 0 8 7 7 7 1 1 1 1 5 0 0 0 
0 0 0 1 1 1 1 1 1 2 1 1 1 2 3 1 1 1 3 2 2 1 1 1 4 5 5 6 1 1 1 5 4 6 5 2 1 1 1 5 6 4 5 2 3 1 1 1 6 5 5 4 3 2 2 7 7 7 8 8 8 8 8 8 8 8 7 7 7 8 8 8 8 8 8 8 8 9 
0 0 0 1 1 1 1 1 1 2 1 1 1 2 3 1 1 1 3 2 2 4 4 4 5 5 5 5 4 4 4 5 5 5 5 6 4 4 4 5 5 5 5 7 8 4 4 4 5 5 5 5 8 7 6 9 9 9 10 10 10 10 11 11 11 11 12 12 12 13 13 13 13 14 14 14 14 15 
0 0 0 1 1 1 1 1 1 2 1 1 1 2 3 1 1 1 3 2 2 4 4 4 5 5 5 5 4 4 4 5 5 5 5 6 4 4 4 5 5 5 5 7 8 4 4 4 5 5 5 5 8 7 6 9 9 9 10 10 10 10 11 11 12 12 9 9 9 10 10 10 10 12 12 11 11 13 
0 0 0 1 1 1 1 1 1 2 1 1 1 2 3 1 1 1 3 2 2 4 4 4 5 5 5 5 4 4 4 5 5 5 5 6 4 4 4 5 5 5 5 7 8 4 4 4 5 5 5 5 8 7 6 9 9 9 10 11 11 10 12 12 12 12 9 9 9 11 10 10 11 12 12 12 12 13 
0 0 0 1 1 1 1 1 1 2 1 1 1 2 3 1 1 1 3 2 2 4 4 4 5 5 5 5 4 4 4 5 5 5 5 6 7 7 7 8 9 9 8 10 10 7 7 7 8 9 9 8 10 10 11 7 7 7 9 8 8 9 10 10 12 13 7 7 7 9 8 8 9 10 10 13 12 11 
0 0 0 1 1 1 1 1 1 2 1 1 1 3 4 1 1 1 4 3 2 5 5 5 6 6 6 6 5 5 5 6 6 6 6 7 8 8 8 9 9 9 9 10 10 8 8 8 9 9 9 9 10 10 11 12 12 12 13 13 13 13 14 14 15 15 12 12 12 13 13 13 13 14 14 15 15 16 
0 0 0 1 1 1 1 1 1 2 3 3 3 4 4 3 3 3 4 4 5 6 6 6 7 7 8 8 6 6 6 7 7 8 8 9 10 10 10 11 11 12 12 13 13 10 10 10 11 11 12 12 13 13 14 15 15 15 16 16 17 17 18 18 19 19 15 15 15 16 16 17 17 18 18 19 19 20 
0 0 0 1 1 1 1 1 1 2 1 1 1 3 4 1 1 1 4 3 2 5 5 5 6 6 6 6 5 5 5 6 6 6 6 7 5 5 5 6 6 6 6 8 9 5 5 5 6 6 6 6 9 8 7 10 10 10 11 11 11 11 12 12 12 12 10 10 10 11 11 11 11 12 12 12 12 13 
--- order 200 (x3) ---
0 0 1 0 1 2 0 1 2 3 0 1 3 2 3 0 1 3 3 2 2 0 2 1 1 1 1 1 0 2 1 1 1 1 1 3 0 3 1 1 1 1 1 2 3 0 3 1 1 1 1 1 3 2 2 4 5 5 5 5 5 5 5 5 5 5 6 7 7 7 7 7 7 7 7 7 7 8 
0 0 1 0 1 2 0 1 2 3 0 1 3 2 3 0 1 3 3 2 2 0 2 1 1 1 1 1 0 2 1 1 1 1 1 3 0 3 1 1 1 1 1 2 3 0 3 1 1 1 1 1 3 2 2 4 5 6 6 6 6 6 5 5 5 5 4 6 5 5 5 5 5 6 6 6 6 7 
0 0 1 0 1 2 0 2 1 2 0 2 2 1 1 3 0 0 0 0 0 3 0 0 0 0 0 4 4 0 0 0 0 0 3 4 4 0 0 0 0 0 4 3 3 5 6 6 6 6 6 5 5 5 5 5 6 6 6 6 6 5 5 5 5 7 8 9 9 9 9 9 8 8 8 8 10 10 
--- order 216 (x6) ---
0 0 0 0 1 2 0 2 1 0 1 0 2 2 0 1 2 0 0 2 1 2 0 1 0 1 0 0 2 1 0 1 0 0 0 2 3 3 3 3 3 3 3 3 3 3 3 3 3 3 3 3 3 3 4 3 3 3 3 3 3 3 3 3 4 4 5 5 5 5 5 5 5 5 5 6 6 6 
0 0 0 1 1 1 1 1 1 0 1 1 1 0 0 2 2 2 2 2 2 2 2 2 2 2 2 3 2 2 2 2 2 2 3 3 4 4 4 4 4 4 5 5 5 6 6 6 6 6 6 7 8 9 10 6 6 6 6 6 6 8 9 7 10 11 6 6 6 6 6 6 9 7 8 10 11 11 
0 0 0 1 1 1 1 1 1 0 1 1 1 0 0 2 2 2 2 2 2 3 3 3 4 4 4 5 3 3 3 4 4 4 5 6 3 3 3 4 4 4 5 6 6 4 4 4 3 3 3 5 7 8 9 4 4 4 3 3 3 5 8 9 7 6 4 4 4 3 3 3 5 9 7 8 6 6 
0 0 0 1 1 1 1 1 1 2 1 1 1 2 2 1 1 1 3 4 5 1 1 1 4 5 3 2 1 1 1 5 3 4 2 2 6 6 6 7 7 7 7 7 7 6 6 6 7 7 7 7 7 7 8 6 6 6 7 7 7 7 7 7 8 8 9 9 9 10 10 10 10 10 10 11 11 11 
0 0 0 1 1 1 1 1 1 2 1 1 1 2 2 3 3 3 4 4 4 3 3 3 4 4 4 5 3 3 3 4 4 4 5 5 6 6 6 7 7 7 8 8 8 9 9 9 10 10 10 11 11 11 12 13 13 13 14 14 14 15 15 15 16 17 18 18 18 19 19 19 20 20 20 21 22 23 
0 0 0 1 1 1 1 1 1 2 1 1 1 2 2 3 3 3 4 4 4 3 3 3 4 4 4 5 3 3 3 4 4 4 5 5 6 6 6 7 7 7 8 8 8 9 9 9 10 10 10 11 11 12 13 9 9 9 10 10 10 11 12 11 13 14 9 9 9 10 10 10 12 11 11 13 14 14 
--- order 224 (x1) ---
0 0 1 0 1 2 0 2 1 1 3 0 0 0 0 3 0 0 0 0 4 4 0 0 0 0 3 5 4 0 0 0 0 5 3 5 5 0 0 0 0 4 5 3 4 5 0 0 0 0 5 4 4 3 3 6 7 7 7 7 6 6 6 6 6 6 6 7 7 7 7 6 6 6 6 6 6 8 
--- order 240 (x13) ---
0 0 0 0 0 0 0 0 0 0 1 1 1 1 1 1 1 1 1 1 2 3 3 3 3 3 4 4 5 5 5 5 5 6 6 7 8 8 8 8 8 9 9 10 11 12 12 12 12 12 13 13 14 15 16 17 17 17 17 17 18 18 19 20 21 22 23 23 23 23 23 24 24 25 26 27 28 29 
0 0 0 0 0 0 0 0 0 0 1 1 1 1 1 1 1 1 1 1 2 3 3 3 3 3 4 4 5 5 5 5 5 6 6 7 8 8 8 8 8 9 9 10 11 12 12 12 12 12 13 13 14 15 16 17 17 17 17 17 18 19 20 21 22 23 17 17 17 17 17 19 18 20 21 22 23 24 
0 0 0 0 0 0 0 0 0 0 1 1 1 1 1 1 1 1 1 1 2 3 3 3 3 3 4 4 5 5 5 5 5 6 6 7 8 8 8 8 8 9 10 11 12 8 8 8 8 8 10 9 11 12 13 14 14 14 14 14 15 16 17 18 19 20 14 14 14 14 14 16 15 17 18 20 19 21 
0 0 0 0 0 0 0 0 0 0 1 1 1 1 1 1 1 1 1 1 2 3 3 3 3 3 4 4 5 5 5 5 6 7 7 8 5 5 5 6 5 7 7 8 9 5 5 6 5 5 7 7 8 9 9 5 6 5 5 5 7 7 8 9 9 9 6 5 5 5 5 7 7 8 9 9 9 9 
0 0 0 0 0 0 0 0 0 0 1 1 1 1 1 1 1 1 1 1 2 3 3 3 3 3 4 5 3 3 3 3 3 5 4 6 7 7 7 7 7 8 9 10 11 7 7 7 7 7 9 8 11 10 12 13 13 13 13 13 14 15 16 17 18 19 13 13 13 13 13 15 14 17 16 19 18 20 
0 0 0 0 0 0 0 0 0 0 1 1 1 1 1 2 2 2 2 2 3 4 4 4 4 4 3 5 6 6 6 6 7 1 4 2 6 6 6 7 6 1 4 2 0 6 6 7 6 6 1 4 2 0 0 6 7 6 6 6 1 4 2 0 0 0 7 6 6 6 6 1 4 2 0 0 0 0 
0 0 0 0 0 0 0 0 0 0 1 1 1 1 1 2 2 2 2 2 3 4 4 4 4 4 5 6 7 7 7 7 8 1 2 4 7 7 7 8 7 1 2 4 0 7 7 8 7 7 1 2 4 0 0 7 8 7 7 7 1 2 4 0 0 0 8 7 7 7 7 1 2 4 0 0 0 0 
0 0 0 0 0 0 0 0 1 1 0 1 0 1 0 0 1 1 0 0 0 1 0 0 1 0 0 1 1 0 1 0 0 1 0 0 1 1 0 0 1 0 0 0 0 2 2 2 2 2 2 2 2 2 2 2 2 2 2 2 2 2 2 2 2 3 4 4 4 4 4 4 4 4 4 4 5 5 
0 0 0 0 0 0 1 1 1 1 1 1 1 1 2 1 1 1 1 2 3 1 1 1 1 3 2 3 1 1 1 1 3 3 2 2 4 4 4 4 5 5 5 5 5 6 6 6 6 7 7 7 7 7 8 9 9 9 9 10 10 10 10 10 11 12 13 13 13 13 14 14 14 14 14 15 16 17 
0 0 0 0 0 0 1 1 1 1 1 1 1 1 2 1 1 1 1 2 3 1 1 1 1 3 2 3 1 1 1 1 3 3 2 2 4 4 4 5 6 6 6 6 6 4 4 5 4 6 6 6 6 6 7 4 5 4 4 6 6 6 6 6 7 7 5 4 4 4 6 6 6 6 6 7 7 7 
0 0 0 1 1 1 1 1 1 2 1 1 1 2 3 1 1 1 3 2 3 1 1 1 3 3 2 2 4 4 4 5 5 5 5 5 4 4 4 5 5 5 5 5 6 4 4 4 5 5 5 5 5 7 8 4 4 4 5 5 5 5 5 8 7 6 9 9 9 10 10 10 10 10 11 11 11 11 
0 0 0 1 1 1 1 1 1 2 1 1 1 2 3 1 1 1 3 2 3 1 1 1 3 3 2 2 4 4 4 5 5 5 5 5 4 4 4 5 5 5 5 5 6 7 7 7 8 8 8 8 8 9 9 7 7 7 8 8 8 8 8 9 9 10 11 11 11 12 12 12 12 12 13 13 14 14 
0 0 0 1 1 1 1 1 1 2 1 1 1 2 3 1 1 1 3 2 3 1 1 1 3 3 2 2 4 4 4 5 5 5 5 5 4 4 4 5 5 5 5 5 6 7 7 8 1 1 1 1 1 4 4 7 8 7 1 1 1 1 1 4 4 0 8 7 7 1 1 1 1 1 4 4 0 0 
--- order 256 (x11) ---
0 0 1 0 1 2 0 1 2 3 0 1 3 2 2 0 2 1 1 1 1 0 2 1 1 1 1 3 0 3 1 1 1 1 2 2 4 0 0 0 0 0 0 0 0 5 6 6 6 6 6 6 6 6 5 7 8 8 8 8 8 8 8 8 7 9 10 11 11 11 11 11 11 11 11 10 12 13 
0 0 1 0 1 2 0 1 2 3 0 1 3 2 2 0 2 1 1 1 1 0 2 1 1 1 1 3 0 3 1 1 1 1 2 2 4 0 0 0 0 0 0 0 0 5 6 6 6 6 6 6 6 6 5 7 8 8 8 8 8 8 8 8 9 10 9 8 8 8 8 8 8 8 8 7 10 11 
0 0 1 0 1 2 0 1 2 3 0 1 3 2 2 0 2 1 1 1 1 0 2 1 1 1 1 3 0 3 1 1 1 1 2 2 4 0 0 0 0 0 0 0 0 5 6 6 6 6 6 6 6 6 5 7 8 9 9 9 9 8 8 8 7 10 7 9 8 8 8 8 9 9 9 7 10 11 
0 0 1 0 1 2 0 1 2 3 0 1 3 2 2 0 2 1 1 1 1 0 2 1 1 1 1 3 0 3 1 1 1 1 2 2 4 5 6 6 6 6 5 5 5 4 5 6 6 6 6 5 5 5 7 4 6 5 5 5 5 6 6 6 8 9 4 6 5 5 5 5 6 6 6 9 8 7 
0 0 1 0 1 2 0 1 3 4 0 1 4 3 2 0 2 1 1 1 1 0 3 1 1 1 1 4 0 4 1 1 1 1 3 2 5 0 0 0 0 0 0 0 0 5 0 0 0 0 0 0 0 0 6 6 0 0 0 0 0 0 0 0 5 5 7 8 8 8 8 8 8 8 8 7 7 7 
0 0 1 0 1 2 0 2 1 1 0 3 4 4 3 0 3 4 4 3 2 0 4 3 3 4 1 1 0 4 3 3 4 1 1 2 5 6 6 6 6 7 7 7 7 5 6 6 6 6 7 7 7 7 8 5 7 7 7 7 6 6 6 6 9 9 5 7 7 7 7 6 6 6 6 9 9 8 
0 0 1 0 1 2 0 2 1 1 3 0 0 0 0 3 0 0 0 0 4 4 0 0 0 0 3 3 5 6 6 6 6 5 5 5 7 8 8 8 8 9 9 7 10 7 8 8 8 8 9 9 7 10 11 9 8 8 8 8 7 7 9 10 12 12 9 8 8 8 8 7 7 9 10 12 12 11 
0 0 1 0 1 2 0 2 1 1 0 3 4 4 3 0 3 4 4 3 2 0 4 3 3 4 1 1 0 4 3 3 4 1 1 2 5 0 0 0 0 0 0 0 0 6 7 7 7 7 7 7 7 7 6 6 7 7 7 7 7 7 7 7 6 8 9 10 10 10 10 10 10 10 10 9 11 11 
0 0 1 0 1 2 0 2 1 1 3 0 0 0 0 3 0 0 0 0 4 4 0 0 0 0 3 3 5 6 6 6 6 5 5 5 5 6 6 6 6 5 5 5 7 5 6 6 6 6 5 5 5 8 9 5 6 6 6 6 5 5 5 9 8 7 10 11 11 11 11 10 10 10 12 12 12 12 
0 0 1 0 1 2 0 2 1 1 3 0 0 0 0 3 0 0 0 0 4 4 0 0 0 0 3 3 5 6 6 6 6 5 5 5 5 6 6 6 6 5 5 5 7 8 9 9 9 9 8 8 8 10 10 8 9 9 9 9 8 8 8 10 10 11 12 13 13 13 13 12 12 12 14 14 15 15 
0 0 1 0 1 2 0 2 1 1 0 3 4 4 3 0 3 4 4 3 2 0 4 3 3 4 1 1 0 4 3 3 4 1 1 2 5 0 0 0 0 0 0 0 0 6 0 0 0 0 0 0 0 0 7 7 0 0 0 0 0 0 0 0 6 5 8 9 9 9 9 9 9 9 9 8 8 8 
--- order 288 (x37) ---
0 0 0 0 0 0 1 1 1 1 1 1 1 1 2 1 1 1 1 2 2 1 1 1 1 3 3 4 1 1 1 1 3 4 3 2 1 1 1 1 4 3 3 2 2 5 5 5 5 6 6 6 6 6 6 7 7 7 7 8 8 8 8 8 8 9 10 10 10 10 11 11 11 11 11 11 12 13 
0 0 0 0 0 0 1 1 1 1 1 1 1 1 2 1 1 1 1 2 2 1 1 1 1 3 3 4 1 1 1 1 3 4 3 2 1 1 1 1 4 3 3 2 2 5 5 5 5 6 6 6 6 6 6 7 7 7 7 8 8 8 9 9 9 10 7 7 7 7 9 9 9 8 8 8 10 11 
0 0 0 0 0 0 1 1 1 1 1 1 1 1 2 1 1 1 1 2 2 1 1 1 1 3 3 4 1 1 1 1 3 4 3 2 1 1 1 1 4 3 3 2 2 5 5 5 5 6 6 7 7 6 6 5 5 5 5 6 7 6 6 7 6 8 5 5 5 5 7 6 6 6 6 7 8 8 
0 0 0 0 0 0 1 1 1 1 1 1 1 1 2 1 1 1 1 2 2 1 1 1 1 3 4 5 1 1 1 1 4 5 3 2 1 1 1 1 5 3 4 2 2 6 6 6 6 7 7 7 7 7 7 6 6 6 6 7 7 7 7 7 7 8 9 9 9 9 10 10 10 10 10 10 11 11 
0 0 0 0 0 0 1 1 1 1 1 1 1 1 2 1 1 1 1 2 2 3 3 3 3 4 4 4 3 3 3 3 4 4 4 5 6 6 6 6 7 7 7 8 8 9 9 9 9 10 10 10 11 11 12 13 13 13 13 14 14 14 15 15 16 17 18 18 18 18 19 19 19 20 20 21 22 23 
0 0 0 0 0 0 1 1 1 1 1 1 1 1 2 1 1 1 1 2 2 3 3 3 3 4 4 4 3 3 3 3 4 4 4 5 6 6 6 6 7 7 7 8 8 9 9 9 9 10 10 10 11 11 12 13 13 13 13 14 14 14 15 16 17 18 13 13 13 13 14 14 14 16 15 17 18 19 
0 0 0 0 0 0 1 1 1 1 1 1 1 1 2 1 1 1 1 2 2 3 3 3 3 4 4 4 3 3 3 3 4 4 4 5 6 6 6 6 7 7 7 8 8 9 9 9 9 10 10 11 12 12 13 9 9 9 9 10 11 10 12 12 13 14 9 9 9 9 11 10 10 12 12 13 14 14 
0 0 0 0 0 0 1 1 1 1 1 1 1 1 2 1 1 1 1 2 2 3 3 3 3 4 4 4 3 3 3 3 4 4 4 5 6 6 6 6 7 7 7 8 9 6 6 6 6 7 7 7 9 8 10 11 11 11 11 12 12 12 13 14 15 16 11 11 11 11 12 12 12 14 13 16 15 17 
0 0 0 0 0 0 1 1 1 1 1 1 1 1 2 1 1 1 1 2 2 3 3 3 3 4 4 4 3 3 3 3 4 4 4 5 6 6 6 7 8 8 8 9 9 6 6 7 6 8 8 8 9 9 10 6 7 6 6 8 8 8 9 9 10 10 7 6 6 6 8 8 8 9 9 10 10 10 
0 0 0 0 0 0 1 1 1 1 1 1 1 1 2 1 1 1 1 2 2 3 3 3 3 4 4 4 5 5 5 5 4 4 4 6 7 7 7 8 1 1 1 5 3 7 7 8 7 1 1 1 5 3 0 7 8 7 7 1 1 1 5 3 0 0 8 7 7 7 1 1 1 5 3 0 0 0 
0 0 0 0 0 0 1 1 1 1 1 1 1 1 2 1 1 1 1 2 2 3 3 3 3 4 4 4 5 5 5 5 6 6 6 7 8 8 8 9 1 1 1 3 5 8 8 9 8 1 1 1 3 5 0 8 9 8 8 1 1 1 3 5 0 0 9 8 8 8 1 1 1 3 5 0 0 0 
0 0 0 0 0 1 0 1 0 0 1 0 0 0 0 2 2 2 2 2 2 2 2 2 2 2 2 3 2 2 2 2 2 2 3 3 2 2 2 2 2 2 4 5 6 2 2 2 2 2 2 5 6 4 3 2 2 2 2 2 2 6 4 5 3 3 7 7 7 7 7 7 8 8 8 8 8 8 
0 0 0 0 0 1 0 1 0 0 1 0 0 0 0 2 2 2 2 2 2 2 2 2 2 2 2 3 2 2 2 2 2 2 3 3 4 4 4 4 4 4 5 5 5 6 6 6 6 6 6 7 7 7 8 9 9 9 9 9 9 10 10 10 11 12 13 13 13 13 13 13 14 14 14 15 16 17 
0 0 0 0 0 1 0 1 0 0 1 0 0 0 0 2 2 2 2 2 2 2 2 2 2 2 2 3 2 2 2 2 2 2 3 3 4 4 4 4 4 4 5 5 5 6 6 6 6 6 6 7 7 8 9 6 6 6 6 6 6 7 8 7 9 10 6 6 6 6 6 6 8 7 7 9 10 10 
0 0 0 0 0 1 0 1 0 0 1 0 0 0 0 2 2 2 2 2 2 2 2 2 2 2 2 3 2 2 2 2 2 2 3 3 4 4 4 4 4 4 5 5 5 6 6 7 7 6 6 8 8 8 9 6 7 6 6 7 6 8 8 8 9 10 7 6 6 6 6 7 8 8 8 9 10 10 
0 0 0 0 1 1 0 1 1 0 1 0 1 0 1 1 0 1 1 0 0 1 1 0 0 1 0 1 1 1 0 1 0 1 0 0 2 2 2 2 2 2 2 2 2 2 2 2 2 2 2 2 2 2 3 2 2 2 2 2 2 2 2 2 4 5 2 2 2 2 2 2 2 2 2 5 4 3 
0 0 0 0 1 1 0 1 1 0 1 0 1 0 1 1 0 1 1 0 0 1 1 0 0 1 0 1 1 1 0 1 0 1 0 0 2 2 2 2 2 2 2 2 2 2 2 2 2 2 2 2 2 2 3 4 4 4 4 4 4 4 4 4 5 5 4 4 4 4 4 4 4 4 4 5 5 6 
0 0 0 0 1 2 0 2 1 0 1 0 2 2 0 1 2 0 0 2 1 2 0 1 0 1 0 0 2 1 0 1 0 0 0 2 3 3 3 3 3 3 3 3 3 3 3 3 3 3 3 3 3 3 4 3 3 3 3 3 3 3 3 3 4 5 3 3 3 3 3 3 3 3 3 5 4 4 
0 0 0 1 1 1 1 1 1 0 1 1 1 0 0 1 1 1 2 2 3 1 1 1 2 3 2 0 1 1 1 3 2 2 0 0 2 2 3 1 1 1 1 1 1 2 3 2 1 1 1 1 1 1 0 3 2 2 1 1 1 1 1 1 0 0 4 4 4 4 4 4 4 4 4 4 4 4 
0 0 0 1 1 1 1 1 1 0 1 1 1 0 0 2 2 2 2 2 2 2 2 2 2 2 2 3 4 4 4 4 4 4 5 5 4 4 4 4 4 4 5 5 6 7 7 7 7 7 7 8 8 9 9 10 10 10 10 10 10 11 11 12 12 13 14 14 14 14 14 14 15 15 16 16 17 18 
0 0 0 1 1 1 1 1 1 0 1 1 1 0 0 2 2 2 2 2 2 2 2 2 2 2 2 3 4 4 4 4 4 4 5 5 4 4 4 4 4 4 5 5 6 7 7 7 7 7 7 8 8 9 9 10 10 10 10 10 10 11 11 12 13 14 10 10 10 10 10 10 11 11 13 12 14 15 
0 0 0 1 1 1 1 1 1 0 1 1 1 0 0 2 2 2 2 2 2 2 2 2 2 2 2 3 4 4 4 4 4 4 5 5 4 4 4 4 4 4 5 5 6 7 7 7 7 7 7 8 8 9 9 10 10 10 11 11 11 12 12 13 13 14 11 11 11 10 10 10 12 12 13 13 14 15 
0 0 0 1 1 1 1 1 1 0 1 1 1 0 0 2 2 2 2 2 2 3 3 3 3 3 3 4 5 5 5 5 5 5 6 7 8 8 8 9 9 9 10 11 12 8 8 8 9 9 9 10 11 12 13 9 9 9 8 8 8 10 11 12 14 14 9 9 9 8 8 8 10 11 12 14 14 13 
0 0 0 1 1 1 1 1 1 0 1 1 1 0 0 2 2 2 2 2 2 3 3 3 4 4 4 5 3 3 3 4 4 4 5 6 4 4 4 3 3 3 5 7 7 4 4 4 3 3 3 5 7 7 6 8 8 8 9 9 9 10 11 11 12 12 9 9 9 8 8 8 10 12 12 11 11 13 
0 0 0 1 1 1 1 1 1 2 1 1 1 2 2 1 1 1 3 3 4 1 1 1 3 4 3 2 1 1 1 4 3 3 2 2 5 5 5 6 6 6 6 6 6 5 5 5 6 6 6 6 6 6 7 8 8 8 9 9 9 9 9 9 10 10 8 8 8 9 9 9 9 9 9 10 10 11 
0 0 0 1 1 1 1 1 1 2 1 1 1 2 2 1 1 1 3 3 4 1 1 1 3 4 3 2 1 1 1 4 3 3 2 2 5 5 5 6 6 6 7 7 7 5 5 5 6 6 6 7 7 7 8 5 5 5 7 7 7 6 6 6 9 9 5 5 5 7 7 7 6 6 6 9 9 8 
0 0 0 1 1 1 1 1 1 2 1 1 1 2 2 1 1 1 3 4 5 1 1 1 4 5 3 2 1 1 1 5 3 4 2 2 6 6 6 7 7 7 7 7 7 6 6 6 7 7 7 7 7 7 8 6 6 6 7 7 7 7 7 7 8 9 6 6 6 7 7 7 7 7 7 9 8 8 
0 0 0 1 1 1 1 1 1 2 1 1 1 2 2 3 3 3 4 4 4 3 3 3 4 4 4 5 3 3 3 4 4 4 5 6 3 3 3 4 4 4 6 5 5 7 7 7 8 8 8 9 9 9 9 10 10 10 11 11 11 12 12 12 12 13 14 14 14 15 15 15 16 16 16 16 17 18 
0 0 0 1 1 1 1 1 1 2 1 1 1 2 2 3 3 3 4 4 4 3 3 3 4 4 4 5 3 3 3 4 4 4 5 6 3 3 3 4 4 4 6 5 5 7 7 7 8 8 8 9 9 9 9 10 10 10 11 11 11 12 13 13 12 14 10 10 10 11 11 11 13 12 12 13 14 15 
0 0 0 1 1 1 1 1 1 2 1 1 1 2 2 3 3 3 4 4 4 3 3 3 4 4 4 5 3 3 3 4 4 4 5 6 3 3 3 4 4 4 6 5 5 7 7 7 8 8 9 10 10 10 10 7 7 7 8 9 8 10 10 10 10 11 7 7 7 9 8 8 10 10 10 10 11 11 
0 0 0 1 1 1 1 1 1 2 1 1 1 2 2 3 3 3 4 4 4 3 3 3 4 4 4 5 6 6 6 7 7 7 8 8 6 6 6 7 7 7 8 8 9 10 10 10 11 11 11 12 12 13 13 10 10 10 11 11 11 12 12 13 13 14 15 15 15 16 16 16 17 17 18 18 19 19 
0 0 0 1 1 1 1 1 1 0 1 1 1 0 0 2 2 2 2 2 2 2 2 2 2 2 2 3 2 2 2 2 2 2 4 5 2 2 2 2 2 2 5 4 3 6 6 6 6 6 6 7 7 7 7 8 8 8 8 8 8 9 9 9 9 10 11 11 11 11 11 11 12 12 12 12 13 14 
0 0 0 1 1 1 1 1 1 0 1 1 1 0 0 2 2 2 2 2 2 2 2 2 2 2 2 3 2 2 2 2 2 2 4 5 2 2 2 2 2 2 5 4 3 6 6 6 6 6 6 7 7 7 7 8 8 8 8 8 8 9 9 10 10 11 8 8 8 8 8 8 10 10 9 9 11 12 
0 0 0 1 1 1 1 1 1 0 1 1 1 0 0 2 2 2 2 2 2 2 2 2 2 2 2 3 2 2 2 2 2 2 4 5 2 2 2 2 2 2 5 4 3 6 6 6 6 6 6 7 7 7 7 8 8 8 9 9 9 10 10 10 10 11 9 9 9 8 8 8 10 10 10 10 11 12 
0 0 0 1 1 1 1 1 1 0 1 1 1 0 0 2 2 2 2 2 2 2 2 2 2 2 2 3 4 4 4 4 4 4 5 5 6 6 6 7 7 7 8 8 9 6 6 6 7 7 7 8 8 9 10 7 7 7 6 6 6 8 8 9 11 12 7 7 7 6 6 6 8 8 9 12 11 10 
0 0 0 1 1 1 1 1 1 2 1 1 1 2 2 1 1 1 3 3 4 1 1 1 3 4 3 2 1 1 1 4 3 3 2 2 5 5 5 6 6 6 6 6 6 5 5 5 6 6 6 6 6 6 7 5 5 5 6 6 6 6 6 6 8 9 5 5 5 6 6 6 6 6 6 9 8 7 
0 0 0 1 1 1 1 1 1 2 1 1 1 2 2 3 3 3 4 4 4 3 3 3 4 4 4 5 3 3 3 4 4 4 6 7 3 3 3 4 4 4 7 6 5 8 8 8 9 9 9 10 10 10 10 8 8 8 9 9 9 10 10 10 10 11 12 12 12 13 13 13 14 14 14 14 15 15 
--- order 320 (x5) ---
0 0 1 0 1 2 0 1 2 3 0 1 3 2 2 0 2 1 2 2 1 0 2 1 2 2 1 3 0 2 2 1 1 2 1 1 0 2 2 1 1 2 1 1 3 0 3 1 1 1 1 2 2 2 2 4 5 5 5 5 5 5 5 5 5 5 6 7 7 7 7 7 7 7 7 7 7 8 
0 0 1 0 1 2 0 1 3 4 0 1 4 3 2 0 2 1 1 1 1 0 3 1 1 1 1 4 0 4 1 1 1 1 3 2 5 0 0 0 0 0 0 0 0 5 0 0 0 0 0 0 0 0 6 6 0 0 0 0 0 0 0 0 5 6 6 0 0 0 0 0 0 0 0 6 5 5 
0 0 1 0 1 2 0 2 1 1 3 0 0 0 0 3 0 0 0 0 4 4 0 0 0 0 3 4 4 0 0 0 0 4 3 3 5 6 6 6 6 5 5 5 5 5 6 6 6 6 5 5 5 5 7 8 9 9 9 9 8 8 8 8 10 10 8 9 9 9 9 8 8 8 8 10 10 11 
0 0 1 0 1 2 0 2 1 1 3 0 0 0 0 3 0 0 0 0 4 4 0 0 0 0 3 4 4 0 0 0 0 4 3 3 5 6 7 7 6 5 5 5 5 5 6 7 7 6 5 5 5 5 8 5 7 6 6 7 5 5 5 5 9 9 5 7 6 6 7 5 5 5 5 9 9 8 
0 0 1 0 1 2 0 2 1 1 3 0 0 0 0 3 0 0 0 0 4 4 0 0 0 0 3 4 4 0 0 0 0 4 3 3 5 6 6 6 6 5 5 5 5 5 6 6 6 6 5 5 5 5 7 5 6 6 6 6 5 5 5 5 8 9 5 6 6 6 6 5 5 5 5 9 8 7 
--- order 336 (x1) ---
0 0 0 0 0 0 1 1 1 1 1 1 1 1 2 1 1 1 1 2 3 1 1 1 1 3 2 4 1 1 1 1 3 4 2 4 1 1 1 1 4 3 4 2 3 1 1 1 1 4 4 3 3 2 2 5 5 5 5 6 6 6 6 6 6 6 7 7 7 7 8 8 8 8 8 8 8 9 
--- order 360 (x2) ---
0 0 0 0 0 0 0 0 0 0 1 1 1 1 1 1 1 1 1 1 2 1 1 1 1 1 2 2 3 3 3 3 3 4 4 4 5 5 5 5 5 6 6 6 7 8 8 8 8 8 9 10 11 12 13 8 8 8 8 8 10 11 9 12 13 14 8 8 8 8 8 11 9 10 12 13 14 14 
0 0 0 1 1 1 1 1 1 2 1 1 1 2 2 3 3 3 4 4 4 3 3 3 4 4 4 5 3 3 3 4 4 4 5 6 3 3 3 4 4 4 6 5 6 3 3 3 4 4 4 6 6 5 5 7 7 7 8 8 8 9 9 9 9 9 10 10 10 11 11 11 12 12 12 12 12 13 
--- order 384 (x28) ---
0 0 0 0 0 0 0 0 0 1 0 0 1 0 0 0 1 0 0 0 0 1 0 0 0 0 0 0 2 2 2 2 2 2 2 2 3 3 3 3 3 3 3 3 4 5 5 5 5 5 5 5 5 6 7 8 8 8 8 8 8 8 8 9 10 11 12 12 12 12 12 12 12 12 13 14 15 16 
0 0 0 0 0 0 0 0 0 1 0 0 1 0 0 0 1 0 0 0 0 1 0 0 0 0 0 0 2 2 2 2 2 2 2 2 3 3 3 4 4 3 3 3 5 3 3 4 3 3 4 3 3 5 6 3 4 3 3 3 3 4 3 5 6 6 4 3 3 3 3 3 3 4 5 6 6 6 
0 0 0 0 0 0 1 1 1 1 1 1 1 1 2 1 1 1 1 2 3 1 1 1 1 3 2 2 1 1 1 1 4 4 5 5 1 1 1 1 4 5 4 5 2 1 1 1 1 5 4 5 4 2 3 1 1 1 1 5 5 4 4 3 2 2 6 6 6 6 7 7 7 7 7 7 7 7 
0 0 0 0 0 0 1 1 1 1 1 1 1 1 2 1 1 1 1 2 3 1 1 1 1 3 2 2 1 1 1 1 4 5 5 6 1 1 1 1 5 4 6 5 2 1 1 1 1 5 6 4 5 2 3 1 1 1 1 6 5 5 4 3 2 2 7 7 7 7 8 8 8 8 8 8 8 8 
0 0 0 0 0 0 1 1 1 1 1 1 1 1 2 1 1 1 1 2 3 1 1 1 1 3 2 2 4 4 4 4 5 5 5 5 4 4 4 4 5 5 5 5 6 7 7 7 7 8 8 8 8 9 9 10 10 10 10 11 11 11 11 12 12 13 14 14 14 14 15 15 15 15 16 16 17 18 
0 0 0 0 0 0 1 1 1 1 1 1 1 1 2 1 1 1 1 2 3 1 1 1 1 3 2 2 4 4 4 4 5 5 5 5 4 4 4 4 5 5 5 5 6 7 7 7 7 8 8 8 8 9 9 10 10 10 10 11 11 11 11 12 13 14 10 10 10 10 11 11 11 11 13 12 14 15 
0 0 0 0 0 0 1 1 1 1 1 1 1 1 2 1 1 1 1 2 3 1 1 1 1 3 2 2 4 4 4 4 5 5 5 5 4 4 4 4 5 5 5 5 6 7 7 7 7 8 8 8 8 9 9 10 10 10 10 11 12 12 11 13 13 14 10 10 10 10 12 11 11 12 13 13 14 15 
0 0 0 0 0 0 1 1 1 1 1 1 1 1 2 1 1 1 1 2 3 1 1 1 1 3 2 2 4 4 4 4 5 5 5 5 6 6 6 6 7 8 8 7 9 6 6 6 6 7 8 8 7 9 10 6 6 6 6 8 7 7 8 9 11 12 6 6 6 6 8 7 7 8 9 12 11 10 
0 0 0 0 0 0 1 1 1 1 1 1 1 1 2 1 1 1 1 2 3 1 1 1 1 3 2 2 4 4 4 4 5 5 5 5 6 6 6 7 1 1 1 1 4 6 6 7 6 1 1 1 1 4 0 6 7 6 6 1 1 1 1 4 0 0 7 6 6 6 1 1 1 1 4 0 0 0 
0 0 0 0 0 1 0 0 2 3 0 0 3 2 1 0 1 0 0 0 0 0 2 0 0 0 0 3 0 3 0 0 0 0 2 1 1 0 0 0 0 0 0 0 0 2 0 0 0 0 0 0 0 0 3 3 0 0 0 0 0 0 0 0 2 1 4 4 4 4 4 4 4 4 4 4 4 4 
0 0 0 0 0 1 0 1 0 0 1 0 0 0 0 2 2 2 2 2 2 2 2 2 2 2 2 3 2 2 2 2 2 2 3 4 2 2 2 2 2 2 4 3 3 5 5 5 5 5 5 6 6 6 6 7 7 7 7 7 7 8 8 8 8 9 10 10 10 10 10 10 11 11 11 11 12 13 
0 0 0 0 0 1 0 1 0 0 1 0 0 0 0 2 2 2 2 2 2 2 2 2 2 2 2 3 2 2 2 2 2 2 3 4 2 2 2 2 2 2 4 3 3 5 5 5 5 5 5 6 6 6 6 7 7 7 7 7 7 8 9 9 8 10 7 7 7 7 7 7 9 8 8 9 10 11 
0 0 0 0 0 1 0 1 0 0 1 0 0 0 0 2 2 2 2 2 2 2 2 2 2 2 2 3 2 2 2 2 2 2 3 4 2 2 2 2 2 2 4 3 3 5 5 6 6 5 5 7 7 7 7 5 6 5 5 6 5 7 7 7 7 8 6 5 5 5 5 6 7 7 7 7 8 8 
0 0 0 0 0 1 0 1 0 0 1 0 0 0 0 2 2 2 2 2 2 2 2 2 2 2 2 3 4 4 4 4 4 4 5 5 4 4 4 4 4 4 5 5 6 7 7 7 7 7 7 8 8 9 9 7 7 7 7 7 7 8 8 9 9 10 11 11 11 11 11 11 12 12 13 13 14 14 
0 0 0 0 0 1 0 1 0 0 1 0 0 0 0 2 2 2 2 2 2 3 3 4 4 3 3 5 3 3 4 4 3 3 5 6 3 4 3 3 4 3 5 7 7 3 4 3 3 4 3 5 7 7 6 4 3 3 3 3 4 5 7 7 7 7 4 3 3 3 3 4 5 7 7 7 7 6 
0 0 0 0 0 1 0 1 0 0 1 0 0 0 0 2 2 2 2 2 2 3 4 5 5 4 3 2 3 4 5 5 4 3 2 1 4 5 3 3 5 4 2 0 0 4 5 3 3 5 4 2 0 0 1 5 3 4 4 3 5 2 0 0 0 0 5 3 4 4 3 5 2 0 0 0 0 1 
0 0 0 1 1 1 1 1 1 2 1 1 1 2 3 1 1 1 2 4 5 1 1 1 2 5 4 3 1 1 1 3 2 2 2 2 1 1 1 4 2 2 2 2 5 1 1 1 5 2 2 2 2 4 3 6 6 6 7 7 7 7 7 7 7 7 6 6 6 7 7 7 7 7 7 7 7 8 
0 0 0 1 1 1 1 1 1 2 1 1 1 2 3 1 1 1 3 2 2 1 1 1 4 5 5 4 1 1 1 4 5 5 4 3 1 1 1 5 4 4 5 2 2 1 1 1 5 4 4 5 2 2 3 6 6 6 7 7 7 7 7 7 7 7 8 8 8 9 9 9 9 9 9 9 9 10 
0 0 0 1 1 1 1 1 1 2 1 1 1 2 3 1 1 1 3 2 2 1 1 1 4 5 5 4 1 1 1 4 5 5 4 3 1 1 1 5 4 4 5 2 2 1 1 1 5 4 4 5 2 2 3 6 6 6 7 7 7 7 8 8 8 8 6 6 6 8 8 8 8 7 7 7 7 9 
0 0 0 1 1 1 1 1 1 2 1 1 1 2 3 1 1 1 3 2 2 4 4 4 5 5 5 5 4 4 4 5 5 5 5 6 4 4 4 5 5 5 5 6 7 4 4 4 5 5 5 5 7 6 6 8 8 8 9 9 9 9 10 10 10 10 11 11 11 12 12 12 12 13 13 13 13 14 
0 0 0 1 1 1 1 1 1 2 1 1 1 2 3 1 1 1 3 2 2 4 4 4 5 5 5 5 4 4 4 5 5 5 5 6 4 4 4 5 5 5 5 6 7 4 4 4 5 5 5 5 7 6 6 8 8 8 9 9 9 9 10 11 11 10 8 8 8 9 9 9 9 11 10 10 11 12 
0 0 0 1 1 1 1 1 1 2 1 1 1 2 3 1 1 1 3 2 2 4 4 4 5 5 5 5 4 4 4 5 5 5 5 6 7 7 7 8 9 9 8 10 10 7 7 7 8 9 9 8 10 10 11 7 7 7 9 8 8 9 10 10 12 12 7 7 7 9 8 8 9 10 10 12 12 11 
0 0 0 0 0 0 1 1 1 1 1 1 1 1 2 1 1 1 1 3 4 1 1 1 1 4 3 2 5 5 5 5 6 6 6 6 5 5 5 5 6 6 6 6 7 8 8 8 8 9 9 9 9 10 10 8 8 8 8 9 9 9 9 10 10 11 12 12 12 12 13 13 13 13 14 14 15 15 
0 0 0 0 0 0 1 1 1 1 1 1 1 1 2 3 3 3 3 4 4 3 3 3 3 4 4 5 6 6 6 6 7 7 8 8 6 6 6 6 7 7 8 8 9 10 10 10 10 11 11 12 12 13 13 10 10 10 10 11 11 12 12 13 13 14 15 15 15 15 16 16 17 17 18 18 19 19 
0 0 0 0 0 1 0 1 0 0 1 0 0 0 0 2 2 2 2 2 2 2 2 2 2 2 2 3 2 2 2 2 2 2 4 5 2 2 2 2 2 2 5 4 3 6 6 6 6 6 6 7 7 7 7 6 6 6 6 6 6 7 7 7 7 8 9 9 9 9 9 9 10 10 10 10 11 11 
0 0 0 1 1 1 1 1 1 2 1 1 1 2 3 1 1 1 3 2 2 4 4 4 5 5 5 5 4 4 4 5 5 5 5 6 4 4 4 5 5 5 5 7 8 4 4 4 5 5 5 5 8 7 6 9 9 9 10 10 10 10 11 11 11 11 9 9 9 10 10 10 10 11 11 11 11 12 
0 0 0 1 1 1 1 1 1 2 1 1 1 2 3 1 1 1 3 2 2 4 4 4 5 5 5 5 4 4 4 5 5 5 5 6 7 7 7 8 8 8 8 9 9 7 7 7 8 8 8 8 9 9 10 11 11 11 12 12 12 12 13 13 14 14 11 11 11 12 12 12 12 13 13 14 14 15 
0 0 0 0 0 0 1 1 1 1 1 1 1 1 2 1 1 1 1 3 4 1 1 1 1 4 3 2 5 5 5 5 6 6 6 6 5 5 5 5 6 6 6 6 7 5 5 5 5 6 6 6 6 8 9 5 5 5 5 6 6 6 6 9 8 7 10 10 10 10 11 11 11 11 12 12 12 12 
--- order 400 (x1) ---
0 0 1 0 1 2 0 1 2 3 0 1 3 2 3 0 1 3 3 2 2 0 2 1 1 1 1 1 0 2 1 1 1 1 1 3 0 3 1 1 1 1 1 2 3 0 3 1 1 1 1 1 3 2 2 4 0 0 0 0 0 0 0 0 0 0 5 6 6 6 6 6 6 6 6 6 6 5 
--- order 432 (x13) ---
0 0 0 0 0 0 1 1 1 1 1 1 1 1 2 1 1 1 1 2 2 1 1 1 1 3 4 5 1 1 1 1 3 5 4 3 1 1 1 1 4 3 5 5 2 1 1 1 1 4 5 3 2 5 4 1 1 1 1 5 3 4 2 4 3 2 1 1 1 1 5 4 3 4 2 2 3 5 
0 0 0 0 0 0 1 1 1 1 1 1 1 1 2 1 1 1 1 2 2 1 1 1 1 3 4 5 1 1 1 1 3 5 4 4 1 1 1 1 4 3 5 3 2 1 1 1 1 4 5 3 2 3 5 1 1 1 1 5 3 4 2 5 4 2 1 1 1 1 5 4 3 5 2 2 4 3 
0 0 0 0 0 0 1 1 1 1 1 1 1 1 2 1 1 1 1 2 2 3 3 3 3 4 4 4 3 3 3 3 4 4 4 5 3 3 3 3 4 4 4 5 5 6 6 6 6 7 7 7 8 9 10 6 6 6 6 7 7 7 9 10 8 11 6 6 6 6 7 7 7 10 8 9 11 11 
0 0 0 0 1 1 0 1 1 0 1 0 1 0 1 1 0 1 1 0 0 1 1 0 0 1 0 1 1 1 0 1 0 1 0 0 2 2 2 2 2 2 2 2 2 2 2 2 2 2 2 2 2 2 3 2 2 2 2 2 2 2 2 2 3 3 4 4 4 4 4 4 4 4 4 5 5 5 
0 0 0 1 1 1 1 1 1 0 1 1 1 0 0 2 2 2 2 2 2 2 2 2 2 2 2 3 2 2 2 2 2 2 3 3 2 2 2 2 2 2 4 5 6 2 2 2 2 2 2 5 6 4 3 2 2 2 2 2 2 6 4 5 3 3 7 7 7 7 7 7 8 8 8 8 8 8 
0 0 0 1 1 1 1 1 1 0 1 1 1 0 0 2 2 2 2 2 2 2 2 2 2 2 2 3 2 2 2 2 2 2 3 3 4 4 4 4 4 4 5 5 5 6 6 6 6 6 6 7 7 7 8 9 9 9 9 9 9 10 10 10 11 12 13 13 13 13 13 13 14 14 14 15 16 17 
0 0 0 1 1 1 1 1 1 0 1 1 1 0 0 2 2 2 2 2 2 2 2 2 2 2 2 3 2 2 2 2 2 2 3 3 4 4 4 4 4 4 5 5 5 6 6 6 6 6 6 7 7 7 8 9 9 9 10 10 10 11 11 11 12 13 10 10 10 9 9 9 11 11 11 12 13 14 
0 0 0 1 1 1 1 1 1 0 1 1 1 0 0 2 2 2 2 2 2 2 2 2 2 2 2 3 2 2 2 2 2 2 3 3 4 4 4 4 4 4 5 5 5 6 6 6 6 6 6 7 7 8 9 6 6 6 6 6 6 7 8 7 9 10 6 6 6 6 6 6 8 7 7 9 10 10 
0 0 0 1 1 1 1 1 1 0 1 1 1 0 0 2 2 2 2 2 2 2 2 2 2 2 2 3 2 2 2 2 2 2 3 3 4 4 4 5 5 5 6 6 6 5 5 5 4 4 4 6 6 6 7 8 8 8 9 9 9 10 10 10 11 12 9 9 9 8 8 8 10 10 10 12 11 13 
0 0 0 1 1 1 1 1 1 0 1 1 1 0 0 2 2 2 2 2 2 3 3 3 4 4 4 5 3 3 3 4 4 4 5 6 3 3 3 4 4 4 5 6 6 4 4 4 3 3 3 5 7 7 8 4 4 4 3 3 3 5 7 8 7 6 4 4 4 3 3 3 5 8 7 7 6 6 
0 0 0 1 1 1 1 1 1 2 1 1 1 2 2 1 1 1 3 3 4 1 1 1 3 4 3 2 1 1 1 4 3 3 2 2 5 5 5 6 6 6 6 6 6 5 5 5 6 6 6 6 6 6 7 5 5 5 6 6 6 6 6 6 7 7 8 8 8 9 9 9 9 9 9 10 10 10 
0 0 0 1 1 1 1 1 1 2 1 1 1 2 2 3 3 3 4 4 4 3 3 3 4 4 4 5 3 3 3 4 4 4 5 5 6 6 6 7 7 7 8 8 8 6 6 6 7 7 7 8 8 8 9 10 10 10 11 11 11 12 12 12 13 13 14 14 14 15 15 15 16 16 16 17 17 18 
0 0 0 1 1 1 1 1 1 2 1 1 1 2 2 3 3 3 4 4 4 3 3 3 4 4 4 5 3 3 3 4 4 4 5 5 6 6 6 7 7 7 8 8 8 6 6 6 7 7 7 8 8 8 9 10 10 10 11 11 11 12 12 12 13 14 10 10 10 11 11 11 12 12 12 14 13 15 
--- order 480 (x16) ---
0 0 0 1 1 1 1 1 1 2 1 1 1 2 3 1 1 1 3 2 2 4 4 4 5 5 5 5 4 4 4 5 5 5 5 6 4 4 4 5 5 5 5 6 7 4 4 4 5 5 5 5 7 6 7 4 4 4 5 5 5 5 7 7 6 6 8 8 8 9 9 9 9 10 10 10 10 10 
0 0 0 0 0 0 0 0 0 0 1 1 1 1 1 1 1 1 1 1 2 1 1 1 1 1 2 3 1 1 1 1 1 3 2 2 4 4 4 4 4 5 6 7 8 4 4 4 4 4 6 8 5 7 9 4 4 4 4 4 7 5 8 6 9 10 4 4 4 4 4 8 7 6 5 10 9 9 
0 0 0 0 0 0 0 0 0 0 1 1 1 1 1 1 1 1 1 1 2 1 1 1 1 1 3 4 1 1 1 1 1 4 3 2 5 5 5 5 5 6 6 6 6 7 7 7 7 7 8 8 8 8 9 10 10 10 10 10 11 11 11 11 12 13 14 14 14 14 14 15 15 15 15 16 17 18 
0 0 0 0 0 0 0 0 0 0 1 1 1 1 1 1 1 1 1 1 2 1 1 1 1 1 3 4 1 1 1 1 1 4 3 2 5 5 5 5 5 6 6 6 6 7 7 7 7 7 8 8 8 8 9 10 10 10 10 10 11 11 12 12 13 14 10 10 10 10 10 12 12 11 11 13 14 15 
0 0 0 0 0 0 0 0 0 0 1 1 1 1 1 1 1 1 1 1 2 1 1 1 1 1 3 4 1 1 1 1 1 4 3 2 5 5 5 5 5 6 6 7 7 5 5 5 5 5 7 7 6 6 8 9 9 9 9 9 10 10 11 11 12 13 9 9 9 9 9 11 11 10 10 13 12 14 
0 0 0 0 0 0 0 0 0 0 1 1 1 1 1 1 1 1 1 1 2 1 1 1 1 1 3 4 1 1 1 1 1 4 3 2 5 5 5 5 5 6 6 7 7 5 5 5 5 5 7 7 6 6 8 9 9 9 9 9 10 11 10 11 12 12 9 9 9 9 9 11 10 11 10 12 12 13 
0 0 0 0 0 0 0 0 0 0 1 1 1 1 1 1 1 1 1 1 2 1 1 1 1 1 3 4 1 1 1 1 1 4 3 2 5 5 5 5 5 6 7 8 9 5 5 5 5 5 7 6 9 8 10 5 5 5 5 5 8 9 6 7 11 12 5 5 5 5 5 9 8 7 6 12 11 10 
0 0 0 0 0 0 0 0 0 0 1 1 1 1 1 1 1 1 1 1 2 3 3 3 3 3 4 4 3 3 3 3 3 4 4 5 6 6 6 6 6 7 7 8 8 9 9 9 9 9 10 10 11 11 12 13 13 13 13 13 14 14 15 15 16 17 18 18 18 18 18 19 19 20 20 21 22 23 
0 0 0 0 0 0 0 0 0 0 1 1 1 1 1 1 1 1 1 1 2 3 3 3 3 3 4 4 3 3 3 3 3 4 4 5 6 6 6 6 6 7 7 8 8 9 9 9 9 9 10 10 11 11 12 13 13 13 13 13 14 14 15 16 17 18 13 13 13 13 13 14 14 16 15 17 18 19 
0 0 0 0 0 0 0 0 0 0 1 1 1 1 1 1 1 1 1 1 2 3 3 3 3 3 4 4 3 3 3 3 3 4 4 5 6 6 6 6 6 7 7 8 9 6 6 6 6 6 7 7 9 8 10 11 11 11 11 11 12 12 13 14 15 16 11 11 11 11 11 12 12 14 13 16 15 17 
0 0 0 0 0 0 0 0 0 0 1 1 1 1 1 1 1 1 1 1 2 3 3 3 3 3 4 4 3 3 3 3 3 4 4 5 6 6 6 6 6 7 7 8 9 6 6 6 6 6 7 7 9 8 10 11 11 11 11 11 12 13 14 14 15 15 11 11 11 11 11 13 12 14 14 15 15 16 
0 0 0 0 0 0 0 0 0 0 1 1 1 1 1 1 1 1 1 1 2 3 3 3 3 3 4 4 5 5 5 5 6 1 1 3 5 5 5 6 5 1 1 3 0 5 5 6 5 5 1 1 3 0 0 5 6 5 5 5 1 1 3 0 0 0 6 5 5 5 5 1 1 3 0 0 0 0 
0 0 0 0 0 0 1 1 1 1 1 1 1 1 2 1 1 1 1 2 3 1 1 1 1 3 2 3 1 1 1 1 3 3 2 2 4 4 4 4 5 5 5 5 5 4 4 4 4 5 5 5 5 5 6 7 7 7 7 8 8 8 8 8 9 9 10 10 10 10 11 11 11 11 11 12 12 13 
0 0 0 0 0 0 1 1 1 1 1 1 1 1 2 1 1 1 1 2 3 1 1 1 1 3 2 3 1 1 1 1 3 3 2 2 4 4 4 4 5 5 5 5 5 4 4 4 4 5 5 5 5 5 6 7 7 7 7 8 8 8 8 8 9 10 7 7 7 7 8 8 8 8 8 10 9 11 
0 0 0 0 0 0 1 1 1 1 1 1 1 1 2 1 1 1 1 2 3 1 1 1 1 3 2 3 1 1 1 1 3 3 2 2 4 4 4 5 1 1 1 1 1 4 4 5 4 1 1 1 1 1 0 4 5 4 4 1 1 1 1 1 0 0 5 4 4 4 1 1 1 1 1 0 0 0 
0 0 0 0 0 1 0 1 0 0 1 0 0 0 0 2 2 2 2 2 2 2 2 2 2 2 2 3 2 2 2 2 2 2 3 4 2 2 2 2 2 2 4 3 4 2 2 2 2 2 2 4 4 3 3 5 5 5 5 5 5 6 6 6 6 6 7 7 7 7 7 7 8 8 8 8 8 9 
--- order 504 (x1) ---
0 0 0 1 1 1 1 1 1 2 1 1 1 2 2 3 3 3 4 4 4 3 3 3 4 4 4 5 3 3 3 4 4 4 5 6 3 3 3 4 4 4 6 5 7 3 3 3 4 4 4 6 7 5 7 3 3 3 4 4 4 7 6 7 5 6 3 3 3 4 4 4 7 7 6 6 5 5 
--- order 512 (x5) ---
0 0 1 0 1 2 0 1 2 3 0 1 3 2 2 0 2 1 1 1 1 0 2 1 1 1 1 3 0 3 1 1 1 1 2 2 4 0 0 0 0 0 0 0 0 5 6 6 6 6 6 6 6 6 5 5 6 6 6 6 6 6 6 6 5 7 8 9 9 9 9 9 9 9 9 8 10 10 
0 0 1 0 1 2 0 1 2 3 0 1 3 2 2 0 2 1 1 1 1 0 2 1 1 1 1 3 0 3 1 1 1 1 2 2 4 5 6 6 6 6 5 5 5 4 5 6 6 6 6 5 5 5 7 4 6 5 5 5 5 6 6 6 8 8 4 6 5 5 5 5 6 6 6 8 8 7 
0 0 1 0 1 2 0 2 1 1 3 0 0 0 0 3 0 0 0 0 4 4 0 0 0 0 3 3 5 6 6 6 6 5 5 5 5 6 6 6 6 5 5 5 7 5 6 6 6 6 5 5 5 7 8 5 6 6 6 6 5 5 5 8 7 7 9 10 10 10 10 9 9 9 11 11 11 11 
0 0 1 0 1 2 0 1 2 3 0 1 3 2 2 0 2 1 1 1 1 0 2 1 1 1 1 3 0 3 1 1 1 1 2 2 4 0 0 0 0 0 0 0 0 5 0 0 0 0 0 0 0 0 6 6 0 0 0 0 0 0 0 0 5 4 7 8 8 8 8 8 8 8 8 7 7 7 
0 0 1 0 1 2 0 2 1 1 0 3 4 4 3 0 3 4 4 3 2 0 4 3 3 4 1 1 0 4 3 3 4 1 1 2 5 0 0 0 0 0 0 0 0 5 0 0 0 0 0 0 0 0 6 6 0 0 0 0 0 0 0 0 5 5 7 8 8 8 8 8 8 8 8 7 7 7 
--- order 576 (x21) ---
0 0 0 0 0 0 1 1 1 1 1 1 1 1 2 1 1 1 1 2 2 1 1 1 1 2 2 2 3 3 3 3 4 4 4 4 5 5 5 5 6 6 6 6 7 8 8 8 8 9 9 9 9 10 11 12 12 12 12 13 13 13 13 14 15 16 17 17 17 17 18 18 18 18 19 20 21 22 
0 0 0 0 0 0 1 1 1 1 1 1 1 1 2 1 1 1 1 2 2 1 1 1 1 2 2 2 3 3 3 3 4 4 4 4 5 5 5 5 6 6 6 7 8 5 5 5 5 6 6 7 6 8 9 5 5 5 5 6 7 6 6 8 9 9 5 5 5 5 7 6 6 6 8 9 9 9 
0 0 0 0 0 0 1 1 1 1 1 1 1 1 2 1 1 1 1 2 2 1 1 1 1 2 2 3 1 1 1 1 2 3 2 2 1 1 1 1 3 2 2 2 2 4 4 4 4 5 6 7 7 6 5 4 4 4 4 6 7 5 5 7 6 8 4 4 4 4 7 5 6 6 5 7 8 8 
0 0 0 0 0 0 1 1 1 1 1 1 1 1 2 1 1 1 1 2 2 1 1 1 1 3 3 4 1 1 1 1 3 4 3 2 1 1 1 1 4 3 3 2 2 5 5 5 5 6 6 6 6 6 6 5 5 5 5 6 6 6 6 6 6 7 8 8 8 8 9 9 9 9 9 9 10 10 
0 0 0 0 0 0 1 1 1 1 1 1 1 1 2 1 1 1 1 2 2 3 3 3 3 4 4 4 3 3 3 3 4 4 4 5 3 3 3 3 4 4 4 6 7 3 3 3 3 4 4 4 7 6 5 8 8 8 8 9 9 9 10 10 10 10 11 11 11 11 12 12 12 13 13 13 13 14 
0 0 0 0 0 0 1 1 1 1 1 1 1 1 2 1 1 1 1 2 2 3 3 3 3 4 4 4 3 3 3 3 4 4 4 5 3 3 3 3 4 4 4 6 7 3 3 3 3 4 4 4 7 6 5 8 8 8 8 9 9 9 10 10 11 11 8 8 8 8 9 9 9 11 11 10 10 12 
0 0 0 0 0 0 1 1 1 1 1 1 1 1 2 1 1 1 1 2 2 3 3 3 3 4 4 4 3 3 3 3 4 4 4 5 6 6 6 6 7 7 7 8 8 6 6 6 6 7 7 7 8 8 9 10 10 10 10 11 11 11 12 12 13 13 14 14 14 14 15 15 15 16 16 17 17 18 
0 0 0 0 0 0 1 1 1 1 1 1 1 1 2 1 1 1 1 2 2 3 3 3 3 4 4 4 3 3 3 3 4 4 4 5 6 6 6 6 7 7 7 8 8 6 6 6 6 7 7 7 8 8 9 10 10 10 10 11 11 11 12 12 13 14 10 10 10 10 11 11 11 12 12 14 13 15 
0 0 0 0 0 0 1 1 1 1 1 1 1 1 2 1 1 1 1 2 2 3 3 3 3 4 4 4 3 3 3 3 4 4 4 5 6 6 6 7 1 1 1 3 3 6 6 7 6 1 1 1 3 3 0 6 7 6 6 1 1 1 3 3 0 0 7 6 6 6 1 1 1 3 3 0 0 0 
0 0 0 0 0 1 0 1 0 0 1 0 0 0 0 2 2 2 2 2 2 2 2 2 2 2 2 3 2 2 2 2 2 2 3 3 2 2 2 2 2 2 4 4 5 2 2 2 2 2 2 4 5 4 3 2 2 2 2 2 2 5 4 4 3 3 6 6 6 6 6 6 7 7 7 7 7 7 
0 0 0 0 0 1 0 1 0 0 1 0 0 0 0 2 2 2 2 2 2 2 2 2 2 2 2 3 2 2 2 2 2 2 3 3 4 4 4 4 4 4 5 5 5 4 4 4 4 4 4 5 5 5 6 7 7 7 7 7 7 8 8 8 9 9 10 10 10 10 10 10 11 11 11 12 12 13 
0 0 0 0 0 1 0 1 0 0 1 0 0 0 0 2 2 2 2 2 2 2 2 2 2 2 2 3 2 2 2 2 2 2 3 3 4 4 4 4 4 4 5 5 5 4 4 4 4 4 4 5 5 5 6 7 7 7 7 7 7 8 8 8 9 10 7 7 7 7 7 7 8 8 8 10 9 11 
0 0 0 0 1 1 0 1 1 0 1 0 1 0 1 1 0 1 1 0 0 1 1 0 0 1 0 1 1 1 0 1 0 1 0 0 2 2 2 2 2 2 2 2 2 2 2 2 2 2 2 2 2 2 3 2 2 2 2 2 2 2 2 2 3 4 2 2 2 2 2 2 2 2 2 4 3 3 
0 0 0 1 1 1 1 1 1 0 1 1 1 0 0 2 2 2 2 2 2 2 2 2 2 2 2 3 2 2 2 2 2 2 3 4 2 2 2 2 2 2 4 3 3 5 5 5 5 5 5 6 6 6 6 7 7 7 7 7 7 8 8 8 8 9 10 10 10 10 10 10 11 11 11 11 12 13 
0 0 0 1 1 1 1 1 1 0 1 1 1 0 0 2 2 2 2 2 2 2 2 2 2 2 2 3 2 2 2 2 2 2 3 4 2 2 2 2 2 2 4 3 3 5 5 5 5 5 5 6 6 6 6 7 7 7 7 7 7 8 9 9 8 10 7 7 7 7 7 7 9 8 8 9 10 11 
0 0 0 1 1 1 1 1 1 0 1 1 1 0 0 2 2 2 2 2 2 2 2 2 2 2 2 3 2 2 2 2 2 2 3 4 2 2 2 2 2 2 4 3 3 5 5 5 5 5 5 6 6 6 6 7 7 7 8 8 8 9 9 9 9 10 8 8 8 7 7 7 9 9 9 9 10 11 
0 0 0 1 1 1 1 1 1 0 1 1 1 0 0 2 2 2 2 2 2 2 2 2 2 2 2 3 4 4 4 4 4 4 5 5 6 6 6 7 7 7 8 8 9 6 6 6 7 7 7 8 8 9 10 7 7 7 6 6 6 8 8 9 11 11 7 7 7 6 6 6 8 8 9 11 11 10 
0 0 0 1 1 1 1 1 1 2 1 1 1 2 2 1 1 1 3 3 4 1 1 1 3 4 3 2 1 1 1 4 3 3 2 2 5 5 5 6 6 6 6 6 6 5 5 5 6 6 6 6 6 6 7 5 5 5 6 6 6 6 6 6 7 8 5 5 5 6 6 6 6 6 6 8 7 7 
0 0 0 1 1 1 1 1 1 2 1 1 1 2 2 3 3 3 4 4 4 3 3 3 4 4 4 5 3 3 3 4 4 4 5 6 3 3 3 4 4 4 6 5 5 7 7 7 8 8 8 9 9 9 9 7 7 7 8 8 8 9 9 9 9 10 11 11 11 12 12 12 13 13 13 13 14 14 
0 0 0 1 1 1 1 1 1 0 1 1 1 0 0 2 2 2 2 2 2 2 2 2 2 2 2 3 2 2 2 2 2 2 4 5 2 2 2 2 2 2 5 4 3 6 6 6 6 6 6 7 7 7 7 6 6 6 6 6 6 7 7 7 7 8 9 9 9 9 9 9 10 10 10 10 11 11 
0 0 0 1 1 1 1 1 1 0 1 1 1 0 0 2 2 2 2 2 2 2 2 2 2 2 2 3 4 4 4 4 4 4 5 5 4 4 4 4 4 4 5 5 6 7 7 7 7 7 7 8 8 9 9 7 7 7 7 7 7 8 8 9 9 10 11 11 11 11 11 11 12 12 13 13 14 14 
--- order 600 (x1) ---
0 0 0 1 1 1 1 1 1 2 1 1 1 2 3 1 1 1 3 2 3 1 1 1 3 3 2 2 4 4 4 5 5 5 5 5 4 4 4 5 5 5 5 5 6 4 4 4 5 5 5 5 5 6 7 4 4 4 5 5 5 5 5 7 6 7 4 4 4 5 5 5 5 5 7 7 6 6 
--- order 640 (x3) ---
0 0 1 0 1 2 0 1 2 3 0 1 3 2 2 0 2 1 2 2 1 0 2 1 2 2 1 3 0 2 2 1 1 2 1 1 0 2 2 1 1 2 1 1 3 0 3 1 1 1 1 2 2 2 2 4 0 0 0 0 0 0 0 0 0 0 5 6 6 6 6 6 6 6 6 6 6 5 
0 0 1 0 1 2 0 2 1 1 0 3 4 4 3 0 3 4 4 3 2 0 4 3 3 4 1 1 0 4 3 3 4 1 1 2 5 0 0 0 0 0 0 0 0 5 0 0 0 0 0 0 0 0 6 6 0 0 0 0 0 0 0 0 5 6 6 0 0 0 0 0 0 0 0 6 5 5 
0 0 1 0 1 2 0 2 1 1 3 0 0 0 0 3 0 0 0 0 4 4 0 0 0 0 3 3 5 6 6 6 6 5 5 5 5 6 6 6 6 5 5 5 7 5 6 6 6 6 5 5 5 7 8 5 6 6 6 6 5 5 5 8 7 8 5 6 6 6 6 5 5 5 8 8 7 7 
--- order 648 (x1) ---
0 0 0 0 0 1 0 0 1 1 0 1 0 0 0 0 1 0 0 0 1 1 0 0 0 0 0 0 1 0 0 0 0 0 0 1 2 2 2 2 2 2 2 2 2 3 4 5 5 5 4 4 3 3 6 4 5 3 3 3 5 5 4 4 6 7 5 3 4 4 4 3 3 5 5 6 7 7 
--- order 672 (x2) ---
0 0 0 0 0 0 1 1 1 1 1 1 1 1 2 1 1 1 1 2 3 1 1 1 1 3 2 4 1 1 1 1 3 4 2 4 1 1 1 1 4 3 4 2 3 1 1 1 1 4 4 3 3 2 2 5 5 5 5 6 6 6 6 6 6 6 5 5 5 5 6 6 6 6 6 6 6 7 
0 0 0 0 0 1 0 1 0 0 1 0 0 0 0 2 2 2 2 2 2 2 2 2 2 2 2 3 2 2 2 2 2 2 3 4 2 2 2 2 2 2 4 3 5 2 2 2 2 2 2 4 5 3 5 2 2 2 2 2 2 5 4 5 3 4 2 2 2 2 2 2 5 5 4 4 3 3 
--- order 720 (x12) ---
0 0 0 0 0 0 0 0 0 0 0 0 0 0 0 1 1 1 1 1 1 2 2 2 2 2 2 3 4 4 4 4 4 4 5 6 7 7 7 7 7 7 8 9 10 11 11 11 11 11 11 12 13 14 15 16 16 16 16 16 16 17 18 19 20 21 22 22 22 22 22 22 23 24 25 26 27 28 
0 0 0 0 0 0 0 0 0 0 0 0 0 0 0 1 1 1 1 1 1 2 2 2 2 2 3 4 2 2 2 2 3 2 4 5 2 2 2 3 2 2 4 5 5 2 2 3 2 2 2 4 5 5 5 2 3 2 2 2 2 4 5 5 5 5 3 2 2 2 2 2 4 5 5 5 5 5 
0 0 0 0 0 0 0 0 0 0 1 1 1 1 1 1 1 1 1 1 2 1 1 1 1 1 2 2 1 1 1 1 1 3 4 5 1 1 1 1 1 4 5 3 2 1 1 1 1 1 5 3 4 2 2 6 6 6 6 6 7 7 7 7 7 7 8 8 8 8 8 9 9 9 9 9 9 10 
0 0 0 0 0 0 0 0 0 0 1 1 1 1 1 1 1 1 1 1 2 1 1 1 1 1 2 2 1 1 1 1 1 3 4 5 1 1 1 1 1 4 5 3 2 1 1 1 1 1 5 3 4 2 2 6 6 6 6 6 7 7 7 8 8 8 6 6 6 6 6 8 8 8 7 7 7 9 
0 0 0 0 0 0 0 0 0 0 1 1 1 1 1 1 1 1 1 1 2 1 1 1 1 1 2 2 3 3 3 3 3 4 4 4 3 3 3 3 3 4 4 4 5 6 6 6 6 6 7 8 9 10 10 6 6 6 6 6 8 9 7 10 10 11 6 6 6 6 6 9 7 8 10 10 11 11 
0 0 0 0 0 0 0 0 0 0 1 1 1 1 1 1 1 1 1 1 2 1 1 1 1 1 2 2 3 3 3 3 3 4 4 4 5 5 5 5 5 6 6 6 7 8 8 8 8 8 9 9 9 10 11 12 12 12 12 12 13 13 13 14 15 16 17 17 17 17 17 18 18 18 19 20 21 22 
0 0 0 0 0 0 0 0 0 0 1 1 1 1 1 1 1 1 1 1 2 1 1 1 1 1 2 2 3 3 3 3 3 4 4 4 5 5 5 5 5 6 6 6 7 8 8 8 8 8 9 9 10 11 12 8 8 8 8 8 9 10 9 11 12 13 8 8 8 8 8 10 9 9 11 12 13 13 
0 0 0 0 0 0 0 0 0 0 1 1 1 1 1 1 1 1 1 1 2 1 1 1 1 1 2 2 3 3 3 3 4 5 5 5 3 3 3 4 3 5 5 5 6 3 3 4 3 3 5 5 5 6 6 3 4 3 3 3 5 5 5 6 6 6 4 3 3 3 3 5 5 5 6 6 6 6 
0 0 0 0 0 0 0 0 1 1 0 1 0 1 0 0 1 1 0 0 0 1 0 0 1 0 0 1 1 0 1 0 0 1 0 0 1 1 0 0 1 0 0 0 0 2 2 2 2 2 2 2 2 2 2 2 2 2 2 2 2 2 2 2 2 3 2 2 2 2 2 2 2 2 2 2 3 3 
0 0 0 1 1 1 1 1 1 0 1 1 1 0 0 2 2 2 2 2 2 2 2 2 2 2 2 3 2 2 2 2 2 2 3 4 2 2 2 2 2 2 4 3 4 2 2 2 2 2 2 4 4 3 3 5 5 5 5 5 5 6 6 6 6 6 7 7 7 7 7 7 8 8 8 8 8 9 
0 0 0 1 1 1 1 1 1 0 1 1 1 0 0 2 2 2 2 2 2 2 2 2 2 2 2 3 2 2 2 2 2 2 3 4 2 2 2 2 2 2 4 3 4 2 2 2 2 2 2 4 4 3 3 5 5 5 6 6 6 7 7 7 7 7 6 6 6 5 5 5 7 7 7 7 7 8 
0 0 0 1 1 1 1 1 1 2 1 1 1 2 2 3 3 3 4 4 4 3 3 3 4 4 4 5 3 3 3 4 4 4 5 6 3 3 3 4 4 4 6 5 6 3 3 3 4 4 4 6 6 5 5 7 7 7 8 8 8 9 9 9 9 9 7 7 7 8 8 8 9 9 9 9 9 10 
--- order 768 (x12) ---
0 0 0 0 0 0 0 0 0 1 0 0 1 0 0 0 1 0 0 0 0 1 0 0 0 0 0 0 2 2 2 2 2 2 2 2 2 2 2 2 2 2 2 2 3 4 4 4 4 4 4 4 4 5 5 6 6 6 6 6 6 6 6 7 7 8 9 9 9 9 9 9 9 9 10 10 11 12 
0 0 0 0 0 0 0 0 0 1 0 0 1 0 0 0 1 0 0 0 0 1 0 0 0 0 0 0 2 2 2 2 2 2 2 2 2 2 2 2 2 2 2 2 3 4 4 4 4 4 4 4 4 5 5 6 6 6 6 6 6 6 6 7 8 9 6 6 6 6 6 6 6 6 8 7 9 10 
0 0 0 0 0 0 1 1 1 1 1 1 1 1 2 1 1 1 1 2 3 1 1 1 1 2 4 5 1 1 1 1 2 5 4 3 1 1 1 1 3 2 2 2 2 1 1 1 1 4 2 2 2 2 5 1 1 1 1 5 2 2 2 2 4 3 6 6 6 6 7 7 7 7 7 7 7 7 
0 0 0 0 0 0 1 1 1 1 1 1 1 1 2 1 1 1 1 2 3 1 1 1 1 3 2 2 4 4 4 4 5 5 5 5 4 4 4 4 5 5 5 5 6 7 7 7 7 8 8 8 8 9 9 7 7 7 7 8 8 8 8 9 9 10 11 11 11 11 12 12 12 12 13 13 14 14 
0 0 0 0 0 0 1 1 1 1 1 1 1 1 2 1 1 1 1 2 3 1 1 1 1 3 2 2 4 4 4 4 5 5 5 5 6 6 6 6 7 8 8 7 9 6 6 6 6 7 8 8 7 9 10 6 6 6 6 8 7 7 8 9 11 11 6 6 6 6 8 7 7 8 9 11 11 10 
0 0 0 0 0 1 0 1 0 0 1 0 0 0 0 2 2 2 2 2 2 2 2 2 2 2 2 3 2 2 2 2 2 2 3 4 2 2 2 2 2 2 4 3 3 5 5 5 5 5 5 6 6 6 6 5 5 5 5 5 5 6 6 6 6 7 8 8 8 8 8 8 9 9 9 9 10 10 
0 0 0 0 0 1 0 1 0 0 1 0 0 0 0 2 2 2 2 2 2 3 3 4 4 3 3 2 3 3 4 4 3 3 2 1 3 4 3 3 4 3 2 0 0 3 4 3 3 4 3 2 0 0 1 4 3 3 3 3 4 2 0 0 0 0 4 3 3 3 3 4 2 0 0 0 0 1 
0 0 0 1 1 1 1 1 1 2 1 1 1 2 3 1 1 1 2 3 4 1 1 1 2 4 3 3 1 1 1 3 2 2 2 2 1 1 1 3 2 2 2 2 4 1 1 1 4 2 2 2 2 3 3 5 5 5 6 6 6 6 6 6 6 6 7 7 7 8 8 8 8 8 8 8 8 9 
0 0 0 1 1 1 1 1 1 2 1 1 1 2 3 1 1 1 2 3 4 1 1 1 2 4 3 3 1 1 1 3 2 2 2 2 1 1 1 3 2 2 2 2 4 1 1 1 4 2 2 2 2 3 3 5 5 5 6 7 7 7 7 6 6 6 5 5 5 7 6 6 6 6 7 7 7 8 
0 0 0 1 1 1 1 1 1 2 1 1 1 2 3 1 1 1 3 2 2 4 4 4 5 5 5 5 4 4 4 5 5 5 5 6 4 4 4 5 5 5 5 6 7 4 4 4 5 5 5 5 7 6 6 8 8 8 9 9 9 9 10 10 10 10 8 8 8 9 9 9 9 10 10 10 10 11 
0 0 0 0 0 0 1 1 1 1 1 1 1 1 2 1 1 1 1 2 3 1 1 1 1 3 2 2 4 4 4 4 5 5 5 5 4 4 4 4 5 5 5 5 6 4 4 4 4 5 5 5 5 7 8 4 4 4 4 5 5 5 5 8 7 6 9 9 9 9 10 10 10 10 11 11 11 11 
0 0 0 1 1 1 1 1 1 2 1 1 1 2 3 1 1 1 3 2 2 1 1 1 4 5 5 4 1 1 1 4 5 5 4 3 1 1 1 5 4 4 5 2 2 1 1 1 5 4 4 5 2 2 3 6 6 6 7 7 7 7 7 7 7 7 6 6 6 7 7 7 7 7 7 7 7 8 
--- order 864 (x11) ---
0 0 0 0 0 0 1 1 1 1 1 1 1 1 2 1 1 1 1 2 2 1 1 1 1 2 3 4 1 1 1 1 2 4 3 2 1 1 1 1 3 2 4 4 2 1 1 1 1 3 4 2 2 4 3 1 1 1 1 4 2 3 2 3 2 2 1 1 1 1 4 3 2 3 2 2 2 4 
0 0 0 0 0 0 1 1 1 1 1 1 1 1 2 1 1 1 1 2 2 1 1 1 1 3 4 5 1 1 1 1 4 5 3 2 1 1 1 1 5 3 4 2 2 6 6 6 6 7 7 7 7 7 7 6 6 6 6 7 7 7 7 7 7 8 6 6 6 6 7 7 7 7 7 7 8 8 
0 0 0 0 0 0 1 1 1 1 1 1 1 1 2 1 1 1 1 2 2 3 3 3 3 4 4 4 3 3 3 3 4 4 4 5 3 3 3 3 4 4 4 5 5 6 6 6 6 7 7 7 8 8 8 9 9 9 9 10 10 10 11 11 11 12 13 13 13 13 14 14 14 15 15 15 16 17 
0 0 0 0 0 0 1 1 1 1 1 1 1 1 2 1 1 1 1 2 2 3 3 3 3 4 4 4 3 3 3 3 4 4 4 5 3 3 3 3 4 4 4 5 5 6 6 6 6 7 7 7 8 8 9 6 6 6 6 7 7 7 8 9 8 10 6 6 6 6 7 7 7 9 8 8 10 10 
0 0 0 1 1 1 1 1 1 0 1 1 1 0 0 2 2 2 2 2 2 2 2 2 2 2 2 3 2 2 2 2 2 2 3 3 2 2 2 2 2 2 4 4 5 2 2 2 2 2 2 4 5 4 3 2 2 2 2 2 2 5 4 4 3 3 6 6 6 6 6 6 7 7 7 7 7 7 
0 0 0 1 1 1 1 1 1 0 1 1 1 0 0 2 2 2 2 2 2 2 2 2 2 2 2 3 2 2 2 2 2 2 3 3 4 4 4 4 4 4 5 5 5 4 4 4 4 4 4 5 5 5 6 7 7 7 7 7 7 8 8 8 9 9 10 10 10 10 10 10 11 11 11 12 12 13 
0 0 0 1 1 1 1 1 1 0 1 1 1 0 0 2 2 2 2 2 2 2 2 2 2 2 2 3 2 2 2 2 2 2 3 3 4 4 4 4 4 4 5 5 5 4 4 4 4 4 4 5 5 5 6 7 7 7 7 7 7 8 8 8 9 10 7 7 7 7 7 7 8 8 8 10 9 11 
0 0 0 1 1 1 1 1 1 0 1 1 1 0 0 2 2 2 2 2 2 2 2 2 2 2 2 3 2 2 2 2 2 2 3 3 4 4 4 4 4 4 5 5 5 4 4 4 4 4 4 5 5 5 6 7 7 7 8 8 8 9 9 9 10 10 8 8 8 7 7 7 9 9 9 10 10 11 
0 0 0 1 1 1 1 1 1 0 1 1 1 0 0 2 2 2 2 2 2 2 2 2 2 2 2 3 2 2 2 2 2 2 3 3 4 4 4 5 5 5 6 6 6 4 4 4 5 5 5 6 6 6 7 5 5 5 4 4 4 6 6 6 8 9 5 5 5 4 4 4 6 6 6 9 8 7 
0 0 0 1 1 1 1 1 1 2 1 1 1 2 2 3 3 3 4 4 4 3 3 3 4 4 4 5 3 3 3 4 4 4 5 5 6 6 6 7 7 7 8 8 8 6 6 6 7 7 7 8 8 8 9 6 6 6 7 7 7 8 8 8 10 11 6 6 6 7 7 7 8 8 8 11 10 9 
0 0 0 1 1 1 1 1 1 2 1 1 1 2 2 3 3 3 4 4 4 3 3 3 4 4 4 5 3 3 3 4 4 4 5 5 6 6 6 7 7 7 8 8 8 6 6 6 7 7 7 8 8 8 9 10 10 10 11 11 11 12 12 12 13 13 10 10 10 11 11 11 12 12 12 13 13 14 
--- order 960 (x16) ---
0 0 0 0 0 0 0 0 0 0 1 1 1 1 1 1 1 1 1 1 2 1 1 1 1 1 2 3 1 1 1 1 1 3 2 2 1 1 1 1 1 4 5 6 7 1 1 1 1 1 5 7 4 6 2 1 1 1 1 1 6 4 7 5 2 3 1 1 1 1 1 7 6 5 4 3 2 2 
0 0 0 0 0 0 0 0 0 0 1 1 1 1 1 1 1 1 1 1 2 1 1 1 1 1 2 3 1 1 1 1 1 3 2 2 4 4 4 4 4 5 5 5 5 6 6 6 6 6 7 7 7 7 8 9 9 9 9 9 10 10 10 10 11 12 13 13 13 13 13 14 14 14 14 15 16 17 
0 0 0 0 0 0 0 0 0 0 1 1 1 1 1 1 1 1 1 1 2 1 1 1 1 1 2 3 1 1 1 1 1 3 2 2 4 4 4 4 4 5 5 5 5 6 6 6 6 6 7 7 7 7 8 9 9 9 9 9 10 11 11 10 12 13 9 9 9 9 9 11 10 10 11 12 13 14 
0 0 0 0 0 0 0 0 0 0 1 1 1 1 1 1 1 1 1 1 2 1 1 1 1 1 2 3 1 1 1 1 1 3 2 2 4 4 4 4 4 5 5 6 6 4 4 4 4 4 5 6 5 6 7 4 4 4 4 4 6 5 6 5 7 8 4 4 4 4 4 6 6 5 5 8 7 7 
0 0 0 0 0 0 0 0 0 0 1 1 1 1 1 1 1 1 1 1 2 1 1 1 1 1 2 3 1 1 1 1 1 3 2 2 4 4 4 4 4 5 6 6 5 4 4 4 4 4 6 5 5 6 7 8 8 8 8 8 9 10 10 9 11 12 8 8 8 8 8 10 9 9 10 12 11 13 
0 0 0 0 0 0 0 0 0 0 1 1 1 1 1 1 1 1 1 1 2 1 1 1 1 1 2 3 1 1 1 1 1 3 2 2 4 4 4 4 4 5 6 6 7 4 4 4 4 4 6 5 7 6 8 4 4 4 4 4 6 7 5 6 8 9 4 4 4 4 4 7 6 6 5 9 8 8 
0 0 0 0 0 0 0 0 0 0 1 1 1 1 1 1 1 1 1 1 2 3 3 3 3 3 4 4 3 3 3 3 3 4 4 5 6 6 6 6 6 7 7 8 8 6 6 6 6 6 7 7 8 8 9 10 10 10 10 10 11 11 12 12 13 13 14 14 14 14 14 15 15 16 16 17 17 18 
0 0 0 0 0 0 0 0 0 0 1 1 1 1 1 1 1 1 1 1 2 3 3 3 3 3 4 4 3 3 3 3 3 4 4 5 6 6 6 6 6 7 7 8 8 6 6 6 6 6 7 7 8 8 9 10 10 10 10 10 11 11 12 12 13 14 10 10 10 10 10 11 11 12 12 14 13 15 
0 0 0 0 0 0 1 1 1 1 1 1 1 1 2 1 1 1 1 2 3 1 1 1 1 3 2 3 1 1 1 1 3 3 2 2 4 4 4 4 5 5 5 5 5 4 4 4 4 5 5 5 5 5 6 4 4 4 4 5 5 5 5 5 7 8 4 4 4 4 5 5 5 5 5 8 7 6 
0 0 0 0 0 0 1 1 1 1 1 1 1 1 2 1 1 1 1 2 3 1 1 1 1 3 2 3 1 1 1 1 3 3 2 2 4 4 4 4 5 5 5 5 5 4 4 4 4 5 5 5 5 5 6 7 7 7 7 8 8 8 8 8 9 9 7 7 7 7 8 8 8 8 8 9 9 10 
0 0 0 0 0 1 0 1 0 0 1 0 0 0 0 2 2 2 2 2 2 2 2 2 2 2 2 3 2 2 2 2 2 2 3 4 2 2 2 2 2 2 4 3 4 2 2 2 2 2 2 4 4 3 3 5 5 5 5 5 5 6 6 6 6 6 5 5 5 5 5 5 6 6 6 6 6 7 
0 0 0 0 0 0 0 0 0 0 1 1 1 1 1 1 1 1 1 1 2 1 1 1 1 1 3 4 1 1 1 1 1 4 3 2 1 1 1 1 1 5 6 7 8 1 1 1 1 1 6 5 8 7 2 1 1 1 1 1 7 8 5 6 3 4 1 1 1 1 1 8 7 6 5 4 3 2 
0 0 0 0 0 0 0 0 0 0 1 1 1 1 1 1 1 1 1 1 2 1 1 1 1 1 3 4 1 1 1 1 1 4 3 2 5 5 5 5 5 6 6 6 6 5 5 5 5 5 6 6 6 6 7 8 8 8 8 8 9 9 9 9 10 10 11 11 11 11 11 12 12 12 12 13 13 14 
0 0 0 0 0 0 0 0 0 0 1 1 1 1 1 1 1 1 1 1 2 1 1 1 1 1 3 4 1 1 1 1 1 4 3 2 5 5 5 5 5 6 6 6 6 5 5 5 5 5 6 6 6 6 7 8 8 8 8 8 9 9 9 9 10 11 8 8 8 8 8 9 9 9 9 11 10 12 
0 0 0 0 0 0 0 0 0 0 1 1 1 1 1 1 1 1 1 1 2 1 1 1 1 1 3 4 1 1 1 1 1 4 3 2 5 5 5 5 5 6 6 6 6 5 5 5 5 5 6 6 6 6 7 8 8 8 8 8 9 9 10 10 11 11 8 8 8 8 8 10 10 9 9 11 11 12 
0 0 0 0 0 0 0 0 0 0 1 1 1 1 1 1 1 1 1 1 2 1 1 1 1 1 3 4 1 1 1 1 1 4 3 2 5 5 5 5 5 6 6 7 7 5 5 5 5 5 6 6 7 7 8 5 5 5 5 5 7 7 6 6 9 10 5 5 5 5 5 7 7 6 6 10 9 8 
--- order 1008 (x1) ---
0 0 0 1 1 1 1 1 1 0 1 1 1 0 0 2 2 2 2 2 2 2 2 2 2 2 2 3 2 2 2 2 2 2 3 4 2 2 2 2 2 2 4 3 5 2 2 2 2 2 2 4 5 3 5 2 2 2 2 2 2 5 4 5 3 4 2 2 2 2 2 2 5 5 4 4 3 3 
--- order 1024 (x1) ---
0 0 1 0 1 2 0 1 2 3 0 1 3 2 2 0 2 1 1 1 1 0 2 1 1 1 1 3 0 3 1 1 1 1 2 2 4 0 0 0 0 0 0 0 0 4 0 0 0 0 0 0 0 0 5 5 0 0 0 0 0 0 0 0 4 4 6 7 7 7 7 7 7 7 7 6 6 6 
--- order 1152 (x15) ---
0 0 0 0 0 0 1 1 1 1 1 1 1 1 0 1 1 1 1 0 0 1 1 1 1 0 0 0 2 2 2 2 2 2 2 2 3 3 3 3 3 3 3 3 4 5 5 5 5 5 5 5 5 6 7 8 8 8 8 8 8 8 8 9 10 11 12 12 12 12 12 12 12 12 13 14 15 16 
0 0 0 0 0 0 1 1 1 1 1 1 1 1 0 1 1 1 1 0 0 1 1 1 1 0 0 0 2 2 2 2 2 2 2 2 3 3 3 3 3 3 3 3 4 5 5 5 5 5 5 5 5 6 7 8 8 8 8 9 9 9 9 10 11 12 9 9 9 9 8 8 8 8 10 11 12 13 
0 0 0 0 0 0 1 1 1 1 1 1 1 1 0 1 1 1 1 0 0 1 1 1 1 0 0 0 2 2 2 2 2 2 2 2 3 3 3 3 4 4 4 4 5 4 4 4 4 3 3 3 3 5 6 7 7 7 7 8 8 8 8 9 10 11 8 8 8 8 7 7 7 7 9 11 10 12 
0 0 0 0 0 0 1 1 1 1 1 1 1 1 2 1 1 1 1 2 2 1 1 1 1 2 2 2 1 1 1 1 3 3 3 4 1 1 1 1 3 3 4 3 2 1 1 1 1 3 4 3 3 2 2 1 1 1 1 4 3 3 3 2 2 2 5 5 5 5 6 6 6 6 6 6 6 6 
0 0 0 0 0 0 1 1 1 1 1 1 1 1 2 1 1 1 1 2 2 1 1 1 1 2 2 2 3 3 3 3 4 4 4 4 3 3 3 3 4 4 4 4 5 6 6 6 6 7 7 7 7 8 8 9 9 9 9 10 10 10 10 11 11 12 13 13 13 13 14 14 14 14 15 15 16 17 
0 0 0 0 0 0 1 1 1 1 1 1 1 1 2 1 1 1 1 2 2 1 1 1 1 2 2 2 3 3 3 3 4 4 4 4 3 3 3 3 4 4 4 4 5 6 6 6 6 7 7 7 7 8 8 9 9 9 9 10 10 10 10 11 12 13 9 9 9 9 10 10 10 10 12 11 13 14 
0 0 0 0 0 0 1 1 1 1 1 1 1 1 2 1 1 1 1 2 2 1 1 1 1 2 2 3 1 1 1 1 2 3 2 2 1 1 1 1 3 2 2 2 2 4 4 4 4 5 5 5 5 5 5 6 6 6 6 7 7 7 7 7 7 8 9 9 9 9 10 10 10 10 10 10 11 12 
0 0 0 0 0 0 1 1 1 1 1 1 1 1 2 1 1 1 1 2 2 1 1 1 1 2 2 3 1 1 1 1 2 3 2 2 1 1 1 1 3 2 2 2 2 4 4 4 4 5 5 6 6 5 5 4 4 4 4 5 6 5 5 6 5 7 4 4 4 4 6 5 5 5 5 6 7 7 
0 0 0 0 0 0 1 1 1 1 1 1 1 1 2 1 1 1 1 2 2 3 3 3 3 4 4 4 3 3 3 3 4 4 4 5 3 3 3 3 4 4 4 5 6 3 3 3 3 4 4 4 6 5 5 7 7 7 7 8 8 8 9 9 9 9 10 10 10 10 11 11 11 12 12 12 12 13 
0 0 0 0 0 0 1 1 1 1 1 1 1 1 2 1 1 1 1 2 2 3 3 3 3 4 4 4 3 3 3 3 4 4 4 5 3 3 3 3 4 4 4 5 6 3 3 3 3 4 4 4 6 5 5 7 7 7 7 8 8 8 9 10 10 9 7 7 7 7 8 8 8 10 9 9 10 11 
0 0 0 0 0 0 1 1 1 1 1 1 1 1 2 1 1 1 1 2 2 3 3 3 3 4 4 4 3 3 3 3 4 4 4 5 6 6 6 6 7 7 7 8 8 6 6 6 6 7 7 7 8 8 9 10 10 10 10 11 11 11 12 12 13 13 10 10 10 10 11 11 11 12 12 13 13 14 
0 0 0 0 0 1 0 1 0 0 1 0 0 0 0 2 2 2 2 2 2 2 2 2 2 2 2 3 2 2 2 2 2 2 3 3 4 4 4 4 4 4 5 5 5 4 4 4 4 4 4 5 5 5 6 4 4 4 4 4 4 5 5 5 7 8 4 4 4 4 4 4 5 5 5 8 7 6 
0 0 0 0 0 1 0 1 0 0 1 0 0 0 0 2 2 2 2 2 2 2 2 2 2 2 2 3 2 2 2 2 2 2 3 3 4 4 4 4 4 4 5 5 5 4 4 4 4 4 4 5 5 5 6 7 7 7 7 7 7 8 8 8 9 9 7 7 7 7 7 7 8 8 8 9 9 10 
0 0 0 1 1 1 1 1 1 0 1 1 1 0 0 2 2 2 2 2 2 2 2 2 2 2 2 3 2 2 2 2 2 2 3 4 2 2 2 2 2 2 4 3 3 5 5 5 5 5 5 6 6 6 6 5 5 5 5 5 5 6 6 6 6 7 8 8 8 8 8 8 9 9 9 9 10 10 
0 0 0 0 0 0 1 1 1 1 1 1 1 1 2 1 1 1 1 2 2 3 3 3 3 4 4 4 3 3 3 3 4 4 4 5 3 3 3 3 4 4 4 6 7 3 3 3 3 4 4 4 7 6 5 8 8 8 8 9 9 9 10 10 10 10 8 8 8 8 9 9 9 10 10 10 10 11 
--- order 1200 (x2) ---
0 0 0 0 0 0 0 0 0 0 1 1 1 1 1 1 1 1 1 1 2 1 1 1 1 1 2 3 1 1 1 1 1 3 2 3 1 1 1 1 1 3 3 2 2 4 4 4 4 4 5 5 5 5 5 6 6 6 6 6 7 7 7 7 7 8 9 9 9 9 9 10 10 10 10 10 11 12 
0 0 0 1 1 1 1 1 1 2 1 1 1 2 3 1 1 1 2 3 4 1 1 1 2 4 3 4 1 1 1 2 4 4 3 3 1 1 1 3 2 2 2 2 2 1 1 1 3 2 2 2 2 2 4 1 1 1 4 2 2 2 2 2 3 4 1 1 1 4 2 2 2 2 2 4 3 3 
--- order 1280 (x1) ---
0 0 1 0 1 2 0 1 2 3 0 1 3 2 2 0 2 1 1 1 1 0 2 1 1 1 1 3 0 3 1 1 1 1 2 2 4 0 0 0 0 0 0 0 0 4 0 0 0 0 0 0 0 0 5 5 0 0 0 0 0 0 0 0 4 5 5 0 0 0 0 0 0 0 0 5 4 4 
--- order 1296 (x3) ---
0 0 0 0 0 1 0 0 1 1 0 1 0 0 0 0 1 0 0 0 1 1 0 0 0 0 0 0 1 0 0 0 0 0 0 1 2 2 2 2 2 2 2 2 2 3 3 3 3 3 3 3 3 3 4 5 5 5 5 5 5 5 5 5 6 7 8 8 8 8 8 8 8 8 8 9 10 11 
0 0 0 0 0 1 0 0 1 1 0 1 0 0 0 0 1 0 0 0 1 1 0 0 0 0 0 0 1 0 0 0 0 0 0 1 2 2 2 2 2 2 2 2 2 3 3 4 4 4 3 3 3 3 5 3 4 3 3 3 4 4 3 3 5 6 4 3 3 3 3 3 3 4 4 5 6 6 
0 0 0 1 1 1 1 1 1 2 1 1 1 2 2 3 3 3 4 4 4 3 3 3 4 4 4 5 3 3 3 4 4 4 5 5 6 6 6 7 7 7 8 8 8 6 6 6 7 7 7 8 8 8 9 6 6 6 7 7 7 8 8 8 9 9 10 10 10 11 11 11 12 12 12 13 13 13 
--- order 1440 (x13) ---
0 0 0 0 0 0 0 0 0 0 0 0 0 0 0 1 1 1 1 1 1 1 1 1 1 1 1 2 3 3 3 3 3 3 4 4 5 5 5 5 5 5 6 6 7 8 8 8 8 8 8 9 9 10 11 12 12 12 12 12 12 13 13 14 15 16 17 17 17 17 17 17 18 18 19 20 21 22 
0 0 0 0 0 0 0 0 0 0 0 0 0 0 0 1 1 1 1 1 1 1 1 1 1 1 1 2 3 3 3 3 3 3 4 4 5 5 5 5 5 5 6 6 7 8 8 8 8 8 8 9 9 10 11 12 12 12 12 12 12 13 14 15 16 17 12 12 12 12 12 12 14 13 15 16 17 18 
0 0 0 0 0 0 0 0 0 0 0 0 0 0 0 1 1 1 1 1 1 1 1 1 1 1 1 2 3 3 3 3 3 3 4 4 5 5 5 5 5 5 6 7 8 5 5 5 5 5 5 7 6 8 9 10 10 10 10 10 10 11 12 13 14 15 10 10 10 10 10 10 12 11 13 15 14 16 
0 0 0 0 0 0 0 0 0 0 0 0 0 0 0 1 1 1 1 1 1 2 2 2 2 2 3 1 2 2 2 2 3 2 1 0 2 2 2 3 2 2 1 0 0 2 2 3 2 2 2 1 0 0 0 2 3 2 2 2 2 1 0 0 0 0 3 2 2 2 2 2 1 0 0 0 0 0 
0 0 0 0 0 0 0 0 0 0 1 1 1 1 1 1 1 1 1 1 2 1 1 1 1 1 2 2 1 1 1 1 1 3 3 4 1 1 1 1 1 3 4 3 2 1 1 1 1 1 4 3 3 2 2 5 5 5 5 5 6 6 6 6 6 6 7 7 7 7 7 8 8 8 8 8 8 9 
0 0 0 0 0 0 0 0 0 0 1 1 1 1 1 1 1 1 1 1 2 1 1 1 1 1 2 2 1 1 1 1 1 3 3 4 1 1 1 1 1 3 4 3 2 1 1 1 1 1 4 3 3 2 2 5 5 5 5 5 6 6 6 7 7 7 5 5 5 5 5 7 7 7 6 6 6 8 
0 0 0 0 0 0 0 0 0 0 1 1 1 1 1 1 1 1 1 1 2 1 1 1 1 1 2 2 1 1 1 1 1 3 4 5 1 1 1 1 1 4 5 3 2 1 1 1 1 1 5 3 4 2 2 6 6 6 6 6 7 7 7 7 7 7 6 6 6 6 6 7 7 7 7 7 7 8 
0 0 0 0 0 0 0 0 0 0 1 1 1 1 1 1 1 1 1 1 2 1 1 1 1 1 2 2 3 3 3 3 3 4 4 4 3 3 3 3 3 4 4 4 5 6 6 6 6 6 7 7 7 8 8 9 9 9 9 9 10 10 10 11 11 12 13 13 13 13 13 14 14 14 15 15 16 17 
0 0 0 0 0 0 0 0 0 0 1 1 1 1 1 1 1 1 1 1 2 1 1 1 1 1 2 2 3 3 3 3 3 4 4 4 3 3 3 3 3 4 4 4 5 6 6 6 6 6 7 7 7 8 8 9 9 9 9 9 10 10 10 11 12 13 9 9 9 9 9 10 10 10 12 11 13 14 
0 0 0 0 0 0 0 0 0 0 1 1 1 1 1 1 1 1 1 1 2 1 1 1 1 1 2 2 3 3 3 3 3 4 4 4 3 3 3 3 3 4 4 4 5 6 6 6 6 6 7 7 8 9 9 6 6 6 6 6 7 8 7 9 9 10 6 6 6 6 6 8 7 7 9 9 10 10 
0 0 0 0 0 0 0 0 0 0 1 1 1 1 1 1 1 1 1 1 2 1 1 1 1 1 2 2 3 3 3 3 4 1 1 1 3 3 3 4 3 1 1 1 0 3 3 4 3 3 1 1 1 0 0 3 4 3 3 3 1 1 1 0 0 0 4 3 3 3 3 1 1 1 0 0 0 0 
0 0 0 0 0 0 1 1 1 1 1 1 1 1 2 1 1 1 1 2 2 3 3 3 3 4 4 4 3 3 3 3 4 4 4 5 3 3 3 3 4 4 4 5 6 3 3 3 3 4 4 4 6 5 6 3 3 3 3 4 4 4 6 6 5 5 7 7 7 7 8 8 8 9 9 9 9 9 
0 0 0 1 1 1 1 1 1 0 1 1 1 0 0 2 2 2 2 2 2 2 2 2 2 2 2 3 2 2 2 2 2 2 3 4 2 2 2 2 2 2 4 3 4 2 2 2 2 2 2 4 4 3 3 5 5 5 5 5 5 6 6 6 6 6 5 5 5 5 5 5 6 6 6 6 6 7 
--- order 1536 (x5) ---
0 0 0 0 0 0 0 0 0 1 0 0 1 0 0 0 1 0 0 0 0 1 0 0 0 0 0 0 2 2 2 2 2 2 2 2 2 2 2 2 2 2 2 2 3 2 2 2 2 2 2 2 2 4 5 2 2 2 2 2 2 2 2 5 4 3 6 6 6 6 6 6 6 6 7 7 7 7 
0 0 0 0 0 0 0 0 0 1 0 0 1 0 0 0 1 0 0 0 0 1 0 0 0 0 0 0 2 2 2 2 2 2 2 2 2 2 2 2 2 2 2 2 3 4 4 4 4 4 4 4 4 5 5 4 4 4 4 4 4 4 4 5 5 6 7 7 7 7 7 7 7 7 8 8 9 9 
0 0 0 0 0 0 1 1 1 1 1 1 1 1 2 1 1 1 1 2 3 1 1 1 1 3 2 2 1 1 1 1 4 5 5 4 1 1 1 1 4 5 5 4 3 1 1 1 1 5 4 4 5 2 2 1 1 1 1 5 4 4 5 2 2 3 6 6 6 6 7 7 7 7 7 7 7 7 
0 0 0 0 0 0 1 1 1 1 1 1 1 1 2 1 1 1 1 2 3 1 1 1 1 3 2 2 4 4 4 4 5 5 5 5 4 4 4 4 5 5 5 5 6 4 4 4 4 5 5 5 5 6 7 4 4 4 4 5 5 5 5 7 6 6 8 8 8 8 9 9 9 9 10 10 10 10 
0 0 0 1 1 1 1 1 1 2 1 1 1 2 3 1 1 1 2 3 4 1 1 1 2 4 3 3 1 1 1 3 2 2 2 2 1 1 1 3 2 2 2 2 4 1 1 1 4 2 2 2 2 3 3 5 5 5 6 6 6 6 6 6 6 6 5 5 5 6 6 6 6 6 6 6 6 7 
--- order 1680 (x1) ---
0 0 0 0 0 0 0 0 0 0 1 1 1 1 1 1 1 1 1 1 2 1 1 1 1 1 2 3 1 1 1 1 1 3 2 4 1 1 1 1 1 3 4 2 4 1 1 1 1 1 4 3 4 2 3 1 1 1 1 1 4 4 3 3 2 2 5 5 5 5 5 6 6 6 6 6 6 6 
--- order 1728 (x10) ---
0 0 0 0 0 0 1 1 1 1 1 1 1 1 2 1 1 1 1 2 2 1 1 1 1 2 3 3 1 1 1 1 2 3 3 2 1 1 1 1 3 2 3 2 3 1 1 1 1 3 2 3 3 2 2 1 1 1 1 3 3 2 2 3 2 3 1 1 1 1 3 3 2 3 2 3 2 2 
0 0 0 0 0 0 1 1 1 1 1 1 1 1 2 1 1 1 1 2 2 1 1 1 1 3 3 3 1 1 1 1 3 3 3 2 1 1 1 1 3 3 3 2 2 4 4 4 4 5 5 5 5 5 5 6 6 6 6 7 7 7 7 7 7 8 9 9 9 9 10 10 10 10 10 10 11 12 
0 0 0 0 0 0 1 1 1 1 1 1 1 1 2 1 1 1 1 2 2 1 1 1 1 3 3 3 1 1 1 1 3 3 3 2 1 1 1 1 3 3 3 2 2 4 4 4 4 5 5 5 5 5 5 6 6 6 6 7 7 7 8 8 8 9 6 6 6 6 8 8 8 7 7 7 9 10 
0 0 0 0 0 0 1 1 1 1 1 1 1 1 2 1 1 1 1 2 2 1 1 1 1 3 3 4 1 1 1 1 3 4 3 2 1 1 1 1 4 3 3 2 2 5 5 5 5 6 6 6 6 6 6 5 5 5 5 6 6 6 6 6 6 7 5 5 5 5 6 6 6 6 6 6 7 7 
0 0 0 0 0 0 1 1 1 1 1 1 1 1 2 1 1 1 1 2 2 3 3 3 3 4 4 4 3 3 3 3 4 4 4 5 3 3 3 3 4 4 4 5 5 6 6 6 6 7 7 7 8 8 8 6 6 6 6 7 7 7 8 8 8 9 10 10 10 10 11 11 11 12 12 12 13 13 
0 0 0 0 0 1 0 1 0 0 1 0 0 0 0 2 2 2 2 2 2 2 2 2 2 2 2 3 2 2 2 2 2 2 3 3 4 4 4 4 4 4 5 5 5 4 4 4 4 4 4 5 5 5 6 4 4 4 4 4 4 5 5 5 6 6 7 7 7 7 7 7 8 8 8 9 9 9 
0 0 0 1 1 1 1 1 1 0 1 1 1 0 0 2 2 2 2 2 2 2 2 2 2 2 2 3 2 2 2 2 2 2 3 3 4 4 4 4 4 4 5 5 5 4 4 4 4 4 4 5 5 5 6 7 7 7 7 7 7 8 8 8 9 9 7 7 7 7 7 7 8 8 8 9 9 10 
0 0 0 1 1 1 1 1 1 0 1 1 1 0 0 2 2 2 2 2 2 2 2 2 2 2 2 3 2 2 2 2 2 2 3 3 4 4 4 5 5 5 6 6 6 4 4 4 5 5 5 6 6 6 7 5 5 5 4 4 4 6 6 6 8 8 5 5 5 4 4 4 6 6 6 8 8 7 
0 0 0 1 1 1 1 1 1 2 1 1 1 2 2 3 3 3 4 4 4 3 3 3 4 4 4 5 3 3 3 4 4 4 5 5 6 6 6 7 7 7 8 8 8 6 6 6 7 7 7 8 8 8 9 6 6 6 7 7 7 8 8 8 9 10 6 6 6 7 7 7 8 8 8 10 9 9 
0 0 0 1 1 1 1 1 1 0 1 1 1 0 0 2 2 2 2 2 2 2 2 2 2 2 2 3 2 2 2 2 2 2 3 3 4 4 4 4 4 4 5 5 5 4 4 4 4 4 4 5 5 5 6 4 4 4 4 4 4 5 5 5 7 8 4 4 4 4 4 4 5 5 5 8 7 6 
--- order 1920 (x11) ---
0 0 0 0 0 0 0 0 0 0 1 1 1 1 1 1 1 1 1 1 2 1 1 1 1 1 2 3 1 1 1 1 1 3 2 2 1 1 1 1 1 4 4 5 5 1 1 1 1 1 4 5 4 5 2 1 1 1 1 1 5 4 5 4 2 3 1 1 1 1 1 5 5 4 4 3 2 2 
0 0 0 0 0 0 0 0 0 0 1 1 1 1 1 1 1 1 1 1 2 1 1 1 1 1 2 3 1 1 1 1 1 3 2 2 1 1 1 1 1 4 5 5 6 1 1 1 1 1 5 4 6 5 2 1 1 1 1 1 5 6 4 5 2 3 1 1 1 1 1 6 5 5 4 3 2 2 
0 0 0 0 0 0 0 0 0 0 1 1 1 1 1 1 1 1 1 1 2 1 1 1 1 1 2 3 1 1 1 1 1 3 2 2 4 4 4 4 4 5 5 5 5 4 4 4 4 4 5 5 5 5 6 7 7 7 7 7 8 8 8 8 9 9 10 10 10 10 10 11 11 11 11 12 12 13 
0 0 0 0 0 0 0 0 0 0 1 1 1 1 1 1 1 1 1 1 2 1 1 1 1 1 2 3 1 1 1 1 1 3 2 2 4 4 4 4 4 5 5 5 5 4 4 4 4 4 5 5 5 5 6 7 7 7 7 7 8 8 8 8 9 10 7 7 7 7 7 8 8 8 8 10 9 11 
0 0 0 0 0 0 0 0 0 0 1 1 1 1 1 1 1 1 1 1 2 1 1 1 1 1 2 3 1 1 1 1 1 3 2 2 4 4 4 4 4 5 5 5 5 4 4 4 4 4 5 5 5 5 6 7 7 7 7 7 8 9 9 8 10 10 7 7 7 7 7 9 8 8 9 10 10 11 
0 0 0 0 0 0 0 0 0 0 1 1 1 1 1 1 1 1 1 1 2 1 1 1 1 1 2 3 1 1 1 1 1 3 2 2 4 4 4 4 4 5 6 6 5 4 4 4 4 4 5 6 6 5 7 4 4 4 4 4 6 5 5 6 8 9 4 4 4 4 4 6 5 5 6 9 8 7 
0 0 0 0 0 0 1 1 1 1 1 1 1 1 2 1 1 1 1 2 3 1 1 1 1 3 2 2 4 4 4 4 5 5 5 5 4 4 4 4 5 5 5 5 6 4 4 4 4 5 5 5 5 6 7 4 4 4 4 5 5 5 5 7 6 7 4 4 4 4 5 5 5 5 7 7 6 6 
0 0 0 1 1 1 1 1 1 2 1 1 1 2 3 1 1 1 2 3 4 1 1 1 2 4 3 3 1 1 1 3 2 3 3 2 1 1 1 3 2 3 3 2 4 1 1 1 3 3 2 2 3 2 2 1 1 1 3 3 2 2 3 2 2 4 1 1 1 4 2 2 2 2 3 3 3 3 
0 0 0 0 0 0 0 0 0 0 1 1 1 1 1 1 1 1 1 1 2 1 1 1 1 1 3 4 1 1 1 1 1 4 3 2 5 5 5 5 5 6 6 6 6 5 5 5 5 5 6 6 6 6 7 8 8 8 8 8 9 9 9 9 10 10 8 8 8 8 8 9 9 9 9 10 10 11 
0 0 0 0 0 0 0 0 0 0 1 1 1 1 1 1 1 1 1 1 2 3 3 3 3 3 4 4 3 3 3 3 3 4 4 5 6 6 6 6 6 7 7 8 8 6 6 6 6 6 7 7 8 8 9 10 10 10 10 10 11 11 12 12 13 13 10 10 10 10 10 11 11 12 12 13 13 14 
0 0 0 0 0 0 0 0 0 0 1 1 1 1 1 1 1 1 1 1 2 1 1 1 1 1 3 4 1 1 1 1 1 4 3 2 5 5 5 5 5 6 6 6 6 5 5 5 5 5 6 6 6 6 7 5 5 5 5 5 6 6 6 6 8 9 5 5 5 5 5 6 6 6 6 9 8 7 
--- order 2160 (x1) ---
0 0 0 0 0 0 0 0 0 0 0 0 0 0 0 1 1 1 1 1 1 1 1 1 1 1 1 2 1 1 1 1 1 1 2 2 3 3 3 3 3 3 4 4 4 5 5 5 5 5 5 6 7 8 9 5 5 5 5 5 5 7 8 6 9 10 5 5 5 5 5 5 8 6 7 9 10 10 
--- order 2304 (x11) ---
0 0 0 0 0 0 0 0 0 1 0 0 1 0 0 0 1 0 0 0 0 1 0 0 0 0 0 0 2 2 2 2 2 2 2 2 2 2 2 2 2 2 2 2 3 2 2 2 2 2 2 2 2 3 3 4 4 4 4 4 4 4 4 5 5 5 6 6 6 6 6 6 6 6 7 7 7 8 
0 0 0 0 0 0 1 1 1 1 1 1 1 1 0 1 1 1 1 0 0 1 1 1 1 0 0 0 2 2 2 2 2 2 2 2 2 2 2 2 2 2 2 2 3 4 4 4 4 4 4 4 4 5 5 6 6 6 6 6 6 6 6 7 7 8 9 9 9 9 9 9 9 9 10 10 11 12 
0 0 0 0 0 0 1 1 1 1 1 1 1 1 0 1 1 1 1 0 0 1 1 1 1 0 0 0 2 2 2 2 2 2 2 2 2 2 2 2 2 2 2 2 3 4 4 4 4 4 4 4 4 5 5 6 6 6 6 6 6 6 6 7 8 9 6 6 6 6 6 6 6 6 8 7 9 10 
0 0 0 0 0 0 1 1 1 1 1 1 1 1 0 1 1 1 1 0 0 1 1 1 1 0 0 0 2 2 2 2 2 2 2 2 2 2 2 2 2 2 2 2 3 4 4 4 4 4 4 4 4 5 5 6 6 6 6 7 7 7 7 8 8 9 7 7 7 7 6 6 6 6 8 8 9 10 
0 0 0 0 0 0 1 1 1 1 1 1 1 1 0 1 1 1 1 0 0 1 1 1 1 0 0 0 2 2 2 2 2 2 2 2 3 3 3 3 4 4 4 4 5 3 3 3 3 4 4 4 4 5 6 4 4 4 4 3 3 3 3 5 7 8 4 4 4 4 3 3 3 3 5 8 7 6 
0 0 0 0 0 0 1 1 1 1 1 1 1 1 2 1 1 1 1 2 2 1 1 1 1 2 2 2 3 3 3 3 4 4 4 4 3 3 3 3 4 4 4 4 5 3 3 3 3 4 4 4 4 6 7 3 3 3 3 4 4 4 4 7 6 5 8 8 8 8 9 9 9 9 10 10 10 10 
0 0 0 0 0 0 1 1 1 1 1 1 1 1 2 1 1 1 1 2 2 1 1 1 1 2 2 2 3 3 3 3 4 4 4 4 3 3 3 3 4 4 4 4 5 6 6 6 6 7 7 7 7 8 8 6 6 6 6 7 7 7 7 8 8 9 10 10 10 10 11 11 11 11 12 12 13 13 
0 0 0 0 0 0 1 1 1 1 1 1 1 1 2 1 1 1 1 2 2 1 1 1 1 2 2 3 1 1 1 1 2 3 2 2 1 1 1 1 3 2 2 2 2 4 4 4 4 5 5 5 5 5 5 4 4 4 4 5 5 5 5 5 5 6 7 7 7 7 8 8 8 8 8 8 9 9 
0 0 0 0 0 0 1 1 1 1 1 1 1 1 2 1 1 1 1 2 2 3 3 3 3 4 4 4 3 3 3 3 4 4 4 5 3 3 3 3 4 4 4 5 6 3 3 3 3 4 4 4 6 5 5 7 7 7 7 8 8 8 9 9 9 9 7 7 7 7 8 8 8 9 9 9 9 10 
0 0 0 0 0 1 0 1 0 0 1 0 0 0 0 2 2 2 2 2 2 2 2 2 2 2 2 3 2 2 2 2 2 2 3 3 2 2 2 2 2 2 3 3 4 2 2 2 2 2 2 3 4 3 3 2 2 2 2 2 2 4 3 3 3 3 5 5 5 5 5 5 6 6 6 6 6 6 
0 0 0 0 0 1 0 1 0 0 1 0 0 0 0 2 2 2 2 2 2 2 2 2 2 2 2 3 2 2 2 2 2 2 3 3 4 4 4 4 4 4 5 5 5 4 4 4 4 4 4 5 5 5 6 4 4 4 4 4 4 5 5 5 6 7 4 4 4 4 4 4 5 5 5 7 6 6 
--- order 2400 (x1) ---
0 0 0 0 0 0 0 0 0 0 1 1 1 1 1 1 1 1 1 1 2 1 1 1 1 1 2 3 1 1 1 1 1 3 2 3 1 1 1 1 1 3 3 2 2 4 4 4 4 4 5 5 5 5 5 4 4 4 4 4 5 5 5 5 5 6 7 7 7 7 7 8 8 8 8 8 9 9 
--- order 2592 (x4) ---
0 0 0 0 0 1 0 0 1 1 0 1 0 0 0 0 1 0 0 0 1 1 0 0 0 0 0 0 1 0 0 0 0 0 0 1 2 2 2 2 2 2 2 2 2 2 2 2 2 2 2 2 2 2 3 4 4 4 4 4 4 4 4 4 5 5 6 6 6 6 6 6 6 6 6 7 7 8 
0 0 0 0 0 1 0 0 1 1 0 1 0 0 0 0 1 0 0 0 1 1 0 0 0 0 0 0 1 0 0 0 0 0 0 1 2 2 2 2 2 2 2 2 2 2 2 2 2 2 2 2 2 2 3 4 4 4 4 4 4 4 4 4 5 6 4 4 4 4 4 4 4 4 4 6 5 7 
0 0 0 1 1 1 1 1 1 0 1 1 1 0 0 2 2 2 2 2 2 2 2 2 2 2 2 3 2 2 2 2 2 2 3 3 4 4 4 4 4 4 5 5 5 4 4 4 4 4 4 5 5 5 6 4 4 4 4 4 4 5 5 5 6 6 7 7 7 7 7 7 8 8 8 9 9 9 
0 0 0 1 1 1 1 1 1 0 1 1 1 0 0 2 2 2 2 2 2 3 3 3 4 4 4 5 3 3 3 4 4 4 5 6 3 3 3 4 4 4 5 6 6 4 4 4 3 3 3 5 7 7 7 4 4 4 3 3 3 5 7 7 7 6 4 4 4 3 3 3 5 7 7 7 6 6 
--- order 2880 (x9) ---
0 0 0 0 0 0 0 0 0 0 0 0 0 0 0 1 1 1 1 1 1 1 1 1 1 1 1 2 1 1 1 1 1 1 3 4 1 1 1 1 1 1 4 3 2 5 5 5 5 5 5 6 6 6 6 7 7 7 7 7 7 8 8 8 8 9 10 10 10 10 10 10 11 11 11 11 12 13 
0 0 0 0 0 0 0 0 0 0 0 0 0 0 0 1 1 1 1 1 1 1 1 1 1 1 1 2 1 1 1 1 1 1 3 4 1 1 1 1 1 1 4 3 2 5 5 5 5 5 5 6 6 6 6 7 7 7 7 7 7 8 8 9 9 10 7 7 7 7 7 7 9 9 8 8 10 11 
0 0 0 0 0 0 0 0 0 0 0 0 0 0 0 1 1 1 1 1 1 1 1 1 1 1 1 2 3 3 3 3 3 3 4 4 3 3 3 3 3 3 4 4 5 6 6 6 6 6 6 7 7 8 8 9 9 9 9 9 9 10 10 11 11 12 13 13 13 13 13 13 14 14 15 15 16 17 
0 0 0 0 0 0 0 0 0 0 0 0 0 0 0 1 1 1 1 1 1 1 1 1 1 1 1 2 3 3 3 3 3 3 4 4 3 3 3 3 3 3 4 4 5 6 6 6 6 6 6 7 7 8 8 9 9 9 9 9 9 10 10 11 12 13 9 9 9 9 9 9 10 10 12 11 13 14 
0 0 0 0 0 0 0 0 0 0 1 1 1 1 1 1 1 1 1 1 2 1 1 1 1 1 2 2 1 1 1 1 1 2 2 2 3 3 3 3 3 4 4 4 4 5 5 5 5 5 6 6 6 6 7 8 8 8 8 8 9 9 9 9 10 11 12 12 12 12 12 13 13 13 13 14 15 16 
0 0 0 0 0 0 0 0 0 0 1 1 1 1 1 1 1 1 1 1 2 1 1 1 1 1 2 2 1 1 1 1 1 2 2 2 3 3 3 3 3 4 4 4 5 3 3 3 3 3 4 4 5 4 6 3 3 3 3 3 4 5 4 4 6 6 3 3 3 3 3 5 4 4 4 6 6 6 
0 0 0 0 0 0 0 0 0 0 1 1 1 1 1 1 1 1 1 1 2 1 1 1 1 1 2 2 1 1 1 1 1 3 3 4 1 1 1 1 1 3 4 3 2 1 1 1 1 1 4 3 3 2 2 5 5 5 5 5 6 6 6 6 6 6 5 5 5 5 5 6 6 6 6 6 6 7 
0 0 0 0 0 0 0 0 0 0 1 1 1 1 1 1 1 1 1 1 2 1 1 1 1 1 2 2 3 3 3 3 3 4 4 4 3 3 3 3 3 4 4 4 5 3 3 3 3 3 4 4 4 6 7 3 3 3 3 3 4 4 4 7 6 5 8 8 8 8 8 9 9 9 10 10 10 10 
0 0 0 0 0 0 0 0 0 0 1 1 1 1 1 1 1 1 1 1 2 1 1 1 1 1 2 2 3 3 3 3 3 4 4 4 3 3 3 3 3 4 4 4 5 6 6 6 6 6 7 7 7 8 8 6 6 6 6 6 7 7 7 8 8 9 10 10 10 10 10 11 11 11 12 12 13 13 
--- order 3072 (x3) ---
0 0 0 0 0 0 0 0 0 1 0 0 1 0 0 0 1 0 0 0 0 1 0 0 0 0 0 0 2 2 2 2 2 2 2 2 2 2 2 2 2 2 2 2 3 2 2 2 2 2 2 2 2 3 4 2 2 2 2 2 2 2 2 4 3 3 5 5 5 5 5 5 5 5 6 6 6 6 
0 0 0 0 0 0 1 1 1 1 1 1 1 1 2 1 1 1 1 2 3 1 1 1 1 2 3 4 1 1 1 1 2 4 3 3 1 1 1 1 3 2 2 2 2 1 1 1 1 3 2 2 2 2 4 1 1 1 1 4 2 2 2 2 3 3 5 5 5 5 6 6 6 6 6 6 6 6 
0 0 0 0 0 1 0 0 1 2 0 0 2 1 1 0 1 0 0 0 0 0 1 0 0 0 0 2 0 2 0 0 0 0 1 1 1 0 0 0 0 0 0 0 0 1 0 0 0 0 0 0 0 0 2 2 0 0 0 0 0 0 0 0 1 1 3 3 3 3 3 3 3 3 3 3 3 3 
--- order 3456 (x4) ---
0 0 0 0 0 0 1 1 1 1 1 1 1 1 2 1 1 1 1 2 2 1 1 1 1 2 2 2 3 3 3 3 4 4 4 4 3 3 3 3 4 4 4 4 5 3 3 3 3 4 4 4 4 5 5 6 6 6 6 7 7 7 7 8 8 8 9 9 9 9 10 10 10 10 11 11 11 12 
0 0 0 0 0 0 1 1 1 1 1 1 1 1 2 1 1 1 1 2 2 1 1 1 1 3 3 3 1 1 1 1 3 3 3 2 1 1 1 1 3 3 3 2 2 4 4 4 4 5 5 5 5 5 5 4 4 4 4 5 5 5 5 5 5 6 7 7 7 7 8 8 8 8 8 8 9 9 
0 0 0 0 0 1 0 1 0 0 1 0 0 0 0 2 2 2 2 2 2 2 2 2 2 2 2 3 2 2 2 2 2 2 3 3 2 2 2 2 2 2 4 4 4 2 2 2 2 2 2 4 4 4 3 2 2 2 2 2 2 4 4 4 3 3 5 5 5 5 5 5 6 6 6 6 6 6 
0 0 0 1 1 1 1 1 1 0 1 1 1 0 0 2 2 2 2 2 2 2 2 2 2 2 2 3 2 2 2 2 2 2 3 3 4 4 4 4 4 4 5 5 5 4 4 4 4 4 4 5 5 5 6 4 4 4 4 4 4 5 5 5 6 7 4 4 4 4 4 4 5 5 5 7 6 6 
--- order 3840 (x6) ---
0 0 0 0 0 0 0 0 0 0 0 0 0 0 1 0 0 0 1 0 0 0 0 1 0 0 0 0 0 1 0 0 0 0 0 0 1 0 0 0 0 0 0 0 0 2 2 2 2 2 2 2 2 2 2 3 3 3 3 3 3 3 3 3 3 4 5 5 5 5 5 5 5 5 5 5 6 7 
0 0 0 0 0 0 0 0 0 0 1 1 1 1 1 1 1 1 1 1 2 1 1 1 1 1 2 3 1 1 1 1 1 2 4 5 1 1 1 1 1 2 5 4 3 1 1 1 1 1 3 2 2 2 2 1 1 1 1 1 4 2 2 2 2 5 1 1 1 1 1 5 2 2 2 2 4 3 
0 0 0 0 0 0 0 0 0 0 1 1 1 1 1 1 1 1 1 1 2 1 1 1 1 1 2 3 1 1 1 1 1 3 2 2 4 4 4 4 4 5 5 5 5 4 4 4 4 4 5 5 5 5 6 7 7 7 7 7 8 8 8 8 9 9 7 7 7 7 7 8 8 8 8 9 9 10 
0 0 0 0 0 0 0 0 0 0 1 1 1 1 1 1 1 1 1 1 2 1 1 1 1 1 2 3 1 1 1 1 1 3 2 2 4 4 4 4 4 5 6 6 5 4 4 4 4 4 5 6 6 5 7 4 4 4 4 4 6 5 5 6 8 8 4 4 4 4 4 6 5 5 6 8 8 7 
0 0 0 0 0 0 0 0 0 1 0 0 1 0 0 0 1 0 0 0 0 1 0 0 0 0 0 0 2 2 2 2 2 2 2 2 2 2 2 2 2 2 2 2 3 2 2 2 2 2 2 2 2 3 4 2 2 2 2 2 2 2 2 4 3 4 2 2 2 2 2 2 2 2 4 4 3 3 
0 0 0 0 0 0 0 0 0 0 1 1 1 1 1 1 1 1 1 1 2 1 1 1 1 1 2 3 1 1 1 1 1 3 2 2 4 4 4 4 4 5 5 5 5 4 4 4 4 4 5 5 5 5 6 4 4 4 4 4 5 5 5 5 7 8 4 4 4 4 4 5 5 5 5 8 7 6 
--- order 4320 (x4) ---
0 0 0 0 0 0 0 0 0 0 0 0 0 0 0 1 1 1 1 1 1 1 1 1 1 1 1 2 1 1 1 1 1 1 2 2 1 1 1 1 1 1 3 4 5 1 1 1 1 1 1 4 5 3 2 1 1 1 1 1 1 5 3 4 2 2 6 6 6 6 6 6 7 7 7 7 7 7 
0 0 0 0 0 0 0 0 0 0 0 0 0 0 0 1 1 1 1 1 1 1 1 1 1 1 1 2 1 1 1 1 1 1 2 2 3 3 3 3 3 3 4 4 4 5 5 5 5 5 5 6 6 6 7 8 8 8 8 8 8 9 9 9 10 11 12 12 12 12 12 12 13 13 13 14 15 16 
0 0 0 0 0 0 0 0 0 0 0 0 0 0 0 1 1 1 1 1 1 1 1 1 1 1 1 2 1 1 1 1 1 1 2 2 3 3 3 3 3 3 4 4 4 5 5 5 5 5 5 6 6 7 8 5 5 5 5 5 5 6 7 6 8 9 5 5 5 5 5 5 7 6 6 8 9 9 
0 0 0 0 0 0 0 0 0 0 1 1 1 1 1 1 1 1 1 1 2 1 1 1 1 1 2 2 3 3 3 3 3 4 4 4 3 3 3 3 3 4 4 4 5 3 3 3 3 3 4 4 4 5 5 6 6 6 6 6 7 7 7 8 8 8 9 9 9 9 9 10 10 10 11 11 11 12 
--- order 4608 (x6) ---
0 0 0 0 0 0 0 0 0 1 0 0 1 0 0 0 1 0 0 0 0 1 0 0 0 0 0 0 2 2 2 2 2 2 2 2 2 2 2 2 2 2 2 2 3 2 2 2 2 2 2 2 2 3 3 4 4 4 4 4 4 4 4 5 5 5 4 4 4 4 4 4 4 4 5 5 5 6 
0 0 0 0 0 0 1 1 1 1 1 1 1 1 0 1 1 1 1 0 0 1 1 1 1 0 0 0 2 2 2 2 2 2 2 2 2 2 2 2 2 2 2 2 3 4 4 4 4 4 4 4 4 5 5 4 4 4 4 4 4 4 4 5 5 6 7 7 7 7 7 7 7 7 8 8 9 9 
0 0 0 0 0 0 1 1 1 1 1 1 1 1 0 1 1 1 1 0 0 1 1 1 1 0 0 0 2 2 2 2 2 2 2 2 3 3 3 3 4 4 4 4 5 3 3 3 3 4 4 4 4 5 6 4 4 4 4 3 3 3 3 5 7 7 4 4 4 4 3 3 3 3 5 7 7 6 
0 0 0 0 0 0 1 1 1 1 1 1 1 1 2 1 1 1 1 2 2 1 1 1 1 2 2 2 3 3 3 3 4 4 4 4 3 3 3 3 4 4 4 4 5 3 3 3 3 4 4 4 4 5 6 3 3 3 3 4 4 4 4 6 5 5 7 7 7 7 8 8 8 8 9 9 9 9 
0 0 0 0 0 1 0 1 0 0 1 0 0 0 0 2 2 2 2 2 2 2 2 2 2 2 2 0 2 2 2 2 2 2 0 0 2 2 2 2 2 2 0 0 1 2 2 2 2 2 2 0 1 0 0 2 2 2 2 2 2 1 0 0 0 0 3 3 3 3 3 3 3 3 3 3 3 3 
0 0 0 0 0 0 1 1 1 1 1 1 1 1 0 1 1 1 1 0 0 1 1 1 1 0 0 0 2 2 2 2 2 2 2 2 2 2 2 2 2 2 2 2 3 2 2 2 2 2 2 2 2 4 5 2 2 2 2 2 2 2 2 5 4 3 6 6 6 6 6 6 6 6 7 7 7 7 
--- order 5040 (x1) ---
0 0 0 0 0 0 0 0 0 0 0 0 0 0 0 0 0 0 0 0 0 1 1 1 1 1 1 1 2 2 2 2 2 2 2 3 4 4 4 4 4 4 4 5 6 7 7 7 7 7 7 7 8 9 10 11 11 11 11 11 11 11 12 13 14 15 16 16 16 16 16 16 16 17 18 19 20 21 
--- order 5184 (x5) ---
0 0 0 0 0 0 1 1 1 1 1 1 1 1 2 1 1 1 1 2 2 3 3 3 3 4 4 4 3 3 3 3 4 4 4 5 3 3 3 3 4 4 4 5 5 6 6 6 6 7 7 7 8 8 8 6 6 6 6 7 7 7 8 8 8 9 6 6 6 6 7 7 7 8 8 8 9 9 
0 0 0 0 0 1 0 0 1 1 0 1 0 0 0 0 1 0 0 0 1 1 0 0 0 0 0 0 1 0 0 0 0 0 0 1 2 2 2 2 2 2 2 2 2 2 2 2 2 2 2 2 2 2 3 2 2 2 2 2 2 2 2 2 4 5 2 2 2 2 2 2 2 2 2 5 4 3 
0 0 0 0 0 1 0 0 1 1 0 1 0 0 0 0 1 0 0 0 1 1 0 0 0 0 0 0 1 0 0 0 0 0 0 1 2 2 2 2 2 2 2 2 2 2 2 2 2 2 2 2 2 2 3 4 4 4 4 4 4 4 4 4 5 5 4 4 4 4 4 4 4 4 4 5 5 6 
0 0 0 1 1 1 1 1 1 0 1 1 1 0 0 2 2 2 2 2 2 2 2 2 2 2 2 3 2 2 2 2 2 2 3 3 2 2 2 2 2 2 4 4 4 2 2 2 2 2 2 4 4 4 3 2 2 2 2 2 2 4 4 4 3 3 5 5 5 5 5 5 6 6 6 6 6 6 
0 0 0 1 1 1 1 1 1 0 1 1 1 0 0 2 2 2 2 2 2 3 3 3 4 4 4 2 3 3 3 4 4 4 2 0 3 3 3 4 4 4 2 0 0 4 4 4 3 3 3 2 1 1 1 4 4 4 3 3 3 2 1 1 1 0 4 4 4 3 3 3 2 1 1 1 0 0 
--- order 5760 (x10) ---
0 0 0 0 0 0 0 0 0 0 0 0 0 0 0 1 1 1 1 1 1 1 1 1 1 1 1 2 1 1 1 1 1 1 2 3 1 1 1 1 1 1 3 2 2 4 4 4 4 4 4 5 5 5 5 6 6 6 6 6 6 7 7 7 7 8 9 9 9 9 9 9 10 10 10 10 11 12 
0 0 0 0 0 0 0 0 0 0 0 0 0 0 0 1 1 1 1 1 1 1 1 1 1 1 1 2 1 1 1 1 1 1 2 3 1 1 1 1 1 1 3 2 2 4 4 4 4 4 4 5 5 5 5 6 6 6 6 6 6 7 8 8 7 9 6 6 6 6 6 6 8 7 7 8 9 10 
0 0 0 0 0 0 0 0 0 0 0 0 0 0 0 1 1 1 1 1 1 1 1 1 1 1 1 2 3 3 3 3 3 3 4 4 3 3 3 3 3 3 4 4 5 6 6 6 6 6 6 7 7 8 8 6 6 6 6 6 6 7 7 8 8 9 10 10 10 10 10 10 11 11 12 12 13 13 
0 0 0 0 0 0 0 0 0 0 1 1 1 1 1 1 1 1 1 1 2 1 1 1 1 1 2 2 1 1 1 1 1 2 2 2 1 1 1 1 1 3 3 3 4 1 1 1 1 1 3 3 4 3 2 1 1 1 1 1 3 4 3 3 2 2 1 1 1 1 1 4 3 3 3 2 2 2 
0 0 0 0 0 0 0 0 0 0 1 1 1 1 1 1 1 1 1 1 2 1 1 1 1 1 2 2 1 1 1 1 1 2 2 2 3 3 3 3 3 4 4 4 4 3 3 3 3 3 4 4 4 4 5 6 6 6 6 6 7 7 7 7 8 8 9 9 9 9 9 10 10 10 10 11 11 12 
0 0 0 0 0 0 0 0 0 0 1 1 1 1 1 1 1 1 1 1 2 1 1 1 1 1 2 2 1 1 1 1 1 2 2 2 3 3 3 3 3 4 4 4 4 3 3 3 3 3 4 4 4 4 5 6 6 6 6 6 7 7 7 7 8 9 6 6 6 6 6 7 7 7 7 9 8 10 
0 0 0 0 0 0 0 0 0 0 1 1 1 1 1 1 1 1 1 1 2 1 1 1 1 1 2 2 1 1 1 1 1 2 2 3 1 1 1 1 1 2 3 2 2 1 1 1 1 1 3 2 2 2 2 4 4 4 4 4 5 5 5 5 5 5 6 6 6 6 6 7 7 7 7 7 7 8 
0 0 0 0 0 0 0 0 0 0 1 1 1 1 1 1 1 1 1 1 2 1 1 1 1 1 2 2 3 3 3 3 3 4 4 4 3 3 3 3 3 4 4 4 5 3 3 3 3 3 4 4 4 5 6 3 3 3 3 3 4 4 4 6 5 5 7 7 7 7 7 8 8 8 9 9 9 9 
0 0 0 0 0 0 1 1 1 1 1 1 1 1 2 1 1 1 1 2 2 1 1 1 1 2 2 2 3 3 3 3 4 4 4 4 3 3 3 3 4 4 4 4 5 3 3 3 3 4 4 4 4 5 6 3 3 3 3 4 4 4 4 6 5 6 3 3 3 3 4 4 4 4 6 6 5 5 
0 0 0 0 0 0 0 0 0 0 0 0 0 0 0 1 1 1 1 1 1 1 1 1 1 1 1 2 1 1 1 1 1 1 3 4 1 1 1 1 1 1 4 3 2 5 5 5 5 5 5 6 6 6 6 5 5 5 5 5 5 6 6 6 6 7 8 8 8 8 8 8 9 9 9 9 10 10 
--- order 6912 (x4) ---
0 0 0 0 0 0 1 1 1 1 1 1 1 1 0 1 1 1 1 0 0 1 1 1 1 0 0 0 2 2 2 2 2 2 2 2 2 2 2 2 2 2 2 2 3 2 2 2 2 2 2 2 2 3 3 4 4 4 4 4 4 4 4 5 5 5 6 6 6 6 6 6 6 6 7 7 7 8 
0 0 0 0 0 0 1 1 1 1 1 1 1 1 0 1 1 1 1 0 0 1 1 1 1 0 0 0 2 2 2 2 2 2 2 2 2 2 2 2 2 2 2 2 3 2 2 2 2 2 2 2 2 3 3 4 4 4 4 5 5 5 5 6 6 6 5 5 5 5 4 4 4 4 6 6 6 7 
0 0 0 0 0 0 1 1 1 1 1 1 1 1 2 1 1 1 1 2 2 1 1 1 1 2 2 2 3 3 3 3 4 4 4 4 3 3 3 3 4 4 4 4 5 3 3 3 3 4 4 4 4 5 5 6 6 6 6 7 7 7 7 8 8 8 6 6 6 6 7 7 7 7 8 8 8 9 
0 0 0 0 0 0 1 1 1 1 1 1 1 1 2 1 1 1 1 2 2 1 1 1 1 2 2 3 1 1 1 1 2 3 2 2 1 1 1 1 3 2 2 2 2 4 4 4 4 5 5 5 5 5 5 4 4 4 4 5 5 5 5 5 5 6 4 4 4 4 5 5 5 5 5 5 6 6 
--- order 7200 (x2) ---
0 0 0 0 0 0 0 0 0 0 0 0 0 0 0 1 1 1 1 1 1 1 1 1 1 1 1 2 1 1 1 1 1 1 2 3 1 1 1 1 1 1 3 2 3 1 1 1 1 1 1 3 3 2 2 4 4 4 4 4 4 5 5 5 5 5 6 6 6 6 6 6 7 7 7 7 7 8 
0 0 0 0 0 0 0 0 0 0 1 1 1 1 1 1 1 1 1 1 2 1 1 1 1 1 2 2 3 3 3 3 3 4 4 4 3 3 3 3 3 4 4 4 5 3 3 3 3 3 4 4 4 5 6 3 3 3 3 3 4 4 4 6 5 6 3 3 3 3 3 4 4 4 6 6 5 5 
--- order 7680 (x3) ---
0 0 0 0 0 0 0 0 0 0 0 0 0 0 1 0 0 0 1 0 0 0 0 1 0 0 0 0 0 1 0 0 0 0 0 0 1 0 0 0 0 0 0 0 0 2 2 2 2 2 2 2 2 2 2 2 2 2 2 2 2 2 2 2 2 3 4 4 4 4 4 4 4 4 4 4 5 5 
0 0 0 0 0 0 0 0 0 0 1 1 1 1 1 1 1 1 1 1 2 1 1 1 1 1 2 3 1 1 1 1 1 3 2 2 1 1 1 1 1 4 5 5 4 1 1 1 1 1 4 5 5 4 3 1 1 1 1 1 5 4 4 5 2 2 1 1 1 1 1 5 4 4 5 2 2 3 
0 0 0 0 0 0 0 0 0 0 1 1 1 1 1 1 1 1 1 1 2 1 1 1 1 1 2 3 1 1 1 1 1 3 2 2 4 4 4 4 4 5 5 5 5 4 4 4 4 4 5 5 5 5 6 4 4 4 4 4 5 5 5 5 6 7 4 4 4 4 4 5 5 5 5 7 6 6 
--- order 7776 (x1) ---
0 0 0 0 0 1 0 0 1 1 0 1 0 0 0 0 1 0 0 0 1 1 0 0 0 0 0 0 1 0 0 0 0 0 0 1 2 2 2 2 2 2 2 2 2 2 2 2 2 2 2 2 2 2 3 2 2 2 2 2 2 2 2 2 3 3 4 4 4 4 4 4 4 4 4 5 5 5 
--- order 8640 (x6) ---
0 0 0 0 0 0 0 0 0 0 0 0 0 0 0 1 1 1 1 1 1 1 1 1 1 1 1 2 1 1 1 1 1 1 2 2 1 1 1 1 1 1 3 3 4 1 1 1 1 1 1 3 4 3 2 1 1 1 1 1 1 4 3 3 2 2 5 5 5 5 5 5 6 6 6 6 6 6 
0 0 0 0 0 0 0 0 0 0 0 0 0 0 0 1 1 1 1 1 1 1 1 1 1 1 1 2 1 1 1 1 1 1 2 2 3 3 3 3 3 3 4 4 4 3 3 3 3 3 3 4 4 4 5 6 6 6 6 6 6 7 7 7 8 8 9 9 9 9 9 9 10 10 10 11 11 12 
0 0 0 0 0 0 0 0 0 0 0 0 0 0 0 1 1 1 1 1 1 1 1 1 1 1 1 2 1 1 1 1 1 1 2 2 3 3 3 3 3 3 4 4 4 3 3 3 3 3 3 4 4 4 5 6 6 6 6 6 6 7 7 7 8 9 6 6 6 6 6 6 7 7 7 9 8 10 
0 0 0 0 0 0 0 0 0 0 1 1 1 1 1 1 1 1 1 1 2 1 1 1 1 1 2 2 1 1 1 1 1 3 3 3 1 1 1 1 1 3 3 3 2 1 1 1 1 1 3 3 3 2 2 4 4 4 4 4 5 5 5 5 5 5 6 6 6 6 6 7 7 7 7 7 7 8 
0 0 0 0 0 0 0 0 0 0 1 1 1 1 1 1 1 1 1 1 2 1 1 1 1 1 2 2 1 1 1 1 1 3 3 3 1 1 1 1 1 3 3 3 2 1 1 1 1 1 3 3 3 2 2 4 4 4 4 4 5 5 5 6 6 6 4 4 4 4 4 6 6 6 5 5 5 7 
0 0 0 0 0 0 0 0 0 0 1 1 1 1 1 1 1 1 1 1 2 1 1 1 1 1 2 2 3 3 3 3 3 4 4 4 3 3 3 3 3 4 4 4 5 3 3 3 3 3 4 4 4 5 5 6 6 6 6 6 7 7 7 8 8 8 6 6 6 6 6 7 7 7 8 8 8 9 
--- order 9216 (x2) ---
0 0 0 0 0 0 0 0 0 1 0 0 1 0 0 0 1 0 0 0 0 1 0 0 0 0 0 0 2 2 2 2 2 2 2 2 2 2 2 2 2 2 2 2 3 2 2 2 2 2 2 2 2 3 3 2 2 2 2 2 2 2 2 3 3 3 4 4 4 4 4 4 4 4 5 5 5 5 
0 0 0 0 0 0 1 1 1 1 1 1 1 1 0 1 1 1 1 0 0 1 1 1 1 0 0 0 2 2 2 2 2 2 2 2 2 2 2 2 2 2 2 2 3 2 2 2 2 2 2 2 2 3 4 2 2 2 2 2 2 2 2 4 3 3 5 5 5 5 5 5 5 5 6 6 6 6 
--- order 10080 (x4) ---
0 0 0 0 0 0 0 0 0 0 0 0 0 0 0 0 0 0 0 0 0 1 1 1 1 1 1 1 1 1 1 1 1 1 1 2 3 3 3 3 3 3 3 4 4 5 5 5 5 5 5 5 6 6 7 8 8 8 8 8 8 8 9 9 10 11 12 12 12 12 12 12 12 13 13 14 15 16 
0 0 0 0 0 0 0 0 0 0 0 0 0 0 0 0 0 0 0 0 0 1 1 1 1 1 1 1 1 1 1 1 1 1 1 2 3 3 3 3 3 3 3 4 4 5 5 5 5 5 5 5 6 6 7 8 8 8 8 8 8 8 9 10 11 12 8 8 8 8 8 8 8 10 9 11 12 13 
0 0 0 0 0 0 0 0 0 0 0 0 0 0 0 0 0 0 0 0 0 1 1 1 1 1 1 1 1 1 1 1 1 1 1 2 3 3 3 3 3 3 3 4 5 3 3 3 3 3 3 3 5 4 6 7 7 7 7 7 7 7 8 9 10 11 7 7 7 7 7 7 7 9 8 11 10 12 
0 0 0 0 0 0 0 0 0 0 0 0 0 0 0 1 1 1 1 1 1 1 1 1 1 1 1 2 1 1 1 1 1 1 2 3 1 1 1 1 1 1 3 2 4 1 1 1 1 1 1 3 4 2 4 1 1 1 1 1 1 4 3 4 2 3 1 1 1 1 1 1 4 4 3 3 2 2 
--- order 10368 (x3) ---
0 0 0 0 0 0 1 1 1 1 1 1 1 1 2 1 1 1 1 2 2 1 1 1 1 3 3 3 1 1 1 1 3 3 3 2 1 1 1 1 3 3 3 2 2 4 4 4 4 5 5 5 5 5 5 4 4 4 4 5 5 5 5 5 5 6 4 4 4 4 5 5 5 5 5 5 6 6 
0 0 0 0 0 1 0 0 1 1 0 1 0 0 0 0 1 0 0 0 1 1 0 0 0 0 0 0 1 0 0 0 0 0 0 1 2 2 2 2 2 2 2 2 2 2 2 2 2 2 2 2 2 2 3 2 2 2 2 2 2 2 2 2 3 4 2 2 2 2 2 2 2 2 2 4 3 3 
0 0 0 1 1 1 1 1 1 0 1 1 1 0 0 1 1 1 2 2 2 1 1 1 2 2 2 0 1 1 1 2 2 2 0 0 2 2 2 1 1 1 1 1 1 2 2 2 1 1 1 1 1 1 0 2 2 2 1 1 1 1 1 1 0 0 3 3 3 3 3 3 3 3 3 3 3 3 
--- order 11520 (x5) ---
0 0 0 0 0 0 0 0 0 0 0 0 0 0 0 1 1 1 1 1 1 1 1 1 1 1 1 2 1 1 1 1 1 1 2 3 1 1 1 1 1 1 3 2 2 4 4 4 4 4 4 5 5 5 5 4 4 4 4 4 4 5 5 5 5 6 7 7 7 7 7 7 8 8 8 8 9 9 
0 0 0 0 0 0 0 0 0 0 1 1 1 1 1 1 1 1 1 1 2 1 1 1 1 1 2 2 1 1 1 1 1 2 2 2 3 3 3 3 3 4 4 4 4 3 3 3 3 3 4 4 4 4 5 3 3 3 3 3 4 4 4 4 6 7 3 3 3 3 3 4 4 4 4 7 6 5 
0 0 0 0 0 0 0 0 0 0 1 1 1 1 1 1 1 1 1 1 2 1 1 1 1 1 2 2 1 1 1 1 1 2 2 2 3 3 3 3 3 4 4 4 4 3 3 3 3 3 4 4 4 4 5 6 6 6 6 6 7 7 7 7 8 8 6 6 6 6 6 7 7 7 7 8 8 9 
0 0 0 0 0 0 0 0 0 0 1 1 1 1 1 1 1 1 1 1 2 1 1 1 1 1 2 2 1 1 1 1 1 2 2 3 1 1 1 1 1 2 3 2 2 1 1 1 1 1 3 2 2 2 2 4 4 4 4 4 5 5 5 5 5 5 4 4 4 4 4 5 5 5 5 5 5 6 
0 0 0 0 0 0 1 1 1 1 1 1 1 1 0 1 1 1 1 0 0 1 1 1 1 0 0 0 2 2 2 2 2 2 2 2 2 2 2 2 2 2 2 2 3 2 2 2 2 2 2 2 2 3 4 2 2 2 2 2 2 2 2 4 3 4 2 2 2 2 2 2 2 2 4 4 3 3 
--- order 13824 (x2) ---
0 0 0 0 0 0 1 1 1 1 1 1 1 1 0 1 1 1 1 0 0 1 1 1 1 0 0 0 2 2 2 2 2 2 2 2 2 2 2 2 2 2 2 2 3 2 2 2 2 2 2 2 2 3 3 4 4 4 4 4 4 4 4 5 5 5 4 4 4 4 4 4 4 4 5 5 5 6 
0 0 0 0 0 0 1 1 1 1 1 1 1 1 2 1 1 1 1 2 2 1 1 1 1 2 2 2 3 3 3 3 4 4 4 4 3 3 3 3 4 4 4 4 5 3 3 3 3 4 4 4 4 5 5 3 3 3 3 4 4 4 4 5 5 5 6 6 6 6 7 7 7 7 8 8 8 8 
--- order 14400 (x2) ---
0 0 0 0 0 0 0 0 0 0 0 0 0 0 0 1 1 1 1 1 1 1 1 1 1 1 1 2 1 1 1 1 1 1 2 3 1 1 1 1 1 1 3 2 3 1 1 1 1 1 1 3 3 2 2 4 4 4 4 4 4 5 5 5 5 5 4 4 4 4 4 4 5 5 5 5 5 6 
0 0 0 0 0 0 0 0 0 0 1 1 1 1 1 1 1 1 1 1 2 1 1 1 1 1 2 2 1 1 1 1 1 2 2 2 1 1 1 1 1 2 2 2 2 3 3 3 3 3 4 4 4 4 4 5 5 5 5 5 6 6 6 6 6 7 8 8 8 8 8 9 9 9 9 9 10 11 
--- order 15120 (x1) ---
0 0 0 0 0 0 0 0 0 0 0 0 0 0 0 0 0 0 0 0 0 1 1 1 1 1 1 1 1 1 1 1 1 1 1 2 1 1 1 1 1 1 1 2 2 3 3 3 3 3 3 3 4 5 6 3 3 3 3 3 3 3 5 6 4 7 3 3 3 3 3 3 3 6 4 5 7 7 
--- order 15360 (x1) ---
0 0 0 0 0 0 0 0 0 0 1 1 1 1 1 1 1 1 1 1 2 1 1 1 1 1 2 3 1 1 1 1 1 2 3 4 1 1 1 1 1 2 4 3 3 1 1 1 1 1 3 2 2 2 2 1 1 1 1 1 3 2 2 2 2 4 1 1 1 1 1 4 2 2 2 2 3 3 
--- order 17280 (x5) ---
0 0 0 0 0 0 0 0 0 0 0 0 0 0 0 1 1 1 1 1 1 1 1 1 1 1 1 2 1 1 1 1 1 1 2 2 1 1 1 1 1 1 2 2 2 3 3 3 3 3 3 4 4 4 4 5 5 5 5 5 5 6 6 6 6 7 8 8 8 8 8 8 9 9 9 9 10 11 
0 0 0 0 0 0 0 0 0 0 0 0 0 0 0 1 1 1 1 1 1 1 1 1 1 1 1 2 1 1 1 1 1 1 2 2 3 3 3 3 3 3 4 4 4 3 3 3 3 3 3 4 4 4 5 3 3 3 3 3 3 4 4 4 6 7 3 3 3 3 3 3 4 4 4 7 6 5 
0 0 0 0 0 0 0 0 0 0 0 0 0 0 0 1 1 1 1 1 1 1 1 1 1 1 1 2 1 1 1 1 1 1 2 2 3 3 3 3 3 3 4 4 4 3 3 3 3 3 3 4 4 4 5 6 6 6 6 6 6 7 7 7 8 8 6 6 6 6 6 6 7 7 7 8 8 9 
0 0 0 0 0 0 0 0 0 0 1 1 1 1 1 1 1 1 1 1 2 1 1 1 1 1 2 2 1 1 1 1 1 2 2 2 3 3 3 3 3 4 4 4 4 3 3 3 3 3 4 4 4 4 5 3 3 3 3 3 4 4 4 4 5 5 6 6 6 6 6 7 7 7 7 8 8 8 
0 0 0 0 0 0 0 0 0 0 1 1 1 1 1 1 1 1 1 1 2 1 1 1 1 1 2 2 1 1 1 1 1 3 3 3 1 1 1 1 1 3 3 3 2 1 1 1 1 1 3 3 3 2 2 4 4 4 4 4 5 5 5 5 5 5 4 4 4 4 4 5 5 5 5 5 5 6 
--- order 20160 (x4) ---
0 0 0 0 0 0 0 0 0 0 0 0 0 0 0 0 0 0 0 0 0 1 1 1 1 1 1 1 1 1 1 1 1 1 1 2 1 1 1 1 1 1 1 3 4 1 1 1 1 1 1 1 4 3 2 5 5 5 5 5 5 5 6 6 6 6 7 7 7 7 7 7 7 8 8 8 8 9 
0 0 0 0 0 0 0 0 0 0 0 0 0 0 0 0 0 0 0 0 0 1 1 1 1 1 1 1 1 1 1 1 1 1 1 2 1 1 1 1 1 1 1 3 4 1 1 1 1 1 1 1 4 3 2 5 5 5 5 5 5 5 6 6 7 7 5 5 5 5 5 5 5 7 7 6 6 8 
0 0 0 0 0 0 0 0 0 0 0 0 0 0 0 0 0 0 0 0 0 1 1 1 1 1 1 1 1 1 1 1 1 1 1 2 3 3 3 3 3 3 3 4 4 3 3 3 3 3 3 3 4 4 5 6 6 6 6 6 6 6 7 7 8 8 9 9 9 9 9 9 9 10 10 11 11 12 
0 0 0 0 0 0 0 0 0 0 0 0 0 0 0 0 0 0 0 0 0 1 1 1 1 1 1 1 1 1 1 1 1 1 1 2 3 3 3 3 3 3 3 4 4 3 3 3 3 3 3 3 4 4 5 6 6 6 6 6 6 6 7 7 8 9 6 6 6 6 6 6 6 7 7 9 8 10 
--- order 23040 (x2) ---
0 0 0 0 0 0 0 0 0 0 0 0 0 0 1 0 0 0 1 0 0 0 0 1 0 0 0 0 0 1 0 0 0 0 0 0 1 0 0 0 0 0 0 0 0 2 2 2 2 2 2 2 2 2 2 2 2 2 2 2 2 2 2 2 2 3 2 2 2 2 2 2 2 2 2 2 3 3 
0 0 0 0 0 0 0 0 0 0 1 1 1 1 1 1 1 1 1 1 2 1 1 1 1 1 2 2 1 1 1 1 1 2 2 2 3 3 3 3 3 4 4 4 4 3 3 3 3 3 4 4 4 4 5 3 3 3 3 3 4 4 4 4 5 6 3 3 3 3 3 4 4 4 4 6 5 5 
--- order 25920 (x1) ---
0 0 0 0 0 0 0 0 0 0 0 0 0 0 0 1 1 1 1 1 1 1 1 1 1 1 1 2 1 1 1 1 1 1 2 2 3 3 3 3 3 3 4 4 4 3 3 3 3 3 3 4 4 4 5 3 3 3 3 3 3 4 4 4 5 5 6 6 6 6 6 6 7 7 7 8 8 8 
--- order 27648 (x1) ---
0 0 0 0 0 0 1 1 1 1 1 1 1 1 0 1 1 1 1 0 0 1 1 1 1 0 0 0 2 2 2 2 2 2 2 2 2 2 2 2 2 2 2 2 3 2 2 2 2 2 2 2 2 3 3 2 2 2 2 2 2 2 2 3 3 3 4 4 4 4 4 4 4 4 5 5 5 5 
--- order 28800 (x3) ---
0 0 0 0 0 0 0 0 0 0 1 1 1 1 1 1 1 1 1 1 0 1 1 1 1 1 0 0 1 1 1 1 1 0 0 0 1 1 1 1 1 0 0 0 0 2 2 2 2 2 2 2 2 2 2 3 3 3 3 3 3 3 3 3 3 4 5 5 5 5 5 5 5 5 5 5 6 7 
0 0 0 0 0 0 0 0 0 0 1 1 1 1 1 1 1 1 1 1 0 1 1 1 1 1 0 0 1 1 1 1 1 0 0 0 1 1 1 1 1 0 0 0 0 2 2 2 2 2 2 2 2 2 2 3 3 3 3 3 4 4 4 4 4 5 4 4 4 4 4 3 3 3 3 3 5 6 
0 0 0 0 0 0 0 0 0 0 1 1 1 1 1 1 1 1 1 1 2 1 1 1 1 1 2 2 1 1 1 1 1 2 2 2 1 1 1 1 1 2 2 2 2 3 3 3 3 3 4 4 4 4 4 3 3 3 3 3 4 4 4 4 4 5 6 6 6 6 6 7 7 7 7 7 8 8 
--- order 30240 (x3) ---
0 0 0 0 0 0 0 0 0 0 0 0 0 0 0 0 0 0 0 0 0 1 1 1 1 1 1 1 1 1 1 1 1 1 1 2 1 1 1 1 1 1 1 2 2 1 1 1 1 1 1 1 3 4 5 1 1 1 1 1 1 1 4 5 3 2 1 1 1 1 1 1 1 5 3 4 2 2 
0 0 0 0 0 0 0 0 0 0 0 0 0 0 0 0 0 0 0 0 0 1 1 1 1 1 1 1 1 1 1 1 1 1 1 2 1 1 1 1 1 1 1 2 2 3 3 3 3 3 3 3 4 4 4 5 5 5 5 5 5 5 6 6 6 7 8 8 8 8 8 8 8 9 9 9 10 11 
0 0 0 0 0 0 0 0 0 0 0 0 0 0 0 0 0 0 0 0 0 1 1 1 1 1 1 1 1 1 1 1 1 1 1 2 1 1 1 1 1 1 1 2 2 3 3 3 3 3 3 3 4 4 5 3 3 3 3 3 3 3 4 5 4 6 3 3 3 3 3 3 3 5 4 4 6 6 
--- order 31104 (x2) ---
0 0 0 0 0 0 0 0 0 1 0 0 0 1 1 0 0 1 0 0 0 0 0 1 0 0 0 1 0 1 0 0 0 0 0 0 0 1 0 0 0 0 0 0 1 1 0 0 0 0 0 0 0 0 0 1 0 0 0 0 0 0 0 0 0 1 2 2 2 2 2 2 2 2 2 2 2 2 
0 0 0 0 0 0 1 1 1 1 1 1 1 1 2 1 1 1 1 2 2 1 1 1 1 2 2 3 1 1 1 1 2 2 3 3 1 1 1 1 2 3 2 2 2 1 1 1 1 2 3 2 2 2 3 1 1 1 1 3 2 2 2 2 2 2 1 1 1 1 3 2 2 2 2 2 2 3 
--- order 34560 (x3) ---
0 0 0 0 0 0 0 0 0 0 0 0 0 0 0 1 1 1 1 1 1 1 1 1 1 1 1 2 1 1 1 1 1 1 2 2 1 1 1 1 1 1 2 2 2 3 3 3 3 3 3 4 4 4 4 3 3 3 3 3 3 4 4 4 4 5 6 6 6 6 6 6 7 7 7 7 8 8 
0 0 0 0 0 0 0 0 0 0 0 0 0 0 0 1 1 1 1 1 1 1 1 1 1 1 1 2 1 1 1 1 1 1 2 2 1 1 1 1 1 1 2 2 3 1 1 1 1 1 1 2 3 2 2 1 1 1 1 1 1 3 2 2 2 2 4 4 4 4 4 4 5 5 5 5 5 5 
0 0 0 0 0 0 0 0 0 0 0 0 0 0 0 1 1 1 1 1 1 1 1 1 1 1 1 2 1 1 1 1 1 1 2 2 3 3 3 3 3 3 4 4 4 3 3 3 3 3 3 4 4 4 5 3 3 3 3 3 3 4 4 4 5 6 3 3 3 3 3 3 4 4 4 6 5 5 
--- order 40320 (x5) ---
0 0 0 0 0 0 0 0 0 0 0 0 0 0 0 0 0 0 0 0 0 0 0 0 0 0 0 0 1 1 1 1 1 1 1 1 2 2 2 2 2 2 2 2 3 4 4 4 4 4 4 4 4 5 6 7 7 7 7 7 7 7 7 8 9 10 11 11 11 11 11 11 11 11 12 13 14 15 
0 0 0 0 0 0 0 0 0 0 0 0 0 0 0 0 0 0 0 0 0 1 1 1 1 1 1 1 1 1 1 1 1 1 1 2 1 1 1 1 1 1 1 2 3 1 1 1 1 1 1 1 3 2 2 4 4 4 4 4 4 4 5 5 5 5 6 6 6 6 6 6 6 7 7 7 7 8 
0 0 0 0 0 0 0 0 0 0 0 0 0 0 0 0 0 0 0 0 0 1 1 1 1 1 1 1 1 1 1 1 1 1 1 2 1 1 1 1 1 1 1 2 3 1 1 1 1 1 1 1 3 2 2 4 4 4 4 4 4 4 5 6 6 5 4 4 4 4 4 4 4 6 5 5 6 7 
0 0 0 0 0 0 0 0 0 0 0 0 0 0 0 0 0 0 0 0 0 1 1 1 1 1 1 1 1 1 1 1 1 1 1 2 3 3 3 3 3 3 3 4 4 3 3 3 3 3 3 3 4 4 5 6 6 6 6 6 6 6 7 7 8 8 6 6 6 6 6 6 6 7 7 8 8 9 
0 0 0 0 0 0 0 0 0 0 0 0 0 0 0 0 0 0 0 0 0 1 1 1 1 1 1 1 1 1 1 1 1 1 1 2 1 1 1 1 1 1 1 3 4 1 1 1 1 1 1 1 4 3 2 5 5 5 5 5 5 5 6 6 6 6 5 5 5 5 5 5 5 6 6 6 6 7 
--- order 46080 (x2) ---
0 0 0 0 0 0 0 0 0 0 0 0 0 0 0 0 0 0 0 0 1 0 0 0 0 1 0 0 0 0 0 1 0 0 0 0 0 0 1 0 0 0 0 0 0 0 1 0 0 0 0 0 0 0 0 1 0 0 0 0 0 0 0 0 0 0 2 2 2 2 2 2 2 2 2 2 2 2 
0 0 0 0 0 0 0 0 0 0 1 1 1 1 1 1 1 1 1 1 2 1 1 1 1 1 2 2 1 1 1 1 1 2 2 2 1 1 1 1 1 2 2 2 3 1 1 1 1 1 2 2 3 2 2 1 1 1 1 1 2 3 2 2 2 2 1 1 1 1 1 3 2 2 2 2 2 2 
--- order 50400 (x1) ---
0 0 0 0 0 0 0 0 0 0 0 0 0 0 0 0 0 0 0 0 0 1 1 1 1 1 1 1 1 1 1 1 1 1 1 2 1 1 1 1 1 1 1 2 3 1 1 1 1 1 1 1 3 2 3 1 1 1 1 1 1 1 3 3 2 2 4 4 4 4 4 4 4 5 5 5 5 5 
--- order 51840 (x1) ---
0 0 0 0 0 0 0 0 0 0 0 0 0 0 0 1 1 1 1 1 1 1 1 1 1 1 1 2 1 1 1 1 1 1 2 2 1 1 1 1 1 1 3 3 3 1 1 1 1 1 1 3 3 3 2 1 1 1 1 1 1 3 3 3 2 2 4 4 4 4 4 4 5 5 5 5 5 5 
--- order 57600 (x1) ---
0 0 0 0 0 0 0 0 0 0 1 1 1 1 1 1 1 1 1 1 0 1 1 1 1 1 0 0 1 1 1 1 1 0 0 0 1 1 1 1 1 0 0 0 0 2 2 2 2 2 2 2 2 2 2 2 2 2 2 2 2 2 2 2 2 3 4 4 4 4 4 4 4 4 4 4 5 5 
--- order 60480 (x2) ---
0 0 0 0 0 0 0 0 0 0 0 0 0 0 0 0 0 0 0 0 0 1 1 1 1 1 1 1 1 1 1 1 1 1 1 2 1 1 1 1 1 1 1 2 2 1 1 1 1 1 1 1 3 3 4 1 1 1 1 1 1 1 3 4 3 2 1 1 1 1 1 1 1 4 3 3 2 2 
0 0 0 0 0 0 0 0 0 0 0 0 0 0 0 0 0 0 0 0 0 1 1 1 1 1 1 1 1 1 1 1 1 1 1 2 1 1 1 1 1 1 1 2 2 3 3 3 3 3 3 3 4 4 4 3 3 3 3 3 3 3 4 4 4 5 6 6 6 6 6 6 6 7 7 7 8 8 
--- order 69120 (x1) ---
0 0 0 0 0 0 0 0 0 0 1 1 1 1 1 1 1 1 1 1 2 1 1 1 1 1 2 2 1 1 1 1 1 2 2 2 3 3 3 3 3 4 4 4 4 3 3 3 3 3 4 4 4 4 5 3 3 3 3 3 4 4 4 4 5 5 3 3 3 3 3 4 4 4 4 5 5 5 
--- order 80640 (x3) ---
0 0 0 0 0 0 0 0 0 0 0 0 0 0 0 0 0 0 0 0 0 0 0 0 0 0 0 0 1 1 1 1 1 1 1 1 1 1 1 1 1 1 1 1 2 3 3 3 3 3 3 3 3 4 4 5 5 5 5 5 5 5 5 6 6 7 8 8 8 8 8 8 8 8 9 9 10 11 
0 0 0 0 0 0 0 0 0 0 0 0 0 0 0 0 0 0 0 0 0 0 0 0 0 0 0 0 1 1 1 1 1 1 1 1 1 1 1 1 1 1 1 1 2 3 3 3 3 3 3 3 3 4 4 5 5 5 5 5 5 5 5 6 7 8 5 5 5 5 5 5 5 5 7 6 8 9 
0 0 0 0 0 0 0 0 0 0 0 0 0 0 0 0 0 0 0 0 0 1 1 1 1 1 1 1 1 1 1 1 1 1 1 2 1 1 1 1 1 1 1 2 3 1 1 1 1 1 1 1 3 2 2 4 4 4 4 4 4 4 5 5 5 5 4 4 4 4 4 4 4 5 5 5 5 6 
--- order 82944 (x1) ---
0 0 0 0 0 0 1 1 1 1 1 1 1 1 0 1 1 1 1 0 0 1 1 1 1 0 0 0 1 1 1 1 1 1 1 1 1 1 1 1 1 1 1 1 0 1 1 1 1 1 1 1 1 0 0 1 1 1 1 1 1 1 1 0 0 0 2 2 2 2 2 2 2 2 2 2 2 2 
--- order 86400 (x2) ---
0 0 0 0 0 0 0 0 0 0 0 0 0 0 0 1 1 1 1 1 1 1 1 1 1 1 1 2 1 1 1 1 1 1 2 2 1 1 1 1 1 1 2 2 2 1 1 1 1 1 1 2 2 2 2 3 3 3 3 3 3 4 4 4 4 4 5 5 5 5 5 5 6 6 6 6 6 7 
0 0 0 0 0 0 0 0 0 0 1 1 1 1 1 1 1 1 1 1 2 1 1 1 1 1 2 2 1 1 1 1 1 2 2 2 1 1 1 1 1 2 2 2 2 3 3 3 3 3 4 4 4 4 4 3 3 3 3 3 4 4 4 4 4 5 3 3 3 3 3 4 4 4 4 4 5 5 
--- order 103680 (x1) ---
0 0 0 0 0 0 0 0 0 0 0 0 0 0 0 1 1 1 1 1 1 1 1 1 1 1 1 2 1 1 1 1 1 1 2 2 1 1 1 1 1 1 2 2 2 3 3 3 3 3 3 4 4 4 4 3 3 3 3 3 3 4 4 4 4 5 3 3 3 3 3 3 4 4 4 4 5 5 
--- order 120960 (x1) ---
0 0 0 0 0 0 0 0 0 0 0 0 0 0 0 0 0 0 0 0 0 1 1 1 1 1 1 1 1 1 1 1 1 1 1 2 1 1 1 1 1 1 1 2 2 1 1 1 1 1 1 1 2 2 2 3 3 3 3 3 3 3 4 4 4 4 5 5 5 5 5 5 5 6 6 6 6 7 
--- order 138240 (x1) ---
0 0 0 0 0 0 0 0 0 0 1 1 1 1 1 1 1 1 1 1 2 1 1 1 1 1 2 2 1 1 1 1 1 2 2 2 1 1 1 1 1 3 3 3 3 1 1 1 1 1 3 3 3 3 2 1 1 1 1 1 3 3 3 3 2 2 1 1 1 1 1 3 3 3 3 2 2 2 
--- order 161280 (x2) ---
0 0 0 0 0 0 0 0 0 0 0 0 0 0 0 0 0 0 0 0 0 0 0 0 0 0 0 0 1 1 1 1 1 1 1 1 1 1 1 1 1 1 1 1 2 1 1 1 1 1 1 1 1 3 4 1 1 1 1 1 1 1 1 4 3 2 5 5 5 5 5 5 5 5 6 6 6 6 
0 0 0 0 0 0 0 0 0 0 0 0 0 0 0 0 0 0 0 0 0 0 0 0 0 0 0 0 1 1 1 1 1 1 1 1 1 1 1 1 1 1 1 1 2 3 3 3 3 3 3 3 3 4 4 3 3 3 3 3 3 3 3 4 4 5 6 6 6 6 6 6 6 6 7 7 8 8 
--- order 172800 (x2) ---
0 0 0 0 0 0 0 0 0 0 0 0 0 0 0 1 1 1 1 1 1 1 1 1 1 1 1 2 1 1 1 1 1 1 2 2 1 1 1 1 1 1 2 2 2 1 1 1 1 1 1 2 2 2 2 3 3 3 3 3 3 4 4 4 4 4 3 3 3 3 3 3 4 4 4 4 4 5 
0 0 0 0 0 0 0 0 0 0 1 1 1 1 1 1 1 1 1 1 0 1 1 1 1 1 0 0 1 1 1 1 1 0 0 0 1 1 1 1 1 0 0 0 0 2 2 2 2 2 2 2 2 2 2 2 2 2 2 2 2 2 2 2 2 3 2 2 2 2 2 2 2 2 2 2 3 3 
--- order 181440 (x1) ---
0 0 0 0 0 0 0 0 0 0 0 0 0 0 0 0 0 0 0 0 0 1 1 1 1 1 1 1 1 1 1 1 1 1 1 2 1 1 1 1 1 1 1 2 2 3 3 3 3 3 3 3 4 4 4 3 3 3 3 3 3 3 4 4 4 5 3 3 3 3 3 3 3 4 4 4 5 5 
--- order 241920 (x3) ---
0 0 0 0 0 0 0 0 0 0 0 0 0 0 0 0 0 0 0 0 0 0 0 0 0 0 0 0 1 1 1 1 1 1 1 1 1 1 1 1 1 1 1 1 2 1 1 1 1 1 1 1 1 2 2 3 3 3 3 3 3 3 3 4 4 4 5 5 5 5 5 5 5 5 6 6 6 7 
0 0 0 0 0 0 0 0 0 0 0 0 0 0 0 0 0 0 0 0 0 1 1 1 1 1 1 1 1 1 1 1 1 1 1 2 1 1 1 1 1 1 1 2 2 1 1 1 1 1 1 1 2 2 2 3 3 3 3 3 3 3 4 4 4 4 3 3 3 3 3 3 3 4 4 4 4 5 
0 0 0 0 0 0 0 0 0 0 0 0 0 0 0 0 0 0 0 0 0 1 1 1 1 1 1 1 1 1 1 1 1 1 1 2 1 1 1 1 1 1 1 2 2 1 1 1 1 1 1 1 2 2 3 1 1 1 1 1 1 1 2 3 2 2 1 1 1 1 1 1 1 3 2 2 2 2 
--- order 322560 (x1) ---
0 0 0 0 0 0 0 0 0 0 0 0 0 0 0 0 0 0 0 0 0 0 0 0 0 0 0 0 1 1 1 1 1 1 1 1 1 1 1 1 1 1 1 1 2 1 1 1 1 1 1 1 1 2 3 1 1 1 1 1 1 1 1 3 2 2 4 4 4 4 4 4 4 4 5 5 5 5 
--- order 362880 (x2) ---
0 0 0 0 0 0 0 0 0 0 0 0 0 0 0 0 0 0 0 0 0 0 0 0 0 0 0 0 0 0 0 0 0 0 0 0 1 1 1 1 1 1 1 1 1 2 2 2 2 2 2 2 2 2 3 4 4 4 4 4 4 4 4 4 5 6 7 7 7 7 7 7 7 7 7 8 9 10 
0 0 0 0 0 0 0 0 0 0 0 0 0 0 0 0 0 0 0 0 0 1 1 1 1 1 1 1 1 1 1 1 1 1 1 2 1 1 1 1 1 1 1 2 2 1 1 1 1 1 1 1 3 3 3 1 1 1 1 1 1 1 3 3 3 2 1 1 1 1 1 1 1 3 3 3 2 2 
--- order 403200 (x1) ---
0 0 0 0 0 0 0 0 0 0 0 0 0 0 0 0 0 0 0 0 0 0 0 0 0 0 0 0 1 1 1 1 1 1 1 1 1 1 1 1 1 1 1 1 2 1 1 1 1 1 1 1 1 2 3 1 1 1 1 1 1 1 1 3 2 3 1 1 1 1 1 1 1 1 3 3 2 2 
--- order 483840 (x1) ---
0 0 0 0 0 0 0 0 0 0 0 0 0 0 0 0 0 0 0 0 0 0 0 0 0 0 0 0 1 1 1 1 1 1 1 1 1 1 1 1 1 1 1 1 2 1 1 1 1 1 1 1 1 2 2 3 3 3 3 3 3 3 3 4 4 4 3 3 3 3 3 3 3 3 4 4 4 5 
--- order 518400 (x1) ---
0 0 0 0 0 0 0 0 0 0 0 0 0 0 0 1 1 1 1 1 1 1 1 1 1 1 1 2 1 1 1 1 1 1 2 2 1 1 1 1 1 1 2 2 2 1 1 1 1 1 1 2 2 2 2 1 1 1 1 1 1 2 2 2 2 2 3 3 3 3 3 3 4 4 4 4 4 4 
--- order 604800 (x1) ---
0 0 0 0 0 0 0 0 0 0 0 0 0 0 0 0 0 0 0 0 0 1 1 1 1 1 1 1 1 1 1 1 1 1 1 2 1 1 1 1 1 1 1 2 2 1 1 1 1 1 1 1 2 2 2 1 1 1 1 1 1 1 2 2 2 2 3 3 3 3 3 3 3 4 4 4 4 4 
--- order 725760 (x2) ---
0 0 0 0 0 0 0 0 0 0 0 0 0 0 0 0 0 0 0 0 0 0 0 0 0 0 0 0 0 0 0 0 0 0 0 0 1 1 1 1 1 1 1 1 1 1 1 1 1 1 1 1 1 1 2 3 3 3 3 3 3 3 3 3 4 4 5 5 5 5 5 5 5 5 5 6 6 7 
0 0 0 0 0 0 0 0 0 0 0 0 0 0 0 0 0 0 0 0 0 0 0 0 0 0 0 0 0 0 0 0 0 0 0 0 1 1 1 1 1 1 1 1 1 1 1 1 1 1 1 1 1 1 2 3 3 3 3 3 3 3 3 3 4 5 3 3 3 3 3 3 3 3 3 5 4 6 
--- order 967680 (x1) ---
0 0 0 0 0 0 0 0 0 0 0 0 0 0 0 0 0 0 0 0 0 0 0 0 0 0 0 0 1 1 1 1 1 1 1 1 1 1 1 1 1 1 1 1 2 1 1 1 1 1 1 1 1 2 2 1 1 1 1 1 1 1 1 2 2 2 3 3 3 3 3 3 3 3 4 4 4 4 
--- order 1036800 (x1) ---
0 0 0 0 0 0 0 0 0 0 0 0 0 0 0 1 1 1 1 1 1 1 1 1 1 1 1 0 1 1 1 1 1 1 0 0 1 1 1 1 1 1 0 0 0 1 1 1 1 1 1 0 0 0 0 1 1 1 1 1 1 0 0 0 0 0 2 2 2 2 2 2 2 2 2 2 2 2 
--- order 1451520 (x2) ---
0 0 0 0 0 0 0 0 0 0 0 0 0 0 0 0 0 0 0 0 0 0 0 0 0 0 0 0 0 0 0 0 0 0 0 0 1 1 1 1 1 1 1 1 1 1 1 1 1 1 1 1 1 1 2 1 1 1 1 1 1 1 1 1 3 4 1 1 1 1 1 1 1 1 1 4 3 2 
0 0 0 0 0 0 0 0 0 0 0 0 0 0 0 0 0 0 0 0 0 0 0 0 0 0 0 0 0 0 0 0 0 0 0 0 1 1 1 1 1 1 1 1 1 1 1 1 1 1 1 1 1 1 2 3 3 3 3 3 3 3 3 3 4 4 3 3 3 3 3 3 3 3 3 4 4 5 
--- order 2177280 (x1) ---
0 0 0 0 0 0 0 0 0 0 0 0 0 0 0 0 0 0 0 0 0 0 0 0 0 0 0 0 0 0 0 0 0 0 0 0 1 1 1 1 1 1 1 1 1 1 1 1 1 1 1 1 1 1 2 1 1 1 1 1 1 1 1 1 2 2 3 3 3 3 3 3 3 3 3 4 4 4 
--- order 2903040 (x1) ---
0 0 0 0 0 0 0 0 0 0 0 0 0 0 0 0 0 0 0 0 0 0 0 0 0 0 0 0 0 0 0 0 0 0 0 0 1 1 1 1 1 1 1 1 1 1 1 1 1 1 1 1 1 1 2 1 1 1 1 1 1 1 1 1 2 3 1 1 1 1 1 1 1 1 1 3 2 2 
--- order 3628800 (x2) ---
0 0 0 0 0 0 0 0 0 0 0 0 0 0 0 0 0 0 0 0 0 0 0 0 0 0 0 0 0 0 0 0 0 0 0 0 0 0 0 0 0 0 0 0 0 1 1 1 1 1 1 1 1 1 1 2 2 2 2 2 2 2 2 2 2 3 4 4 4 4 4 4 4 4 4 4 5 6 
0 0 0 0 0 0 0 0 0 0 0 0 0 0 0 0 0 0 0 0 0 1 1 1 1 1 1 1 1 1 1 1 1 1 1 2 1 1 1 1 1 1 1 2 2 1 1 1 1 1 1 1 2 2 2 1 1 1 1 1 1 1 2 2 2 2 1 1 1 1 1 1 1 2 2 2 2 2 
--- order 4838400 (x1) ---
0 0 0 0 0 0 0 0 0 0 0 0 0 0 0 0 0 0 0 0 0 0 0 0 0 0 0 0 1 1 1 1 1 1 1 1 1 1 1 1 1 1 1 1 2 1 1 1 1 1 1 1 1 2 2 1 1 1 1 1 1 1 1 2 2 2 1 1 1 1 1 1 1 1 2 2 2 2 
--- order 7257600 (x1) ---
0 0 0 0 0 0 0 0 0 0 0 0 0 0 0 0 0 0 0 0 0 0 0 0 0 0 0 0 0 0 0 0 0 0 0 0 0 0 0 0 0 0 0 0 0 1 1 1 1 1 1 1 1 1 1 1 1 1 1 1 1 1 1 1 1 2 3 3 3 3 3 3 3 3 3 3 4 4 
--- order 8709120 (x1) ---
0 0 0 0 0 0 0 0 0 0 0 0 0 0 0 0 0 0 0 0 0 0 0 0 0 0 0 0 0 0 0 0 0 0 0 0 1 1 1 1 1 1 1 1 1 1 1 1 1 1 1 1 1 1 2 1 1 1 1 1 1 1 1 1 2 2 1 1 1 1 1 1 1 1 1 2 2 2 
--- order 21772800 (x1) ---
0 0 0 0 0 0 0 0 0 0 0 0 0 0 0 0 0 0 0 0 0 0 0 0 0 0 0 0 0 0 0 0 0 0 0 0 0 0 0 0 0 0 0 0 0 1 1 1 1 1 1 1 1 1 1 1 1 1 1 1 1 1 1 1 1 2 1 1 1 1 1 1 1 1 1 1 2 2 
--- order 39916800 (x1) ---
0 0 0 0 0 0 0 0 0 0 0 0 0 0 0 0 0 0 0 0 0 0 0 0 0 0 0 0 0 0 0 0 0 0 0 0 0 0 0 0 0 0 0 0 0 0 0 0 0 0 0 0 0 0 0 1 1 1 1 1 1 1 1 1 1 1 2 2 2 2 2 2 2 2 2 2 2 3 
--- order 79833600 (x1) ---
0 0 0 0 0 0 0 0 0 0 0 0 0 0 0 0 0 0 0 0 0 0 0 0 0 0 0 0 0 0 0 0 0 0 0 0 0 0 0 0 0 0 0 0 0 0 0 0 0 0 0 0 0 0 0 1 1 1 1 1 1 1 1 1 1 1 1 1 1 1 1 1 1 1 1 1 1 2 
--- order 479001600 (x1) ---
0 0 0 0 0 0 0 0 0 0 0 0 0 0 0 0 0 0 0 0 0 0 0 0 0 0 0 0 0 0 0 0 0 0 0 0 0 0 0 0 0 0 0 0 0 0 0 0 0 0 0 0 0 0 0 0 0 0 0 0 0 0 0 0 0 0 1 1 1 1 1 1 1 1 1 1 1 1 
--- order 6227020800 (x1) ---
0 0 0 0 0 0 0 0 0 0 0 0 0 0 0 0 0 0 0 0 0 0 0 0 0 0 0 0 0 0 0 0 0 0 0 0 0 0 0 0 0 0 0 0 0 0 0 0 0 0 0 0 0 0 0 0 0 0 0 0 0 0 0 0 0 0 0 0 0 0 0 0 0 0 0 0 0 0 
