N=14: closed subgroup classes = 2866 (orbit-partition decomposition, a(14)=a(13)+f(14)=1316+1550; IR canonical form)
  orders: 1(x1) 2(x7) 3(x3) 4(x43) 5(x1) 6(x30) 7(x1) 8(x138) 9(x3) 10(x7) 12(x79) 14(x3) 16(x194) 18(x17) 20(x18) 21(x1) 22(x1) 24(x128) 26(x1) 28(x4) 30(x3) 32(x182) 36(x38) 40(x24) 42(x2) 44(x1) 48(x157) 52(x1) 56(x4) 60(x10) 64(x138) 72(x53) 78(x1) 80(x21) 84(x3) 96(x135) 100(x1) 108(x3) 112(x4) 120(x15) 128(x87) 132(x1) 140(x1) 144(x75) 160(x11) 168(x4) 180(x3) 192(x102) 196(x1) 200(x5) 216(x12) 224(x1) 240(x22) 256(x45) 280(x1) 288(x85) 320(x5) 336(x4) 360(x6) 384(x75) 392(x1) 400(x6) 432(x23) 480(x29) 504(x1) 512(x21) 576(x67) 600(x1) 640(x4) 648(x1) 672(x3) 720(x17) 768(x44) 800(x4) 864(x19) 960(x22) 1008(x1) 1024(x8) 1152(x45) 1200(x2) 1280(x3) 1296(x4) 1440(x18) 1536(x19) 1600(x1) 1680(x1) 1728(x17) 1792(x1) 1920(x12) 2016(x1) 2048(x1) 2160(x5) 2304(x32) 2400(x3) 2560(x1) 2592(x8) 2880(x23) 3072(x11) 3360(x1) 3456(x16) 3840(x6) 4320(x10) 4608(x24) 4800(x3) 5040(x2) 5184(x9) 5760(x24) 6144(x4) 6912(x13) 7200(x2) 7680(x5) 7776(x1) 8640(x11) 9216(x11) 9600(x1) 10080(x5) 10368(x6) 11520(x14) 12960(x1) 13824(x5) 14400(x2) 15120(x1) 15360(x3) 15552(x1) 17280(x7) 18432(x3) 20160(x4) 20736(x2) 23040(x6) 25920(x2) 27648(x5) 28800(x6) 30240(x3) 30720(x1) 31104(x2) 34560(x7) 40320(x5) 41472(x3) 43200(x1) 46080(x4) 50400(x1) 51840(x4) 55296(x2) 57600(x6) 60480(x3) 62208(x1) 69120(x4) 70560(x1) 80640(x4) 82944(x2) 86400(x2) 92160(x3) 100800(x1) 103680(x2) 115200(x4) 120960(x4) 138240(x2) 155520(x1) 161280(x4) 165888(x1) 172800(x2) 181440(x1) 230400(x1) 241920(x6) 276480(x1) 322560(x4) 345600(x1) 362880(x2) 403200(x1) 414720(x1) 483840(x2) 518400(x2) 604800(x1) 645120(x2) 691200(x1) 725760(x3) 829440(x1) 967680(x1) 1036800(x3) 1209600(x1) 1451520(x3) 1935360(x2) 2073600(x1) 2177280(x1) 2903040(x2) 3628800(x3) 4354560(x1) 4838400(x1) 7257600(x2) 8709120(x1) 14515200(x2) 21772800(x1) 25401600(x1) 29030400(x2) 39916800(x1) 43545600(x1) 50803200(x1) 79833600(x1) 87091200(x1) 239500800(x1) 479001600(x1) 958003200(x1) 6227020800(x1) 87178291200(x1)
--- order 1 (x1) ---
0 1 2 3 4 5 6 7 8 9 10 11 12 13 14 15 16 17 18 19 20 21 22 23 24 25 26 27 28 29 30 31 32 33 34 35 36 37 38 39 40 41 42 43 44 45 46 47 48 49 50 51 52 53 54 55 56 57 58 59 60 61 62 63 64 65 66 67 68 69 70 71 72 73 74 75 76 77 78 79 80 81 82 83 84 85 86 87 88 89 90
--- order 2 (x7) ---
0 0 1 2 3 3 4 5 5 6 7 8 8 9 10 11 12 12 13 14 15 16 17 17 18 19 20 21 22 23 23 24 25 26 27 28 29 30 30 31 32 33 34 35 36 37 38 38 39 40 41 42 43 44 45 46 47 48 49 50 51 52 53 54 55 56 46 48 47 49 50 51 52 53 54 55 56 57 58 59 59 60 61 62 63 64 65 66 67 68 68
0 0 1 2 3 4 2 4 3 5 6 7 7 8 8 9 10 10 11 11 12 13 14 14 15 15 16 17 18 19 19 20 20 21 22 23 24 25 25 26 26 27 28 29 30 31 32 32 33 33 34 35 36 37 38 39 40 41 42 43 44 45 46 47 48 49 39 41 40 43 42 44 45 46 47 48 49 50 51 52 52 53 53 54 55 56 57 58 59 60 60
0 0 1 2 3 4 2 4 3 5 6 7 8 9 10 6 8 7 10 9 11 12 13 13 14 14 15 15 16 17 17 18 18 19 19 20 21 22 22 23 23 24 24 25 26 27 28 28 29 29 30 30 31 32 33 34 35 36 37 38 39 40 41 42 43 44 34 36 35 38 37 40 39 41 42 43 44 45 46 47 47 48 48 49 49 50 51 52 53 54 54
0 0 1 2 3 4 2 4 3 5 6 7 8 9 10 6 8 7 10 9 11 12 13 14 15 16 17 18 12 14 13 16 15 18 17 19 20 21 21 22 22 23 23 24 24 25 26 26 27 27 28 28 29 29 30 31 32 33 34 35 36 37 38 39 40 41 31 33 32 35 34 37 36 39 38 40 41 42 43 44 44 45 45 46 46 47 47 48 49 50 50
0 0 1 2 3 4 2 4 3 5 6 7 8 9 10 6 8 7 10 9 11 12 13 14 15 16 17 18 12 14 13 16 15 18 17 19 20 21 22 23 24 25 26 27 28 20 22 21 24 23 26 25 28 27 29 30 31 32 33 34 35 36 37 38 39 40 30 32 31 34 33 36 35 38 37 40 39 41 42 43 43 44 44 45 45 46 46 47 47 48 48
0 1 2 2 1 3 4 5 6 7 5 4 7 6 8 9 10 11 12 13 14 10 9 12 11 14 13 15 16 17 18 19 20 21 22 23 17 16 19 18 21 20 23 22 24 25 26 27 28 29 30 31 32 33 34 26 25 28 27 30 29 32 31 34 33 35 36 37 38 39 40 41 42 43 44 45 46 47 37 36 39 38 41 40 43 42 45 44 47 46 48
0 1 2 3 4 5 6 7 8 9 10 11 12 13 14 15 16 17 18 19 20 21 22 23 24 25 26 27 28 29 30 31 32 33 34 35 36 37 38 39 40 41 42 43 44 45 46 47 48 49 50 51 52 53 54 55 56 57 58 59 60 61 62 63 64 65 55 56 57 58 59 60 61 62 63 64 65 66 67 68 69 70 71 72 73 74 75 76 77 78 78
--- order 3 (x3) ---
0 0 1 0 1 1 2 3 3 3 4 5 5 5 6 7 8 8 8 9 10 11 12 12 12 13 14 15 16 17 17 17 18 19 20 21 22 23 23 23 24 25 26 27 28 29 30 30 30 31 32 33 34 35 36 37 38 39 40 41 42 43 44 45 46 47 37 39 40 38 41 42 43 44 45 46 47 48 37 40 38 39 41 42 43 44 45 46 47 48 48
0 0 1 0 1 1 2 3 4 5 2 4 5 3 6 2 5 3 4 6 6 7 8 8 8 9 9 9 10 11 11 11 12 12 12 13 14 15 15 15 16 16 16 17 18 19 20 20 20 21 21 21 22 23 24 25 26 27 28 29 30 31 32 33 34 35 25 28 26 27 30 31 29 32 33 34 35 36 25 27 28 26 31 29 30 32 33 34 35 36 36
0 0 1 0 1 1 2 3 4 5 2 4 5 3 6 2 5 3 4 6 6 7 8 9 10 11 12 13 7 9 10 8 13 11 12 14 7 10 8 9 12 13 11 14 14 15 16 16 16 17 17 17 18 18 18 19 20 21 22 23 24 25 26 27 28 29 19 22 20 21 24 25 23 27 28 26 29 30 19 21 22 20 25 23 24 28 26 27 29 30 30
--- order 4 (x43) ---
0 0 1 0 2 2 0 2 2 1 3 4 4 4 4 5 6 6 6 6 7 8 9 9 9 9 10 11 12 13 13 13 13 14 15 16 17 18 19 20 21 22 23 24 25 17 20 21 19 18 22 23 24 25 26 17 21 20 18 19 22 23 24 25 26 27 17 19 18 21 20 22 23 24 25 27 26 26 28 29 29 29 29 30 31 32 33 34 34 34 34
0 0 1 0 2 2 0 2 2 1 3 4 4 5 5 3 5 5 4 4 6 7 8 8 8 8 9 9 10 11 11 11 11 12 12 13 14 15 16 17 18 19 20 21 22 14 17 18 16 15 20 19 21 22 23 14 18 17 15 16 20 19 21 22 23 24 14 16 15 18 17 19 20 21 22 24 23 23 25 26 26 26 26 27 27 28 29 30 30 30 30
0 0 1 0 2 2 0 2 2 1 3 4 4 5 5 3 5 5 4 4 6 7 8 8 9 9 10 11 7 9 9 8 8 11 10 12 13 14 15 16 17 18 19 20 21 13 16 17 15 14 19 18 21 20 22 13 17 16 14 15 19 18 21 20 22 23 13 15 14 17 16 18 19 20 21 23 22 22 24 25 25 25 25 26 26 27 27 28 28 28 28
0 0 1 0 2 2 0 2 2 1 3 4 5 6 7 3 6 7 5 4 8 3 7 6 4 5 8 9 3 5 4 7 6 9 8 8 10 11 12 13 14 15 16 17 18 10 14 13 11 12 16 18 15 17 19 10 13 14 12 11 17 15 18 16 19 20 10 12 11 14 13 18 17 16 15 20 19 19 21 22 22 22 22 23 23 23 23 24 24 24 24
0 0 1 0 2 3 0 3 2 1 4 5 5 5 5 6 7 7 7 7 8 9 10 10 10 10 11 12 13 14 14 14 14 15 16 17 18 19 20 21 22 23 24 25 26 18 22 21 20 19 23 24 25 26 27 18 21 22 19 20 23 24 25 26 28 29 18 20 19 22 21 23 24 25 26 29 28 27 30 31 31 31 31 32 33 34 35 36 36 36 36
0 0 1 0 2 3 0 3 2 1 4 5 6 5 6 4 6 5 6 5 7 8 9 10 10 9 11 11 8 10 9 9 10 11 11 12 13 14 15 16 17 18 19 20 21 13 17 16 15 14 19 18 20 21 22 13 16 17 14 15 18 19 21 20 23 24 13 15 14 17 16 19 18 21 20 24 23 22 25 26 26 26 26 27 27 28 28 29 29 29 29
0 0 1 0 2 3 0 3 2 1 4 5 6 6 5 4 6 5 5 6 7 8 9 9 9 9 10 10 11 12 12 12 12 13 13 14 15 16 17 18 19 20 21 22 23 15 19 18 17 16 20 21 22 23 24 15 18 19 16 17 21 20 22 23 25 26 15 17 16 19 18 21 20 22 23 26 25 24 27 28 28 28 28 29 29 30 31 32 32 32 32
0 0 1 0 2 3 0 3 2 1 4 5 6 6 5 4 6 5 5 6 7 8 9 10 10 9 11 12 8 10 9 9 10 12 11 13 14 15 16 17 18 19 20 21 22 14 18 17 16 15 19 20 21 22 23 14 17 18 15 16 20 19 22 21 24 25 14 16 15 18 17 20 19 22 21 25 24 23 26 27 27 27 27 28 28 29 29 30 30 30 30
0 0 1 0 2 3 0 3 2 1 4 5 6 7 8 4 8 7 6 5 9 4 7 8 5 6 10 11 4 6 5 8 7 11 10 9 12 13 14 15 16 17 18 19 20 12 16 15 14 13 18 17 20 19 21 12 15 16 13 14 19 20 17 18 22 23 12 14 13 16 15 20 19 18 17 23 22 21 24 25 25 25 25 26 26 26 26 27 27 27 27
0 0 1 2 3 3 2 3 3 4 5 6 6 7 7 5 6 6 7 7 8 9 10 10 11 11 12 12 13 14 14 15 15 16 16 17 18 19 20 21 22 23 24 25 26 18 19 20 22 21 24 23 25 26 27 18 20 19 21 22 24 23 25 26 28 29 18 20 19 22 21 23 24 25 26 29 28 27 30 31 31 32 32 33 33 34 35 36 36 36 36
0 0 1 2 3 3 2 3 3 4 5 6 6 7 7 5 6 6 7 7 8 9 10 10 11 11 12 13 9 10 10 11 11 13 12 14 15 16 17 18 19 20 21 22 23 15 16 17 19 18 21 20 23 22 24 15 17 16 18 19 21 20 23 22 25 26 15 17 16 19 18 20 21 22 23 26 25 24 27 28 28 29 29 30 30 31 31 32 32 32 32
0 0 1 2 3 3 2 3 3 4 5 6 6 7 7 8 9 9 10 10 11 12 13 13 14 14 15 16 17 18 18 19 19 20 21 22 23 24 24 25 25 26 27 28 29 30 31 31 32 33 34 35 36 37 38 30 31 31 33 32 34 35 36 37 38 39 40 41 42 43 43 44 45 46 47 48 49 49 40 42 41 43 43 44 45 46 47 48 49 49 50
0 0 1 2 3 3 2 3 3 4 5 6 6 7 7 8 9 9 10 10 11 12 13 13 14 14 15 16 17 18 18 19 19 20 21 22 23 24 25 26 27 28 29 30 31 23 24 25 27 26 28 29 30 31 32 23 25 24 26 27 28 29 30 31 33 34 23 25 24 27 26 28 29 30 31 34 33 32 35 36 36 37 37 38 39 40 41 42 42 42 42
0 0 1 2 3 3 2 3 3 4 5 6 6 7 8 5 6 6 8 7 9 10 11 11 12 12 13 13 14 15 15 16 16 17 17 18 19 20 20 21 21 22 22 23 24 25 26 26 27 28 29 30 31 32 33 25 26 26 28 27 30 29 31 32 33 34 35 36 37 38 38 39 39 40 41 42 43 43 35 37 36 38 38 39 39 40 41 42 43 43 44
0 0 1 2 3 3 2 3 3 4 5 6 6 7 8 5 6 6 8 7 9 10 11 11 12 12 13 13 14 15 15 16 16 17 17 18 19 20 21 22 23 24 25 26 27 19 20 21 23 22 25 24 26 27 28 19 21 20 22 23 24 25 26 27 29 30 19 21 20 23 22 25 24 26 27 30 29 28 31 32 32 33 33 34 34 35 36 37 37 37 37
0 0 1 2 3 3 2 3 3 4 5 6 6 7 8 5 6 6 8 7 9 10 11 11 12 13 14 15 10 11 11 13 12 15 14 16 17 18 18 19 19 20 20 21 21 22 23 23 24 25 26 27 28 29 30 22 23 23 25 24 27 26 29 28 30 31 32 33 34 35 35 36 36 37 37 38 39 39 32 34 33 35 35 36 36 37 37 38 39 39 40
0 0 1 2 3 3 2 3 3 4 5 6 6 7 8 5 6 6 8 7 9 10 11 11 12 13 14 15 10 11 11 13 12 15 14 16 17 18 19 20 21 22 23 24 25 17 18 19 21 20 23 22 25 24 26 17 19 18 20 21 22 23 24 25 27 28 17 19 18 21 20 23 22 25 24 28 27 26 29 30 30 31 31 32 32 33 33 34 34 34 34
0 0 1 2 3 3 4 5 5 6 7 8 8 9 10 11 12 12 13 14 15 16 17 17 18 19 20 21 22 23 23 24 25 26 27 28 29 30 30 31 32 33 34 35 36 37 38 39 40 41 42 43 44 45 46 37 39 38 40 41 42 43 44 45 46 47 48 49 49 50 51 52 53 54 55 56 57 57 48 49 49 50 51 52 53 54 55 56 57 57 58
0 0 1 2 3 3 4 5 5 6 7 8 8 9 10 11 12 12 13 14 15 16 17 17 18 19 20 21 22 23 23 24 25 26 27 28 29 30 31 32 33 34 35 36 37 29 30 31 32 33 34 35 36 37 38 29 31 30 32 33 34 35 36 37 39 40 29 31 30 32 33 34 35 36 37 40 39 38 41 42 42 43 44 45 46 47 48 49 49 49 49
0 0 1 2 3 4 2 4 3 5 6 7 7 8 8 6 7 7 8 8 9 10 11 11 12 12 13 14 10 11 11 12 12 14 13 15 16 17 17 18 18 19 19 20 20 21 22 22 23 23 24 25 26 27 28 21 22 22 23 23 25 24 27 26 28 29 30 31 32 33 34 35 35 36 36 37 38 38 30 32 31 34 33 35 35 36 36 37 38 38 39
0 0 1 2 3 4 2 4 3 5 6 7 7 8 8 6 7 7 8 8 9 10 11 11 12 12 13 14 10 11 11 12 12 14 13 15 16 17 18 19 20 21 22 23 24 16 17 18 19 20 22 21 24 23 25 16 18 17 20 19 21 22 23 24 26 27 16 18 17 20 19 22 21 24 23 27 26 25 28 29 29 30 30 31 31 32 32 33 33 33 33
0 0 1 2 3 4 2 4 3 5 6 7 7 8 8 9 10 10 11 11 12 13 14 14 15 15 16 17 18 19 19 20 20 21 22 23 24 25 25 26 26 27 28 29 30 31 32 33 34 35 36 37 38 39 40 31 33 32 35 34 36 37 38 39 40 41 42 43 43 44 44 45 46 47 48 49 50 50 42 43 43 44 44 45 46 47 48 49 50 50 51
0 0 1 2 3 4 2 4 3 5 6 7 7 8 8 9 10 10 11 11 12 13 14 14 15 15 16 17 18 19 19 20 20 21 22 23 24 25 26 27 28 29 30 31 32 24 25 26 27 28 29 30 31 32 33 24 26 25 28 27 29 30 31 32 34 35 24 26 25 28 27 29 30 31 32 35 34 33 36 37 37 38 38 39 40 41 42 43 43 43 43
0 0 1 2 3 4 2 4 3 5 6 7 8 9 10 6 8 7 10 9 11 12 13 13 14 14 15 15 16 17 17 18 18 19 19 20 21 22 22 23 23 24 24 25 26 27 28 29 30 31 32 33 34 35 36 27 29 28 31 30 33 32 34 35 36 37 38 39 39 40 40 41 41 42 43 44 45 45 38 39 39 40 40 41 41 42 43 44 45 45 46
0 0 1 2 3 4 2 4 3 5 6 7 8 9 10 6 8 7 10 9 11 12 13 13 14 14 15 15 16 17 17 18 18 19 19 20 21 22 23 24 25 26 27 28 29 21 22 23 24 25 26 27 28 29 30 21 23 22 25 24 27 26 28 29 31 32 21 23 22 25 24 27 26 28 29 32 31 30 33 34 34 35 35 36 36 37 38 39 39 39 39
0 0 1 2 3 4 2 4 3 5 6 7 8 9 10 6 8 7 10 9 11 12 13 14 15 16 17 18 12 14 13 16 15 18 17 19 20 21 21 22 22 23 23 24 24 25 26 27 28 29 30 31 32 33 34 25 27 26 29 28 31 30 33 32 34 35 36 37 37 38 38 39 39 40 40 41 42 42 36 37 37 38 38 39 39 40 40 41 42 42 43
0 0 1 2 3 4 2 4 3 5 6 7 8 9 10 6 8 7 10 9 11 12 13 14 15 16 17 18 12 14 13 16 15 18 17 19 20 21 22 23 24 25 26 27 28 20 21 22 23 24 25 26 27 28 29 20 22 21 24 23 26 25 28 27 30 31 20 22 21 24 23 26 25 28 27 31 30 29 32 33 33 34 34 35 35 36 36 37 37 37 37
0 1 1 1 1 0 2 2 3 3 3 3 2 2 4 5 5 6 6 7 8 6 6 5 5 8 7 9 10 10 11 11 12 13 14 15 11 11 10 10 13 12 15 14 16 17 18 19 20 21 22 23 24 25 26 19 20 18 17 22 21 24 23 26 25 27 20 19 17 18 22 21 24 23 26 25 27 28 18 17 20 19 21 22 23 24 25 26 28 27 27
0 1 1 1 1 0 2 3 4 5 4 5 3 2 6 5 4 2 3 6 7 3 2 5 4 7 6 6 8 8 9 9 10 11 11 10 9 9 8 8 11 10 10 11 12 13 14 15 16 17 18 19 20 21 22 16 15 13 14 18 20 17 19 22 21 23 15 16 14 13 19 17 20 18 22 21 23 24 14 13 16 15 20 19 18 17 21 22 24 23 23
0 1 1 1 1 2 3 3 4 5 3 3 5 4 6 7 7 8 9 10 11 7 7 9 8 11 10 12 13 13 14 15 16 17 18 19 13 13 15 14 17 16 19 18 20 21 21 22 23 24 25 26 27 28 29 21 21 23 22 25 24 27 26 29 28 30 31 32 33 33 34 34 35 35 36 36 37 37 32 31 33 33 34 34 35 35 36 36 37 37 38
0 1 2 2 1 0 3 3 4 4 4 4 3 3 5 6 6 7 7 8 9 7 7 6 6 9 8 10 11 11 12 12 13 14 15 16 12 12 11 11 14 13 16 15 17 18 19 19 18 20 20 21 21 22 22 19 18 18 19 20 20 21 21 22 22 23 24 25 24 25 26 26 27 27 28 28 29 29 25 24 25 24 26 26 27 27 28 28 29 29 30
0 1 2 2 1 0 3 4 3 4 4 3 4 3 5 6 7 7 6 8 8 7 6 6 7 8 8 9 10 11 11 10 12 12 13 14 11 10 10 11 12 12 14 13 15 16 17 17 16 18 18 19 20 21 22 17 16 16 17 18 18 20 19 22 21 23 24 25 24 25 26 27 28 28 29 29 30 30 25 24 25 24 27 26 28 28 29 29 30 30 31
0 1 2 2 1 0 3 4 4 3 4 3 3 4 5 6 6 7 7 8 8 7 7 6 6 8 8 9 10 10 11 11 12 12 13 14 11 11 10 10 12 12 14 13 15 16 17 17 16 18 19 20 20 21 21 17 16 16 17 19 18 20 20 21 21 22 23 24 23 24 25 25 26 26 27 27 28 28 24 23 24 23 25 25 26 26 27 27 28 28 29
0 1 2 2 1 0 3 4 4 3 4 3 3 4 5 6 7 7 6 8 9 7 6 6 7 9 8 10 11 12 12 11 13 14 15 16 12 11 11 12 14 13 16 15 17 18 19 19 18 20 21 22 23 24 25 19 18 18 19 21 20 23 22 25 24 26 27 28 27 28 29 29 30 30 31 31 32 32 28 27 28 27 29 29 30 30 31 31 32 32 33
0 1 2 2 1 0 3 4 4 3 4 3 3 4 5 6 7 7 6 8 9 7 6 6 7 9 8 10 11 12 13 14 15 16 17 18 14 13 12 11 15 16 17 18 19 13 14 11 12 16 15 18 17 20 21 12 11 14 13 16 15 18 17 21 20 19 22 23 23 22 24 25 26 27 28 28 29 29 23 22 22 23 25 24 27 26 29 29 28 28 30
0 1 2 2 1 0 3 4 5 6 6 5 4 3 7 5 6 3 4 8 9 4 3 6 5 9 8 7 10 10 11 11 12 13 13 12 11 11 10 10 13 12 12 13 14 15 16 16 15 17 17 18 18 19 19 16 15 15 16 18 18 17 17 19 19 20 21 22 21 22 23 24 23 24 25 25 26 26 22 21 22 21 24 23 24 23 25 25 26 26 27
0 1 2 2 1 0 3 4 5 6 6 5 4 3 7 5 6 3 4 8 9 4 3 6 5 9 8 7 10 11 11 10 12 12 13 13 11 10 10 11 13 13 12 12 14 15 16 16 15 17 17 18 18 19 20 16 15 15 16 18 18 17 17 20 19 21 22 23 22 23 24 25 24 25 26 26 27 27 23 22 23 22 25 24 25 24 26 26 27 27 28
0 1 2 2 1 0 3 4 5 6 6 5 4 3 7 5 6 3 4 8 9 4 3 6 5 9 8 7 10 11 12 13 14 15 16 17 13 12 11 10 15 14 17 16 18 12 13 10 11 16 17 14 15 19 20 11 10 13 12 17 16 15 14 20 19 18 21 22 22 21 23 23 24 24 25 25 26 26 22 21 21 22 24 24 23 23 26 26 25 25 27
0 1 2 2 1 3 4 4 5 5 4 4 5 5 6 7 7 8 8 9 10 7 7 8 8 10 9 11 12 12 13 13 14 15 16 17 12 12 13 13 15 14 17 16 18 19 19 20 20 21 22 23 24 25 26 19 19 20 20 22 21 24 23 26 25 27 28 29 30 31 32 32 33 33 34 34 35 35 29 28 31 30 32 32 33 33 34 34 35 35 36
0 1 2 2 1 3 4 5 6 7 5 4 7 6 8 9 10 11 12 13 14 10 9 12 11 14 13 15 16 17 18 19 20 21 22 23 16 17 18 19 20 21 22 23 24 17 16 19 18 21 20 23 22 25 26 17 16 19 18 21 20 23 22 26 25 24 27 28 29 30 31 32 33 34 35 35 36 36 28 27 30 29 32 31 34 33 36 36 35 35 37
0 1 2 2 1 3 4 5 6 7 5 4 7 6 8 9 10 11 12 13 14 10 9 12 11 14 13 15 16 17 18 19 20 21 22 23 17 16 19 18 21 20 23 22 24 25 26 27 28 29 30 31 32 33 34 26 25 28 27 30 29 32 31 34 33 35 36 36 37 37 38 38 39 39 40 40 41 41 36 36 37 37 38 38 39 39 40 40 41 41 42
0 1 2 3 4 5 6 7 8 9 10 11 12 13 14 15 16 17 18 19 20 21 22 23 24 25 26 27 28 29 30 31 32 33 34 35 36 37 38 39 40 41 42 43 44 36 37 38 39 40 41 42 43 44 45 36 37 38 39 40 41 42 43 44 46 47 36 37 38 39 40 41 42 43 44 47 46 45 48 49 50 51 52 53 54 55 56 57 57 57 57
0 1 2 3 4 5 6 7 8 9 10 11 12 13 14 15 16 17 18 19 20 21 22 23 24 25 26 27 28 29 30 31 32 33 34 35 36 37 38 39 40 41 42 43 44 45 46 47 48 49 50 51 52 53 54 45 46 47 48 49 50 51 52 53 54 55 56 57 58 59 60 61 62 63 64 65 66 66 56 57 58 59 60 61 62 63 64 65 66 66 67
--- order 5 (x1) ---
0 0 1 0 1 2 0 2 2 1 0 2 1 2 1 3 4 4 4 4 4 5 6 6 6 6 6 7 8 9 10 11 12 13 14 15 8 12 11 13 10 9 14 15 16 8 13 12 10 9 11 14 15 16 17 8 10 13 9 11 12 14 15 17 16 17 8 11 9 12 13 10 14 15 17 17 16 16 18 19 19 19 19 19 20 21 22 22 22 22 22
--- order 6 (x30) ---
0 0 0 1 1 1 1 1 1 2 3 3 3 4 5 3 3 3 5 4 6 7 7 7 8 9 10 11 7 7 7 9 8 11 10 12 13 13 13 14 15 16 17 18 19 13 13 13 15 14 17 16 19 18 20 21 22 23 24 24 25 25 26 26 27 27 22 23 21 24 24 25 25 26 26 27 27 28 23 21 22 24 24 25 25 26 26 27 27 28 28
0 0 0 1 2 3 2 3 1 4 3 1 2 4 4 5 6 7 8 9 10 6 7 5 10 8 9 11 7 5 6 9 10 8 11 11 12 12 12 13 13 13 14 14 14 12 12 12 13 13 13 14 14 14 15 16 17 18 19 20 21 22 23 24 25 25 18 16 17 20 21 19 23 24 22 25 25 26 17 18 16 21 19 20 24 22 23 25 25 26 26
0 0 1 0 1 1 2 3 3 3 2 3 3 3 4 5 6 6 6 7 7 8 9 9 9 10 10 11 12 13 13 13 14 14 15 16 17 18 18 18 19 20 21 22 23 17 18 18 18 20 19 21 22 23 24 25 26 27 28 29 29 30 31 32 33 33 25 27 28 26 29 29 30 31 32 33 33 34 25 28 26 27 29 29 30 31 32 33 33 34 34
0 0 1 0 1 1 2 3 3 3 2 3 3 3 4 5 6 6 6 7 8 5 6 6 6 8 7 9 10 11 11 11 12 12 13 13 14 15 15 15 16 17 18 19 20 14 15 15 15 17 16 19 18 20 21 22 23 24 25 26 26 27 27 28 29 29 22 24 25 23 26 26 27 27 28 29 29 30 22 25 23 24 26 26 27 27 28 29 29 30 30
0 0 1 0 1 1 2 3 3 3 4 5 5 5 6 7 8 8 8 9 10 11 12 12 12 13 14 15 16 17 17 17 18 19 20 21 22 23 23 23 24 25 26 27 28 22 23 23 23 24 25 26 27 28 29 30 31 32 33 34 35 36 37 38 39 39 30 32 33 31 34 35 36 37 38 39 39 40 30 33 31 32 34 35 36 37 38 39 39 40 40
0 0 1 0 1 1 2 3 3 3 4 5 5 5 6 7 8 8 8 9 10 11 12 12 12 13 14 15 16 17 17 17 18 19 20 21 22 23 23 23 24 25 26 27 28 29 30 30 30 31 32 33 34 35 36 37 38 39 39 40 41 42 43 44 45 46 37 39 38 39 40 41 42 43 44 45 46 47 37 39 39 38 40 41 42 43 44 45 46 47 47
0 0 1 0 1 1 2 3 3 3 4 5 5 5 6 7 8 8 8 9 10 11 12 12 12 13 14 15 16 17 18 19 20 21 22 23 16 17 18 19 20 21 22 23 24 16 18 19 17 20 21 22 23 25 26 16 18 19 17 20 21 22 23 26 25 24 16 19 17 18 20 21 22 23 25 26 26 25 16 19 17 18 20 21 22 23 26 25 25 26 24
0 0 1 0 1 1 2 3 3 3 4 5 5 5 6 7 8 8 8 9 10 11 12 12 12 13 14 15 16 17 18 19 20 21 22 23 16 17 19 18 20 21 22 23 24 16 18 17 19 20 21 22 23 25 26 16 18 19 17 20 21 22 23 26 25 27 16 19 17 18 20 21 22 23 26 27 24 26 16 19 18 17 20 21 22 23 27 26 26 24 25
0 0 1 0 1 1 2 3 3 4 2 3 4 3 5 2 4 3 3 5 5 6 7 7 7 8 8 8 9 10 10 10 11 11 11 12 13 14 14 14 15 15 15 16 17 18 19 19 19 20 20 20 21 22 23 24 25 26 26 27 27 28 29 30 31 32 24 26 25 26 27 28 27 29 30 31 32 33 24 26 26 25 28 27 27 29 30 31 32 33 33
0 0 1 0 1 1 2 3 3 4 2 3 4 3 5 2 4 3 3 5 5 6 7 7 8 9 10 10 6 7 8 7 10 9 10 11 6 8 7 7 10 10 9 11 11 12 13 13 13 14 14 14 15 15 15 16 17 18 18 19 19 20 21 21 22 23 16 18 17 18 19 20 19 21 22 21 23 24 16 18 18 17 20 19 19 22 21 21 23 24 24
0 0 1 0 1 1 2 3 4 5 2 4 5 3 6 2 5 3 4 6 6 7 8 8 8 9 9 9 7 8 8 8 9 9 9 10 11 12 12 12 13 13 13 14 15 11 12 12 12 13 13 13 15 14 16 17 18 19 20 21 22 23 24 24 25 25 17 20 18 19 22 23 21 24 24 25 25 26 17 19 20 18 23 21 22 24 24 25 25 26 26
0 0 1 0 1 1 2 3 4 5 2 4 5 3 6 2 5 3 4 6 6 7 8 8 8 9 9 9 10 11 11 11 12 12 12 13 14 15 15 15 16 16 16 17 18 14 15 15 15 16 16 16 17 18 19 20 21 22 23 24 25 26 27 28 29 29 20 23 21 22 25 26 24 27 28 29 29 30 20 22 23 21 26 24 25 27 28 29 29 30 30
0 0 1 0 1 1 2 3 4 5 2 4 5 3 6 2 5 3 4 6 6 7 8 8 8 9 9 9 10 11 12 13 14 15 16 17 10 11 12 13 14 15 16 17 18 10 13 11 12 15 16 14 17 19 20 10 13 11 12 15 16 14 17 20 19 18 10 12 13 11 16 14 15 17 19 20 20 19 10 12 13 11 16 14 15 17 20 19 19 20 18
0 0 1 0 1 2 0 2 3 1 0 2 1 3 2 0 3 2 2 1 1 4 5 5 5 5 5 5 6 7 7 7 7 7 7 8 9 10 11 11 10 10 11 12 13 9 11 10 10 11 11 10 12 13 14 15 16 17 18 17 18 16 19 20 21 21 15 17 18 16 18 16 17 19 20 21 21 22 15 18 16 17 16 17 18 19 20 21 21 22 22
0 0 1 0 1 2 0 2 3 1 0 2 1 3 2 0 3 2 2 1 1 4 5 6 6 5 5 6 4 6 5 5 6 6 5 7 8 9 10 10 9 9 10 11 12 8 10 9 9 10 10 9 12 11 13 14 15 16 17 16 17 15 18 18 19 19 14 16 17 15 17 15 16 18 18 19 19 20 14 17 15 16 15 16 17 18 18 19 19 20 20
0 0 1 0 2 3 0 2 3 3 0 3 2 2 1 0 3 2 1 2 3 4 5 5 5 5 5 5 6 7 8 9 10 11 12 13 6 11 10 8 9 12 7 13 14 6 12 9 10 8 7 11 13 14 14 6 9 12 11 7 8 10 13 15 15 16 6 10 11 7 12 9 8 13 15 16 15 14 6 8 7 12 11 10 9 13 16 15 15 14 14
0 0 1 0 2 3 0 2 4 2 0 3 2 4 1 0 4 2 1 3 2 5 6 6 6 6 6 6 7 8 8 8 8 8 8 9 10 11 12 11 11 12 12 13 14 10 12 11 12 12 11 11 13 14 15 16 17 18 19 18 17 19 20 21 22 22 16 19 19 18 17 18 17 20 21 22 22 23 16 18 17 17 19 19 18 20 21 22 22 23 23
0 0 1 0 2 3 0 2 4 2 0 3 2 4 1 0 4 2 1 3 2 5 6 7 6 6 7 7 5 7 6 7 7 6 6 8 9 10 11 10 10 11 11 12 13 9 11 10 11 11 10 10 13 12 14 15 16 17 18 17 16 18 19 19 20 20 15 18 18 17 16 17 16 19 19 20 20 21 15 17 16 16 18 18 17 19 19 20 20 21 21
0 0 1 0 2 3 0 2 4 2 0 3 2 4 1 0 4 2 1 3 2 5 6 7 7 8 8 6 5 8 8 6 7 6 7 9 5 7 6 8 6 7 8 9 9 10 11 11 11 11 11 11 12 12 12 13 14 15 16 15 14 16 17 17 18 19 13 16 16 15 14 15 14 17 18 17 19 20 13 15 14 14 16 16 15 18 17 17 19 20 20
0 0 1 0 2 3 0 4 3 3 0 3 2 4 1 0 3 4 1 2 3 5 6 6 6 6 6 6 7 8 9 10 11 12 13 14 7 13 10 11 9 8 12 14 15 7 12 11 9 10 13 8 14 15 15 7 11 12 13 8 9 10 14 16 17 18 7 9 8 12 13 10 11 14 17 18 16 15 7 10 13 8 12 11 9 14 18 16 17 15 15
0 0 1 1 2 0 1 0 2 1 2 1 1 0 0 3 4 5 4 5 3 4 5 3 5 3 4 6 5 3 4 3 4 5 6 6 7 8 8 7 7 8 9 9 9 8 7 7 8 8 7 9 9 9 10 11 12 13 12 13 11 14 15 16 17 17 13 11 12 11 12 13 15 16 14 17 17 18 12 13 11 13 11 12 16 14 15 17 17 18 18
0 0 1 2 3 3 4 5 5 6 7 8 9 10 11 7 9 8 10 11 12 13 14 14 15 16 17 17 18 19 20 21 22 23 24 25 18 19 20 21 22 23 24 25 26 18 19 20 21 22 23 24 25 26 26 18 20 19 21 22 24 23 25 27 28 29 18 20 19 21 22 24 23 25 28 29 27 26 18 20 19 21 22 24 23 25 29 27 28 26 26
0 0 1 2 3 4 2 4 3 5 6 7 8 9 10 6 8 7 10 9 11 12 13 13 14 14 15 15 16 17 18 19 20 21 22 23 16 17 18 19 20 21 22 23 24 16 17 18 19 20 21 22 23 24 24 16 18 17 20 19 22 21 23 25 26 27 16 18 17 20 19 22 21 23 26 27 25 24 16 18 17 20 19 22 21 23 27 25 26 24 24
0 1 2 1 2 2 2 1 1 0 2 1 0 1 2 3 4 4 4 3 3 4 3 3 3 4 4 5 6 7 8 9 10 11 12 13 10 9 7 8 11 6 12 13 14 11 8 9 7 6 10 12 13 14 14 8 11 10 6 7 9 13 12 15 15 16 9 10 6 11 8 7 13 12 15 16 15 14 7 6 11 10 9 8 13 12 16 15 15 14 14
0 1 2 1 3 1 2 1 3 0 3 1 0 2 1 4 5 5 6 6 4 6 6 4 5 4 5 7 5 4 6 4 5 6 7 7 8 9 8 8 9 9 10 10 10 9 8 9 9 8 8 10 10 10 11 12 13 14 13 12 14 15 15 16 17 17 14 14 13 12 13 12 15 16 15 17 17 18 13 12 12 14 14 13 16 15 15 17 17 18 18
0 1 2 2 1 3 4 5 6 7 5 4 7 6 8 9 10 11 12 13 14 10 9 12 11 14 13 15 16 17 18 19 20 21 22 23 16 17 18 19 20 21 22 23 24 16 17 18 19 20 21 22 23 24 24 17 16 19 18 21 20 23 22 25 26 27 17 16 19 18 21 20 23 22 26 27 25 24 17 16 19 18 21 20 23 22 27 25 26 24 24
0 1 2 3 2 2 2 1 3 0 2 3 0 1 2 4 5 5 5 4 4 5 4 4 4 5 5 6 7 8 9 10 11 12 13 14 12 9 10 8 7 11 13 14 15 11 10 8 9 12 7 13 14 15 15 10 11 12 7 8 9 14 13 16 17 18 8 7 11 12 9 10 14 13 17 18 16 15 9 12 7 11 10 8 14 13 18 16 17 15 15
0 1 2 3 4 5 6 7 8 9 10 11 12 13 14 10 11 12 13 14 15 16 17 18 19 20 21 21 22 23 24 25 26 27 28 29 22 23 24 25 26 27 28 29 30 22 23 24 25 26 27 28 29 30 30 22 23 24 25 26 28 27 29 31 32 33 22 23 24 25 26 28 27 29 32 33 31 30 22 23 24 25 26 28 27 29 33 31 32 30 30
0 1 2 3 4 5 6 7 8 9 10 11 12 13 14 15 16 17 18 19 20 21 22 23 24 25 26 27 28 29 30 31 32 33 34 35 28 29 30 31 32 33 34 35 36 28 29 30 31 32 33 34 35 37 38 28 29 30 31 32 33 34 35 39 38 38 28 29 30 31 32 33 34 35 38 37 39 36 28 29 30 31 32 33 34 35 38 39 36 37 38
0 1 2 3 4 5 6 7 8 9 10 11 12 13 14 15 16 17 18 19 20 21 22 23 24 25 26 27 28 29 30 31 32 33 34 35 36 37 38 39 40 41 42 43 44 45 46 47 48 49 50 51 52 53 54 55 56 57 58 59 60 61 62 63 64 65 55 56 57 58 59 60 61 62 63 64 65 66 55 56 57 58 59 60 61 62 63 64 65 66 66
--- order 7 (x1) ---
0 0 1 2 1 2 2 2 1 0 1 2 0 1 0 1 0 2 0 1 2 3 4 5 6 7 8 9 8 5 7 4 9 6 3 10 9 6 4 8 5 3 7 10 11 6 7 9 5 3 4 8 11 10 12 7 8 6 3 4 9 5 11 12 10 12 4 9 3 7 8 5 6 12 11 12 10 11 5 3 8 9 6 7 4 12 12 11 11 10 10
--- order 8 (x138) ---
0 0 1 0 1 2 0 2 1 1 3 4 4 4 4 5 6 6 6 6 7 8 9 9 9 9 10 11 12 13 13 14 14 15 16 17 12 13 14 13 14 15 16 17 18 12 14 13 14 13 15 16 17 18 19 12 14 14 13 13 15 16 17 19 18 18 20 21 22 22 21 23 24 25 26 26 26 26 20 22 21 21 22 23 24 25 26 26 26 26 27
0 0 1 0 1 2 0 2 1 1 3 4 5 5 4 3 5 4 4 5 6 7 8 8 8 8 9 9 10 11 11 12 12 13 13 14 10 11 12 11 12 13 13 14 15 10 12 11 12 11 13 13 14 15 16 10 12 12 11 11 13 13 14 16 15 15 17 18 19 19 18 20 21 22 23 23 23 23 17 19 18 18 19 21 20 22 23 23 23 23 24
0 0 1 0 1 2 0 2 1 1 3 4 5 6 7 3 4 5 6 7 8 3 7 6 5 4 9 9 3 7 6 5 4 9 9 8 3 5 7 4 6 10 11 10 11 3 5 7 4 6 11 10 11 10 8 3 6 4 7 5 10 11 11 10 9 9 3 6 4 7 5 11 10 10 11 9 9 8 12 13 13 13 13 14 14 14 14 14 14 14 14
0 0 1 0 2 2 0 2 2 1 3 4 4 4 4 3 4 4 4 4 5 6 7 7 7 7 8 8 9 10 11 12 13 14 14 15 9 12 13 11 10 14 14 15 16 9 13 12 10 11 14 14 15 16 17 9 11 10 13 12 14 14 15 17 16 16 18 19 19 19 19 20 21 22 23 23 23 23 18 19 19 19 19 21 20 22 23 23 23 23 24
0 0 1 0 2 2 0 2 2 1 3 4 4 4 4 5 6 6 6 6 7 8 9 9 9 9 10 11 12 13 13 13 13 14 15 16 17 18 19 18 19 20 21 22 23 17 18 19 19 18 20 21 22 23 24 17 19 18 18 19 20 21 22 23 24 25 17 19 18 19 18 20 21 22 23 25 24 24 26 27 27 27 27 28 29 30 31 32 32 32 32
0 0 1 0 2 2 0 2 2 1 3 4 4 4 4 5 6 6 6 6 7 8 9 9 9 9 10 11 12 13 13 13 13 14 15 16 17 18 19 20 20 21 22 23 24 17 20 20 18 19 21 22 23 24 25 17 20 20 19 18 21 22 23 24 25 26 17 19 18 20 20 21 22 23 24 26 25 25 27 28 28 28 28 29 30 31 32 33 33 33 33
0 0 1 0 2 2 0 2 2 1 3 4 4 4 4 5 6 6 6 6 7 8 9 9 9 9 10 11 12 13 14 15 16 17 18 19 12 15 16 14 13 17 18 19 20 12 16 15 13 14 17 18 19 20 21 12 14 13 16 15 17 18 19 21 20 20 22 23 23 23 23 24 25 26 27 27 27 27 22 23 23 23 23 24 25 26 27 27 27 27 28
0 0 1 0 2 2 0 2 2 1 3 4 4 5 5 3 4 4 5 5 6 3 5 5 4 4 7 8 3 5 5 4 4 8 7 6 9 10 11 12 13 14 14 15 15 9 12 13 11 10 15 15 14 14 16 9 13 12 10 11 15 15 14 14 16 17 9 11 10 13 12 14 14 15 15 17 16 16 18 19 19 19 19 20 20 20 20 21 21 21 21
0 0 1 0 2 2 0 2 2 1 3 4 4 5 5 3 5 5 4 4 6 7 8 8 8 8 9 9 10 11 11 11 11 12 12 13 14 15 16 17 17 18 19 20 21 14 17 17 15 16 19 18 20 21 22 14 17 17 16 15 19 18 20 21 22 23 14 16 15 17 17 18 19 20 21 23 22 22 24 25 25 25 25 26 26 27 28 29 29 29 29
0 0 1 0 2 2 0 2 2 1 3 4 4 5 5 3 5 5 4 4 6 7 8 8 8 8 9 9 10 11 12 13 14 15 16 17 10 13 14 12 11 16 15 17 18 10 14 13 11 12 16 15 17 18 19 10 12 11 14 13 15 16 17 19 18 18 20 21 21 21 21 22 22 23 24 24 24 24 20 21 21 21 21 22 22 23 24 24 24 24 25
0 0 1 0 2 2 0 2 2 1 3 4 4 5 5 3 5 5 4 4 6 7 8 8 9 9 10 11 7 9 9 8 8 11 10 12 13 14 15 16 16 17 18 19 20 13 16 16 14 15 18 17 20 19 21 13 16 16 15 14 18 17 20 19 21 22 13 15 14 16 16 17 18 19 20 22 21 21 23 24 24 24 24 25 25 26 26 27 27 27 27
0 0 1 0 2 2 0 2 2 1 3 4 5 6 6 3 6 6 4 5 7 3 6 6 5 4 7 8 3 5 4 6 6 8 7 7 9 10 11 10 11 12 12 13 13 9 10 11 11 10 12 13 12 13 14 9 11 10 10 11 13 12 13 12 14 15 9 11 10 11 10 13 13 12 12 15 14 14 16 17 17 17 17 18 18 18 18 19 19 19 19
0 0 1 0 2 2 0 2 2 1 3 4 5 6 6 3 6 6 4 5 7 3 6 6 5 4 7 8 3 5 4 6 6 8 7 7 9 10 11 12 12 13 14 14 15 9 12 12 10 11 14 13 15 14 16 9 12 12 11 10 14 15 13 14 16 17 9 11 10 12 12 15 14 14 13 17 16 16 18 19 19 19 19 20 20 20 20 21 21 21 21
0 0 1 0 2 2 0 2 2 1 3 4 5 6 7 3 4 5 6 7 8 3 6 7 5 4 9 10 3 6 7 5 4 10 9 8 3 7 6 4 5 9 10 11 12 3 7 6 4 5 10 9 12 11 8 3 5 4 7 6 12 11 10 9 10 9 3 5 4 7 6 11 12 9 10 9 10 8 13 14 14 14 14 15 15 15 15 15 15 15 15
0 0 1 0 2 2 0 2 2 1 3 4 5 6 7 3 4 5 7 6 8 3 6 7 4 5 9 10 3 6 7 5 4 10 9 11 3 7 6 4 5 10 12 8 13 3 7 6 5 4 12 10 13 8 11 3 5 4 6 7 11 13 10 12 9 10 3 5 4 7 6 13 11 12 10 10 9 8 14 15 15 15 15 16 16 16 16 16 16 16 16
0 0 1 0 2 3 0 3 2 1 4 5 5 5 5 4 5 5 5 5 6 7 8 8 8 8 9 9 10 11 12 11 12 13 14 15 10 11 12 11 12 14 13 15 16 10 12 11 12 11 13 14 15 17 18 10 12 11 12 11 14 13 15 18 17 16 19 20 21 21 20 22 22 23 24 24 24 24 19 21 20 20 21 22 22 23 24 24 24 24 25
0 0 1 0 2 3 0 3 2 1 4 5 5 5 5 4 5 5 5 5 6 7 8 8 8 8 9 9 10 11 12 13 14 15 15 16 10 14 13 12 11 15 15 16 17 10 13 14 11 12 15 15 16 18 19 10 12 11 14 13 15 15 16 19 18 17 20 21 21 21 21 22 23 24 25 25 25 25 20 21 21 21 21 23 22 24 25 25 25 25 26
0 0 1 0 2 3 0 3 2 1 4 5 5 5 5 6 7 7 7 7 8 9 10 10 10 10 11 12 13 14 14 14 14 15 16 17 18 19 20 20 19 21 22 23 24 18 19 20 20 19 21 22 23 24 25 18 20 19 19 20 21 22 23 24 26 27 18 20 19 19 20 21 22 23 24 27 26 25 28 29 29 29 29 30 31 32 33 34 34 34 34
0 0 1 0 2 3 0 3 2 1 4 5 5 5 5 6 7 7 7 7 8 9 10 10 10 10 11 12 13 14 15 14 15 16 17 18 13 14 15 14 15 16 17 18 19 13 15 14 15 14 16 17 18 20 21 13 15 14 15 14 16 17 18 21 20 19 22 23 24 24 23 25 26 27 28 28 28 28 22 24 23 23 24 25 26 27 28 28 28 28 29
0 0 1 0 2 3 0 3 2 1 4 5 5 5 5 6 7 7 7 7 8 9 10 10 10 10 11 12 13 14 15 16 17 18 19 20 13 17 16 15 14 18 19 20 21 13 16 17 14 15 18 19 20 22 23 13 15 14 17 16 18 19 20 23 22 21 24 25 25 25 25 26 27 28 29 29 29 29 24 25 25 25 25 26 27 28 29 29 29 29 30
0 0 1 0 2 3 0 3 2 1 4 5 5 5 5 6 7 7 8 8 9 6 8 8 7 7 9 10 11 12 13 12 13 14 15 15 11 12 13 12 13 14 15 15 16 11 13 12 13 12 14 15 15 17 18 11 13 12 13 12 14 15 15 18 17 16 19 20 21 21 20 22 23 23 24 24 24 24 19 21 20 20 21 22 23 23 24 24 24 24 25
0 0 1 0 2 3 0 3 2 1 4 5 6 5 6 4 5 6 5 6 7 4 6 5 6 5 8 8 4 6 5 6 5 8 8 7 9 10 11 11 10 12 13 12 13 9 10 11 11 10 13 12 13 12 14 9 11 10 10 11 12 13 13 12 15 15 9 11 10 10 11 13 12 12 13 15 15 14 16 17 17 17 17 18 18 18 18 19 19 19 19
0 0 1 0 2 3 0 3 2 1 4 5 6 5 6 4 5 6 5 6 7 4 6 5 6 5 8 9 4 6 5 6 5 9 8 7 10 11 12 12 11 13 14 14 13 10 11 12 12 11 14 13 13 14 15 10 12 11 11 12 13 14 14 13 16 17 10 12 11 11 12 14 13 13 14 17 16 15 18 19 19 19 19 20 20 20 20 21 21 21 21
0 0 1 0 2 3 0 3 2 1 4 5 6 5 6 4 6 5 6 5 7 8 9 9 9 9 10 10 11 12 13 12 13 14 15 16 11 12 13 12 13 14 15 16 17 11 13 12 13 12 15 14 16 18 19 11 13 12 13 12 15 14 16 19 18 17 20 21 22 22 21 23 23 24 25 25 25 25 20 22 21 21 22 23 23 24 25 25 25 25 26
0 0 1 0 2 3 0 3 2 1 4 5 6 6 5 4 6 5 5 6 7 8 9 9 9 9 10 10 11 12 13 12 13 14 14 15 11 12 13 12 13 14 14 15 16 11 13 12 13 12 14 14 15 17 18 11 13 12 13 12 14 14 15 18 17 16 19 20 21 21 20 22 23 24 25 25 25 25 19 21 20 20 21 23 22 24 25 25 25 25 26
0 0 1 0 2 3 0 3 2 1 4 5 6 6 5 4 6 5 5 6 7 8 9 9 9 9 10 10 11 12 13 14 15 16 17 18 11 15 14 13 12 16 17 18 19 11 14 15 12 13 17 16 18 20 21 11 13 12 15 14 17 16 18 21 20 19 22 23 23 23 23 24 24 25 26 26 26 26 22 23 23 23 23 24 24 25 26 26 26 26 27
0 0 1 0 2 3 0 3 2 1 4 5 6 7 8 4 5 6 7 8 9 4 8 7 6 5 10 10 4 8 7 6 5 10 10 9 4 7 8 5 6 11 12 13 14 4 7 8 5 6 12 11 14 13 9 4 6 5 8 7 13 14 12 11 10 10 4 6 5 8 7 14 13 11 12 10 10 9 15 16 16 16 16 17 17 17 17 17 17 17 17
0 0 1 0 2 3 0 3 2 1 4 5 6 7 8 4 5 6 7 8 9 4 8 7 6 5 10 11 4 8 7 6 5 11 10 9 4 7 8 5 6 12 13 14 15 4 7 8 5 6 13 12 15 14 9 4 6 5 8 7 15 14 13 12 11 10 4 6 5 8 7 14 15 12 13 10 11 9 16 17 17 17 17 18 18 18 18 18 18 18 18
0 0 1 0 2 3 0 3 2 1 4 5 6 7 8 4 8 7 6 5 9 4 7 8 5 6 10 11 4 6 5 8 7 11 10 9 12 13 14 14 13 15 15 16 16 12 13 14 14 13 15 15 16 16 17 12 14 13 13 14 16 16 15 15 18 19 12 14 13 13 14 16 16 15 15 19 18 17 20 21 21 21 21 22 22 22 22 23 23 23 23
0 0 1 1 0 0 2 3 3 2 3 2 2 3 4 5 6 6 5 7 8 6 5 5 6 8 7 9 10 10 11 11 12 12 13 13 10 11 10 11 12 12 13 13 14 11 10 11 10 12 12 13 13 14 15 11 11 10 10 12 12 13 13 15 14 14 16 17 17 16 18 19 20 21 22 22 22 22 17 16 16 17 19 18 21 20 22 22 22 22 23
0 0 1 1 0 0 2 3 4 2 2 4 3 2 5 3 2 2 4 6 6 4 2 2 3 6 6 5 7 7 8 8 9 10 9 10 7 8 7 8 10 9 9 10 11 8 7 8 7 9 10 10 9 11 12 8 8 7 7 10 9 10 9 12 11 11 13 14 14 13 15 15 16 16 17 17 17 17 14 13 13 14 16 16 15 15 17 17 17 17 18
0 0 1 1 0 0 2 3 4 5 2 3 4 5 6 5 4 3 2 7 7 5 4 3 2 7 7 6 3 5 2 4 8 9 8 9 3 5 2 4 9 8 9 8 6 4 2 5 3 8 9 9 8 7 7 4 2 5 3 9 8 8 9 7 7 6 10 11 11 10 12 12 12 12 13 13 13 13 11 10 10 11 13 13 13 13 12 12 12 12 14
0 0 1 1 0 0 2 3 4 5 2 3 4 5 6 5 4 3 2 7 8 5 4 3 2 8 7 6 3 5 2 4 9 10 10 9 3 5 2 4 10 9 9 10 6 4 2 5 3 9 10 10 9 8 7 4 2 5 3 10 9 9 10 7 8 6 11 12 12 11 13 13 13 13 14 14 14 14 12 11 11 12 14 14 14 14 13 13 13 13 15
0 0 1 1 0 0 2 3 4 5 2 4 3 5 6 5 3 4 2 7 8 5 4 3 2 8 7 6 3 2 5 4 9 10 10 11 3 5 2 4 10 9 11 10 7 4 2 5 3 10 11 9 10 6 8 4 5 2 3 11 10 10 9 8 6 7 12 13 13 12 14 14 14 14 15 15 15 15 13 12 12 13 15 15 15 15 14 14 14 14 16
0 0 1 2 3 3 2 3 3 4 2 3 3 4 5 2 3 3 5 4 4 6 7 7 8 8 8 8 9 10 11 12 12 13 13 14 9 10 11 13 13 12 12 14 15 9 11 10 12 13 12 13 14 16 16 9 11 10 13 12 13 12 14 16 16 15 17 18 18 19 20 20 19 21 22 22 22 22 17 18 18 20 19 19 20 21 22 22 22 22 23
0 0 1 2 3 3 2 3 3 4 5 6 6 7 7 5 6 6 7 7 8 9 10 10 11 11 12 12 13 14 14 15 15 16 17 18 13 14 14 15 15 17 16 18 19 20 21 21 22 23 24 24 25 26 26 20 21 21 23 22 24 24 25 26 26 27 28 29 30 31 31 32 32 33 34 34 35 35 28 30 29 31 31 32 32 33 34 34 35 35 36
0 0 1 2 3 3 2 3 3 4 5 6 6 7 7 5 6 6 7 7 8 9 10 10 11 11 12 12 13 14 15 16 17 18 18 19 13 14 15 17 16 18 18 19 20 13 15 14 16 17 18 18 19 21 22 13 15 14 17 16 18 18 19 22 21 20 23 24 24 25 25 26 27 28 29 29 29 29 23 24 24 25 25 27 26 28 29 29 29 29 30
0 0 1 2 3 3 2 3 3 4 5 6 6 7 7 5 6 6 7 7 8 9 10 10 11 11 12 12 13 14 15 16 17 18 19 20 13 14 15 17 16 19 18 20 21 13 15 14 16 17 19 18 20 22 23 13 15 14 17 16 18 19 20 23 22 21 24 25 25 26 26 27 27 28 29 29 29 29 24 25 25 26 26 27 27 28 29 29 29 29 30
0 0 1 2 3 3 2 3 3 4 5 6 6 7 7 8 9 9 10 10 11 12 13 13 14 14 15 16 17 18 18 19 20 21 22 23 17 18 18 20 19 21 22 23 24 25 26 27 28 28 29 30 31 32 32 25 27 26 28 28 29 30 31 32 32 33 34 35 35 36 36 37 38 39 40 40 41 41 34 35 35 36 36 37 38 39 40 40 41 41 42
0 0 1 2 3 3 2 3 3 4 5 6 6 7 7 8 9 9 10 10 11 12 13 13 14 14 15 16 17 18 19 20 20 21 22 23 17 18 19 20 20 21 22 23 24 17 19 18 20 20 21 22 23 25 26 17 19 18 20 20 21 22 23 26 25 24 27 28 28 29 30 31 32 33 34 34 34 34 27 28 28 30 29 31 32 33 34 34 34 34 35
0 0 1 2 3 3 2 3 3 4 5 6 6 7 7 8 9 9 10 10 11 12 13 13 14 14 15 16 17 18 19 20 21 22 23 24 17 18 19 21 20 22 23 24 25 17 19 18 20 21 22 23 24 26 27 17 19 18 21 20 22 23 24 27 26 25 28 29 29 30 30 31 32 33 34 34 34 34 28 29 29 30 30 31 32 33 34 34 34 34 35
0 0 1 2 3 3 2 3 3 4 5 6 6 7 8 5 6 6 8 7 9 10 11 11 12 12 13 13 14 15 15 16 17 18 19 20 14 15 15 17 16 19 18 20 21 22 23 24 25 25 26 26 27 28 28 22 24 23 25 25 26 26 27 28 28 29 30 31 31 32 32 33 33 34 35 35 36 36 30 31 31 32 32 33 33 34 35 35 36 36 37
0 0 1 2 3 3 2 3 3 4 5 6 6 7 8 5 6 6 8 7 9 10 11 11 12 12 13 13 14 15 16 17 17 18 18 19 14 15 16 17 17 18 18 19 20 14 16 15 17 17 18 18 19 21 22 14 16 15 17 17 18 18 19 22 21 20 23 24 24 25 26 27 28 29 30 30 30 30 23 24 24 26 25 28 27 29 30 30 30 30 31
0 0 1 2 3 3 2 3 3 4 5 6 6 7 8 5 6 6 8 7 9 10 11 11 12 12 13 13 14 15 16 17 18 19 20 21 14 15 16 18 17 20 19 21 22 14 16 15 17 18 19 20 21 23 24 14 16 15 18 17 20 19 21 24 23 22 25 26 26 27 27 28 28 29 30 30 30 30 25 26 26 27 27 28 28 29 30 30 30 30 31
0 0 1 2 3 3 2 3 3 4 5 6 7 8 9 5 6 7 8 9 10 5 6 7 9 8 11 12 5 6 7 9 8 12 11 10 5 7 6 8 9 13 13 14 15 5 7 6 8 9 13 13 15 14 10 5 7 6 9 8 14 15 13 13 12 11 5 7 6 9 8 15 14 13 13 11 12 10 16 17 17 18 18 19 19 19 19 19 19 19 19
0 0 1 2 3 3 2 3 3 4 5 6 7 8 9 5 6 7 8 9 10 5 6 7 9 8 11 12 5 6 7 9 8 12 11 10 5 7 6 8 9 13 14 15 15 5 7 6 8 9 14 13 15 15 10 5 7 6 9 8 15 15 13 14 12 11 5 7 6 9 8 15 15 14 13 11 12 10 16 17 17 18 18 19 19 19 19 19 19 19 19
0 0 1 2 3 3 2 3 3 4 5 6 7 8 9 5 6 7 8 9 10 5 6 7 9 8 11 12 5 6 7 9 8 12 11 10 5 7 6 8 9 13 14 15 16 5 7 6 8 9 14 13 16 15 10 5 7 6 9 8 16 15 14 13 12 11 5 7 6 9 8 15 16 13 14 11 12 10 17 18 18 19 19 20 20 20 20 20 20 20 20
0 0 1 2 3 3 4 5 5 6 7 8 8 9 10 11 12 12 13 14 15 16 17 17 18 19 20 21 22 23 23 24 25 26 27 28 22 23 23 24 25 26 27 28 29 22 23 23 24 25 26 27 28 30 31 22 23 23 24 25 26 27 28 31 30 29 32 33 34 35 36 37 38 39 40 40 40 40 32 34 33 35 36 37 38 39 40 40 40 40 41
0 0 1 2 3 3 4 5 5 6 7 8 8 9 10 11 12 12 13 14 15 16 17 17 18 19 20 21 22 23 23 24 25 26 27 28 29 30 31 32 33 34 35 36 37 29 30 31 32 33 34 35 36 37 38 29 31 30 32 33 34 35 36 37 39 39 29 31 30 32 33 34 35 36 37 39 39 38 40 41 41 42 43 44 45 46 47 48 48 48 48
0 0 1 2 3 3 4 5 5 6 7 8 8 9 10 11 12 12 13 14 15 16 17 17 18 19 20 21 22 23 24 25 26 27 28 29 22 23 24 25 26 27 28 29 30 22 24 23 25 26 27 28 29 31 32 22 24 23 25 26 27 28 29 32 31 30 33 34 34 35 36 37 38 39 40 40 40 40 33 34 34 35 36 37 38 39 40 40 40 40 41
0 0 1 2 3 3 4 5 5 6 7 8 8 9 10 11 12 12 13 14 15 16 17 17 18 19 20 21 22 23 24 25 26 27 28 29 22 24 23 25 26 27 28 29 30 31 32 32 33 34 35 36 37 38 38 31 32 32 33 34 35 36 37 38 38 39 40 41 41 42 43 44 45 46 47 47 48 48 40 41 41 42 43 44 45 46 47 47 48 48 49
0 0 1 2 3 3 4 5 5 6 7 8 9 10 11 7 8 9 10 11 12 7 8 9 10 11 13 13 7 8 9 10 11 13 13 12 7 9 8 10 11 14 15 16 17 7 9 8 10 11 16 17 15 14 13 7 9 8 10 11 17 16 14 15 13 12 7 9 8 10 11 15 14 17 16 12 13 13 18 19 19 20 21 22 22 22 22 22 22 22 22
0 0 1 2 3 3 4 5 5 6 7 8 9 10 11 7 8 9 10 11 12 7 8 9 10 11 13 14 7 8 9 10 11 14 13 12 7 9 8 10 11 15 16 16 17 7 9 8 10 11 17 16 16 15 14 7 9 8 10 11 16 15 17 16 13 12 7 9 8 10 11 16 17 15 16 12 13 14 18 19 19 20 21 22 22 22 22 22 22 22 22
0 0 1 2 3 3 4 5 5 6 7 8 9 10 11 7 8 9 10 11 12 7 8 9 10 11 13 14 7 8 9 10 11 14 13 12 7 9 8 10 11 15 16 17 18 7 9 8 10 11 18 17 16 15 14 7 9 8 10 11 17 18 15 16 13 12 7 9 8 10 11 16 15 18 17 12 13 14 19 20 20 21 22 23 23 23 23 23 23 23 23
0 0 1 2 3 4 2 3 4 5 2 4 3 6 7 2 4 3 7 6 5 8 9 9 10 10 10 10 11 12 12 13 13 13 13 14 15 16 17 18 18 19 19 20 21 15 16 17 18 18 19 19 20 21 22 15 17 16 19 19 18 18 20 21 23 24 15 17 16 19 19 18 18 20 21 24 23 22 25 26 26 27 27 27 27 28 29 30 30 30 30
0 0 1 2 3 4 2 4 3 5 6 7 7 8 8 6 7 7 8 8 9 10 11 11 12 12 13 13 14 15 16 17 18 19 19 20 14 15 16 17 18 19 19 20 21 14 16 15 18 17 19 19 20 22 23 14 16 15 18 17 19 19 20 23 22 21 24 25 25 26 26 27 28 29 30 30 30 30 24 25 25 26 26 28 27 29 30 30 30 30 31
0 0 1 2 3 4 2 4 3 5 6 7 7 8 8 9 10 10 11 11 12 13 14 14 15 15 16 17 18 19 19 20 20 21 22 23 18 19 19 20 20 21 22 23 24 18 19 19 20 20 21 22 23 25 26 18 19 19 20 20 21 22 23 26 25 24 27 28 29 30 31 32 33 34 35 35 35 35 27 29 28 31 30 32 33 34 35 35 35 35 36
0 0 1 2 3 4 2 4 3 5 6 7 7 8 8 9 10 10 11 11 12 13 14 14 15 15 16 17 18 19 19 20 20 21 22 23 24 25 26 27 28 29 30 31 32 24 25 26 27 28 29 30 31 32 33 24 26 25 28 27 29 30 31 32 34 34 24 26 25 28 27 29 30 31 32 34 34 33 35 36 36 37 37 38 39 40 41 42 42 42 42
0 0 1 2 3 4 2 4 3 5 6 7 7 8 8 9 10 10 11 11 12 13 14 14 15 15 16 17 18 19 20 21 22 23 24 25 18 19 20 21 22 23 24 25 26 18 20 19 22 21 23 24 25 27 28 18 20 19 22 21 23 24 25 28 27 26 29 30 30 31 31 32 33 34 35 35 35 35 29 30 30 31 31 32 33 34 35 35 35 35 36
0 0 1 2 3 4 2 4 3 5 6 7 7 8 8 9 10 10 11 11 12 13 14 14 15 15 16 17 18 19 20 21 22 23 24 25 18 20 19 22 21 23 24 25 26 27 28 28 29 29 30 31 32 33 33 27 28 28 29 29 30 31 32 33 33 34 35 36 36 37 37 38 39 40 41 41 42 42 35 36 36 37 37 38 39 40 41 41 42 42 43
0 0 1 2 3 4 2 4 3 5 6 7 8 9 10 6 7 8 9 10 11 6 7 8 9 10 12 12 6 7 8 9 10 12 12 11 6 8 7 10 9 13 14 15 16 6 8 7 10 9 15 16 14 13 12 6 8 7 10 9 16 15 13 14 12 11 6 8 7 10 9 14 13 16 15 11 12 12 17 18 18 19 19 20 20 20 20 20 20 20 20
0 0 1 2 3 4 2 4 3 5 6 7 8 9 10 6 7 8 9 10 11 6 7 8 9 10 12 13 6 7 8 9 10 13 12 11 6 8 7 10 9 14 15 15 16 6 8 7 10 9 16 15 15 14 13 6 8 7 10 9 15 14 16 15 12 11 6 8 7 10 9 15 16 14 15 11 12 13 17 18 18 19 19 20 20 20 20 20 20 20 20
0 0 1 2 3 4 2 4 3 5 6 7 8 9 10 6 7 8 9 10 11 6 7 8 9 10 12 13 6 7 8 9 10 13 12 11 6 8 7 10 9 14 15 16 17 6 8 7 10 9 17 16 15 14 13 6 8 7 10 9 16 17 14 15 12 11 6 8 7 10 9 15 14 17 16 11 12 13 18 19 19 20 20 21 21 21 21 21 21 21 21
0 0 1 2 3 4 2 4 3 5 6 7 8 9 10 6 7 8 9 10 11 6 8 7 10 9 12 13 6 8 7 10 9 13 12 11 14 15 16 17 18 19 19 20 20 14 15 16 17 18 19 19 20 20 21 14 16 15 18 17 20 20 19 19 22 23 14 16 15 18 17 20 20 19 19 23 22 21 24 25 25 26 26 27 27 27 27 28 28 28 28
0 0 1 2 3 4 2 4 3 5 6 7 8 9 10 6 8 7 10 9 11 12 13 13 14 14 15 15 16 17 17 18 18 19 19 20 16 17 17 18 18 19 19 20 21 16 17 17 18 18 19 19 20 22 23 16 17 17 18 18 19 19 20 23 22 21 24 25 26 27 28 29 30 31 32 32 32 32 24 26 25 28 27 30 29 31 32 32 32 32 33
0 0 1 2 3 4 2 4 3 5 6 7 8 9 10 6 8 7 10 9 11 12 13 13 14 14 15 15 16 17 17 18 18 19 19 20 21 22 23 24 25 26 27 28 29 21 22 23 24 25 26 27 28 29 30 21 23 22 25 24 27 26 28 29 31 31 21 23 22 25 24 27 26 28 29 31 31 30 32 33 33 34 34 35 35 36 37 38 38 38 38
0 0 1 2 3 4 2 4 3 5 6 7 8 9 10 6 8 7 10 9 11 12 13 13 14 14 15 15 16 17 18 19 20 21 22 23 16 17 18 19 20 21 22 23 24 16 18 17 20 19 22 21 23 25 26 16 18 17 20 19 22 21 23 26 25 24 27 28 28 29 29 30 30 31 32 32 32 32 27 28 28 29 29 30 30 31 32 32 32 32 33
0 0 1 2 3 4 2 4 3 5 6 7 8 9 10 6 8 7 10 9 11 12 13 13 14 14 15 15 16 17 18 19 20 21 22 23 16 18 17 20 19 22 21 23 24 25 26 26 27 27 28 28 29 30 30 25 26 26 27 27 28 28 29 30 30 31 32 33 33 34 34 35 35 36 37 37 38 38 32 33 33 34 34 35 35 36 37 37 38 38 39
0 0 1 2 3 4 2 4 3 5 6 7 8 9 10 6 8 7 10 9 11 12 13 14 15 16 17 18 12 14 13 16 15 18 17 19 20 21 22 23 24 25 26 27 28 20 21 22 23 24 25 26 27 28 29 20 22 21 24 23 26 25 28 27 30 30 20 22 21 24 23 26 25 28 27 30 30 29 31 32 32 33 33 34 34 35 35 36 36 36 36
0 1 1 1 1 0 2 2 2 2 2 2 2 2 3 4 4 4 4 5 6 4 4 4 4 6 5 7 8 9 10 11 12 12 13 13 10 11 9 8 12 12 13 13 14 11 10 8 9 12 12 13 13 14 15 9 8 11 10 12 12 13 13 15 14 14 16 16 16 16 17 18 19 20 21 21 21 21 16 16 16 16 18 17 20 19 21 21 21 21 22
0 1 1 1 1 0 2 2 3 3 2 2 3 3 4 3 3 2 2 5 6 3 3 2 2 6 5 4 7 8 9 10 11 11 12 12 9 10 8 7 12 12 11 11 13 10 9 7 8 12 12 11 11 13 14 8 7 10 9 11 11 12 12 14 13 13 15 15 15 15 16 17 17 16 18 18 18 18 15 15 15 15 17 16 16 17 18 18 18 18 19
0 1 1 1 1 0 2 2 3 3 3 3 2 2 4 5 5 5 5 6 6 5 5 5 5 6 6 7 8 9 10 11 12 13 14 14 10 11 9 8 13 12 14 14 15 11 10 8 9 13 12 14 14 15 16 9 8 11 10 12 13 14 14 16 15 15 17 17 17 17 18 18 19 20 21 21 21 21 17 17 17 17 18 18 20 19 21 21 21 21 22
0 1 1 1 1 0 2 2 3 3 3 3 2 2 4 5 5 6 6 7 8 5 5 6 6 7 8 9 6 6 5 5 8 7 10 11 6 6 5 5 8 7 11 10 9 12 13 14 15 16 17 18 18 19 19 14 15 13 12 17 16 19 19 18 18 20 15 14 12 13 17 16 19 19 18 18 20 21 13 12 15 14 16 17 18 18 19 19 21 20 20
0 1 1 1 1 0 2 2 3 3 3 3 2 2 4 5 5 6 6 7 8 6 6 5 5 8 7 9 10 10 11 11 12 13 14 15 11 11 10 10 13 12 15 14 16 17 18 19 19 20 21 22 23 24 25 19 19 17 18 21 20 23 22 25 24 26 19 19 18 17 21 20 23 22 25 24 26 27 18 17 19 19 20 21 22 23 24 25 27 26 26
0 1 1 1 1 0 2 2 3 3 3 3 2 2 4 5 5 6 6 7 8 6 6 5 5 8 7 9 10 11 12 13 14 15 16 17 12 13 11 10 15 14 17 16 18 13 12 10 11 15 14 17 16 18 19 11 10 13 12 14 15 16 17 19 18 18 20 20 20 20 21 21 22 22 23 23 23 23 20 20 20 20 21 21 22 22 23 23 23 23 24
0 1 1 1 1 0 2 3 2 3 2 3 3 2 4 3 2 2 3 4 5 3 2 3 2 5 4 4 6 7 8 8 9 9 10 10 8 8 6 7 9 10 9 10 11 8 8 7 6 10 9 10 9 11 12 7 6 8 8 10 10 9 9 12 11 11 13 13 13 13 14 15 15 14 16 16 16 16 13 13 13 13 15 14 14 15 16 16 16 16 17
0 1 1 1 1 0 2 3 4 4 4 4 2 3 5 4 4 3 2 5 6 3 2 4 4 6 5 5 7 7 8 8 9 10 10 9 8 8 7 7 10 9 9 10 11 12 13 14 14 15 16 16 17 18 19 14 14 12 13 16 15 17 16 19 18 20 14 14 13 12 16 17 15 16 19 18 20 21 13 12 14 14 17 16 16 15 18 19 21 20 20
0 1 1 1 1 0 2 3 4 5 4 5 3 2 6 5 4 2 3 6 7 3 2 5 4 7 6 6 8 9 10 11 12 13 14 15 11 10 8 9 13 15 12 14 16 10 11 9 8 14 12 15 13 16 17 9 8 11 10 15 14 13 12 17 16 16 18 18 18 18 19 19 19 19 20 20 20 20 18 18 18 18 19 19 19 19 20 20 20 20 21
0 1 1 1 1 2 1 1 2 3 1 1 3 2 2 4 4 5 6 6 5 4 4 6 5 5 6 7 8 9 10 10 11 11 12 12 8 9 11 11 10 10 12 12 13 9 8 10 11 10 11 12 12 14 14 9 8 11 10 11 10 12 12 14 14 13 15 15 16 17 17 16 18 19 20 20 20 20 15 15 17 16 16 17 19 18 20 20 20 20 21
0 1 1 1 1 2 1 1 3 4 1 1 4 3 2 5 5 6 7 6 7 5 5 7 6 7 6 8 9 10 11 12 11 12 13 14 9 10 12 11 12 11 14 13 15 10 9 11 12 11 12 13 14 16 17 10 9 12 11 12 11 14 13 17 16 15 18 18 19 20 20 19 21 21 22 22 22 22 18 18 20 19 19 20 21 21 22 22 22 22 23
0 1 1 1 1 2 3 3 4 4 3 3 4 4 5 6 6 7 7 8 8 6 6 7 7 8 8 9 10 11 12 13 14 15 16 16 10 11 13 12 15 14 16 16 17 11 10 12 13 15 14 16 16 18 19 11 10 13 12 14 15 16 16 19 18 17 20 20 21 21 22 22 23 24 25 25 25 25 20 20 21 21 22 22 24 23 25 25 25 25 26
0 1 1 1 1 2 3 3 4 4 3 3 4 4 5 6 6 7 7 8 9 6 6 7 7 9 8 10 11 11 12 12 13 14 15 16 11 11 12 12 14 13 16 15 17 18 18 19 20 21 21 22 22 23 23 18 18 20 19 21 21 22 22 23 23 24 25 26 27 27 28 28 29 29 30 30 31 31 26 25 27 27 28 28 29 29 30 30 31 31 32
0 1 1 1 1 2 3 3 4 4 3 3 4 4 5 6 6 7 7 8 9 6 6 7 7 9 8 10 11 12 13 14 15 15 16 16 11 12 14 13 15 15 16 16 17 12 11 13 14 15 15 16 16 18 19 12 11 14 13 15 15 16 16 19 18 17 20 20 21 21 22 23 24 25 26 26 26 26 20 20 21 21 23 22 25 24 26 26 26 26 27
0 1 1 1 1 2 3 3 4 4 3 3 4 4 5 6 6 7 7 8 9 6 6 7 7 9 8 10 11 12 13 14 15 16 17 18 11 12 14 13 16 15 18 17 19 12 11 13 14 16 15 18 17 20 21 12 11 14 13 15 16 17 18 21 20 19 22 22 23 23 24 24 25 25 26 26 26 26 22 22 23 23 24 24 25 25 26 26 26 26 27
0 1 1 1 1 2 3 3 4 5 3 3 5 4 6 7 7 8 8 9 9 7 7 8 8 9 9 10 11 12 13 14 15 16 17 17 11 12 14 13 16 15 17 17 18 12 11 13 14 15 16 17 17 19 20 12 11 14 13 16 15 17 17 20 19 18 21 21 22 22 23 23 24 25 26 26 26 26 21 21 22 22 23 23 25 24 26 26 26 26 27
0 1 1 1 1 2 3 3 4 5 3 3 5 4 6 7 7 8 9 10 11 7 7 9 8 11 10 12 13 13 14 15 16 17 18 19 13 13 15 14 17 16 19 18 20 21 22 23 23 24 24 25 25 26 26 22 21 23 23 24 24 25 25 26 26 27 28 28 29 29 30 30 31 31 32 32 33 33 28 28 29 29 30 30 31 31 32 32 33 33 34
0 1 1 1 1 2 3 3 4 5 3 3 5 4 6 7 7 8 9 10 11 7 7 9 8 11 10 12 13 14 15 15 16 16 17 17 13 14 15 15 16 16 17 17 18 14 13 15 15 16 16 17 17 19 20 14 13 15 15 16 16 17 17 20 19 18 21 21 22 23 24 25 26 27 28 28 28 28 21 21 23 22 25 24 27 26 28 28 28 28 29
0 1 1 1 1 2 3 3 4 5 3 3 5 4 6 7 7 8 9 10 11 7 7 9 8 11 10 12 13 14 15 16 17 18 19 20 13 14 16 15 18 17 20 19 21 14 13 15 16 17 18 19 20 22 23 14 13 16 15 18 17 20 19 23 22 21 24 24 25 25 26 26 27 27 28 28 28 28 24 24 25 25 26 26 27 27 28 28 28 28 29
0 1 1 1 1 2 3 4 5 6 3 4 5 6 7 3 4 6 5 8 9 3 4 6 5 9 8 7 4 3 5 6 10 10 11 12 4 3 5 6 10 10 12 11 7 4 3 6 5 11 12 10 10 9 8 4 3 6 5 12 11 10 10 8 9 7 13 13 14 15 16 16 17 17 16 16 17 17 13 13 15 14 17 17 16 16 17 17 16 16 18
0 1 1 1 1 2 3 4 5 6 3 4 5 6 7 3 4 6 5 8 9 3 4 6 5 9 8 7 4 3 5 6 10 11 12 12 4 3 5 6 11 10 12 12 7 4 3 6 5 12 12 10 11 9 8 4 3 6 5 12 12 11 10 8 9 7 13 13 14 14 15 15 16 16 16 16 15 15 13 13 14 14 16 16 15 15 15 15 16 16 17
0 1 1 1 1 2 3 4 5 6 3 4 5 6 7 3 4 6 5 8 9 3 4 6 5 9 8 7 4 3 5 6 10 11 12 12 4 3 5 6 11 10 12 12 7 4 3 6 5 12 12 10 11 9 8 4 3 6 5 12 12 11 10 8 9 7 13 13 14 15 16 16 17 17 16 16 17 17 13 13 15 14 17 17 16 16 17 17 16 16 18
0 1 1 1 1 2 3 4 5 6 3 4 5 6 7 3 4 6 5 8 9 3 4 6 5 9 8 7 4 3 5 6 10 11 12 13 4 3 5 6 11 10 13 12 7 4 3 6 5 13 12 11 10 9 8 4 3 6 5 12 13 10 11 8 9 7 14 14 15 15 16 16 17 17 17 17 16 16 14 14 15 15 17 17 16 16 16 16 17 17 18
0 1 1 1 1 2 3 4 5 6 3 4 5 6 7 3 4 6 5 8 9 3 4 6 5 9 8 7 4 3 5 6 10 11 12 13 4 3 5 6 11 10 13 12 7 4 3 6 5 13 12 11 10 9 8 4 3 6 5 12 13 10 11 8 9 7 14 14 15 15 16 17 17 16 17 16 17 16 14 14 15 15 17 16 16 17 16 17 16 17 18
0 1 1 1 1 2 3 4 5 6 3 4 5 6 7 3 4 6 5 8 9 3 4 6 5 9 8 7 4 3 5 6 10 11 12 13 4 3 5 6 11 10 13 12 7 4 3 6 5 13 12 11 10 9 8 4 3 6 5 12 13 10 11 8 9 7 14 14 15 16 17 17 18 18 17 17 18 18 14 14 16 15 18 18 17 17 18 18 17 17 19
0 1 2 1 2 3 4 3 2 2 3 4 1 1 0 2 1 4 0 1 2 2 1 0 4 1 2 3 5 6 7 8 5 6 7 8 7 8 6 5 7 8 6 5 9 8 7 5 6 8 7 5 6 9 10 6 5 8 7 6 5 8 7 10 9 9 11 12 12 12 12 11 11 11 13 13 13 13 12 11 11 11 11 12 12 12 13 13 13 13 14
0 1 2 1 3 4 5 4 3 2 4 5 1 1 0 2 1 5 0 1 3 3 1 0 5 1 2 4 6 7 8 9 6 7 9 8 8 8 7 6 9 9 7 6 10 9 9 6 7 8 8 6 7 10 11 7 6 9 8 7 6 8 9 11 10 10 12 13 13 13 13 12 12 12 14 14 14 14 13 12 12 12 12 13 13 13 14 14 14 14 15
0 1 2 2 1 0 3 3 3 3 3 3 3 3 4 5 5 5 5 6 7 5 5 5 5 7 6 8 9 10 11 12 13 13 14 14 12 11 10 9 13 13 14 14 15 11 12 9 10 13 13 14 14 16 17 10 9 12 11 13 13 14 14 17 16 15 18 18 18 18 19 20 21 22 23 23 23 23 18 18 18 18 20 19 22 21 23 23 23 23 24
0 1 2 2 1 0 3 3 3 3 3 3 3 3 4 5 5 6 6 7 7 6 6 5 5 7 7 8 9 10 9 10 11 12 13 13 9 10 9 10 12 11 13 13 14 10 9 10 9 11 12 13 13 15 16 10 9 10 9 12 11 13 13 16 15 14 17 18 18 17 19 19 20 20 21 21 21 21 18 17 17 18 19 19 20 20 21 21 21 21 22
0 1 2 2 1 0 3 3 3 3 3 3 3 3 4 5 6 6 5 7 7 6 5 5 6 7 7 8 9 10 9 10 11 12 13 13 9 10 9 10 12 11 13 13 14 10 9 10 9 11 12 13 13 15 16 10 9 10 9 12 11 13 13 16 15 14 17 18 18 17 19 19 20 21 22 22 22 22 18 17 17 18 19 19 21 20 22 22 22 22 23
0 1 2 2 1 0 3 3 4 4 3 3 4 4 5 4 4 3 3 6 6 4 4 3 3 6 6 5 7 8 7 8 9 10 9 10 7 8 7 8 10 9 10 9 11 8 7 8 7 9 10 10 9 12 12 8 7 8 7 10 9 9 10 12 12 11 13 14 14 13 15 15 15 15 16 16 16 16 14 13 13 14 15 15 15 15 16 16 16 16 17
0 1 2 2 1 0 3 3 4 4 3 3 4 4 5 4 4 3 3 6 7 4 4 3 3 7 6 5 8 9 8 9 10 11 11 10 8 9 8 9 11 10 10 11 12 9 8 9 8 10 11 11 10 13 14 9 8 9 8 11 10 10 11 14 13 12 15 16 16 15 17 17 17 17 18 18 18 18 16 15 15 16 17 17 17 17 18 18 18 18 19
0 1 2 2 1 0 3 3 4 4 4 4 3 3 5 6 6 7 7 8 9 7 7 6 6 9 8 10 11 12 11 12 13 13 14 14 11 12 11 12 13 13 14 14 15 12 11 12 11 13 13 14 14 16 17 12 11 12 11 13 13 14 14 17 16 15 18 19 19 18 20 20 21 21 22 22 22 22 19 18 18 19 20 20 21 21 22 22 22 22 23
0 1 2 2 1 0 3 4 3 4 4 3 4 3 5 6 6 7 7 8 8 7 7 6 6 8 8 9 10 11 10 11 12 13 14 14 10 11 10 11 12 13 14 14 15 11 10 11 10 13 12 14 14 16 17 11 10 11 10 13 12 14 14 17 16 15 18 19 19 18 20 20 21 21 22 22 22 22 19 18 18 19 20 20 21 21 22 22 22 22 23
0 1 2 2 1 0 3 4 3 4 4 3 4 3 5 6 7 6 7 8 9 7 6 7 6 9 8 10 11 12 11 12 13 14 15 16 11 12 11 12 13 14 15 16 17 12 11 12 11 14 13 16 15 18 19 12 11 12 11 14 13 16 15 19 18 17 20 21 21 20 22 22 23 23 24 24 24 24 21 20 20 21 22 22 23 23 24 24 24 24 25
0 1 2 2 1 0 3 4 3 4 4 3 4 3 5 6 7 7 6 8 8 7 6 6 7 8 8 9 10 11 10 11 12 13 14 14 10 11 10 11 12 13 14 14 15 11 10 11 10 13 12 14 14 16 17 11 10 11 10 13 12 14 14 17 16 15 18 19 19 18 20 20 21 22 23 23 23 23 19 18 18 19 20 20 22 21 23 23 23 23 24
0 1 2 2 1 0 3 4 3 4 4 3 4 3 5 6 7 7 6 8 8 7 6 6 7 8 8 9 10 11 12 13 14 15 16 17 13 12 11 10 15 14 16 17 18 12 13 10 11 14 15 17 16 19 20 11 10 13 12 15 14 17 16 20 19 18 21 21 21 21 22 22 23 23 24 24 24 24 21 21 21 21 22 22 23 23 24 24 24 24 25
0 1 2 2 1 0 3 4 4 3 3 4 4 3 5 4 3 3 4 6 6 4 3 3 4 6 6 5 7 8 7 8 9 10 9 10 7 8 7 8 10 9 10 9 11 8 7 8 7 9 10 10 9 12 12 8 7 8 7 10 9 9 10 12 12 11 13 14 14 13 15 15 16 16 17 17 17 17 14 13 13 14 16 16 15 15 17 17 17 17 18
0 1 2 2 1 0 3 4 4 3 3 4 4 3 5 4 3 3 4 6 7 4 3 3 4 7 6 5 8 9 8 9 10 11 11 10 8 9 8 9 11 10 10 11 12 9 8 9 8 10 11 11 10 13 14 9 8 9 8 11 10 10 11 14 13 12 15 16 16 15 17 17 18 18 19 19 19 19 16 15 15 16 18 18 17 17 19 19 19 19 20
0 1 2 2 1 0 3 4 4 3 3 4 4 3 5 4 3 3 4 6 7 4 3 3 4 7 6 5 8 9 10 11 12 12 13 13 11 10 9 8 12 12 13 13 14 10 11 8 9 13 13 12 12 15 16 9 8 11 10 13 13 12 12 16 15 14 17 17 17 17 18 19 19 18 20 20 20 20 17 17 17 17 19 18 18 19 20 20 20 20 21
0 1 2 2 1 0 3 4 4 3 4 3 3 4 5 6 6 6 6 7 7 6 6 6 6 7 7 8 9 10 11 12 13 14 15 15 12 11 10 9 13 14 15 15 16 11 12 9 10 14 13 15 15 17 18 10 9 12 11 14 13 15 15 18 17 16 19 19 19 19 20 20 21 22 23 23 23 23 19 19 19 19 20 20 22 21 23 23 23 23 24
0 1 2 2 1 0 3 4 4 3 4 3 3 4 5 6 7 7 6 8 9 7 6 6 7 9 8 10 11 12 11 12 13 13 14 14 11 12 11 12 13 13 14 14 15 12 11 12 11 13 13 14 14 16 17 12 11 12 11 13 13 14 14 17 16 15 18 19 19 18 20 21 22 23 24 24 24 24 19 18 18 19 21 20 23 22 24 24 24 24 25
0 1 2 2 1 0 3 4 4 3 4 3 3 4 5 6 7 7 6 8 9 7 6 6 7 9 8 10 11 12 13 14 15 16 17 18 14 13 12 11 15 16 17 18 19 13 14 11 12 16 15 18 17 20 21 12 11 14 13 16 15 18 17 21 20 19 22 22 22 22 23 23 24 24 25 25 25 25 22 22 22 22 23 23 24 24 25 25 25 25 26
0 1 2 2 1 0 3 4 4 3 4 3 3 4 5 6 7 8 9 10 11 9 8 7 6 10 11 12 8 9 6 7 11 10 13 14 7 6 9 8 11 10 14 13 12 15 16 16 15 17 18 19 19 20 20 15 16 16 15 17 18 19 19 20 20 21 16 15 15 16 18 17 20 20 19 19 22 23 16 15 15 16 18 17 20 20 19 19 23 22 21
0 1 2 2 1 0 3 4 5 6 3 4 5 6 7 6 5 4 3 8 8 6 5 4 3 8 8 7 5 6 3 4 9 10 11 12 5 6 3 4 10 9 12 11 7 4 3 6 5 11 12 10 9 8 8 4 3 6 5 12 11 9 10 8 8 7 13 14 14 13 15 15 15 15 16 16 16 16 14 13 13 14 16 16 16 16 15 15 15 15 17
0 1 2 2 1 0 3 4 5 6 3 4 5 6 7 6 5 4 3 8 9 6 5 4 3 9 8 7 5 6 3 4 10 10 11 12 5 6 3 4 10 10 12 11 7 4 3 6 5 11 12 10 10 9 8 4 3 6 5 12 11 10 10 8 9 7 13 14 14 13 15 15 15 15 16 16 16 16 14 13 13 14 16 16 16 16 15 15 15 15 17
0 1 2 2 1 0 3 4 5 6 3 4 5 6 7 6 5 4 3 8 9 6 5 4 3 9 8 7 5 6 3 4 10 11 12 13 5 6 3 4 11 10 13 12 7 4 3 6 5 13 12 11 10 9 8 4 3 6 5 12 13 10 11 8 9 7 14 15 15 14 16 16 16 16 17 17 17 17 15 14 14 15 17 17 17 17 16 16 16 16 18
0 1 2 2 1 0 3 4 5 6 6 5 4 3 7 5 6 3 4 8 9 4 3 6 5 9 8 7 10 11 10 11 12 13 12 13 10 11 10 11 12 13 12 13 14 11 10 11 10 13 12 13 12 15 16 11 10 11 10 13 12 13 12 16 15 14 17 18 18 17 19 19 20 20 21 21 21 21 18 17 17 18 20 20 19 19 21 21 21 21 22
0 1 2 2 1 0 3 4 5 6 6 5 4 3 7 5 6 3 4 8 9 4 3 6 5 9 8 7 10 11 12 13 14 15 16 17 13 12 11 10 15 14 17 16 18 12 13 10 11 16 17 14 15 19 20 11 10 13 12 17 16 15 14 20 19 18 21 21 21 21 22 22 22 22 23 23 23 23 21 21 21 21 22 22 22 22 23 23 23 23 24
0 1 2 2 1 3 4 4 5 5 4 4 5 5 6 7 7 8 8 9 10 7 7 8 8 10 9 11 12 12 13 13 14 15 16 17 12 12 13 13 15 14 17 16 18 19 20 21 22 23 23 24 24 25 25 20 19 22 21 23 23 24 24 25 25 26 27 27 28 28 29 29 30 30 31 31 32 32 27 27 28 28 29 29 30 30 31 31 32 32 33
0 1 2 2 1 3 4 4 5 5 4 4 5 5 6 7 7 8 8 9 10 7 7 8 8 10 9 11 12 13 14 15 16 16 17 17 12 13 14 15 16 16 17 17 18 13 12 15 14 16 16 17 17 19 20 13 12 15 14 16 16 17 17 20 19 18 21 21 22 22 23 24 25 26 27 27 27 27 21 21 22 22 24 23 26 25 27 27 27 27 28
0 1 2 2 1 3 4 4 5 5 4 4 5 5 6 7 7 8 8 9 10 7 7 8 8 10 9 11 12 13 14 15 16 17 18 19 12 13 14 15 17 16 19 18 20 13 12 15 14 16 17 18 19 21 22 13 12 15 14 17 16 19 18 22 21 20 23 23 24 24 25 25 26 26 27 27 27 27 23 23 24 24 25 25 26 26 27 27 27 27 28
0 1 2 2 1 3 4 5 6 7 4 5 6 7 8 4 5 6 7 9 9 4 5 6 7 9 9 8 5 4 7 6 10 11 12 13 5 4 7 6 12 13 11 10 9 5 4 7 6 13 12 10 11 9 8 5 4 7 6 11 10 13 12 8 9 9 14 15 16 17 18 18 18 18 19 19 19 19 15 14 17 16 19 19 19 19 18 18 18 18 20
0 1 2 2 1 3 4 5 6 7 4 5 6 7 8 4 5 6 7 9 10 4 5 6 7 10 9 8 5 4 7 6 11 12 12 13 5 4 7 6 13 12 12 11 10 5 4 7 6 12 11 13 12 9 8 5 4 7 6 12 13 11 12 8 9 10 14 14 15 15 16 17 17 16 17 17 16 16 14 14 15 15 17 16 16 17 16 16 17 17 18
0 1 2 2 1 3 4 5 6 7 4 5 6 7 8 4 5 6 7 9 10 4 5 6 7 10 9 8 5 4 7 6 11 12 12 13 5 4 7 6 13 12 12 11 10 5 4 7 6 12 11 13 12 9 8 5 4 7 6 12 13 11 12 8 9 10 14 15 16 17 18 18 18 18 19 19 19 19 15 14 17 16 19 19 19 19 18 18 18 18 20
0 1 2 2 1 3 4 5 6 7 4 5 6 7 8 4 5 6 7 9 10 4 5 6 7 10 9 8 5 4 7 6 11 12 13 14 5 4 7 6 14 13 12 11 10 5 4 7 6 13 14 11 12 9 8 5 4 7 6 12 11 14 13 8 9 10 15 16 17 18 19 19 19 19 20 20 20 20 16 15 18 17 20 20 20 20 19 19 19 19 21
0 1 2 2 1 3 4 5 6 7 5 4 7 6 8 9 9 10 10 11 11 9 9 10 10 11 11 12 13 14 15 16 17 18 19 19 13 14 15 16 17 18 19 19 20 14 13 16 15 18 17 19 19 21 22 14 13 16 15 18 17 19 19 22 21 20 23 23 24 24 25 25 26 27 28 28 28 28 23 23 24 24 25 25 27 26 28 28 28 28 29
0 1 2 2 1 3 4 5 6 7 5 4 7 6 8 9 10 11 12 13 14 9 10 11 12 13 14 15 10 9 12 11 14 13 16 17 10 9 12 11 14 13 17 16 15 18 19 20 21 22 23 24 24 25 25 18 19 20 21 22 23 24 24 25 25 26 19 18 21 20 23 22 25 25 24 24 27 28 19 18 21 20 23 22 25 25 24 24 28 27 26
0 1 2 2 1 3 4 5 6 7 5 4 7 6 8 9 10 11 12 13 14 10 9 12 11 14 13 15 16 16 17 17 18 18 19 19 16 16 17 17 18 18 19 19 20 16 16 17 17 18 18 19 19 21 22 16 16 17 17 18 18 19 19 22 21 20 23 24 25 26 27 28 29 30 31 31 31 31 24 23 26 25 28 27 30 29 31 31 31 31 32
0 1 2 2 1 3 4 5 6 7 5 4 7 6 8 9 10 11 12 13 14 10 9 12 11 14 13 15 16 17 18 19 20 21 22 23 16 17 18 19 20 21 22 23 24 17 16 19 18 21 20 23 22 25 26 17 16 19 18 21 20 23 22 26 25 24 27 27 28 28 29 29 30 30 31 31 31 31 27 27 28 28 29 29 30 30 31 31 31 31 32
0 1 2 2 1 3 4 5 6 7 5 4 7 6 8 9 10 11 12 13 14 10 9 12 11 14 13 15 16 17 18 19 20 21 22 23 17 16 19 18 21 20 23 22 24 25 25 26 26 27 27 28 28 29 29 25 25 26 26 27 27 28 28 29 29 30 31 31 32 32 33 33 34 34 35 35 36 36 31 31 32 32 33 33 34 34 35 35 36 36 37
0 1 2 2 1 3 4 5 6 7 5 4 7 6 8 9 10 11 12 13 14 10 9 12 11 14 13 15 16 17 18 19 20 21 22 23 17 16 19 18 21 20 23 22 24 25 26 27 28 29 30 31 32 33 34 25 26 27 28 29 30 31 32 33 34 35 26 25 28 27 30 29 32 31 34 33 36 36 26 25 28 27 30 29 32 31 34 33 36 36 35
0 1 2 3 2 4 5 4 2 2 4 5 3 1 0 2 1 5 0 3 2 2 3 0 5 1 2 4 6 7 8 9 6 7 9 8 9 9 7 6 8 8 7 6 10 8 8 6 7 9 9 6 7 10 11 7 6 9 8 7 6 8 9 11 10 10 12 13 13 13 13 12 12 12 14 14 14 14 13 12 12 12 12 13 13 13 14 14 14 14 15
0 1 2 3 4 5 6 5 4 2 5 6 3 1 0 4 3 6 0 1 2 2 1 0 6 3 4 5 7 8 9 10 7 8 9 10 10 9 8 7 10 9 8 7 11 9 10 7 8 9 10 7 8 12 13 8 7 10 9 8 7 10 9 13 12 11 14 15 15 15 15 14 14 14 16 16 16 16 15 14 14 14 14 15 15 15 16 16 16 16 17
0 1 2 3 4 5 6 7 8 9 10 11 12 13 14 10 11 12 13 14 15 10 11 12 13 14 16 17 10 11 12 13 14 18 17 19 10 11 12 13 14 20 19 17 17 10 11 12 13 14 19 20 18 16 15 10 11 12 13 14 17 16 20 15 18 17 10 11 12 13 14 17 18 15 20 16 17 19 21 22 23 24 25 26 26 26 26 26 26 26 26
0 1 2 3 4 5 6 7 8 9 10 11 12 13 14 10 11 12 13 14 15 10 11 12 13 14 16 17 10 11 12 13 14 18 19 20 10 11 12 13 14 21 20 19 17 10 11 12 13 14 20 21 18 16 15 10 11 12 13 14 19 18 21 15 16 17 10 11 12 13 14 17 16 15 21 18 19 20 22 23 24 25 26 27 27 27 27 27 27 27 27
0 1 2 3 4 5 6 7 8 9 10 11 12 13 14 15 16 17 18 19 20 21 22 23 24 25 26 27 28 29 30 31 32 33 34 35 28 29 30 31 32 33 34 35 36 28 29 30 31 32 33 34 35 37 38 28 29 30 31 32 33 34 35 38 37 36 39 40 41 42 43 44 45 46 47 47 47 47 39 40 41 42 43 44 45 46 47 47 47 47 48
0 1 2 3 4 5 6 7 8 9 10 11 12 13 14 15 16 17 18 19 20 21 22 23 24 25 26 27 28 29 30 31 32 33 34 35 28 29 30 31 32 33 34 35 36 37 38 39 40 41 42 43 44 45 45 37 38 39 40 41 42 43 44 45 45 46 47 48 49 50 51 52 53 54 55 55 56 56 47 48 49 50 51 52 53 54 55 55 56 56 57
0 1 2 3 4 5 6 7 8 9 10 11 12 13 14 15 16 17 18 19 20 21 22 23 24 25 26 27 28 29 30 31 32 33 34 35 36 37 38 39 40 41 42 43 44 36 37 38 39 40 41 42 43 44 45 36 37 38 39 40 41 42 43 44 46 46 36 37 38 39 40 41 42 43 44 46 46 45 47 48 49 50 51 52 53 54 55 56 56 56 56
--- order 9 (x3) ---
0 0 1 0 1 1 2 3 3 3 2 3 3 3 4 2 3 3 3 4 4 5 6 6 6 7 7 7 8 9 9 9 10 11 12 13 8 9 9 9 11 12 10 13 14 8 9 9 9 12 10 11 13 14 14 15 16 17 18 19 19 19 20 21 21 21 15 17 18 16 19 19 19 20 21 21 21 22 15 18 16 17 19 19 19 20 21 21 21 22 22
0 1 2 1 2 3 1 2 3 3 4 5 6 7 8 4 5 6 7 8 9 4 5 6 7 8 9 9 4 5 7 8 6 10 11 12 4 5 7 8 6 11 12 10 9 4 5 7 8 6 12 10 11 9 9 4 5 8 6 7 10 12 11 10 12 11 4 5 8 6 7 11 10 12 12 11 10 9 4 5 8 6 7 12 11 10 11 10 12 9 9
0 1 2 1 2 3 1 2 3 3 4 5 6 7 8 4 5 6 7 8 9 4 5 6 7 8 9 9 4 5 7 8 6 10 11 12 4 5 7 8 6 11 12 10 9 4 5 7 8 6 12 10 11 9 9 4 5 8 6 7 10 12 11 12 11 10 4 5 8 6 7 11 10 12 11 10 12 9 4 5 8 6 7 12 11 10 10 12 11 9 9
--- order 10 (x7) ---
0 0 1 0 1 2 0 2 1 2 0 2 2 1 1 3 4 4 4 4 4 5 6 6 6 6 6 7 8 9 10 10 11 11 12 13 8 11 11 10 10 9 12 13 14 8 11 10 11 9 10 12 13 14 15 8 10 9 11 10 11 12 13 15 14 15 8 10 11 9 11 10 12 13 15 15 14 14 16 17 17 17 17 17 18 19 20 20 20 20 20
0 0 1 0 1 2 0 2 2 1 0 2 1 2 1 3 4 4 4 4 4 5 6 7 8 9 10 11 5 9 8 10 7 6 11 12 5 10 9 7 6 8 11 12 13 5 7 10 6 8 9 11 13 12 13 5 8 6 9 10 7 11 13 13 12 12 14 15 15 15 15 15 16 17 17 17 17 17 14 15 15 15 15 15 16 17 17 17 17 17 18
0 0 1 1 1 0 1 0 1 0 2 2 2 2 2 2 2 2 2 2 3 4 5 6 7 8 9 9 7 6 8 5 4 9 9 10 8 7 5 4 6 9 9 10 11 5 8 4 6 7 9 9 11 10 11 6 4 7 8 5 9 9 11 11 10 10 12 12 12 12 12 13 14 15 15 15 15 15 12 12 12 12 12 14 13 15 15 15 15 15 16
0 0 1 2 3 4 2 3 4 5 2 3 4 5 6 2 3 4 6 6 5 2 3 4 6 5 6 5 2 4 3 7 8 9 10 11 2 4 3 10 9 11 8 7 6 2 4 3 11 10 8 7 9 6 5 2 4 3 8 11 7 9 10 5 6 5 2 4 3 9 7 10 11 8 5 5 6 6 12 13 13 14 14 14 14 14 14 14 14 14 14
0 1 2 1 2 3 1 2 3 4 1 2 4 4 3 1 2 4 3 4 3 2 1 5 6 7 8 9 2 1 8 7 9 6 5 4 2 1 9 8 6 5 7 4 3 2 1 6 9 5 7 8 3 4 3 2 1 7 5 8 9 6 3 3 4 4 10 11 12 12 12 12 12 13 13 13 13 13 11 10 13 13 13 13 13 12 12 12 12 12 14
0 1 2 3 4 5 3 4 5 6 3 4 5 7 8 3 4 5 9 8 10 3 4 5 11 10 8 10 3 4 5 12 10 10 8 8 3 4 5 10 11 12 7 9 6 3 4 5 10 12 9 11 6 7 8 3 4 5 8 7 11 6 12 9 8 10 3 4 5 8 9 6 12 7 11 10 8 10 13 14 15 16 16 16 16 16 16 16 16 16 16
0 1 2 3 4 5 6 7 8 9 10 11 12 13 14 15 16 17 18 19 20 21 22 23 24 25 26 27 28 29 30 31 32 33 34 35 28 29 30 31 32 33 34 35 36 28 29 30 31 32 33 34 35 36 37 28 29 30 31 32 33 34 35 37 36 37 28 29 30 31 32 33 34 35 37 37 36 36 38 39 40 41 42 43 44 45 46 46 46 46 46
--- order 12 (x79) ---
0 0 0 1 1 1 1 1 1 2 1 1 1 3 3 1 1 1 3 3 2 4 4 4 5 6 7 8 4 4 4 7 8 6 5 9 4 4 4 8 7 5 6 9 10 4 4 4 6 5 8 7 10 9 9 11 12 13 14 14 14 14 15 15 15 15 12 13 11 14 14 14 14 15 15 15 15 16 13 11 12 14 14 14 14 15 15 15 15 16 16
0 0 0 1 1 1 1 1 1 2 1 1 1 3 4 1 1 1 4 3 2 5 5 5 6 7 8 9 5 5 5 9 8 7 6 10 5 5 5 8 9 6 7 11 12 5 5 5 7 6 9 8 12 11 10 13 14 15 16 16 16 16 17 17 17 17 14 15 13 16 16 16 16 17 17 17 17 18 15 13 14 16 16 16 16 17 17 17 17 18 18
0 0 0 1 1 1 1 1 1 2 3 3 3 4 4 3 3 3 4 4 5 6 6 6 7 7 8 9 6 6 6 7 7 9 8 10 11 11 11 12 13 14 14 15 15 11 11 11 13 12 14 14 15 15 16 17 18 19 20 20 21 21 22 22 23 23 18 19 17 20 20 21 21 22 22 23 23 24 19 17 18 20 20 21 21 22 22 23 23 24 24
0 0 0 1 1 1 1 1 1 2 3 3 3 4 4 3 3 3 4 4 5 6 6 6 7 8 9 10 6 6 6 7 8 10 9 11 6 6 6 8 7 9 10 12 13 6 6 6 8 7 10 9 13 12 11 14 15 16 17 17 18 18 19 19 19 19 15 16 14 17 17 18 18 19 19 19 19 20 16 14 15 17 17 18 18 19 19 19 19 20 20
0 0 0 1 1 1 1 1 1 2 3 3 3 4 5 3 3 3 5 4 6 7 7 7 8 9 10 11 7 7 7 8 9 10 11 12 7 7 7 9 8 11 10 13 14 7 7 7 9 8 11 10 14 13 12 15 16 17 18 18 19 19 20 20 20 20 16 17 15 18 18 19 19 20 20 20 20 21 17 15 16 18 18 19 19 20 20 20 20 21 21
0 0 0 1 1 1 1 1 1 2 3 3 3 4 5 3 3 3 5 4 6 7 7 7 8 9 10 11 7 7 7 9 8 11 10 12 13 13 13 14 14 15 15 16 16 13 13 13 14 14 15 15 16 16 17 18 19 20 21 21 22 22 23 23 24 24 19 20 18 21 21 22 22 23 23 24 24 25 20 18 19 21 21 22 22 23 23 24 24 25 25
0 0 0 1 1 1 1 1 1 2 3 3 3 4 5 3 3 3 5 4 6 7 7 7 8 9 10 11 7 7 7 9 8 11 10 12 13 13 13 14 15 16 17 18 19 13 13 13 15 14 17 16 19 18 20 21 22 22 23 23 24 24 25 25 26 26 22 21 22 23 23 24 24 25 25 26 26 27 22 22 21 23 23 24 24 25 25 26 26 27 27
0 0 0 1 1 2 1 2 1 3 2 1 1 3 3 4 4 5 6 7 7 4 5 4 7 6 7 8 5 4 4 7 7 6 8 8 9 9 9 10 10 10 11 11 11 9 9 9 10 10 10 11 11 11 12 13 14 14 15 15 16 17 17 18 19 19 14 13 14 15 16 15 17 18 17 19 19 20 14 14 13 16 15 15 18 17 17 19 19 20 20
0 0 0 1 2 3 2 3 1 4 3 1 2 4 4 5 5 5 6 6 6 5 5 5 6 6 6 7 8 9 10 11 12 13 14 14 8 9 10 11 12 13 14 14 15 10 8 9 12 13 11 14 14 16 17 10 8 9 12 13 11 14 14 17 16 15 9 10 8 13 11 12 14 14 16 17 17 16 9 10 8 13 11 12 14 14 17 16 16 17 15
0 0 1 0 1 1 2 3 3 3 2 3 3 3 4 5 6 6 6 7 7 8 9 9 9 10 10 11 12 13 13 13 14 14 15 16 17 18 18 18 19 20 21 22 23 17 18 18 18 20 19 21 22 23 24 25 26 27 27 28 28 29 30 31 32 32 25 27 26 27 28 28 29 30 31 32 32 33 25 27 27 26 28 28 29 30 31 32 32 33 33
0 0 1 0 1 1 2 3 3 3 2 3 3 3 4 5 6 6 6 7 7 8 9 9 9 10 11 12 8 9 9 9 10 11 12 13 8 9 9 9 11 10 12 14 15 8 9 9 9 11 10 12 15 14 13 16 17 18 19 20 20 21 22 22 22 22 16 18 19 17 20 20 21 22 22 22 22 23 16 19 17 18 20 20 21 22 22 22 22 23 23
0 0 1 0 1 1 2 3 3 3 2 3 3 3 4 5 6 6 6 7 7 8 9 9 9 10 11 12 8 9 9 9 11 10 12 13 14 15 15 15 16 16 17 18 18 14 15 15 15 16 16 17 18 18 19 20 21 22 23 24 24 25 26 26 27 27 20 22 23 21 24 24 25 26 26 27 27 28 20 23 21 22 24 24 25 26 26 27 27 28 28
0 0 1 0 1 1 2 3 3 3 2 3 3 3 4 5 6 6 6 7 8 5 6 6 6 8 7 9 10 11 11 11 12 12 13 13 14 15 15 15 16 17 18 19 20 14 15 15 15 17 16 19 18 20 21 22 23 24 24 25 25 26 26 27 28 28 22 24 23 24 25 25 26 26 27 28 28 29 22 24 24 23 25 25 26 26 27 28 28 29 29
0 0 1 0 1 1 2 3 3 3 2 3 3 3 4 5 6 6 6 7 8 5 6 6 6 8 7 9 10 11 12 13 14 14 15 15 10 11 12 13 14 14 15 15 16 10 12 13 11 14 14 15 15 17 18 10 12 13 11 14 14 15 15 18 17 16 10 13 11 12 14 14 15 15 17 18 18 17 10 13 11 12 14 14 15 15 18 17 17 18 16
0 0 1 0 1 1 2 3 3 3 2 3 3 3 4 5 6 6 6 7 8 5 6 6 6 8 7 9 10 11 12 13 14 14 15 15 10 11 13 12 14 14 15 15 16 10 12 11 13 14 14 15 15 17 18 10 12 13 11 14 14 15 15 18 17 19 10 13 11 12 14 14 15 15 18 19 16 18 10 13 12 11 14 14 15 15 19 18 18 16 17
0 0 1 0 1 1 2 3 3 3 4 5 5 5 6 7 8 8 8 9 10 7 8 8 8 9 10 11 12 13 14 15 16 17 18 18 12 13 14 15 16 17 18 18 19 12 14 15 13 16 17 18 18 20 21 12 14 15 13 16 17 18 18 21 20 19 12 15 13 14 16 17 18 18 20 21 21 20 12 15 13 14 16 17 18 18 21 20 20 21 19
0 0 1 0 1 1 2 3 3 3 4 5 5 5 6 7 8 8 8 9 10 7 8 8 8 9 10 11 12 13 14 15 16 17 18 18 12 13 15 14 16 17 18 18 19 12 14 13 15 16 17 18 18 20 21 12 14 15 13 16 17 18 18 21 20 22 12 15 13 14 16 17 18 18 21 22 19 21 12 15 14 13 16 17 18 18 22 21 21 19 20
0 0 1 0 1 1 2 3 3 3 4 5 5 5 6 7 8 8 8 9 10 11 12 12 12 13 14 15 11 12 12 12 13 14 15 16 11 12 12 12 13 14 15 17 18 11 12 12 12 13 14 15 18 17 16 19 20 21 22 23 24 25 26 26 26 26 19 21 22 20 23 24 25 26 26 26 26 27 19 22 20 21 23 24 25 26 26 26 26 27 27
0 0 1 0 1 1 2 3 3 3 4 5 5 5 6 7 8 8 8 9 10 11 12 12 12 13 14 15 11 12 12 12 13 14 15 16 17 18 18 18 19 20 21 22 22 17 18 18 18 19 20 21 22 22 23 24 25 26 27 28 29 30 31 31 32 32 24 26 27 25 28 29 30 31 31 32 32 33 24 27 25 26 28 29 30 31 31 32 32 33 33
0 0 1 0 1 1 2 3 3 3 4 5 5 5 6 7 8 8 8 9 10 11 12 12 12 13 14 15 16 17 17 17 18 19 20 21 22 23 23 23 24 25 26 27 28 22 23 23 23 24 25 26 27 28 29 30 31 32 32 33 34 35 36 37 38 38 30 32 31 32 33 34 35 36 37 38 38 39 30 32 32 31 33 34 35 36 37 38 38 39 39
0 0 1 0 1 1 2 3 3 3 4 5 5 5 6 7 8 8 8 9 10 11 12 12 12 13 14 15 16 17 18 18 19 20 21 22 16 17 18 18 19 20 21 22 23 16 18 17 18 19 20 21 22 24 25 16 18 17 18 19 20 21 22 25 24 23 16 18 18 17 19 20 21 22 24 25 25 24 16 18 18 17 19 20 21 22 25 24 24 25 23
0 0 1 0 1 1 2 3 3 4 2 3 4 3 5 2 4 3 3 5 5 6 7 7 7 8 8 8 6 7 7 7 8 8 8 9 10 11 11 11 12 12 12 13 14 10 11 11 11 12 12 12 14 13 15 16 17 18 18 19 19 20 21 21 22 22 16 18 17 18 19 20 19 21 21 22 22 23 16 18 18 17 20 19 19 21 21 22 22 23 23
0 0 1 0 1 1 2 3 3 4 2 3 4 3 5 2 4 3 3 5 5 6 7 7 7 8 8 8 9 10 10 10 11 11 11 12 13 14 14 14 15 15 15 16 17 13 14 14 14 15 15 15 16 17 18 19 20 21 21 22 22 23 24 25 26 26 19 21 20 21 22 23 22 24 25 26 26 27 19 21 21 20 23 22 22 24 25 26 26 27 27
0 0 1 0 1 1 2 3 3 4 2 3 4 3 5 2 4 3 3 5 5 6 7 7 7 8 8 8 9 10 11 11 12 12 13 14 9 10 11 11 12 12 13 14 15 9 11 10 11 12 13 12 14 16 17 9 11 10 11 12 13 12 14 17 16 15 9 11 11 10 13 12 12 14 16 17 17 16 9 11 11 10 13 12 12 14 17 16 16 17 15
0 0 1 0 1 1 2 3 4 5 2 4 5 3 6 2 5 3 4 6 6 7 8 8 8 9 9 9 7 8 8 8 9 9 9 10 7 8 8 8 9 9 9 11 12 7 8 8 8 9 9 9 12 11 10 13 14 15 16 17 18 19 20 20 20 20 13 16 14 15 18 19 17 20 20 20 20 21 13 15 16 14 19 17 18 20 20 20 20 21 21
0 0 1 0 1 1 2 3 4 5 2 4 5 3 6 2 5 3 4 6 6 7 8 8 8 9 9 9 7 8 8 8 9 9 9 10 11 12 12 12 13 13 13 14 14 11 12 12 12 13 13 13 14 14 15 16 17 18 19 20 21 22 23 23 24 24 16 19 17 18 21 22 20 23 23 24 24 25 16 18 19 17 22 20 21 23 23 24 24 25 25
0 0 1 0 1 2 0 2 1 3 0 2 3 1 2 0 3 2 2 1 1 4 5 5 5 5 5 5 6 7 7 7 7 7 7 8 9 10 11 11 10 10 11 12 13 9 11 10 10 11 11 10 12 13 14 15 16 17 17 17 17 16 18 19 20 20 15 17 16 17 17 16 17 18 19 20 20 21 15 17 17 16 16 17 17 18 19 20 20 21 21
0 0 1 0 1 2 0 2 1 3 0 2 3 1 2 0 3 2 2 1 1 4 5 6 6 5 5 6 4 6 5 5 6 6 5 7 8 9 10 10 9 9 10 11 12 8 10 9 9 10 10 9 12 11 13 14 15 16 16 16 16 15 17 17 18 18 14 16 15 16 16 15 16 17 17 18 18 19 14 16 16 15 15 16 16 17 17 18 18 19 19
0 0 1 0 1 2 0 2 3 1 0 2 1 3 2 0 3 2 2 1 1 4 5 5 5 5 5 5 6 7 8 9 8 9 7 10 6 7 8 9 8 9 7 10 11 6 8 9 7 9 7 8 10 12 13 6 8 9 7 9 7 8 10 13 12 11 6 9 7 8 7 8 9 10 12 13 13 12 6 9 7 8 7 8 9 10 13 12 12 13 11
0 0 1 0 1 2 0 2 3 1 0 2 1 3 2 0 3 2 2 1 1 4 5 6 6 5 5 6 4 5 6 6 5 5 6 7 4 6 5 5 6 6 5 8 9 4 6 5 5 6 6 5 9 8 7 10 11 12 13 12 13 11 14 14 14 14 10 12 13 11 13 11 12 14 14 14 14 15 10 13 11 12 11 12 13 14 14 14 14 15 15
0 0 1 0 1 2 0 2 3 1 0 2 1 3 2 0 3 2 2 1 1 4 5 6 6 5 5 6 4 6 5 5 6 6 5 7 8 9 9 9 9 9 9 10 10 8 9 9 9 9 9 9 10 10 11 12 13 14 15 14 15 13 16 16 17 17 12 14 15 13 15 13 14 16 16 17 17 18 12 15 13 14 13 14 15 16 16 17 17 18 18
0 0 1 0 2 2 0 2 2 1 0 2 2 2 2 0 2 2 2 2 1 3 4 4 5 5 6 6 3 5 5 6 6 4 4 7 3 6 6 4 4 5 5 7 7 8 9 10 9 10 9 10 11 11 11 8 9 10 10 9 10 9 11 11 11 12 8 10 9 9 10 10 9 11 11 11 12 12 8 10 9 10 9 9 10 11 11 11 12 12 12
0 0 1 0 2 3 0 2 3 2 0 3 2 1 3 0 3 2 3 1 2 4 5 5 5 5 5 5 6 7 8 9 8 9 7 10 6 7 8 8 9 7 9 10 11 6 9 9 7 8 8 7 10 11 12 6 9 9 8 7 7 8 10 12 11 13 6 8 7 7 9 8 9 10 12 13 11 12 6 8 7 9 7 9 8 10 13 12 12 11 11
0 0 1 0 2 3 0 2 3 3 0 3 2 1 2 0 3 2 2 1 3 4 5 5 5 5 5 5 6 7 8 9 8 10 7 11 6 7 8 8 9 7 10 11 12 6 10 9 8 8 7 7 11 12 12 6 9 10 7 7 8 8 11 13 13 14 6 8 7 7 10 8 9 11 13 14 13 12 6 8 7 10 7 9 8 11 14 13 13 12 12
0 0 1 0 2 3 0 2 4 2 0 3 2 4 1 0 4 2 1 3 2 5 6 6 6 6 6 6 7 8 9 10 9 8 10 11 7 8 9 10 9 8 10 11 12 7 10 10 9 8 9 8 11 13 14 7 10 10 9 8 9 8 11 14 13 12 7 9 8 8 10 10 9 11 13 14 14 13 7 9 8 8 10 10 9 11 14 13 13 14 12
0 0 1 0 2 3 0 2 4 2 0 3 2 4 1 0 4 2 1 3 2 5 6 7 6 6 7 7 5 6 7 6 6 7 7 8 5 7 6 7 7 6 6 9 10 5 7 6 7 7 6 6 10 9 8 11 12 13 14 13 12 14 15 15 15 15 11 14 14 13 12 13 12 15 15 15 15 16 11 13 12 12 14 14 13 15 15 15 15 16 16
0 0 1 0 2 3 0 2 4 2 0 3 2 4 1 0 4 2 1 3 2 5 6 7 6 6 7 7 5 7 6 7 7 6 6 8 9 10 10 10 10 10 10 11 11 9 10 10 10 10 10 10 11 11 12 13 14 15 16 15 14 16 17 17 18 18 13 16 16 15 14 15 14 17 17 18 18 19 13 15 14 14 16 16 15 17 17 18 18 19 19
0 0 1 1 0 0 2 3 4 5 5 4 3 2 6 3 5 2 4 7 7 4 2 5 3 7 7 6 8 9 9 8 10 10 11 11 8 9 9 8 10 10 11 11 12 8 9 9 8 10 10 11 11 12 12 9 8 8 9 11 11 10 10 13 14 15 9 8 8 9 11 11 10 10 14 15 13 12 9 8 8 9 11 11 10 10 15 13 14 12 12
0 0 1 1 0 2 1 2 0 1 2 1 1 0 0 3 3 4 4 3 3 3 4 3 3 4 3 5 4 3 3 3 3 4 5 5 6 7 7 6 6 7 8 8 8 7 6 6 7 7 6 8 8 8 9 10 11 11 11 11 10 12 12 13 14 14 11 10 11 11 10 11 12 13 12 14 14 15 11 11 10 10 11 11 13 12 12 14 14 15 15
0 0 1 1 0 2 1 2 0 1 2 1 1 0 0 3 4 4 3 3 4 4 3 3 4 4 3 5 6 7 8 8 7 6 9 9 6 8 7 7 8 6 9 9 10 7 6 8 8 6 7 9 9 11 12 7 8 6 6 8 7 9 9 12 11 13 8 6 7 7 6 8 9 9 12 13 10 12 8 7 6 6 7 8 9 9 13 12 12 10 11
0 0 1 1 2 0 1 0 2 1 2 1 1 0 0 3 4 4 3 3 4 4 3 3 4 4 3 5 6 7 8 7 8 6 9 9 6 7 8 7 8 6 9 9 10 7 8 6 8 6 7 9 9 11 12 7 8 6 8 6 7 9 9 12 11 10 8 6 7 6 7 8 9 9 11 12 12 11 8 6 7 6 7 8 9 9 12 11 11 12 10
0 0 1 2 3 3 4 5 5 6 4 5 5 6 7 8 9 10 11 12 12 8 10 9 11 12 12 13 14 15 15 16 17 18 19 19 14 15 15 16 17 18 19 19 20 14 15 15 16 17 18 19 19 20 20 14 15 15 16 18 17 19 19 21 22 23 14 15 15 16 18 17 19 19 22 23 21 20 14 15 15 16 18 17 19 19 23 21 22 20 20
0 0 1 2 3 3 4 5 5 6 7 8 8 9 10 11 12 12 13 14 15 16 17 17 18 19 20 21 22 23 23 24 25 26 27 28 29 30 31 32 33 34 35 36 37 29 31 30 32 33 34 35 36 37 38 39 40 40 41 42 43 44 45 46 47 47 39 40 40 41 42 43 44 45 46 47 47 48 39 40 40 41 42 43 44 45 46 47 47 48 48
0 0 1 2 3 3 4 5 5 6 7 8 8 9 10 11 12 13 14 15 16 11 13 12 14 15 16 17 18 19 19 20 21 22 23 23 18 19 19 20 21 22 23 23 24 18 19 19 20 21 22 23 23 25 26 18 19 19 20 21 22 23 23 27 26 26 18 19 19 20 21 22 23 23 26 25 27 24 18 19 19 20 21 22 23 23 26 27 24 25 26
0 0 1 2 3 3 4 5 5 6 7 8 9 10 11 7 9 8 10 11 12 13 14 14 15 16 17 17 18 19 20 21 22 23 24 25 18 19 20 21 22 23 24 25 26 18 19 20 21 22 23 24 25 26 26 18 20 19 21 22 24 23 25 27 28 28 18 20 19 21 22 24 23 25 28 27 28 26 18 20 19 21 22 24 23 25 28 28 27 26 26
0 0 1 2 3 3 4 5 6 7 4 5 6 7 8 4 6 5 7 9 10 4 6 5 7 10 9 8 11 12 12 13 14 15 15 14 11 12 12 13 14 15 15 14 16 11 12 12 13 14 15 15 14 16 16 11 12 12 13 15 14 14 15 17 18 19 11 12 12 13 15 14 14 15 18 19 17 16 11 12 12 13 15 14 14 15 19 17 18 16 16
0 0 1 2 3 3 4 5 6 7 4 5 6 7 8 4 6 5 7 9 10 4 6 5 7 10 9 8 11 12 13 14 15 15 16 16 11 12 13 14 15 15 16 16 17 11 12 13 14 15 15 16 16 17 17 11 13 12 14 16 16 15 15 18 19 20 11 13 12 14 16 16 15 15 19 20 18 17 11 13 12 14 16 16 15 15 20 18 19 17 17
0 0 1 2 3 3 4 5 6 7 4 6 5 7 8 9 10 10 11 12 12 9 10 10 11 12 12 13 14 15 16 17 18 19 20 20 14 15 16 17 18 19 20 20 21 14 15 16 17 18 19 20 20 21 21 14 16 15 17 19 18 20 20 22 23 24 14 16 15 17 19 18 20 20 23 24 22 21 14 16 15 17 19 18 20 20 24 22 23 21 21
0 0 1 2 3 4 2 4 3 5 6 7 7 8 8 9 10 10 11 11 12 13 14 14 15 15 16 17 18 19 19 20 20 21 22 23 24 25 26 27 28 29 30 31 32 24 26 25 28 27 29 30 31 32 33 34 35 35 36 36 37 38 39 40 41 41 34 35 35 36 36 37 38 39 40 41 41 42 34 35 35 36 36 37 38 39 40 41 41 42 42
0 0 1 2 3 4 2 4 3 5 6 7 7 8 8 9 10 11 12 13 14 9 11 10 13 12 14 15 16 17 17 18 18 19 20 20 16 17 17 18 18 19 20 20 21 16 17 17 18 18 19 20 20 22 23 16 17 17 18 18 19 20 20 24 23 23 16 17 17 18 18 19 20 20 23 22 24 21 16 17 17 18 18 19 20 20 23 24 21 22 23
0 0 1 2 3 4 2 4 3 5 6 7 8 9 10 6 8 7 10 9 11 12 13 13 14 14 15 15 16 17 17 18 18 19 19 20 21 22 23 24 25 26 27 28 29 21 23 22 25 24 27 26 28 29 30 31 32 32 33 33 34 34 35 36 37 37 31 32 32 33 33 34 34 35 36 37 37 38 31 32 32 33 33 34 34 35 36 37 37 38 38
0 0 1 2 3 4 2 4 3 5 6 7 8 9 10 6 8 7 10 9 11 12 13 13 14 14 15 15 16 17 18 19 20 21 22 23 16 17 18 19 20 21 22 23 24 16 17 18 19 20 21 22 23 24 24 16 18 17 20 19 22 21 23 25 26 26 16 18 17 20 19 22 21 23 26 25 26 24 16 18 17 20 19 22 21 23 26 26 25 24 24
0 0 1 2 3 4 2 4 3 5 6 7 8 9 10 6 8 7 10 9 11 12 13 14 15 16 17 18 12 14 13 16 15 18 17 19 20 21 22 23 24 25 26 27 28 20 22 21 24 23 26 25 28 27 29 30 31 31 32 32 33 33 34 34 35 35 30 31 31 32 32 33 33 34 34 35 35 36 30 31 31 32 32 33 33 34 34 35 35 36 36
0 1 1 1 1 2 3 3 4 5 3 3 5 4 6 7 8 9 9 10 10 8 7 9 9 10 10 11 12 12 13 14 15 16 17 17 12 12 13 14 15 16 17 17 18 12 12 13 14 15 16 17 17 18 18 12 12 14 13 16 15 17 17 19 20 21 12 12 14 13 16 15 17 17 20 21 19 18 12 12 14 13 16 15 17 17 21 19 20 18 18
0 1 2 1 2 1 2 1 0 2 2 1 2 0 1 3 4 3 3 4 4 4 3 4 4 3 3 5 6 7 8 7 8 6 9 9 6 7 7 8 6 8 9 9 10 8 8 6 7 7 6 9 9 10 11 8 8 7 6 6 7 9 9 11 10 12 7 6 6 8 7 8 9 9 11 12 10 11 7 6 8 6 8 7 9 9 12 11 11 10 10
0 1 2 1 2 2 2 1 0 1 2 1 1 0 2 3 4 4 4 3 3 4 3 3 3 4 4 5 6 7 8 7 9 6 10 11 6 7 7 8 6 9 10 11 12 9 8 7 7 6 6 10 11 12 12 8 9 6 6 7 7 11 10 13 13 14 7 6 6 9 7 8 11 10 13 14 13 12 7 6 9 6 8 7 11 10 14 13 13 12 12
0 1 2 1 2 2 2 1 1 0 2 1 0 1 2 3 3 3 3 3 3 3 3 3 3 3 3 4 5 6 7 8 9 10 11 11 9 8 6 7 10 5 11 11 12 10 7 8 6 5 9 11 11 12 12 7 10 9 5 6 8 11 11 13 13 14 8 9 5 10 7 6 11 11 13 14 13 12 6 5 10 9 8 7 11 11 14 13 13 12 12
0 1 2 1 2 3 1 2 4 5 1 2 4 5 5 1 2 5 4 4 3 1 2 5 4 3 4 5 2 1 6 7 8 9 10 11 2 1 10 9 7 8 11 6 5 2 1 11 8 9 7 6 10 5 5 2 1 8 11 10 6 7 9 4 4 3 2 1 9 10 6 11 8 7 4 3 4 5 2 1 7 6 11 10 9 8 3 4 4 5 5
0 1 2 1 2 3 1 2 4 5 1 2 6 5 5 1 2 5 4 6 3 1 2 5 6 3 4 5 2 1 7 8 8 9 10 11 2 1 11 8 9 8 7 10 5 2 1 10 9 8 8 11 7 5 5 2 1 9 10 11 7 8 8 6 4 3 2 1 8 7 10 11 8 9 4 3 6 5 2 1 8 11 7 10 9 8 3 6 4 5 5
0 1 2 1 2 3 1 2 4 5 1 2 6 5 5 1 2 7 8 8 9 1 2 10 8 9 8 5 1 2 11 9 8 8 5 5 1 2 9 11 10 7 6 4 3 1 2 8 7 11 10 4 3 6 5 1 2 8 10 7 11 3 6 4 5 5 1 2 5 4 6 3 11 7 10 8 8 9 1 2 5 6 3 4 10 11 7 8 9 8 5
0 1 2 1 2 3 1 2 4 5 1 2 6 7 8 1 2 6 8 9 6 1 2 9 7 6 7 5 1 2 9 8 7 4 8 9 1 2 5 4 3 9 7 8 6 1 2 7 6 9 5 9 8 3 8 1 2 7 9 8 8 3 4 6 6 7 1 2 8 6 7 9 4 3 7 9 6 5 1 2 8 9 6 3 7 6 5 7 4 9 8
0 1 2 1 3 1 2 1 3 0 3 1 0 2 1 4 5 4 4 5 5 5 4 5 5 4 4 6 7 8 9 8 7 9 10 10 7 8 9 8 7 9 10 10 11 9 9 8 7 8 7 10 10 12 13 9 9 8 7 8 7 10 10 13 12 11 8 7 7 9 9 8 10 10 12 13 13 12 8 7 7 9 9 8 10 10 13 12 12 13 11
0 1 2 1 3 1 2 1 3 0 3 1 0 2 1 4 5 5 6 6 4 6 6 4 5 4 5 7 5 4 6 4 5 6 7 7 8 8 8 8 8 8 9 9 9 8 8 8 8 8 8 9 9 9 10 11 12 13 12 11 13 14 14 15 16 16 13 13 12 11 12 11 14 15 14 16 16 17 12 11 11 13 13 12 15 14 14 16 16 17 17
0 1 2 2 1 0 3 3 4 4 4 4 3 3 5 6 7 6 7 8 8 7 6 7 6 8 8 9 10 11 11 10 12 12 13 13 10 11 11 10 12 12 13 13 14 10 11 11 10 12 12 13 13 14 14 11 10 10 11 12 12 13 13 15 16 17 11 10 10 11 12 12 13 13 16 17 15 14 11 10 10 11 12 12 13 13 17 15 16 14 14
0 1 2 2 1 0 3 4 4 3 4 3 3 4 5 6 7 6 7 8 8 7 6 7 6 8 8 9 10 11 11 10 12 13 14 14 10 11 11 10 12 13 14 14 15 10 11 11 10 12 13 14 14 15 15 11 10 10 11 13 12 14 14 16 17 18 11 10 10 11 13 12 14 14 17 18 16 15 11 10 10 11 13 12 14 14 18 16 17 15 15
0 1 2 2 1 0 3 4 5 6 6 5 4 3 7 5 6 3 4 8 9 4 3 6 5 9 8 7 10 11 11 10 12 12 13 13 10 11 11 10 12 12 13 13 14 10 11 11 10 12 12 13 13 14 14 11 10 10 11 13 13 12 12 15 16 17 11 10 10 11 13 13 12 12 16 17 15 14 11 10 10 11 13 13 12 12 17 15 16 14 14
0 1 2 2 1 3 4 4 5 5 4 4 5 5 6 7 8 9 10 11 11 8 7 10 9 11 11 12 13 13 14 14 15 16 17 17 13 13 14 14 15 16 17 17 18 13 13 14 14 15 16 17 17 18 18 13 13 14 14 16 15 17 17 19 20 21 13 13 14 14 16 15 17 17 20 21 19 18 13 13 14 14 16 15 17 17 21 19 20 18 18
0 1 2 2 1 3 4 5 6 7 4 5 6 7 8 5 4 7 6 9 10 5 4 7 6 10 9 8 11 11 12 12 13 14 14 13 11 11 12 12 13 14 14 13 15 11 11 12 12 13 14 14 13 15 15 11 11 12 12 14 13 13 14 16 17 18 11 11 12 12 14 13 13 14 17 18 16 15 11 11 12 12 14 13 13 14 18 16 17 15 15
0 1 2 2 1 3 4 5 6 7 4 5 6 7 8 5 4 7 6 9 10 5 4 7 6 10 9 8 11 12 13 14 15 15 16 16 11 12 13 14 15 15 16 16 17 11 12 13 14 15 15 16 16 17 17 12 11 14 13 16 16 15 15 18 19 20 12 11 14 13 16 16 15 15 19 20 18 17 12 11 14 13 16 16 15 15 20 18 19 17 17
0 1 2 2 1 3 4 5 6 7 5 4 7 6 8 9 9 10 10 11 11 9 9 10 10 11 11 12 13 14 15 16 17 18 19 19 13 14 15 16 17 18 19 19 20 13 14 15 16 17 18 19 19 20 20 14 13 16 15 18 17 19 19 21 22 23 14 13 16 15 18 17 19 19 22 23 21 20 14 13 16 15 18 17 19 19 23 21 22 20 20
0 1 2 2 1 3 4 5 6 7 5 4 7 6 8 9 10 11 12 13 14 10 9 12 11 14 13 15 16 16 17 17 18 18 19 19 16 16 17 17 18 18 19 19 20 16 16 17 17 18 18 19 19 21 22 16 16 17 17 18 18 19 19 23 22 22 16 16 17 17 18 18 19 19 22 21 23 20 16 16 17 17 18 18 19 19 22 23 20 21 22
0 1 2 2 1 3 4 5 6 7 5 4 7 6 8 9 10 11 12 13 14 10 9 12 11 14 13 15 16 17 18 19 20 21 22 23 16 17 18 19 20 21 22 23 24 16 17 18 19 20 21 22 23 24 24 17 16 19 18 21 20 23 22 25 26 26 17 16 19 18 21 20 23 22 26 25 26 24 17 16 19 18 21 20 23 22 26 26 25 24 24
0 1 2 3 2 2 2 1 3 0 2 3 0 1 2 4 4 4 4 4 4 4 4 4 4 4 4 5 6 7 8 9 10 11 12 12 11 8 9 7 6 10 12 12 13 10 9 7 8 11 6 12 12 13 13 9 10 11 6 7 8 12 12 14 15 16 7 6 10 11 8 9 12 12 15 16 14 13 8 11 6 10 9 7 12 12 16 14 15 13 13
0 1 2 3 4 5 6 7 8 9 6 7 8 9 10 6 7 8 9 11 12 6 7 8 9 12 11 10 13 14 15 16 17 18 18 17 13 14 15 16 17 18 18 17 19 13 14 15 16 17 18 18 17 19 19 13 14 15 16 18 17 17 18 20 21 22 13 14 15 16 18 17 17 18 21 22 20 19 13 14 15 16 18 17 17 18 22 20 21 19 19
0 1 2 3 4 5 6 7 8 9 6 7 8 9 10 11 12 13 14 15 15 11 12 13 14 15 15 16 17 18 19 20 21 22 23 23 17 18 19 20 21 22 23 23 24 17 18 19 20 21 22 23 23 24 24 17 18 19 20 22 21 23 23 25 26 27 17 18 19 20 22 21 23 23 26 27 25 24 17 18 19 20 22 21 23 23 27 25 26 24 24
0 1 2 3 4 5 6 7 8 9 10 11 12 13 14 10 11 12 13 14 15 16 17 18 19 20 21 21 22 23 24 25 26 27 28 29 22 23 24 25 26 27 28 29 30 22 23 24 25 26 27 28 29 30 30 22 23 24 25 26 28 27 29 31 32 32 22 23 24 25 26 28 27 29 32 31 32 30 22 23 24 25 26 28 27 29 32 32 31 30 30
0 1 2 3 4 5 6 7 8 9 10 11 12 13 14 15 16 17 18 19 20 15 16 17 18 19 20 21 22 23 24 25 26 27 28 28 22 23 24 25 26 27 28 28 29 22 23 24 25 26 27 28 28 30 31 22 23 24 25 26 27 28 28 32 31 31 22 23 24 25 26 27 28 28 31 30 32 29 22 23 24 25 26 27 28 28 31 32 29 30 31
0 1 2 3 4 5 6 7 8 9 10 11 12 13 14 15 16 17 18 19 20 21 22 23 24 25 26 27 28 29 30 31 32 33 34 35 28 29 30 31 32 33 34 35 36 28 29 30 31 32 33 34 35 37 38 28 29 30 31 32 33 34 35 37 38 38 28 29 30 31 32 33 34 35 38 37 36 37 28 29 30 31 32 33 34 35 38 37 37 36 38
0 1 2 3 4 5 6 7 8 9 10 11 12 13 14 15 16 17 18 19 20 21 22 23 24 25 26 27 28 29 30 31 32 33 34 35 36 37 38 39 40 41 42 43 44 36 37 38 39 40 41 42 43 44 45 46 47 48 49 50 51 52 53 54 55 55 46 47 48 49 50 51 52 53 54 55 55 56 46 47 48 49 50 51 52 53 54 55 55 56 56
--- order 14 (x3) ---
0 0 1 2 2 1 2 1 2 0 1 0 2 1 0 1 2 0 0 1 2 3 4 4 5 5 6 6 6 5 4 4 6 5 3 7 6 4 5 6 4 3 5 7 8 5 6 5 4 3 4 6 8 7 9 5 5 6 3 4 6 4 8 9 7 9 4 3 6 5 6 4 5 9 8 9 7 8 4 6 3 6 5 5 4 9 9 8 8 7 7
0 1 2 3 2 4 5 4 2 6 7 4 6 2 6 8 6 4 6 2 4 9 6 6 4 4 2 2 6 8 9 5 7 1 3 0 6 9 7 8 3 5 0 1 2 4 5 8 1 9 0 7 3 2 4 4 7 3 9 0 8 1 5 4 2 6 2 1 5 0 8 3 9 7 4 6 2 6 2 3 0 7 1 9 5 8 6 4 6 2 4
0 1 2 3 4 5 6 7 8 9 10 11 12 13 14 15 16 17 18 19 20 15 16 17 18 19 20 21 15 16 17 18 19 20 21 22 15 16 17 18 19 20 23 23 22 15 16 17 18 19 20 23 22 23 21 15 16 17 18 19 20 22 21 23 22 21 15 16 17 18 19 20 22 23 21 21 22 23 24 25 26 27 28 29 30 30 30 30 30 30 30
--- order 16 (x194) ---
0 0 1 0 1 2 0 2 1 1 3 4 4 4 4 5 6 7 7 6 8 5 6 7 7 6 8 9 5 7 6 6 7 8 10 11 5 7 6 6 7 8 11 10 9 12 13 13 14 14 15 16 16 16 16 12 13 14 13 14 15 16 16 16 16 17 12 14 13 14 13 15 16 16 16 16 17 18 12 14 14 13 13 15 16 16 16 16 18 17 17
0 0 1 0 1 2 0 2 1 1 3 4 5 5 6 3 4 5 5 6 7 3 6 5 5 4 8 8 3 6 5 5 4 8 8 7 3 5 4 6 5 9 10 9 10 3 5 4 6 5 10 9 10 9 7 3 5 6 4 5 9 10 10 9 8 8 3 5 6 4 5 10 9 9 10 8 8 7 11 12 12 12 12 13 13 13 13 13 13 13 13
0 0 1 0 1 2 0 2 1 1 3 4 5 6 7 3 7 6 5 4 8 3 5 7 4 6 9 9 3 6 4 7 5 9 9 8 10 11 12 12 11 13 13 14 14 10 11 12 12 11 13 13 14 14 15 10 12 11 11 12 14 14 13 13 16 16 10 12 11 11 12 14 14 13 13 16 16 15 17 18 18 18 18 19 19 19 19 20 20 20 20
0 0 1 0 2 2 0 2 2 1 3 4 4 4 4 3 4 4 4 4 5 6 7 7 7 7 8 8 9 10 11 10 11 12 12 13 9 10 11 11 10 12 12 13 14 9 11 10 10 11 12 12 13 14 15 9 11 10 11 10 12 12 13 15 14 14 16 17 17 17 17 18 19 20 21 21 21 21 16 17 17 17 17 19 18 20 21 21 21 21 22
0 0 1 0 2 2 0 2 2 1 3 4 4 4 4 3 4 4 4 4 5 6 7 7 7 7 8 8 9 10 11 12 12 13 13 14 9 12 12 10 11 13 13 14 15 9 12 12 11 10 13 13 14 15 16 9 11 10 12 12 13 13 14 16 15 15 17 18 18 18 18 19 20 21 22 22 22 22 17 18 18 18 18 20 19 21 22 22 22 22 23
0 0 1 0 2 2 0 2 2 1 3 4 4 4 4 5 6 6 6 6 7 5 6 6 6 6 7 8 5 6 6 6 6 7 9 10 5 6 6 6 6 7 10 9 8 11 12 13 14 15 16 17 17 17 17 11 14 15 13 12 16 17 17 17 17 18 11 15 14 12 13 16 17 17 17 17 18 19 11 13 12 15 14 16 17 17 17 17 19 18 18
0 0 1 0 2 2 0 2 2 1 3 4 4 4 4 5 6 6 6 6 7 5 6 6 6 6 7 8 9 10 11 12 13 14 15 15 9 12 13 11 10 14 15 15 16 9 13 12 10 11 14 15 15 16 17 9 11 10 13 12 14 15 15 17 16 16 18 19 19 19 19 20 21 21 22 22 22 22 18 19 19 19 19 20 21 21 22 22 22 22 23
0 0 1 0 2 2 0 2 2 1 3 4 4 4 4 5 6 6 6 6 7 8 9 9 9 9 10 11 12 13 14 13 14 15 16 17 12 13 14 14 13 15 16 17 18 12 14 13 13 14 15 16 17 18 19 12 14 13 14 13 15 16 17 19 18 18 20 21 21 21 21 22 23 24 25 25 25 25 20 21 21 21 21 22 23 24 25 25 25 25 26
0 0 1 0 2 2 0 2 2 1 3 4 4 4 4 5 6 6 6 6 7 8 9 9 9 9 10 11 12 13 14 15 15 16 17 18 12 15 15 13 14 16 17 18 19 12 15 15 14 13 16 17 18 19 20 12 14 13 15 15 16 17 18 20 19 19 21 22 22 22 22 23 24 25 26 26 26 26 21 22 22 22 22 23 24 25 26 26 26 26 27
0 0 1 0 2 2 0 2 2 1 3 4 4 4 4 5 6 6 7 7 8 5 7 7 6 6 8 9 10 11 12 11 12 13 14 14 10 11 12 12 11 13 14 14 15 10 12 11 11 12 13 14 14 15 16 10 12 11 12 11 13 14 14 16 15 15 17 18 18 18 18 19 20 20 21 21 21 21 17 18 18 18 18 19 20 20 21 21 21 21 22
0 0 1 0 2 2 0 2 2 1 3 4 4 5 5 3 4 4 5 5 6 3 5 5 4 4 7 8 3 5 5 4 4 8 7 6 9 10 11 12 12 13 13 14 14 9 12 12 10 11 14 14 13 13 15 9 12 12 11 10 14 14 13 13 15 16 9 11 10 12 12 13 13 14 14 16 15 15 17 18 18 18 18 19 19 19 19 20 20 20 20
0 0 1 0 2 2 0 2 2 1 3 4 4 5 5 3 5 5 4 4 6 7 8 8 8 8 9 9 10 11 12 13 13 14 15 16 10 13 13 11 12 15 14 16 17 10 13 13 12 11 15 14 16 17 18 10 12 11 13 13 14 15 16 18 17 17 19 20 20 20 20 21 21 22 23 23 23 23 19 20 20 20 20 21 21 22 23 23 23 23 24
0 0 1 0 2 2 0 2 2 1 3 4 5 4 5 3 4 5 4 5 6 3 4 5 5 4 7 8 3 4 5 5 4 8 7 6 3 5 4 4 5 7 8 9 9 3 5 4 4 5 8 7 9 9 6 3 5 4 5 4 9 9 7 8 8 7 3 5 4 5 4 9 9 8 7 7 8 6 10 11 11 11 11 12 12 12 12 12 12 12 12
0 0 1 0 2 2 0 2 2 1 3 4 5 4 5 3 4 5 4 5 6 3 4 5 5 4 7 8 3 4 5 5 4 8 7 6 3 5 4 4 5 7 8 9 10 3 5 4 4 5 8 7 10 9 6 3 5 4 5 4 10 9 8 7 8 7 3 5 4 5 4 9 10 7 8 7 8 6 11 12 12 12 12 13 13 13 13 13 13 13 13
0 0 1 0 2 2 0 2 2 1 3 4 5 6 6 3 4 5 6 6 7 3 6 6 4 5 8 9 3 6 6 4 5 9 8 7 3 6 6 5 4 8 9 10 11 3 6 6 5 4 9 8 11 10 7 3 5 4 6 6 11 10 9 8 9 8 3 5 4 6 6 10 11 8 9 8 9 7 12 13 13 13 13 14 14 14 14 14 14 14 14
0 0 1 0 2 2 0 2 2 1 3 4 5 6 7 3 4 5 6 7 8 3 6 7 5 4 9 9 3 6 7 5 4 9 9 8 3 7 6 4 5 9 9 10 11 3 7 6 4 5 9 9 11 10 8 3 5 4 7 6 10 11 9 9 9 9 3 5 4 7 6 11 10 9 9 9 9 8 12 13 13 13 13 14 14 14 14 14 14 14 14
0 0 1 0 2 3 0 3 2 1 4 5 5 5 5 4 5 5 5 5 6 7 8 8 8 8 9 9 10 11 12 12 11 13 13 14 10 11 12 12 11 13 13 14 15 10 12 11 11 12 13 13 14 16 17 10 12 11 11 12 13 13 14 17 16 15 18 19 19 19 19 20 21 22 23 23 23 23 18 19 19 19 19 21 20 22 23 23 23 23 24
0 0 1 0 2 3 0 3 2 1 4 5 5 5 5 6 7 7 7 7 8 6 7 7 7 7 8 9 10 11 12 13 14 15 16 16 10 14 13 12 11 15 16 16 17 10 13 14 11 12 15 16 16 18 19 10 12 11 14 13 15 16 16 19 18 17 20 21 21 21 21 22 23 23 24 24 24 24 20 21 21 21 21 22 23 23 24 24 24 24 25
0 0 1 0 2 3 0 3 2 1 4 5 5 5 5 6 7 7 7 7 8 9 10 10 10 10 11 12 13 14 14 14 14 15 16 17 18 19 20 20 19 21 22 23 24 18 19 20 20 19 21 22 23 24 25 18 20 19 19 20 21 22 23 24 26 26 18 20 19 19 20 21 22 23 24 26 26 25 27 28 28 28 28 29 30 31 32 33 33 33 33
0 0 1 0 2 3 0 3 2 1 4 5 5 5 5 6 7 7 7 7 8 9 10 10 10 10 11 12 13 14 15 14 15 16 17 18 13 14 15 14 15 16 17 18 19 13 15 14 15 14 16 17 18 20 20 13 15 14 15 14 16 17 18 20 20 19 21 22 23 23 22 24 25 26 27 27 27 27 21 23 22 22 23 24 25 26 27 27 27 27 28
0 0 1 0 2 3 0 3 2 1 4 5 5 5 5 6 7 7 7 7 8 9 10 10 10 10 11 12 13 14 15 15 14 16 17 18 13 14 15 15 14 16 17 18 19 13 15 14 14 15 16 17 18 20 21 13 15 14 14 15 16 17 18 21 20 19 22 23 23 23 23 24 25 26 27 27 27 27 22 23 23 23 23 24 25 26 27 27 27 27 28
0 0 1 0 2 3 0 3 2 1 4 5 5 5 5 6 7 7 8 8 9 6 8 8 7 7 9 10 11 12 13 12 13 14 15 15 11 12 13 12 13 14 15 15 16 11 13 12 13 12 14 15 15 17 17 11 13 12 13 12 14 15 15 17 17 16 18 19 20 20 19 21 22 22 23 23 23 23 18 20 19 19 20 21 22 22 23 23 23 23 24
0 0 1 0 2 3 0 3 2 1 4 5 5 5 5 6 7 8 7 8 9 6 8 7 8 7 9 10 11 12 13 13 12 14 15 15 11 12 13 13 12 14 15 15 16 11 13 12 12 13 14 15 15 17 18 11 13 12 12 13 14 15 15 18 17 16 19 20 20 20 20 21 22 22 23 23 23 23 19 20 20 20 20 21 22 22 23 23 23 23 24
0 0 1 0 2 3 0 3 2 1 4 5 5 5 5 6 7 8 8 7 9 6 7 8 8 7 9 10 6 8 7 7 8 9 11 12 6 8 7 7 8 9 12 11 10 13 14 15 14 15 16 17 17 17 17 13 14 15 14 15 16 17 17 17 17 18 13 15 14 15 14 16 17 17 17 17 19 20 13 15 14 15 14 16 17 17 17 17 20 19 18
0 0 1 0 2 3 0 3 2 1 4 5 5 5 5 6 7 8 9 10 11 6 10 9 8 7 11 12 6 9 10 7 8 11 13 14 6 8 7 10 9 11 14 13 12 15 16 16 16 16 17 18 18 18 18 15 16 16 16 16 17 18 18 18 18 19 15 16 16 16 16 17 18 18 18 18 20 21 15 16 16 16 16 17 18 18 18 18 21 20 19
0 0 1 0 2 3 0 3 2 1 4 5 6 5 6 4 6 5 6 5 7 8 9 9 9 9 10 10 11 12 13 12 13 14 15 16 11 12 13 12 13 14 15 16 17 11 13 12 13 12 15 14 16 18 18 11 13 12 13 12 15 14 16 18 18 17 19 20 21 21 20 22 22 23 24 24 24 24 19 21 20 20 21 22 22 23 24 24 24 24 25
0 0 1 0 2 3 0 3 2 1 4 5 6 6 5 4 5 6 6 5 7 4 5 6 6 5 8 8 4 5 6 6 5 8 8 7 4 6 5 5 6 9 10 11 12 4 6 5 5 6 11 12 10 9 8 4 6 5 5 6 12 11 9 10 8 7 4 6 5 5 6 10 9 12 11 7 8 8 13 14 14 14 14 15 15 15 15 15 15 15 15
0 0 1 0 2 3 0 3 2 1 4 5 6 6 5 4 5 6 6 5 7 4 5 6 6 5 8 9 4 5 6 6 5 9 8 7 4 6 5 5 6 10 11 11 12 4 6 5 5 6 12 11 11 10 9 4 6 5 5 6 11 10 12 11 8 7 4 6 5 5 6 11 12 10 11 7 8 9 13 14 14 14 14 15 15 15 15 15 15 15 15
0 0 1 0 2 3 0 3 2 1 4 5 6 6 5 4 5 6 6 5 7 4 5 6 6 5 8 9 4 5 6 6 5 9 8 7 4 6 5 5 6 10 11 12 13 4 6 5 5 6 13 12 11 10 9 4 6 5 5 6 12 13 10 11 8 7 4 6 5 5 6 11 10 13 12 7 8 9 14 15 15 15 15 16 16 16 16 16 16 16 16
0 0 1 0 2 3 0 3 2 1 4 5 6 6 5 4 5 6 6 5 7 4 6 5 5 6 8 9 4 6 5 5 6 9 8 7 10 11 12 12 11 13 13 14 14 10 11 12 12 11 13 13 14 14 15 10 12 11 11 12 14 14 13 13 16 17 10 12 11 11 12 14 14 13 13 17 16 15 18 19 19 19 19 20 20 20 20 21 21 21 21
0 0 1 0 2 3 0 3 2 1 4 5 6 6 5 4 6 5 5 6 7 8 9 9 9 9 10 10 11 12 13 12 13 14 14 15 11 12 13 12 13 14 14 15 16 11 13 12 13 12 14 14 15 17 17 11 13 12 13 12 14 14 15 17 17 16 18 19 20 20 19 21 22 23 24 24 24 24 18 20 19 19 20 22 21 23 24 24 24 24 25
0 0 1 0 2 3 0 3 2 1 4 5 6 7 8 4 5 6 7 8 9 4 8 7 6 5 10 10 4 8 7 6 5 10 10 9 4 7 8 5 6 11 12 13 13 4 7 8 5 6 12 11 13 13 9 4 6 5 8 7 13 13 11 12 10 10 4 6 5 8 7 13 13 12 11 10 10 9 14 15 15 15 15 16 16 16 16 16 16 16 16
0 0 1 0 2 3 0 3 2 1 4 5 6 7 8 4 8 7 6 5 9 4 7 8 5 6 10 11 4 6 5 8 7 11 10 9 12 13 14 14 13 15 15 16 16 12 13 14 14 13 15 15 16 16 17 12 14 13 13 14 16 16 15 15 18 18 12 14 13 13 14 16 16 15 15 18 18 17 19 20 20 20 20 21 21 21 21 22 22 22 22
0 0 1 1 0 0 2 2 2 2 2 2 2 2 3 4 4 4 4 5 6 4 4 4 4 6 5 7 8 8 9 9 10 10 11 11 8 9 8 9 10 10 11 11 12 9 8 9 8 10 10 11 11 12 13 9 9 8 8 10 10 11 11 13 12 12 14 15 15 14 16 16 17 17 18 18 18 18 15 14 14 15 16 16 17 17 18 18 18 18 19
0 0 1 1 0 0 2 2 2 2 2 2 2 2 3 4 5 5 4 6 7 4 5 5 4 7 6 8 5 4 4 5 6 7 9 10 5 4 4 5 7 6 10 9 8 11 11 12 12 13 13 14 14 14 14 11 12 11 12 13 13 14 14 14 14 15 12 11 12 11 13 13 14 14 14 14 15 16 12 12 11 11 13 13 14 14 14 14 16 15 15
0 0 1 1 0 0 2 2 3 3 2 2 3 3 4 2 3 2 3 5 6 2 3 2 3 6 5 4 3 2 3 2 5 6 7 7 3 2 3 2 6 5 7 7 4 3 3 2 2 7 7 5 6 6 5 3 3 2 2 7 7 6 5 5 6 4 8 9 9 8 10 10 10 10 10 10 10 10 9 8 8 9 10 10 10 10 10 10 10 10 11
0 0 1 1 0 0 2 2 3 3 2 2 3 3 4 2 3 2 3 5 6 2 3 2 3 6 5 4 3 2 3 2 5 6 7 8 3 2 3 2 6 5 8 7 4 3 3 2 2 8 7 6 5 6 5 3 3 2 2 7 8 5 6 5 6 4 9 10 10 9 11 11 11 11 11 11 11 11 10 9 9 10 11 11 11 11 11 11 11 11 12
0 0 1 1 0 0 2 3 3 2 3 2 2 3 4 5 6 6 5 7 8 5 6 6 5 7 8 9 6 5 5 6 8 7 10 11 6 5 5 6 8 7 11 10 9 12 12 13 13 14 14 15 15 15 15 12 13 12 13 14 14 15 15 15 15 16 13 12 13 12 14 14 15 15 15 15 16 17 13 13 12 12 14 14 15 15 15 15 17 16 16
0 0 1 1 0 0 2 3 3 2 3 2 2 3 4 5 6 7 8 9 10 8 7 6 5 9 10 11 6 8 5 7 10 9 12 12 7 5 8 6 10 9 12 12 11 13 14 14 13 15 16 17 17 18 18 13 14 14 13 15 16 17 17 18 18 19 14 13 13 14 16 15 18 18 17 17 20 20 14 13 13 14 16 15 18 18 17 17 20 20 19
0 0 1 1 0 0 2 3 4 5 2 3 4 5 6 5 4 3 2 7 7 5 4 3 2 7 7 6 3 5 2 4 8 9 8 9 3 5 2 4 9 8 9 8 6 4 2 5 3 8 9 9 8 7 7 4 2 5 3 9 8 8 9 7 7 6 10 10 10 10 11 11 11 11 11 11 11 11 10 10 10 10 11 11 11 11 11 11 11 11 12
0 0 1 2 1 3 2 3 1 1 1 0 2 0 2 1 2 0 2 0 3 3 2 2 0 0 1 1 4 4 5 5 4 5 5 4 4 5 4 4 5 5 5 4 6 5 4 5 5 4 4 4 5 6 7 5 5 4 4 5 4 4 5 7 6 6 8 9 9 9 9 8 8 8 10 10 10 10 9 8 8 8 8 9 9 9 10 10 10 10 11
0 0 1 2 3 3 2 3 3 4 5 6 6 7 7 8 9 9 10 10 11 8 9 9 10 10 11 12 13 14 15 16 17 18 19 19 13 14 15 17 16 18 19 19 20 13 15 14 16 17 18 19 19 21 22 13 15 14 17 16 18 19 19 22 21 20 23 24 24 25 25 26 27 27 28 28 28 28 23 24 24 25 25 26 27 27 28 28 28 28 29
0 0 1 2 3 3 2 3 3 4 5 6 6 7 7 8 9 9 10 10 11 12 13 13 14 14 15 16 17 18 19 20 20 21 22 23 17 18 19 20 20 21 22 23 24 17 19 18 20 20 21 22 23 25 25 17 19 18 20 20 21 22 23 25 25 24 26 27 27 28 29 30 31 32 33 33 33 33 26 27 27 29 28 30 31 32 33 33 33 33 34
0 0 1 2 3 3 2 3 3 4 5 6 6 7 7 8 9 9 10 11 12 8 9 9 10 11 12 13 8 9 9 11 10 12 14 15 8 9 9 11 10 12 15 14 13 16 17 18 19 19 20 21 21 21 21 16 17 18 19 19 20 21 21 21 21 22 16 18 17 19 19 20 21 21 21 21 23 24 16 18 17 19 19 20 21 21 21 21 24 23 22
0 0 1 2 3 3 2 3 3 4 5 6 6 7 7 8 9 9 10 11 12 8 9 9 11 10 12 13 14 15 15 16 16 17 18 18 14 15 15 16 16 17 18 18 19 14 15 15 16 16 17 18 18 20 21 14 15 15 16 16 17 18 18 21 20 19 22 23 24 25 25 26 27 27 28 28 28 28 22 24 23 25 25 26 27 27 28 28 28 28 29
0 0 1 2 3 3 2 3 3 4 5 6 6 7 7 8 9 9 10 11 12 8 9 9 11 10 12 13 14 15 16 17 17 18 19 19 14 15 16 17 17 18 19 19 20 14 16 15 17 17 18 19 19 21 22 14 16 15 17 17 18 19 19 22 21 20 23 24 24 25 25 26 27 27 28 28 28 28 23 24 24 25 25 26 27 27 28 28 28 28 29
0 0 1 2 3 3 2 3 3 4 5 6 6 7 7 8 9 9 10 11 12 8 9 9 11 10 12 13 14 15 16 17 17 18 19 19 14 16 15 17 17 18 19 19 20 21 22 22 23 23 24 25 25 26 26 21 22 22 23 23 24 25 25 26 26 27 28 29 29 30 30 31 32 32 33 33 34 34 28 29 29 30 30 31 32 32 33 33 34 34 35
0 0 1 2 3 3 2 3 3 4 5 6 6 7 7 8 9 10 11 12 13 8 9 10 12 11 13 14 8 10 9 11 12 13 15 16 8 10 9 12 11 13 16 15 14 17 18 18 19 19 20 21 21 21 21 17 18 18 19 19 20 21 21 21 21 22 17 18 18 19 19 20 21 21 21 21 23 24 17 18 18 19 19 20 21 21 21 21 24 23 22
0 0 1 2 3 3 2 3 3 4 5 6 6 7 8 5 6 6 8 7 9 10 11 11 12 12 13 13 14 15 16 17 17 18 18 19 14 15 16 17 17 18 18 19 20 14 16 15 17 17 18 18 19 21 21 14 16 15 17 17 18 18 19 21 21 20 22 23 23 24 25 26 27 28 29 29 29 29 22 23 23 25 24 27 26 28 29 29 29 29 30
0 0 1 2 3 3 2 3 3 4 5 6 7 8 9 5 6 7 8 9 10 5 6 7 9 8 11 11 5 6 7 9 8 11 11 10 5 7 6 8 9 12 12 13 14 5 7 6 8 9 12 12 14 13 10 5 7 6 9 8 13 14 12 12 11 11 5 7 6 9 8 14 13 12 12 11 11 10 15 16 16 17 17 18 18 18 18 18 18 18 18
0 0 1 2 3 3 2 3 3 4 5 6 7 8 9 5 6 7 8 9 10 5 6 7 9 8 11 12 5 6 7 9 8 12 11 10 5 7 6 8 9 13 13 14 14 5 7 6 8 9 13 13 14 14 10 5 7 6 9 8 14 14 13 13 11 12 5 7 6 9 8 14 14 13 13 12 11 10 15 16 16 17 17 18 18 18 18 18 18 18 18
0 0 1 2 3 3 4 5 5 6 4 5 5 6 7 4 5 5 6 8 9 4 5 5 6 10 9 11 4 5 5 6 12 11 9 9 4 5 5 6 11 12 10 8 7 4 5 5 6 9 8 12 7 10 9 4 5 5 6 9 10 7 12 8 9 11 13 14 15 16 17 17 17 17 17 17 17 17 13 15 14 16 17 17 17 17 17 17 17 17 18
0 0 1 2 3 3 4 5 5 6 4 5 5 6 7 4 5 5 6 8 9 4 5 5 6 10 11 12 4 5 5 6 13 12 11 9 4 5 5 6 12 13 10 8 7 4 5 5 6 11 10 13 7 8 9 4 5 5 6 9 8 7 13 10 11 12 14 15 16 17 18 18 18 18 18 18 18 18 14 16 15 17 18 18 18 18 18 18 18 18 19
0 0 1 2 3 3 4 5 5 6 7 8 8 9 10 11 12 12 13 14 15 11 12 12 13 14 15 16 17 18 19 20 21 22 23 23 17 18 19 20 21 22 23 23 24 17 19 18 20 21 22 23 23 25 26 17 19 18 20 21 22 23 23 26 25 24 27 28 28 29 30 31 32 32 33 33 33 33 27 28 28 29 30 31 32 32 33 33 33 33 34
0 0 1 2 3 3 4 5 5 6 7 8 8 9 10 11 12 12 13 14 15 16 17 17 18 19 20 21 22 23 23 24 25 26 27 28 22 23 23 24 25 26 27 28 29 22 23 23 24 25 26 27 28 30 30 22 23 23 24 25 26 27 28 30 30 29 31 32 33 34 35 36 37 38 39 39 39 39 31 33 32 34 35 36 37 38 39 39 39 39 40
0 0 1 2 3 3 4 5 5 6 7 8 8 9 10 11 12 12 13 14 15 16 17 17 18 19 20 21 22 23 24 25 26 27 28 29 22 23 24 25 26 27 28 29 30 22 24 23 25 26 27 28 29 31 31 22 24 23 25 26 27 28 29 31 31 30 32 33 33 34 35 36 37 38 39 39 39 39 32 33 33 34 35 36 37 38 39 39 39 39 40
0 0 1 2 3 3 4 5 5 6 7 8 8 9 10 11 12 13 14 15 16 11 12 13 14 15 16 17 11 13 12 14 15 16 18 19 11 13 12 14 15 16 19 18 17 20 21 21 22 23 24 25 25 25 25 20 21 21 22 23 24 25 25 25 25 26 20 21 21 22 23 24 25 25 25 25 27 28 20 21 21 22 23 24 25 25 25 25 28 27 26
0 0 1 2 3 3 4 5 5 6 7 8 8 9 10 11 12 13 14 15 16 11 13 12 14 15 16 17 18 19 19 20 21 22 23 23 18 19 19 20 21 22 23 23 24 18 19 19 20 21 22 23 23 25 26 18 19 19 20 21 22 23 23 26 25 24 27 28 28 29 30 31 32 32 33 33 33 33 27 28 28 29 30 31 32 32 33 33 33 33 34
0 0 1 2 3 3 4 5 5 6 7 8 8 9 10 11 12 13 14 15 16 11 13 12 14 15 16 17 18 19 19 20 21 22 23 23 18 19 19 20 21 22 23 23 24 25 26 26 27 28 29 30 30 31 31 25 26 26 27 28 29 30 30 31 31 32 33 34 34 35 36 37 38 38 39 39 40 40 33 34 34 35 36 37 38 38 39 39 40 40 41
0 0 1 2 3 3 4 5 5 6 7 8 9 10 11 7 8 9 10 11 12 7 8 9 10 11 13 13 7 8 9 10 11 13 13 12 7 9 8 10 11 14 15 14 15 7 9 8 10 11 14 15 15 14 13 7 9 8 10 11 15 14 14 15 13 12 7 9 8 10 11 15 14 15 14 12 13 13 16 17 17 18 19 20 20 20 20 20 20 20 20
0 0 1 2 3 3 4 5 5 6 7 8 9 10 11 7 8 9 10 11 12 7 8 9 10 11 13 13 7 8 9 10 11 13 13 12 7 9 8 10 11 14 15 16 16 7 9 8 10 11 16 16 14 15 13 7 9 8 10 11 16 16 15 14 13 12 7 9 8 10 11 15 14 16 16 12 13 13 17 18 18 19 20 21 21 21 21 21 21 21 21
0 0 1 2 3 3 4 5 5 6 7 8 9 10 11 7 8 9 10 11 12 7 8 9 10 11 13 14 7 8 9 10 11 14 13 12 7 9 8 10 11 15 16 16 15 7 9 8 10 11 15 16 16 15 14 7 9 8 10 11 16 15 15 16 12 13 7 9 8 10 11 16 15 15 16 13 12 14 17 18 18 19 20 21 21 21 21 21 21 21 21
0 0 1 2 3 3 4 5 6 7 4 5 6 7 8 4 5 6 7 9 9 4 5 6 7 9 9 8 4 6 5 7 10 11 12 13 4 6 5 7 12 13 11 10 9 4 6 5 7 13 12 10 11 9 8 4 6 5 7 11 10 13 12 8 9 9 14 15 15 16 17 17 17 17 17 17 17 17 14 15 15 16 17 17 17 17 17 17 17 17 18
0 0 1 2 3 3 4 5 6 7 4 5 6 7 8 4 5 6 7 9 10 4 5 6 7 10 9 8 4 6 5 7 11 12 12 13 4 6 5 7 13 12 12 11 10 4 6 5 7 12 11 13 12 9 8 4 6 5 7 12 13 11 12 8 9 10 14 15 15 16 17 17 17 17 17 17 17 17 14 15 15 16 17 17 17 17 17 17 17 17 18
0 0 1 2 3 3 4 5 6 7 4 5 6 7 8 4 5 6 7 9 10 4 5 6 7 10 9 8 4 6 5 7 11 12 13 14 4 6 5 7 14 13 12 11 10 4 6 5 7 13 14 11 12 9 8 4 6 5 7 12 11 14 13 8 9 10 15 16 16 17 18 18 18 18 18 18 18 18 15 16 16 17 18 18 18 18 18 18 18 18 19
0 0 1 2 3 4 2 3 4 5 2 4 3 6 7 2 4 3 7 6 5 8 9 9 10 10 10 10 11 12 12 13 13 13 13 14 15 16 17 18 18 19 19 20 21 15 16 17 18 18 19 19 20 21 22 15 17 16 19 19 18 18 20 21 23 23 15 17 16 19 19 18 18 20 21 23 23 22 24 25 25 26 26 26 26 27 28 29 29 29 29
0 0 1 2 3 4 2 3 4 5 2 4 3 6 7 2 4 3 7 6 5 8 9 9 10 10 10 10 11 12 13 14 14 15 15 16 11 12 13 14 14 15 15 16 17 11 13 12 15 15 14 14 16 18 19 11 13 12 15 15 14 14 16 19 18 17 20 21 21 22 22 22 22 23 24 24 24 24 20 21 21 22 22 22 22 23 24 24 24 24 25
0 0 1 2 3 4 2 4 3 1 3 2 2 0 0 1 0 0 2 2 4 4 2 2 0 0 1 3 5 5 6 6 5 6 6 5 5 6 5 5 6 6 6 5 7 6 5 6 6 5 5 5 6 7 8 6 6 5 5 6 5 5 6 8 7 7 9 10 10 10 10 9 9 9 11 11 11 11 10 9 9 9 9 10 10 10 11 11 11 11 12
0 0 1 2 3 4 2 4 3 5 6 7 7 8 8 6 7 7 8 8 9 10 11 11 12 12 13 13 14 15 16 17 18 19 19 20 14 15 16 17 18 19 19 20 21 14 16 15 18 17 19 19 20 22 22 14 16 15 18 17 19 19 20 22 22 21 23 24 24 25 25 26 27 28 29 29 29 29 23 24 24 25 25 27 26 28 29 29 29 29 30
0 0 1 2 3 4 2 4 3 5 6 7 7 8 8 9 10 10 11 11 12 9 10 10 11 11 12 13 14 15 16 17 18 19 20 20 14 15 16 17 18 19 20 20 21 14 16 15 18 17 19 20 20 22 23 14 16 15 18 17 19 20 20 23 22 21 24 25 25 26 26 27 28 28 29 29 29 29 24 25 25 26 26 27 28 28 29 29 29 29 30
0 0 1 2 3 4 2 4 3 5 6 7 7 8 8 9 10 10 11 11 12 13 14 14 15 15 16 17 18 19 19 20 20 21 22 23 18 19 19 20 20 21 22 23 24 18 19 19 20 20 21 22 23 25 25 18 19 19 20 20 21 22 23 25 25 24 26 27 28 29 30 31 32 33 34 34 34 34 26 28 27 30 29 31 32 33 34 34 34 34 35
0 0 1 2 3 4 2 4 3 5 6 7 7 8 8 9 10 10 11 11 12 13 14 14 15 15 16 17 18 19 20 21 22 23 24 25 18 19 20 21 22 23 24 25 26 18 20 19 22 21 23 24 25 27 27 18 20 19 22 21 23 24 25 27 27 26 28 29 29 30 30 31 32 33 34 34 34 34 28 29 29 30 30 31 32 33 34 34 34 34 35
0 0 1 2 3 4 2 4 3 5 6 7 7 8 8 9 10 11 12 13 14 9 10 11 12 13 14 15 9 11 10 13 12 14 16 17 9 11 10 13 12 14 17 16 15 18 19 19 20 20 21 22 22 22 22 18 19 19 20 20 21 22 22 22 22 23 18 19 19 20 20 21 22 22 22 22 24 25 18 19 19 20 20 21 22 22 22 22 25 24 23
0 0 1 2 3 4 2 4 3 5 6 7 7 8 8 9 10 11 12 13 14 9 11 10 13 12 14 15 16 17 17 18 18 19 20 20 16 17 17 18 18 19 20 20 21 16 17 17 18 18 19 20 20 22 23 16 17 17 18 18 19 20 20 23 22 21 24 25 25 26 26 27 28 28 29 29 29 29 24 25 25 26 26 27 28 28 29 29 29 29 30
0 0 1 2 3 4 2 4 3 5 6 7 7 8 8 9 10 11 12 13 14 9 11 10 13 12 14 15 16 17 17 18 18 19 20 20 16 17 17 18 18 19 20 20 21 22 23 23 24 24 25 26 26 27 27 22 23 23 24 24 25 26 26 27 27 28 29 30 30 31 31 32 33 33 34 34 35 35 29 30 30 31 31 32 33 33 34 34 35 35 36
0 0 1 2 3 4 2 4 3 5 6 7 8 9 10 6 7 8 9 10 11 6 7 8 9 10 12 12 6 7 8 9 10 12 12 11 6 8 7 10 9 13 14 13 14 6 8 7 10 9 13 14 14 13 12 6 8 7 10 9 14 13 13 14 12 11 6 8 7 10 9 14 13 14 13 11 12 12 15 16 16 17 17 18 18 18 18 18 18 18 18
0 0 1 2 3 4 2 4 3 5 6 7 8 9 10 6 7 8 9 10 11 6 7 8 9 10 12 12 6 7 8 9 10 12 12 11 6 8 7 10 9 13 14 15 15 6 8 7 10 9 15 15 13 14 12 6 8 7 10 9 15 15 14 13 12 11 6 8 7 10 9 14 13 15 15 11 12 12 16 17 17 18 18 19 19 19 19 19 19 19 19
0 0 1 2 3 4 2 4 3 5 6 7 8 9 10 6 7 8 9 10 11 6 7 8 9 10 12 13 6 7 8 9 10 13 12 11 6 8 7 10 9 14 15 15 14 6 8 7 10 9 14 15 15 14 13 6 8 7 10 9 15 14 14 15 11 12 6 8 7 10 9 15 14 14 15 12 11 13 16 17 17 18 18 19 19 19 19 19 19 19 19
0 0 1 2 3 4 2 4 3 5 6 7 8 9 10 6 7 8 9 10 11 6 8 7 10 9 12 13 6 8 7 10 9 13 12 11 14 15 16 17 18 19 19 20 20 14 15 16 17 18 19 19 20 20 21 14 16 15 18 17 20 20 19 19 22 22 14 16 15 18 17 20 20 19 19 22 22 21 23 24 24 25 25 26 26 26 26 27 27 27 27
0 0 1 2 3 4 2 4 3 5 6 7 8 9 10 6 8 7 10 9 11 12 13 13 14 14 15 15 16 17 17 18 18 19 19 20 16 17 17 18 18 19 19 20 21 16 17 17 18 18 19 19 20 22 22 16 17 17 18 18 19 19 20 22 22 21 23 24 25 26 27 28 29 30 31 31 31 31 23 25 24 27 26 29 28 30 31 31 31 31 32
0 0 1 2 3 4 2 4 3 5 6 7 8 9 10 6 8 7 10 9 11 12 13 13 14 14 15 15 16 17 18 19 20 21 22 23 16 17 18 19 20 21 22 23 24 16 18 17 20 19 22 21 23 25 25 16 18 17 20 19 22 21 23 25 25 24 26 27 27 28 28 29 29 30 31 31 31 31 26 27 27 28 28 29 29 30 31 31 31 31 32
0 1 1 1 1 0 2 2 2 2 2 2 2 2 3 4 4 4 4 5 6 4 4 4 4 5 6 7 4 4 4 4 6 5 8 9 4 4 4 4 6 5 9 8 7 10 11 12 13 14 14 15 15 15 15 12 13 11 10 14 14 15 15 15 15 16 13 12 10 11 14 14 15 15 15 15 16 17 11 10 13 12 14 14 15 15 15 15 17 16 16
0 1 1 1 1 0 2 2 2 2 2 2 2 2 3 4 4 4 4 5 6 4 4 4 4 6 5 7 8 9 8 9 10 10 11 11 8 9 9 8 10 10 11 11 12 9 8 8 9 10 10 11 11 12 13 9 8 9 8 10 10 11 11 13 12 12 14 14 14 14 15 16 17 18 19 19 19 19 14 14 14 14 16 15 18 17 19 19 19 19 20
0 1 1 1 1 0 2 2 2 2 2 2 2 2 3 4 4 4 4 5 6 4 4 4 4 6 5 7 8 9 10 10 11 11 12 12 10 10 8 9 11 11 12 12 13 10 10 9 8 11 11 12 12 13 14 9 8 10 10 11 11 12 12 14 13 13 15 15 15 15 16 17 18 19 20 20 20 20 15 15 15 15 17 16 19 18 20 20 20 20 21
0 1 1 1 1 0 2 2 2 2 2 2 2 2 3 4 4 4 4 5 6 4 4 4 4 6 5 7 8 9 10 11 12 12 13 13 10 11 9 8 12 12 13 13 14 11 10 8 9 12 12 13 13 14 15 9 8 11 10 12 12 13 13 15 14 14 16 16 16 16 17 17 18 18 19 19 19 19 16 16 16 16 17 17 18 18 19 19 19 19 20
0 1 1 1 1 0 2 2 3 3 2 2 3 3 4 3 3 2 2 5 6 3 3 2 2 6 5 4 7 8 9 9 10 10 11 11 9 9 7 8 11 11 10 10 12 9 9 8 7 11 11 10 10 12 13 8 7 9 9 10 10 11 11 13 12 12 14 14 14 14 15 16 16 15 17 17 17 17 14 14 14 14 16 15 15 16 17 17 17 17 18
0 1 1 1 1 0 2 2 3 3 2 2 3 3 4 3 3 2 2 5 6 3 3 2 2 6 5 4 7 8 9 10 11 11 12 12 9 10 8 7 12 12 11 11 13 10 9 7 8 12 12 11 11 13 14 8 7 10 9 11 11 12 12 14 13 13 15 15 15 15 16 16 16 16 17 17 17 17 15 15 15 15 16 16 16 16 17 17 17 17 18
0 1 1 1 1 0 2 2 3 3 3 3 2 2 4 5 5 5 5 6 6 5 5 5 5 6 6 7 5 5 5 5 6 6 8 9 5 5 5 5 6 6 9 8 7 10 11 12 13 14 15 16 16 16 16 12 13 11 10 15 14 16 16 16 16 17 13 12 10 11 15 14 16 16 16 16 17 18 11 10 13 12 14 15 16 16 16 16 18 17 17
0 1 1 1 1 0 2 2 3 3 3 3 2 2 4 5 5 5 5 6 6 5 5 5 5 6 6 7 8 9 10 10 11 12 13 13 10 10 8 9 12 11 13 13 14 10 10 9 8 12 11 13 13 14 15 9 8 10 10 11 12 13 13 15 14 14 16 16 16 16 17 17 18 19 20 20 20 20 16 16 16 16 17 17 19 18 20 20 20 20 21
0 1 1 1 1 0 2 2 3 3 3 3 2 2 4 5 5 5 5 6 6 5 5 5 5 6 6 7 8 9 10 11 12 13 14 14 10 11 9 8 13 12 14 14 15 11 10 8 9 13 12 14 14 15 16 9 8 11 10 12 13 14 14 16 15 15 17 17 17 17 18 18 19 19 20 20 20 20 17 17 17 17 18 18 19 19 20 20 20 20 21
0 1 1 1 1 0 2 2 3 3 3 3 2 2 4 5 5 6 6 7 8 5 5 6 6 7 8 9 6 6 5 5 8 7 10 11 6 6 5 5 8 7 11 10 9 12 13 14 14 15 16 17 17 18 18 14 14 12 13 16 15 18 18 17 17 19 14 14 13 12 16 15 18 18 17 17 19 20 13 12 14 14 15 16 17 17 18 18 20 19 19
0 1 1 1 1 0 2 2 3 3 3 3 2 2 4 5 5 6 6 7 8 6 6 5 5 8 7 9 10 11 10 11 12 12 13 13 10 11 11 10 12 12 13 13 14 11 10 10 11 12 12 13 13 14 15 11 10 11 10 12 12 13 13 15 14 14 16 16 16 16 17 17 18 18 19 19 19 19 16 16 16 16 17 17 18 18 19 19 19 19 20
0 1 1 1 1 0 2 2 3 3 3 3 2 2 4 5 5 6 6 7 8 6 6 5 5 8 7 9 10 11 12 12 13 14 15 16 12 12 10 11 14 13 16 15 17 12 12 11 10 14 13 16 15 17 18 11 10 12 12 13 14 15 16 18 17 17 19 19 19 19 20 20 21 21 22 22 22 22 19 19 19 19 20 20 21 21 22 22 22 22 23
0 1 1 1 1 0 2 2 3 3 3 3 2 2 4 5 6 7 8 9 10 5 6 7 8 9 10 11 7 8 6 5 10 9 12 12 7 8 6 5 10 9 12 12 11 8 7 5 6 10 9 12 12 13 14 8 7 5 6 10 9 12 12 14 13 11 6 5 8 7 9 10 13 14 12 12 12 12 6 5 8 7 9 10 14 13 12 12 12 12 11
0 1 1 1 1 0 2 3 4 4 4 4 2 3 5 4 4 3 2 5 6 3 2 4 4 6 5 5 7 8 7 8 9 9 10 10 7 8 8 7 9 10 9 10 11 8 7 7 8 10 9 10 9 11 12 8 7 8 7 10 10 9 9 12 11 11 13 13 13 13 14 14 14 14 15 15 15 15 13 13 13 13 14 14 14 14 15 15 15 15 16
0 1 1 1 1 0 2 3 4 4 4 4 2 3 5 4 4 3 2 5 6 3 2 4 4 6 5 5 7 8 9 9 10 11 11 12 9 9 7 8 11 10 12 11 13 9 9 8 7 11 12 10 11 13 14 8 7 9 9 12 11 11 10 14 13 13 15 15 15 15 16 16 16 16 17 17 17 17 15 15 15 15 16 16 16 16 17 17 17 17 18
0 1 1 1 1 0 2 3 4 5 2 3 4 5 6 4 5 3 2 7 8 4 5 3 2 8 7 6 5 4 2 3 7 8 9 10 5 4 2 3 8 7 10 9 6 3 2 5 4 10 9 8 7 8 7 3 2 5 4 9 10 7 8 7 8 6 11 11 11 11 12 12 12 12 12 12 12 12 11 11 11 11 12 12 12 12 12 12 12 12 13
0 1 1 1 1 0 2 3 4 5 2 3 5 4 6 4 5 2 3 7 8 4 5 3 2 8 7 9 5 4 2 3 8 10 6 11 5 4 3 2 10 8 11 6 9 3 2 4 5 9 11 8 10 7 8 3 2 5 4 11 9 10 8 8 7 6 12 12 12 12 13 13 13 13 13 13 13 13 12 12 12 12 13 13 13 13 13 13 13 13 14
0 1 1 1 1 2 1 1 2 3 1 1 3 2 2 4 4 5 6 6 5 4 4 5 6 6 5 7 4 4 6 5 5 6 8 9 4 4 6 5 5 6 9 8 7 10 11 12 12 13 13 14 14 14 14 10 11 13 13 12 12 14 14 14 14 15 11 10 12 13 12 13 14 14 14 14 16 16 11 10 13 12 13 12 14 14 14 14 16 16 15
0 1 1 1 1 2 1 1 3 3 1 1 3 3 2 4 4 5 5 6 6 4 4 6 6 5 5 7 8 9 10 11 10 11 12 12 8 9 11 10 11 10 12 12 13 9 8 10 11 11 10 12 12 14 14 9 8 11 10 10 11 12 12 14 14 13 15 15 16 16 16 16 17 17 18 18 18 18 15 15 16 16 16 16 17 17 18 18 18 18 19
0 1 1 1 1 2 3 3 4 4 3 3 4 4 5 6 6 7 7 8 8 6 6 7 7 8 8 9 10 11 12 13 14 15 16 16 10 11 13 12 15 14 16 16 17 11 10 12 13 15 14 16 16 18 19 11 10 13 12 14 15 16 16 19 18 17 20 20 21 21 22 22 23 23 24 24 24 24 20 20 21 21 22 22 23 23 24 24 24 24 25
0 1 1 1 1 2 3 3 4 4 3 3 4 4 5 6 6 7 7 8 9 6 6 7 7 9 8 10 11 11 12 13 14 14 15 15 11 11 13 12 14 14 15 15 16 17 18 19 19 20 20 21 21 22 22 18 17 19 19 20 20 21 21 22 22 23 24 24 25 25 26 26 27 27 28 28 29 29 24 24 25 25 26 26 27 27 28 28 29 29 30
0 1 1 1 1 2 3 3 4 4 3 3 4 4 5 6 6 7 7 8 9 6 6 7 7 9 8 10 11 12 13 13 14 14 15 15 11 12 13 13 14 14 15 15 16 12 11 13 13 14 14 15 15 17 18 12 11 13 13 14 14 15 15 18 17 16 19 19 20 21 22 22 23 23 24 24 24 24 19 19 21 20 22 22 23 23 24 24 24 24 25
0 1 1 1 1 2 3 3 4 4 3 3 4 4 5 6 6 7 7 8 9 6 6 7 7 9 8 10 11 12 13 14 15 15 16 16 11 12 14 13 15 15 16 16 17 12 11 13 14 15 15 16 16 18 19 12 11 14 13 15 15 16 16 19 18 17 20 20 21 21 22 22 23 23 24 24 24 24 20 20 21 21 22 22 23 23 24 24 24 24 25
0 1 1 1 1 2 3 3 4 4 3 3 4 4 5 6 6 7 8 9 10 6 6 7 8 10 9 11 6 6 8 7 9 10 12 13 6 6 8 7 10 9 13 12 11 14 15 16 16 17 17 18 18 18 18 14 15 16 16 17 17 18 18 18 18 19 15 14 16 16 17 17 18 18 18 18 20 21 15 14 16 16 17 17 18 18 18 18 21 20 19
0 1 1 1 1 2 3 3 4 4 3 3 4 4 5 6 7 8 9 10 11 6 7 9 8 11 10 12 7 6 8 9 11 10 13 14 7 6 9 8 10 11 14 13 12 15 15 16 16 17 17 18 18 18 18 15 15 16 16 17 17 18 18 18 18 19 15 15 16 16 17 17 18 18 18 18 20 21 15 15 16 16 17 17 18 18 18 18 21 20 19
0 1 1 1 1 2 3 3 4 5 3 3 5 4 6 7 7 8 8 9 9 7 7 8 8 9 9 10 11 12 13 14 15 16 17 17 11 12 14 13 16 15 17 17 18 12 11 13 14 15 16 17 17 19 20 12 11 14 13 16 15 17 17 20 19 18 21 21 22 22 23 23 24 24 25 25 25 25 21 21 22 22 23 23 24 24 25 25 25 25 26
0 1 1 1 1 2 3 3 4 5 3 3 5 4 6 7 7 8 9 10 11 7 7 8 9 10 11 12 7 7 9 8 11 10 13 14 7 7 9 8 11 10 14 13 12 15 16 17 17 18 18 19 19 19 19 15 16 17 17 18 18 19 19 19 19 20 16 15 17 17 18 18 19 19 19 19 21 22 16 15 17 17 18 18 19 19 19 19 22 21 20
0 1 1 1 1 2 3 3 4 5 3 3 5 4 6 7 7 8 9 10 11 7 7 9 8 11 10 12 13 13 14 14 15 15 16 16 13 13 14 14 15 15 16 16 17 13 13 14 14 15 15 16 16 18 19 13 13 14 14 15 15 16 16 19 18 17 20 21 22 22 23 23 24 24 25 25 25 25 21 20 22 22 23 23 24 24 25 25 25 25 26
0 1 1 1 1 2 3 3 4 5 3 3 5 4 6 7 7 8 9 10 11 7 7 9 8 11 10 12 13 14 15 15 16 16 17 17 13 14 15 15 16 16 17 17 18 14 13 15 15 16 16 17 17 19 19 14 13 15 15 16 16 17 17 19 19 18 20 20 21 22 23 24 25 26 27 27 27 27 20 20 22 21 24 23 26 25 27 27 27 27 28
0 1 1 1 1 2 3 3 4 5 3 3 5 4 6 7 7 8 9 10 11 7 7 9 8 11 10 12 13 14 15 15 16 16 17 17 13 14 15 15 16 16 17 17 18 14 13 15 15 16 16 17 17 19 20 14 13 15 15 16 16 17 17 20 19 18 21 21 22 22 23 23 24 24 25 25 25 25 21 21 22 22 23 23 24 24 25 25 25 25 26
0 1 1 1 1 2 3 3 4 5 3 3 5 4 6 7 7 8 9 10 11 7 7 9 8 11 10 12 13 14 15 15 16 16 17 17 14 13 15 15 16 16 17 17 18 19 19 20 20 21 21 22 22 23 23 19 19 20 20 21 21 22 22 23 23 24 25 25 26 26 27 27 28 28 29 29 30 30 25 25 26 26 27 27 28 28 29 29 30 30 31
0 1 1 1 1 2 3 3 4 5 3 3 5 4 6 7 8 9 10 11 12 7 8 10 9 12 11 13 8 7 9 10 11 12 14 15 8 7 10 9 12 11 15 14 13 16 16 17 17 18 18 19 19 19 19 16 16 17 17 18 18 19 19 19 19 20 16 16 17 17 18 18 19 19 19 19 21 22 16 16 17 17 18 18 19 19 19 19 22 21 20
0 1 1 1 1 2 3 4 5 5 3 4 5 5 6 3 4 5 5 7 7 3 4 5 5 7 7 6 4 3 5 5 8 9 10 11 4 3 5 5 10 11 9 8 7 4 3 5 5 11 10 8 9 7 6 4 3 5 5 9 8 11 10 6 7 7 12 12 13 14 15 15 15 15 15 15 15 15 12 12 14 13 15 15 15 15 15 15 15 15 16
0 1 1 1 1 2 3 4 5 5 3 4 5 5 6 3 4 5 5 7 8 3 4 5 5 8 7 6 4 3 5 5 9 10 10 11 4 3 5 5 11 10 10 9 8 4 3 5 5 10 9 11 10 7 6 4 3 5 5 10 11 9 10 6 7 8 12 12 13 14 15 15 15 15 15 15 15 15 12 12 14 13 15 15 15 15 15 15 15 15 16
0 1 1 1 1 2 3 4 5 5 3 4 5 5 6 3 4 5 5 7 8 3 4 5 5 8 7 6 4 3 5 5 9 10 11 12 4 3 5 5 12 11 10 9 8 4 3 5 5 11 12 9 10 7 6 4 3 5 5 10 9 12 11 6 7 8 13 13 14 15 16 16 16 16 16 16 16 16 13 13 15 14 16 16 16 16 16 16 16 16 17
0 1 1 1 1 2 3 4 5 6 3 4 5 6 7 3 4 6 5 8 8 3 4 6 5 8 8 7 4 3 5 6 9 9 10 11 4 3 5 6 9 9 11 10 7 4 3 6 5 10 11 9 9 8 8 4 3 6 5 11 10 9 9 8 8 7 12 12 13 14 15 15 16 16 15 15 16 16 12 12 14 13 16 16 15 15 16 16 15 15 17
0 1 1 1 1 2 3 4 5 6 3 4 5 6 7 3 4 6 5 8 8 3 4 6 5 8 8 7 4 3 5 6 9 10 11 11 4 3 5 6 10 9 11 11 7 4 3 6 5 11 11 9 10 8 8 4 3 6 5 11 11 10 9 8 8 7 12 12 13 13 14 14 15 15 15 15 14 14 12 12 13 13 15 15 14 14 14 14 15 15 16
0 1 1 1 1 2 3 4 5 6 3 4 5 6 7 3 4 6 5 8 9 3 4 6 5 9 8 7 4 3 5 6 10 10 11 11 4 3 5 6 10 10 11 11 7 4 3 6 5 11 11 10 10 8 9 4 3 6 5 11 11 10 10 9 8 7 12 12 13 14 15 15 16 16 15 15 16 16 12 12 14 13 16 16 15 15 16 16 15 15 17
0 1 1 1 1 2 3 4 5 6 3 4 5 6 7 3 4 6 5 8 9 3 4 6 5 9 8 7 4 3 5 6 10 10 11 12 4 3 5 6 10 10 12 11 7 4 3 6 5 11 12 10 10 9 8 4 3 6 5 12 11 10 10 8 9 7 13 13 14 14 15 15 15 15 15 15 15 15 13 13 14 14 15 15 15 15 15 15 15 15 16
0 1 1 1 1 2 3 4 5 6 3 4 5 6 7 3 4 6 5 8 9 3 4 6 5 9 8 7 4 3 5 6 10 11 12 12 4 3 5 6 11 10 12 12 7 4 3 6 5 12 12 10 11 9 8 4 3 6 5 12 12 11 10 8 9 7 13 13 14 14 15 15 15 15 15 15 15 15 13 13 14 14 15 15 15 15 15 15 15 15 16
0 1 1 1 1 2 3 4 5 6 3 4 5 6 7 3 4 6 5 8 9 3 4 6 5 9 8 7 4 3 5 6 10 11 12 13 4 3 5 6 11 10 13 12 7 4 3 6 5 13 12 11 10 9 8 4 3 6 5 12 13 10 11 8 9 7 14 14 15 15 16 16 16 16 16 16 16 16 14 14 15 15 16 16 16 16 16 16 16 16 17
0 1 2 1 2 3 1 2 4 4 1 2 4 4 3 2 1 5 6 5 6 2 1 5 6 6 5 4 2 1 6 5 5 6 4 3 2 1 6 5 6 5 3 4 4 7 8 9 9 9 9 10 11 11 10 7 8 9 9 9 9 11 10 10 11 12 8 7 10 10 11 11 9 9 9 9 13 13 8 7 11 11 10 10 9 9 9 9 13 13 12
0 1 2 1 2 3 1 2 4 4 1 2 4 4 3 2 1 5 6 7 8 2 1 7 8 6 5 4 2 1 8 7 5 6 4 3 2 1 6 5 8 7 3 4 4 9 10 11 11 11 11 12 12 12 12 9 10 11 11 11 11 12 12 12 12 13 10 9 12 12 12 12 11 11 11 11 14 15 10 9 12 12 12 12 11 11 11 11 15 14 13
0 1 2 1 2 3 1 2 4 5 1 2 5 4 3 2 1 6 7 6 7 2 1 6 7 6 7 4 2 1 7 6 7 6 3 5 2 1 7 6 7 6 5 3 4 8 9 10 10 10 10 11 12 12 11 8 9 10 10 10 10 12 11 11 12 13 9 8 11 12 12 11 10 10 10 10 14 14 9 8 12 11 11 12 10 10 10 10 14 14 13
0 1 2 1 2 3 1 2 4 5 1 2 5 4 3 2 1 6 7 7 8 2 1 8 7 7 6 5 2 1 7 6 8 7 4 3 2 1 7 8 6 7 3 4 5 9 9 10 11 11 10 11 11 10 10 9 9 10 11 11 10 11 11 10 10 12 9 9 11 10 10 11 10 10 11 11 13 14 9 9 11 10 10 11 10 10 11 11 14 13 12
0 1 2 1 2 3 1 2 4 5 1 2 5 4 3 2 1 6 7 7 8 2 1 8 7 7 6 5 2 1 7 6 8 7 4 3 2 1 7 8 6 7 3 4 5 9 10 11 11 11 11 12 12 12 12 9 10 11 11 11 11 12 12 12 12 13 10 9 12 12 12 12 11 11 11 11 14 15 10 9 12 12 12 12 11 11 11 11 15 14 13
0 1 2 1 2 3 1 2 4 5 1 2 5 4 3 2 1 6 7 8 6 2 1 6 8 7 6 5 2 1 7 6 6 8 4 3 2 1 8 6 6 7 3 4 5 9 9 10 11 11 10 11 11 10 10 9 9 10 11 11 10 11 11 10 10 12 9 9 11 10 10 11 10 10 11 11 13 14 9 9 11 10 10 11 10 10 11 11 14 13 12
0 1 2 1 2 3 1 2 4 5 1 2 5 4 3 2 1 6 7 8 9 2 1 9 8 7 6 5 2 1 8 9 6 7 4 3 2 1 7 6 9 8 3 4 5 10 10 11 12 12 11 12 12 11 11 10 10 11 12 12 11 12 12 11 11 13 10 10 12 11 11 12 11 11 12 12 14 15 10 10 12 11 11 12 11 11 12 12 15 14 13
0 1 2 1 2 3 1 2 4 5 1 2 5 4 3 2 1 6 7 8 9 2 1 9 8 7 6 5 2 1 8 9 6 7 4 3 2 1 7 6 9 8 3 4 5 10 11 12 12 12 12 13 13 13 13 10 11 12 12 12 12 13 13 13 13 14 11 10 13 13 13 13 12 12 12 12 15 16 11 10 13 13 13 13 12 12 12 12 16 15 14
0 1 2 1 2 3 2 1 4 5 2 1 5 4 3 6 6 7 7 7 7 6 6 7 7 7 7 8 9 10 11 11 12 12 13 13 9 10 11 11 12 12 13 13 14 10 9 12 12 11 11 13 13 15 16 10 9 12 12 11 11 13 13 16 15 14 17 17 18 18 18 18 19 20 21 21 21 21 17 17 18 18 18 18 20 19 21 21 21 21 22
0 1 2 1 2 3 2 1 4 5 2 1 5 4 3 6 7 8 8 9 9 6 7 8 8 9 9 10 7 6 9 9 8 8 11 12 7 6 9 9 8 8 12 11 10 13 14 15 15 16 16 17 17 18 18 13 14 15 15 16 16 17 17 18 18 19 14 13 16 16 15 15 18 18 17 17 20 21 14 13 16 16 15 15 18 18 17 17 21 20 19
0 1 2 1 2 3 4 3 2 2 3 4 1 1 0 2 1 0 4 1 2 2 1 4 0 1 2 3 5 6 5 6 5 6 6 5 5 6 6 5 5 6 5 6 7 6 5 5 6 6 5 6 5 7 8 6 5 6 5 6 5 5 6 8 7 7 9 10 10 10 10 9 9 9 11 11 11 11 10 9 9 9 9 10 10 10 11 11 11 11 12
0 1 2 1 2 3 4 3 2 2 3 4 1 1 0 2 1 0 4 1 2 2 1 4 0 1 2 3 5 6 7 7 5 6 7 7 7 7 5 6 7 7 6 5 8 7 7 6 5 7 7 5 6 8 9 6 5 7 7 6 5 7 7 9 8 8 10 11 11 11 11 10 10 10 12 12 12 12 11 10 10 10 10 11 11 11 12 12 12 12 13
0 1 2 2 1 0 3 3 3 3 3 3 3 3 4 5 5 5 5 6 7 5 5 5 5 6 7 8 5 5 5 5 7 6 9 10 5 5 5 5 7 6 10 9 8 11 12 13 14 15 15 16 16 16 16 14 13 12 11 15 15 16 16 16 16 17 13 14 11 12 15 15 16 16 16 16 18 19 12 11 14 13 15 15 16 16 16 16 19 18 17
0 1 2 2 1 0 3 3 3 3 3 3 3 3 4 5 5 5 5 6 7 5 5 5 5 7 6 8 9 10 9 10 11 11 12 12 9 10 9 10 11 11 12 12 13 10 9 10 9 11 11 12 12 14 15 10 9 10 9 11 11 12 12 15 14 13 16 17 17 16 18 18 19 19 20 20 20 20 17 16 16 17 18 18 19 19 20 20 20 20 21
0 1 2 2 1 0 3 3 3 3 3 3 3 3 4 5 5 5 5 6 7 5 5 5 5 7 6 8 9 10 10 9 11 11 12 12 9 10 10 9 11 11 12 12 13 10 9 9 10 11 11 12 12 14 15 10 9 9 10 11 11 12 12 15 14 13 16 16 16 16 17 18 19 20 21 21 21 21 16 16 16 16 18 17 20 19 21 21 21 21 22
0 1 2 2 1 0 3 3 3 3 3 3 3 3 4 5 5 5 5 6 7 5 5 5 5 7 6 8 9 10 11 12 13 13 14 14 12 11 10 9 13 13 14 14 15 11 12 9 10 13 13 14 14 16 17 10 9 12 11 13 13 14 14 17 16 15 18 18 18 18 19 19 20 20 21 21 21 21 18 18 18 18 19 19 20 20 21 21 21 21 22
0 1 2 2 1 0 3 3 3 3 3 3 3 3 4 5 6 5 6 7 7 6 5 6 5 7 7 8 9 10 10 9 11 12 13 13 9 10 10 9 12 11 13 13 14 10 9 9 10 11 12 13 13 15 16 10 9 9 10 12 11 13 13 16 15 14 17 17 17 17 18 18 19 19 20 20 20 20 17 17 17 17 18 18 19 19 20 20 20 20 21
0 1 2 2 1 0 3 3 3 3 3 3 3 3 4 5 6 6 5 7 8 5 6 6 5 8 7 9 6 5 5 6 7 8 10 11 6 5 5 6 8 7 11 10 9 12 13 12 13 14 14 15 15 15 15 12 13 12 13 14 14 15 15 15 15 16 13 12 13 12 14 14 15 15 15 15 17 18 13 12 13 12 14 14 15 15 15 15 18 17 16
0 1 2 2 1 0 3 3 4 4 4 4 3 3 5 6 6 7 7 8 9 7 7 6 6 9 8 10 11 12 11 12 13 13 14 14 11 12 11 12 13 13 14 14 15 12 11 12 11 13 13 14 14 16 16 12 11 12 11 13 13 14 14 16 16 15 17 18 18 17 19 19 20 20 21 21 21 21 18 17 17 18 19 19 20 20 21 21 21 21 22
0 1 2 2 1 0 3 3 4 4 4 4 3 3 5 6 7 6 7 8 8 7 6 7 6 8 8 9 10 11 11 10 12 12 13 13 10 11 11 10 12 12 13 13 14 11 10 10 11 12 12 13 13 15 16 11 10 10 11 12 12 13 13 16 15 14 17 17 17 17 18 18 19 19 20 20 20 20 17 17 17 17 18 18 19 19 20 20 20 20 21
0 1 2 2 1 0 3 3 4 4 4 4 3 3 5 6 7 7 6 8 8 6 7 7 6 8 8 9 7 6 6 7 8 8 10 11 7 6 6 7 8 8 11 10 9 12 13 12 13 14 14 15 15 15 15 12 13 12 13 14 14 15 15 15 15 16 13 12 13 12 14 14 15 15 15 15 17 18 13 12 13 12 14 14 15 15 15 15 18 17 16
0 1 2 2 1 0 3 4 3 4 3 4 3 4 5 3 4 3 4 6 6 3 4 3 4 6 6 5 4 3 4 3 7 8 9 10 4 3 4 3 9 10 8 7 6 4 3 4 3 10 9 7 8 6 5 4 3 4 3 8 7 10 9 5 6 6 11 12 12 11 13 13 13 13 13 13 13 13 12 11 11 12 13 13 13 13 13 13 13 13 14
0 1 2 2 1 0 3 4 3 4 3 4 3 4 5 3 4 3 4 6 7 3 4 3 4 7 6 5 4 3 4 3 8 9 9 10 4 3 4 3 10 9 9 8 7 4 3 4 3 9 8 10 9 6 5 4 3 4 3 9 10 8 9 5 6 7 11 12 12 11 13 13 13 13 13 13 13 13 12 11 11 12 13 13 13 13 13 13 13 13 14
0 1 2 2 1 0 3 4 3 4 3 4 3 4 5 3 4 3 4 6 7 3 4 3 4 7 6 5 4 3 4 3 8 9 10 11 4 3 4 3 11 10 9 8 7 4 3 4 3 10 11 8 9 6 5 4 3 4 3 9 8 11 10 5 6 7 12 13 13 12 14 14 14 14 14 14 14 14 13 12 12 13 14 14 14 14 14 14 14 14 15
0 1 2 2 1 0 3 4 3 4 3 4 3 4 5 4 3 4 3 6 6 4 3 4 3 6 6 5 7 8 8 7 9 10 9 10 7 8 8 7 10 9 10 9 11 8 7 7 8 9 10 10 9 12 12 8 7 7 8 10 9 9 10 12 12 11 13 13 13 13 14 14 14 14 15 15 15 15 13 13 13 13 14 14 14 14 15 15 15 15 16
0 1 2 2 1 0 3 4 3 4 3 4 3 4 5 4 3 4 3 6 7 4 3 4 3 7 6 5 8 9 8 9 10 10 11 11 8 9 8 9 10 10 11 11 12 9 8 9 8 11 11 10 10 13 14 9 8 9 8 11 11 10 10 14 13 12 15 16 16 15 17 17 17 17 18 18 18 18 16 15 15 16 17 17 17 17 18 18 18 18 19
0 1 2 2 1 0 3 4 3 4 3 4 3 4 5 4 3 4 3 6 7 4 3 4 3 7 6 5 8 9 9 8 10 11 11 10 8 9 9 8 11 10 10 11 12 9 8 8 9 10 11 11 10 13 14 9 8 8 9 11 10 10 11 14 13 12 15 15 15 15 16 16 16 16 17 17 17 17 15 15 15 15 16 16 16 16 17 17 17 17 18
0 1 2 2 1 0 3 4 3 4 4 3 4 3 5 6 6 7 7 8 8 7 7 6 6 8 8 9 10 11 10 11 12 13 14 14 10 11 10 11 12 13 14 14 15 11 10 11 10 13 12 14 14 16 16 11 10 11 10 13 12 14 14 16 16 15 17 18 18 17 19 19 20 20 21 21 21 21 18 17 17 18 19 19 20 20 21 21 21 21 22
0 1 2 2 1 0 3 4 3 4 4 3 4 3 5 6 7 6 7 8 9 7 6 7 6 9 8 10 11 12 11 12 13 14 15 16 11 12 11 12 13 14 15 16 17 12 11 12 11 14 13 16 15 18 18 12 11 12 11 14 13 16 15 18 18 17 19 20 20 19 21 21 22 22 23 23 23 23 20 19 19 20 21 21 22 22 23 23 23 23 24
0 1 2 2 1 0 3 4 3 4 4 3 4 3 5 6 7 6 7 8 9 7 6 7 6 9 8 10 11 12 12 11 13 13 14 14 11 12 12 11 13 13 14 14 15 12 11 11 12 13 13 14 14 16 17 12 11 11 12 13 13 14 14 17 16 15 18 18 18 18 19 19 20 20 21 21 21 21 18 18 18 18 19 19 20 20 21 21 21 21 22
0 1 2 2 1 0 3 4 3 4 4 3 4 3 5 6 7 7 6 8 8 7 6 6 7 8 8 9 10 11 10 11 12 13 14 14 10 11 10 11 12 13 14 14 15 11 10 11 10 13 12 14 14 16 16 11 10 11 10 13 12 14 14 16 16 15 17 18 18 17 19 19 20 21 22 22 22 22 18 17 17 18 19 19 21 20 22 22 22 22 23
0 1 2 2 1 0 3 4 4 3 3 4 4 3 5 3 4 4 3 6 7 3 4 4 3 7 6 5 4 3 3 4 8 9 9 10 4 3 3 4 10 9 9 8 7 4 3 3 4 9 8 10 9 6 5 4 3 3 4 9 10 8 9 5 6 7 11 11 11 11 12 13 13 12 13 13 12 12 11 11 11 11 13 12 12 13 12 12 13 13 14
0 1 2 2 1 0 3 4 4 3 4 3 3 4 5 6 6 6 6 7 7 6 6 6 6 7 7 8 9 10 11 12 13 14 15 15 12 11 10 9 13 14 15 15 16 11 12 9 10 14 13 15 15 17 18 10 9 12 11 14 13 15 15 18 17 16 19 19 19 19 20 20 21 21 22 22 22 22 19 19 19 19 20 20 21 21 22 22 22 22 23
0 1 2 2 1 0 3 4 4 3 4 3 3 4 5 6 7 6 7 8 8 7 6 7 6 8 8 9 10 11 11 10 12 13 14 14 10 11 11 10 12 13 14 14 15 11 10 10 11 13 12 14 14 16 17 11 10 10 11 13 12 14 14 17 16 15 18 18 18 18 19 19 20 20 21 21 21 21 18 18 18 18 19 19 20 20 21 21 21 21 22
0 1 2 2 1 0 3 4 4 3 4 3 3 4 5 6 7 7 6 8 9 6 7 7 6 8 9 10 7 6 6 7 9 8 11 12 7 6 6 7 9 8 12 11 10 13 14 13 14 15 15 16 16 16 16 13 14 13 14 15 15 16 16 16 16 17 14 13 14 13 15 15 16 16 16 16 18 19 14 13 14 13 15 15 16 16 16 16 19 18 17
0 1 2 2 1 0 3 4 4 3 4 3 3 4 5 6 7 7 6 8 9 7 6 6 7 9 8 10 11 12 11 12 13 13 14 14 11 12 11 12 13 13 14 14 15 12 11 12 11 13 13 14 14 16 16 12 11 12 11 13 13 14 14 16 16 15 17 18 18 17 19 20 21 22 23 23 23 23 18 17 17 18 20 19 22 21 23 23 23 23 24
0 1 2 2 1 0 3 4 4 3 4 3 3 4 5 6 7 8 9 10 11 9 8 7 6 10 11 12 8 9 6 7 11 10 13 14 7 6 9 8 11 10 14 13 12 15 15 15 15 16 16 17 17 17 17 15 15 15 15 16 16 17 17 17 17 18 15 15 15 15 16 16 17 17 17 17 19 20 15 15 15 15 16 16 17 17 17 17 20 19 18
0 1 2 2 1 0 3 4 4 3 4 3 3 4 5 6 7 8 9 10 11 9 8 7 6 10 11 12 8 9 6 7 11 10 13 14 7 6 9 8 11 10 14 13 12 15 16 16 15 17 18 19 19 20 20 15 16 16 15 17 18 19 19 20 20 21 16 15 15 16 18 17 20 20 19 19 22 22 16 15 15 16 18 17 20 20 19 19 22 22 21
0 1 2 2 1 0 3 4 5 6 3 4 5 6 7 6 5 4 3 8 8 6 5 4 3 8 8 7 5 6 3 4 9 10 11 11 5 6 3 4 10 9 11 11 7 4 3 6 5 11 11 9 10 8 8 4 3 6 5 11 11 10 9 8 8 7 12 13 13 12 14 14 14 14 15 15 15 15 13 12 12 13 15 15 15 15 14 14 14 14 16
0 1 2 2 1 0 3 4 5 6 3 4 5 6 7 6 5 4 3 8 8 6 5 4 3 8 8 7 5 6 3 4 9 10 11 12 5 6 3 4 10 9 12 11 7 4 3 6 5 11 12 10 9 8 8 4 3 6 5 12 11 9 10 8 8 7 13 13 13 13 14 14 14 14 14 14 14 14 13 13 13 13 14 14 14 14 14 14 14 14 15
0 1 2 2 1 0 3 4 5 6 3 4 5 6 7 6 5 4 3 8 9 6 5 4 3 9 8 7 5 6 3 4 10 10 11 11 5 6 3 4 10 10 11 11 7 4 3 6 5 11 11 10 10 8 9 4 3 6 5 11 11 10 10 9 8 7 12 13 13 12 14 14 14 14 15 15 15 15 13 12 12 13 15 15 15 15 14 14 14 14 16
0 1 2 2 1 0 3 4 5 6 3 4 5 6 7 6 5 4 3 8 9 6 5 4 3 9 8 7 5 6 3 4 10 11 12 13 5 6 3 4 11 10 13 12 7 4 3 6 5 13 12 11 10 9 8 4 3 6 5 12 13 10 11 8 9 7 14 14 14 14 15 15 15 15 15 15 15 15 14 14 14 14 15 15 15 15 15 15 15 15 16
0 1 2 2 1 0 3 4 5 6 6 5 4 3 7 5 6 3 4 8 9 4 3 6 5 9 8 7 10 11 10 11 12 13 12 13 10 11 10 11 12 13 12 13 14 11 10 11 10 13 12 13 12 15 15 11 10 11 10 13 12 13 12 15 15 14 16 17 17 16 18 18 19 19 20 20 20 20 17 16 16 17 19 19 18 18 20 20 20 20 21
0 1 2 2 1 0 3 4 5 6 6 5 4 3 7 5 6 3 4 8 9 4 3 6 5 9 8 7 10 11 11 10 12 12 13 13 10 11 11 10 12 12 13 13 14 11 10 10 11 13 13 12 12 15 16 11 10 10 11 13 13 12 12 16 15 14 17 17 17 17 18 18 18 18 19 19 19 19 17 17 17 17 18 18 18 18 19 19 19 19 20
0 1 2 2 1 3 4 4 5 5 4 4 5 5 6 4 4 5 5 7 8 4 4 5 5 9 8 10 4 4 5 5 11 10 8 8 4 4 5 5 10 11 9 7 6 4 4 5 5 8 7 11 6 9 8 4 4 5 5 8 9 6 11 7 8 10 12 13 14 15 16 16 16 16 16 16 16 16 13 12 15 14 16 16 16 16 16 16 16 16 17
0 1 2 2 1 3 4 4 5 5 4 4 5 5 6 4 4 5 5 7 8 4 4 5 5 9 10 11 4 4 5 5 12 11 10 8 4 4 5 5 11 12 9 7 6 4 4 5 5 10 9 12 6 7 8 4 4 5 5 8 7 6 12 9 10 11 13 14 15 16 17 17 17 17 17 17 17 17 14 13 16 15 17 17 17 17 17 17 17 17 18
0 1 2 2 1 3 4 4 5 5 4 4 5 5 6 7 7 8 8 9 10 7 7 8 8 10 9 11 12 13 14 15 16 16 17 17 12 13 14 15 16 16 17 17 18 13 12 15 14 16 16 17 17 19 19 13 12 15 14 16 16 17 17 19 19 18 20 20 21 21 22 23 24 25 26 26 26 26 20 20 21 21 23 22 25 24 26 26 26 26 27
0 1 2 2 1 3 4 4 5 5 4 4 5 5 6 7 7 8 8 9 10 7 7 8 8 10 9 11 12 13 14 15 16 16 17 17 12 13 14 15 16 16 17 17 18 13 12 15 14 16 16 17 17 19 20 13 12 15 14 16 16 17 17 20 19 18 21 21 22 22 23 23 24 24 25 25 25 25 21 21 22 22 23 23 24 24 25 25 25 25 26
0 1 2 2 1 3 4 5 6 7 4 5 6 7 8 4 5 6 7 9 9 4 5 6 7 9 9 8 5 4 7 6 10 11 10 11 5 4 7 6 10 11 11 10 9 5 4 7 6 11 10 10 11 9 8 5 4 7 6 11 10 11 10 8 9 9 12 13 14 15 16 16 16 16 17 17 17 17 13 12 15 14 17 17 17 17 16 16 16 16 18
0 1 2 2 1 3 4 5 6 7 4 5 6 7 8 4 5 6 7 9 9 4 5 6 7 9 9 8 5 4 7 6 10 11 12 12 5 4 7 6 12 12 10 11 9 5 4 7 6 12 12 11 10 9 8 5 4 7 6 11 10 12 12 8 9 9 13 14 15 16 17 17 17 17 18 18 18 18 14 13 16 15 18 18 18 18 17 17 17 17 19
0 1 2 2 1 3 4 5 6 7 4 5 6 7 8 4 5 6 7 9 9 4 5 6 7 9 9 8 5 4 7 6 10 11 12 13 5 4 7 6 12 13 11 10 9 5 4 7 6 13 12 10 11 9 8 5 4 7 6 11 10 13 12 8 9 9 14 14 15 15 16 16 16 16 16 16 16 16 14 14 15 15 16 16 16 16 16 16 16 16 17
0 1 2 2 1 3 4 5 6 7 4 5 6 7 8 4 5 6 7 9 10 4 5 6 7 10 9 8 5 4 7 6 11 12 12 11 5 4 7 6 11 12 12 11 10 5 4 7 6 12 11 11 12 8 9 5 4 7 6 12 11 11 12 9 8 10 13 13 14 14 15 16 16 15 16 16 15 15 13 13 14 14 16 15 15 16 15 15 16 16 17
0 1 2 2 1 3 4 5 6 7 4 5 6 7 8 4 5 6 7 9 10 4 5 6 7 10 9 8 5 4 7 6 11 12 12 11 5 4 7 6 11 12 12 11 10 5 4 7 6 12 11 11 12 8 9 5 4 7 6 12 11 11 12 9 8 10 13 14 15 16 17 17 17 17 18 18 18 18 14 13 16 15 18 18 18 18 17 17 17 17 19
0 1 2 2 1 3 4 5 6 7 4 5 6 7 8 4 5 6 7 9 10 4 5 6 7 10 9 8 5 4 7 6 11 12 12 13 5 4 7 6 13 12 12 11 10 5 4 7 6 12 11 13 12 9 8 5 4 7 6 12 13 11 12 8 9 10 14 14 15 15 16 16 16 16 16 16 16 16 14 14 15 15 16 16 16 16 16 16 16 16 17
0 1 2 2 1 3 4 5 6 7 4 5 6 7 8 4 5 6 7 9 10 4 5 6 7 10 9 8 5 4 7 6 11 12 13 14 5 4 7 6 14 13 12 11 10 5 4 7 6 13 14 11 12 9 8 5 4 7 6 12 11 14 13 8 9 10 15 15 16 16 17 17 17 17 17 17 17 17 15 15 16 16 17 17 17 17 17 17 17 17 18
0 1 2 2 1 3 4 5 6 7 4 5 6 7 8 5 4 7 6 9 10 5 4 7 6 10 9 8 11 12 13 14 15 15 16 16 11 12 13 14 15 15 16 16 17 12 11 14 13 16 16 15 15 18 19 12 11 14 13 16 16 15 15 19 18 17 20 20 21 21 22 22 22 22 23 23 23 23 20 20 21 21 22 22 22 22 23 23 23 23 24
0 1 2 2 1 3 4 5 6 7 5 4 7 6 8 9 9 10 10 11 11 9 9 10 10 11 11 12 13 14 15 16 17 18 19 19 13 14 15 16 17 18 19 19 20 14 13 16 15 18 17 19 19 21 21 14 13 16 15 18 17 19 19 21 21 20 22 22 23 23 24 24 25 26 27 27 27 27 22 22 23 23 24 24 26 25 27 27 27 27 28
0 1 2 2 1 3 4 5 6 7 5 4 7 6 8 9 9 10 10 11 11 9 9 10 10 11 11 12 13 14 15 16 17 18 19 19 13 14 15 16 17 18 19 19 20 14 13 16 15 18 17 19 19 21 22 14 13 16 15 18 17 19 19 22 21 20 23 23 24 24 25 25 26 26 27 27 27 27 23 23 24 24 25 25 26 26 27 27 27 27 28
0 1 2 2 1 3 4 5 6 7 5 4 7 6 8 9 10 11 12 13 14 9 10 11 12 13 14 15 10 9 12 11 14 13 16 17 10 9 12 11 14 13 17 16 15 18 18 19 19 20 20 21 21 21 21 18 18 19 19 20 20 21 21 21 21 22 18 18 19 19 20 20 21 21 21 21 23 24 18 18 19 19 20 20 21 21 21 21 24 23 22
0 1 2 2 1 3 4 5 6 7 5 4 7 6 8 9 10 11 12 13 14 9 10 11 12 13 14 15 10 9 12 11 14 13 16 17 10 9 12 11 14 13 17 16 15 18 19 20 21 22 23 24 24 25 25 18 19 20 21 22 23 24 24 25 25 26 19 18 21 20 23 22 25 25 24 24 27 27 19 18 21 20 23 22 25 25 24 24 27 27 26
0 1 2 2 1 3 4 5 6 7 5 4 7 6 8 9 10 11 12 13 14 10 9 12 11 14 13 15 16 16 17 17 18 18 19 19 16 16 17 17 18 18 19 19 20 16 16 17 17 18 18 19 19 21 21 16 16 17 17 18 18 19 19 21 21 20 22 23 24 25 26 27 28 29 30 30 30 30 23 22 25 24 27 26 29 28 30 30 30 30 31
0 1 2 2 1 3 4 5 6 7 5 4 7 6 8 9 10 11 12 13 14 10 9 12 11 14 13 15 16 16 17 17 18 18 19 19 16 16 17 17 18 18 19 19 20 16 16 17 17 18 18 19 19 21 22 16 16 17 17 18 18 19 19 22 21 20 23 23 24 24 25 25 26 26 27 27 27 27 23 23 24 24 25 25 26 26 27 27 27 27 28
0 1 2 2 1 3 4 5 6 7 5 4 7 6 8 9 10 11 12 13 14 10 9 12 11 14 13 15 16 16 17 17 18 18 19 19 16 16 17 17 18 18 19 19 20 21 21 22 22 23 23 24 24 25 25 21 21 22 22 23 23 24 24 25 25 26 27 27 28 28 29 29 30 30 31 31 32 32 27 27 28 28 29 29 30 30 31 31 32 32 33
0 1 2 2 1 3 4 5 6 7 5 4 7 6 8 9 10 11 12 13 14 10 9 12 11 14 13 15 16 17 18 19 20 21 22 23 16 17 18 19 20 21 22 23 24 17 16 19 18 21 20 23 22 25 25 17 16 19 18 21 20 23 22 25 25 24 26 26 27 27 28 28 29 29 30 30 30 30 26 26 27 27 28 28 29 29 30 30 30 30 31
0 1 2 3 4 5 6 7 8 9 6 7 8 9 10 6 7 8 9 11 12 6 7 8 9 13 12 14 6 7 8 9 15 14 12 12 6 7 8 9 14 15 13 11 10 6 7 8 9 12 11 15 10 13 12 6 7 8 9 12 13 10 15 11 12 14 16 17 18 19 20 20 20 20 20 20 20 20 16 17 18 19 20 20 20 20 20 20 20 20 21
0 1 2 3 4 5 6 7 8 9 6 7 8 9 10 6 7 8 9 11 12 6 7 8 9 13 14 15 6 7 8 9 16 15 14 12 6 7 8 9 15 16 13 11 10 6 7 8 9 14 13 16 10 11 12 6 7 8 9 12 11 10 16 13 14 15 17 18 19 20 21 21 21 21 21 21 21 21 17 18 19 20 21 21 21 21 21 21 21 21 22
0 1 2 3 4 5 6 7 8 9 10 11 12 13 14 10 11 12 13 14 15 10 11 12 13 14 15 16 10 11 12 13 14 17 18 16 10 11 12 13 14 17 16 18 16 10 11 12 13 14 18 17 17 15 15 10 11 12 13 14 16 15 17 17 15 16 10 11 12 13 14 16 17 15 15 17 16 18 19 20 21 22 23 24 24 24 24 24 24 24 24
0 1 2 3 4 5 6 7 8 9 10 11 12 13 14 10 11 12 13 14 15 10 11 12 13 14 16 17 10 11 12 13 14 16 17 18 10 11 12 13 14 19 18 17 17 10 11 12 13 14 18 19 16 16 15 10 11 12 13 14 17 16 15 19 16 17 10 11 12 13 14 17 16 19 15 16 17 18 20 21 22 23 24 25 25 25 25 25 25 25 25
0 1 2 3 4 5 6 7 8 9 10 11 12 13 14 15 16 17 18 19 20 15 16 17 18 19 20 21 15 16 17 18 19 20 22 23 15 16 17 18 19 20 23 22 21 24 25 26 27 28 29 30 30 30 30 24 25 26 27 28 29 30 30 30 30 31 24 25 26 27 28 29 30 30 30 30 32 33 24 25 26 27 28 29 30 30 30 30 33 32 31
0 1 2 3 4 5 6 7 8 9 10 11 12 13 14 15 16 17 18 19 20 15 16 17 18 19 20 21 22 23 24 25 26 27 28 28 22 23 24 25 26 27 28 28 29 22 23 24 25 26 27 28 28 30 31 22 23 24 25 26 27 28 28 31 30 29 32 33 34 35 36 37 38 38 39 39 39 39 32 33 34 35 36 37 38 38 39 39 39 39 40
0 1 2 3 4 5 6 7 8 9 10 11 12 13 14 15 16 17 18 19 20 15 16 17 18 19 20 21 22 23 24 25 26 27 28 28 22 23 24 25 26 27 28 28 29 30 31 32 33 34 35 36 36 37 37 30 31 32 33 34 35 36 36 37 37 38 39 40 41 42 43 44 45 45 46 46 47 47 39 40 41 42 43 44 45 45 46 46 47 47 48
0 1 2 3 4 5 6 7 8 9 10 11 12 13 14 15 16 17 18 19 20 21 22 23 24 25 26 27 28 29 30 31 32 33 34 35 28 29 30 31 32 33 34 35 36 28 29 30 31 32 33 34 35 37 37 28 29 30 31 32 33 34 35 37 37 36 38 39 40 41 42 43 44 45 46 46 46 46 38 39 40 41 42 43 44 45 46 46 46 46 47
--- order 18 (x17) ---
0 0 0 1 1 1 1 1 1 2 1 1 1 2 2 3 3 3 4 4 4 3 3 3 4 4 4 5 6 6 6 7 8 9 10 10 6 6 6 8 9 7 10 10 11 6 6 6 9 7 8 10 10 11 11 12 13 14 15 15 15 16 16 17 17 17 13 14 12 15 15 15 16 16 17 17 17 18 14 12 13 15 15 15 16 16 17 17 17 18 18
0 0 0 1 1 1 1 1 1 2 3 3 3 4 5 3 3 3 4 5 6 3 3 3 4 5 6 6 3 3 3 5 4 7 8 9 3 3 3 5 4 8 9 7 6 3 3 3 5 4 9 7 8 6 6 10 11 12 13 13 14 14 14 14 14 14 11 12 10 13 13 14 14 14 14 14 14 15 12 10 11 13 13 14 14 14 14 14 14 15 15
0 0 0 1 1 1 1 1 1 2 3 4 5 6 6 3 4 5 6 6 7 3 4 5 6 6 7 7 4 5 3 6 6 8 9 10 4 5 3 6 6 9 10 8 7 4 5 3 6 6 10 8 9 7 7 5 3 4 6 6 8 10 9 8 10 9 5 3 4 6 6 9 8 10 10 9 8 7 5 3 4 6 6 10 9 8 9 8 10 7 7
0 0 0 1 1 1 1 1 1 2 3 4 5 6 6 3 4 5 6 6 7 3 4 5 6 6 7 7 4 5 3 6 6 8 9 10 4 5 3 6 6 9 10 8 7 4 5 3 6 6 10 8 9 7 7 5 3 4 6 6 8 10 9 10 9 8 5 3 4 6 6 9 8 10 9 8 10 7 5 3 4 6 6 10 9 8 8 10 9 7 7
0 0 1 0 1 1 1 0 0 0 1 0 0 0 1 2 3 3 3 2 2 3 2 2 2 3 3 4 5 6 6 6 7 8 9 10 7 6 6 6 8 5 9 10 11 8 6 6 6 5 7 9 10 11 11 6 5 7 8 6 6 10 9 12 12 12 6 7 8 5 6 6 10 9 12 12 12 11 6 8 5 7 6 6 10 9 12 12 12 11 11
0 0 1 0 1 1 2 3 3 3 2 3 3 3 4 2 3 3 3 4 4 5 6 6 6 7 7 7 8 9 9 9 10 11 11 12 8 9 9 9 11 10 11 12 13 8 9 9 9 11 11 10 12 13 13 14 15 16 17 18 18 18 19 20 20 20 14 16 17 15 18 18 18 19 20 20 20 21 14 17 15 16 18 18 18 19 20 20 20 21 21
0 0 1 0 1 1 2 3 3 3 4 5 5 5 6 4 5 5 5 6 7 4 5 5 5 6 8 9 4 5 5 5 6 10 9 9 4 5 5 5 6 9 8 10 7 4 5 5 5 6 9 10 7 8 9 11 12 13 14 15 16 16 16 16 16 16 11 13 14 12 15 16 16 16 16 16 16 17 11 14 12 13 15 16 16 16 16 16 16 17 17
0 0 1 0 1 1 2 3 3 3 4 5 5 5 6 7 8 8 8 9 10 11 12 12 12 13 14 15 16 17 18 19 20 21 22 23 16 18 19 17 20 21 22 23 24 16 19 17 18 20 21 22 23 24 24 25 26 26 26 27 28 29 30 31 31 31 25 26 26 26 27 28 29 30 31 31 31 32 25 26 26 26 27 28 29 30 31 31 31 32 32
0 0 1 0 1 1 2 3 3 3 4 5 6 7 8 4 5 6 7 8 9 4 5 6 7 8 9 9 4 6 7 5 8 10 11 11 4 6 7 5 8 11 10 11 9 4 6 7 5 8 11 11 10 9 9 4 7 5 6 8 10 11 11 10 11 11 4 7 5 6 8 11 10 11 11 10 11 9 4 7 5 6 8 11 11 10 11 11 10 9 9
0 0 1 0 1 1 2 3 4 5 2 4 5 3 6 2 5 3 4 6 6 7 8 8 8 9 9 9 10 11 12 13 14 15 16 17 10 13 11 12 15 16 14 17 18 10 12 13 11 16 14 15 17 18 18 19 20 20 20 21 21 21 22 23 23 23 19 20 20 20 21 21 21 22 23 23 23 24 19 20 20 20 21 21 21 22 23 23 23 24 24
0 0 1 0 1 2 0 1 2 2 0 2 1 1 1 0 2 1 1 1 2 3 4 4 4 4 4 4 5 6 7 7 7 8 9 10 5 8 7 7 7 9 6 10 11 5 9 7 7 7 6 8 10 11 11 5 7 6 8 9 7 7 10 12 12 12 5 7 8 9 6 7 7 10 12 12 12 11 5 7 9 6 8 7 7 10 12 12 12 11 11
0 1 2 1 2 3 1 2 3 3 2 1 4 5 6 2 1 5 6 4 3 2 1 6 4 5 3 3 7 8 9 9 9 10 10 10 7 8 9 9 9 10 10 10 11 7 8 9 9 9 10 10 10 11 11 8 7 10 10 10 9 9 9 12 13 14 8 7 10 10 10 9 9 9 13 14 12 11 8 7 10 10 10 9 9 9 14 12 13 11 11
0 1 2 1 2 3 1 2 3 3 4 5 6 7 7 4 5 6 7 7 8 4 5 6 7 7 8 8 4 5 7 6 7 9 10 11 4 5 7 6 7 10 11 9 8 4 5 7 6 7 11 9 10 8 8 4 5 7 7 6 9 11 10 9 11 10 4 5 7 7 6 10 9 11 11 10 9 8 4 5 7 7 6 11 10 9 10 9 11 8 8
0 1 2 1 2 3 1 2 3 3 4 5 6 7 7 4 5 6 7 7 8 4 5 6 7 7 8 8 4 5 7 6 7 9 10 11 4 5 7 6 7 10 11 9 8 4 5 7 6 7 11 9 10 8 8 4 5 7 7 6 9 11 10 11 10 9 4 5 7 7 6 10 9 11 10 9 11 8 4 5 7 7 6 11 10 9 9 11 10 8 8
0 1 2 1 2 3 1 2 4 5 1 2 6 5 5 1 2 5 4 6 3 1 2 5 6 3 4 5 7 8 9 10 10 10 9 9 7 8 9 10 10 10 9 9 11 7 8 9 10 10 10 9 9 11 11 7 8 10 9 9 9 10 10 12 13 14 7 8 10 9 9 9 10 10 13 14 12 11 7 8 10 9 9 9 10 10 14 12 13 11 11
0 1 2 3 4 5 6 7 8 9 10 11 12 13 14 10 11 12 13 14 15 10 11 12 13 14 15 15 10 11 12 13 14 16 17 18 10 11 12 13 14 16 18 17 16 10 11 12 13 14 17 16 18 18 15 10 11 12 13 14 17 18 16 15 18 17 10 11 12 13 14 18 16 17 15 17 16 15 10 11 12 13 14 18 17 16 17 15 15 16 18
0 1 2 3 4 5 6 7 8 9 10 11 12 13 14 10 11 12 13 14 15 10 11 12 13 14 15 16 10 11 12 13 14 17 17 18 10 11 12 13 14 17 18 17 15 10 11 12 13 14 16 15 18 18 16 10 11 12 13 14 16 18 15 16 18 17 10 11 12 13 14 18 17 16 15 16 17 15 10 11 12 13 14 18 16 17 16 15 15 17 18
--- order 20 (x18) ---
0 0 1 0 1 2 0 2 1 2 0 2 2 1 1 3 4 4 4 4 4 5 6 7 7 8 8 9 5 8 8 7 7 6 9 10 5 8 7 8 6 7 9 10 11 5 7 6 8 7 8 9 11 10 11 5 7 8 6 8 7 9 11 11 10 10 12 13 13 13 13 13 14 15 15 15 15 15 12 13 13 13 13 13 14 15 15 15 15 15 16
0 0 1 1 0 1 1 1 0 0 2 2 2 2 2 2 2 2 2 2 3 4 5 5 6 6 7 7 6 6 5 5 4 7 7 8 6 5 6 4 5 7 7 8 9 5 4 6 5 6 7 7 9 8 9 5 6 4 6 5 7 7 9 9 8 8 10 10 10 10 10 11 12 13 13 13 13 13 10 10 10 10 10 12 11 13 13 13 13 13 14
0 0 1 1 1 0 1 0 1 0 2 2 2 2 2 2 2 2 2 2 3 4 5 6 7 8 9 9 7 6 8 5 4 9 9 10 8 7 5 4 6 9 9 10 11 5 8 4 6 7 9 9 11 10 11 6 4 7 8 5 9 9 11 11 10 10 12 12 12 12 12 13 13 14 14 14 14 14 12 12 12 12 12 13 13 14 14 14 14 14 15
0 0 1 1 1 0 1 0 1 0 2 3 4 5 6 5 4 6 3 2 7 6 5 3 2 4 7 8 3 6 2 4 5 8 7 8 4 2 5 6 3 8 8 7 7 9 9 9 9 9 10 10 10 10 10 9 9 9 9 9 10 10 10 10 10 11 9 9 9 9 9 10 10 10 10 10 12 13 9 9 9 9 9 10 10 10 10 10 13 12 11
0 0 1 2 3 3 4 5 5 6 7 8 8 9 10 11 12 12 13 14 15 16 17 17 18 19 20 21 16 17 17 18 19 20 21 22 16 17 17 18 19 20 21 22 23 16 17 17 18 19 20 21 23 22 23 16 17 17 18 19 20 21 23 23 22 22 24 25 26 27 28 29 30 31 31 31 31 31 24 26 25 27 28 29 30 31 31 31 31 31 32
0 0 1 2 3 4 2 3 4 5 2 3 4 5 6 2 3 4 6 5 6 2 3 4 6 6 5 5 2 4 3 7 8 8 8 8 2 4 3 8 7 8 8 8 6 2 4 3 8 8 7 8 8 6 5 2 4 3 8 8 8 7 8 5 6 5 2 4 3 8 8 8 8 7 5 5 6 6 9 10 10 11 11 11 11 11 11 11 11 11 11
0 0 1 2 3 4 2 3 4 5 2 3 4 5 6 2 3 4 6 5 6 2 3 4 6 6 5 5 2 4 3 7 8 8 9 9 2 4 3 9 9 8 8 7 6 2 4 3 9 8 9 7 8 6 5 2 4 3 8 7 9 8 9 5 6 5 2 4 3 8 9 7 9 8 5 5 6 6 10 11 11 12 12 12 12 12 12 12 12 12 12
0 0 1 2 3 4 2 4 3 5 6 7 7 8 8 9 10 10 11 11 12 13 14 14 15 15 16 17 13 14 14 15 15 16 17 18 13 14 14 15 15 16 17 18 19 13 14 14 15 15 16 17 19 18 19 13 14 14 15 15 16 17 19 19 18 18 20 21 22 23 24 25 26 27 27 27 27 27 20 22 21 24 23 25 26 27 27 27 27 27 28
0 0 1 2 3 4 2 4 3 5 6 7 8 9 10 6 8 7 10 9 11 12 13 13 14 14 15 15 12 13 13 14 14 15 15 16 12 13 13 14 14 15 15 16 17 12 13 13 14 14 15 15 17 16 17 12 13 13 14 14 15 15 17 17 16 16 18 19 20 21 22 23 24 25 25 25 25 25 18 20 19 22 21 24 23 25 25 25 25 25 26
0 1 1 1 1 2 1 1 3 4 1 1 5 4 6 1 1 7 6 4 6 1 1 8 6 6 4 4 1 1 6 7 8 3 5 2 1 1 6 8 5 7 2 3 4 1 1 4 3 7 2 8 5 4 6 1 1 4 5 2 8 3 7 6 4 6 9 10 11 11 11 11 11 11 11 11 11 11 10 9 11 11 11 11 11 11 11 11 11 11 12
0 1 2 1 2 3 1 2 3 4 1 2 4 3 4 1 2 4 4 3 3 2 1 5 6 6 6 6 2 1 6 5 6 6 6 4 2 1 6 6 5 6 6 4 3 2 1 6 6 6 5 6 3 4 3 2 1 6 6 6 6 5 3 3 4 4 7 8 9 9 9 9 9 10 10 10 10 10 8 7 10 10 10 10 10 9 9 9 9 9 11
0 1 2 1 2 3 1 2 3 4 1 2 4 3 4 1 2 4 4 3 3 2 1 5 6 6 7 7 2 1 7 7 6 6 5 4 2 1 7 6 7 5 6 4 3 2 1 6 5 7 6 7 3 4 3 2 1 6 7 5 7 6 3 3 4 4 8 9 10 10 10 10 10 11 11 11 11 11 9 8 11 11 11 11 11 10 10 10 10 10 12
0 1 2 1 2 3 1 2 3 4 1 2 4 4 3 1 2 4 3 4 3 2 1 5 6 7 8 9 2 1 8 7 9 6 5 4 2 1 9 8 6 5 7 4 3 2 1 6 9 5 7 8 3 4 3 2 1 7 5 8 9 6 3 3 4 4 10 10 11 11 11 11 11 11 11 11 11 11 10 10 11 11 11 11 11 11 11 11 11 11 12
0 1 2 1 2 3 1 2 4 5 1 2 6 5 7 1 2 8 7 5 7 1 2 9 7 7 5 5 1 2 7 8 9 4 6 3 1 2 7 9 6 8 3 4 5 1 2 5 4 8 3 9 6 5 7 1 2 5 6 3 9 4 8 7 5 7 10 11 12 12 12 12 12 12 12 12 12 12 10 11 12 12 12 12 12 12 12 12 12 12 13
0 1 2 3 2 4 5 4 2 4 6 4 4 2 2 4 5 6 1 3 0 4 6 3 5 0 1 2 2 1 5 0 6 3 2 4 2 3 0 6 1 5 4 2 4 7 8 8 8 8 8 7 7 7 7 7 8 8 8 8 8 7 7 7 7 9 8 7 7 7 7 7 8 8 8 8 10 11 8 7 7 7 7 7 8 8 8 8 11 10 9
0 1 2 3 4 5 3 4 5 6 3 4 5 7 8 3 4 5 7 8 9 3 4 5 9 8 7 9 3 4 5 9 8 9 7 7 3 4 5 8 7 8 8 6 8 3 4 5 8 7 8 8 8 6 9 3 4 5 8 9 6 8 8 8 9 7 3 4 5 8 9 8 6 8 8 7 9 7 10 11 12 13 13 13 13 13 13 13 13 13 13
0 1 2 3 4 5 3 4 5 6 3 4 5 7 8 3 4 5 7 8 9 3 4 5 10 9 9 8 3 4 5 10 9 8 9 8 3 4 5 9 10 7 10 7 6 3 4 5 9 10 10 7 6 7 8 3 4 5 8 7 6 10 10 7 8 9 3 4 5 8 7 10 6 7 10 9 8 9 11 12 13 14 14 14 14 14 14 14 14 14 14
0 1 2 3 4 5 6 7 8 9 10 11 12 13 14 15 16 17 18 19 20 21 22 23 24 25 26 27 21 22 23 24 25 26 27 28 21 22 23 24 25 26 27 28 29 21 22 23 24 25 26 27 29 28 29 21 22 23 24 25 26 27 29 29 28 28 30 31 32 33 34 35 36 37 37 37 37 37 30 31 32 33 34 35 36 37 37 37 37 37 38
--- order 21 (x1) ---
0 0 0 0 0 0 0 0 0 0 0 0 0 0 0 0 0 0 0 0 0 1 2 2 2 3 3 3 2 2 3 3 1 2 3 4 2 3 2 3 2 3 1 4 4 2 3 3 2 3 1 2 4 4 4 3 1 2 3 3 2 2 4 4 4 4 3 2 3 1 2 3 2 4 4 4 4 4 3 3 1 2 2 2 3 4 4 4 4 4 4
--- order 22 (x1) ---
0 1 2 1 2 3 1 2 3 4 1 2 5 6 4 1 2 5 4 6 7 1 2 7 7 6 4 5 1 2 7 6 7 5 4 3 1 2 6 5 7 6 3 4 3 1 2 6 7 5 3 6 3 4 5 1 2 4 3 5 7 3 6 5 4 7 1 2 4 5 3 3 7 5 6 7 4 6 8 9 10 10 10 10 10 10 10 10 10 10 10
--- order 24 (x128) ---
0 0 0 1 1 1 1 1 1 2 1 1 1 3 3 1 1 1 3 3 2 4 4 4 5 6 5 6 4 4 4 5 6 6 5 7 4 4 4 6 5 5 6 7 8 4 4 4 6 5 6 5 8 7 7 9 10 11 12 12 12 12 13 13 13 13 10 11 9 12 12 12 12 13 13 13 13 14 11 9 10 12 12 12 12 13 13 13 13 14 14
0 0 0 1 1 1 1 1 1 2 1 1 1 3 3 1 1 1 3 3 2 4 4 4 5 6 7 7 4 4 4 7 7 5 6 8 4 4 4 7 7 6 5 8 9 4 4 4 6 5 7 7 9 8 8 10 11 12 13 13 13 13 14 14 14 14 11 12 10 13 13 13 13 14 14 14 14 15 12 10 11 13 13 13 13 14 14 14 14 15 15
0 0 0 1 1 1 1 1 1 2 1 1 1 3 3 1 1 1 3 3 2 4 4 4 5 6 7 8 4 4 4 7 8 6 5 9 4 4 4 8 7 5 6 9 10 4 4 4 6 5 8 7 10 9 9 11 12 12 13 13 13 13 14 14 14 14 12 11 12 13 13 13 13 14 14 14 14 15 12 12 11 13 13 13 13 14 14 14 14 15 15
0 0 0 1 1 1 1 1 1 2 1 1 1 3 4 1 1 1 4 3 2 5 5 5 6 7 7 6 5 5 5 6 7 7 6 8 5 5 5 7 6 6 7 9 10 5 5 5 7 6 6 7 10 9 8 11 12 13 14 14 14 14 15 15 15 15 12 13 11 14 14 14 14 15 15 15 15 16 13 11 12 14 14 14 14 15 15 15 15 16 16
0 0 0 1 1 1 1 1 1 2 1 1 1 3 4 1 1 1 4 3 2 5 5 5 6 7 8 9 5 5 5 9 8 7 6 10 5 5 5 8 9 6 7 11 12 5 5 5 7 6 9 8 12 11 10 13 14 14 15 15 15 15 16 16 16 16 14 13 14 15 15 15 15 16 16 16 16 17 14 14 13 15 15 15 15 16 16 16 16 17 17
0 0 0 1 1 1 1 1 1 2 1 1 1 3 4 1 1 1 5 4 6 1 1 1 7 6 4 4 1 1 1 6 7 5 3 2 1 1 1 4 3 7 2 5 4 1 1 1 4 5 2 7 3 4 6 8 9 10 11 11 11 11 11 11 11 11 9 10 8 11 11 11 11 11 11 11 11 12 10 8 9 11 11 11 11 11 11 11 11 12 12
0 0 0 1 1 1 1 1 1 2 1 1 1 3 4 1 1 1 5 6 7 1 1 1 8 7 6 4 1 1 1 7 8 5 3 2 1 1 1 6 5 8 2 3 4 1 1 1 4 3 2 8 5 6 7 9 10 11 12 12 12 12 12 12 12 12 10 11 9 12 12 12 12 12 12 12 12 13 11 9 10 12 12 12 12 12 12 12 12 13 13
0 0 0 1 1 1 1 1 1 2 3 3 3 4 4 3 3 3 4 4 5 6 6 6 7 7 8 9 6 6 6 7 7 9 8 10 11 11 11 12 13 14 14 15 15 11 11 11 13 12 14 14 15 15 16 17 18 18 19 19 20 20 21 21 22 22 18 17 18 19 19 20 20 21 21 22 22 23 18 18 17 19 19 20 20 21 21 22 22 23 23
0 0 0 1 1 1 1 1 1 2 3 3 3 4 4 3 3 3 4 4 5 6 6 6 7 8 9 9 6 6 6 7 8 9 9 10 6 6 6 8 7 9 9 11 12 6 6 6 8 7 9 9 12 11 10 13 14 15 16 16 17 17 18 18 18 18 14 15 13 16 16 17 17 18 18 18 18 19 15 13 14 16 16 17 17 18 18 18 18 19 19
0 0 0 1 1 1 1 1 1 2 3 3 3 4 4 3 3 3 4 4 5 6 6 6 7 8 9 10 6 6 6 7 8 10 9 11 6 6 6 8 7 9 10 12 13 6 6 6 8 7 10 9 13 12 11 14 15 15 16 16 17 17 18 18 18 18 15 14 15 16 16 17 17 18 18 18 18 19 15 15 14 16 16 17 17 18 18 18 18 19 19
0 0 0 1 1 1 1 1 1 2 3 3 3 4 5 3 3 3 5 4 6 7 7 7 8 8 9 9 7 7 7 8 8 9 9 10 7 7 7 8 8 9 9 11 12 7 7 7 8 8 9 9 12 11 10 13 14 15 16 16 17 17 18 18 18 18 14 15 13 16 16 17 17 18 18 18 18 19 15 13 14 16 16 17 17 18 18 18 18 19 19
0 0 0 1 1 1 1 1 1 2 3 3 3 4 5 3 3 3 5 4 6 7 7 7 8 8 9 9 7 7 7 8 8 9 9 10 11 11 11 12 12 13 13 14 14 11 11 11 12 12 13 13 14 14 15 16 17 18 19 19 20 20 21 21 22 22 17 18 16 19 19 20 20 21 21 22 22 23 18 16 17 19 19 20 20 21 21 22 22 23 23
0 0 0 1 1 1 1 1 1 2 3 3 3 4 5 3 3 3 5 4 6 7 7 7 8 9 10 11 7 7 7 8 9 10 11 12 7 7 7 9 8 11 10 13 13 7 7 7 9 8 11 10 13 13 12 14 15 16 17 17 18 18 19 19 19 19 15 16 14 17 17 18 18 19 19 19 19 20 16 14 15 17 17 18 18 19 19 19 19 20 20
0 0 0 1 1 1 1 1 1 2 3 3 3 4 5 3 3 3 5 4 6 7 7 7 8 9 10 11 7 7 7 8 9 10 11 12 7 7 7 9 8 11 10 13 14 7 7 7 9 8 11 10 14 13 12 15 16 16 17 17 18 18 19 19 19 19 16 15 16 17 17 18 18 19 19 19 19 20 16 16 15 17 17 18 18 19 19 19 19 20 20
0 0 0 1 1 1 1 1 1 2 3 3 3 4 5 3 3 3 5 4 6 7 7 7 8 9 10 11 7 7 7 9 8 11 10 12 13 13 13 14 14 15 15 16 16 13 13 13 14 14 15 15 16 16 17 18 19 19 20 20 21 21 22 22 23 23 19 18 19 20 20 21 21 22 22 23 23 24 19 19 18 20 20 21 21 22 22 23 23 24 24
0 0 0 1 1 2 1 2 1 3 2 1 1 3 3 4 4 4 5 5 5 4 4 4 5 5 5 6 7 8 8 9 9 10 11 11 7 8 8 9 9 10 11 11 12 8 7 8 9 10 9 11 11 13 14 8 7 8 9 10 9 11 11 14 13 12 8 8 7 10 9 9 11 11 13 14 14 13 8 8 7 10 9 9 11 11 14 13 13 14 12
0 0 1 0 1 1 0 1 1 1 2 3 3 3 3 4 5 5 5 5 6 7 8 8 8 8 9 10 11 12 12 12 12 13 14 15 16 17 17 17 17 18 19 20 21 22 23 24 24 24 25 26 27 28 29 22 24 23 24 24 25 26 27 28 29 30 22 24 24 23 24 25 26 27 28 29 30 30 22 24 24 24 23 25 26 27 28 29 30 30 30
0 0 1 0 1 1 0 1 1 1 2 3 3 3 4 2 3 3 4 3 5 2 3 4 3 3 5 5 2 4 3 3 3 5 5 5 6 7 7 7 7 8 8 8 8 9 10 11 11 11 12 12 12 13 14 9 11 10 11 11 12 12 13 12 14 15 9 11 11 10 11 12 13 12 12 14 15 15 9 11 11 11 10 13 12 12 12 14 15 15 15
0 0 1 0 1 1 2 3 3 3 2 3 3 3 4 2 3 3 3 5 6 2 3 3 3 6 5 4 7 8 9 10 11 11 11 11 7 8 9 10 11 11 11 11 12 7 9 10 8 11 11 11 11 13 14 7 9 10 8 11 11 11 11 14 13 12 7 10 8 9 11 11 11 11 13 14 14 13 7 10 8 9 11 11 11 11 14 13 13 14 12
0 0 1 0 1 1 2 3 3 3 2 3 3 3 4 2 3 3 3 5 6 2 3 3 3 6 5 4 7 8 9 10 11 11 11 11 7 8 10 9 11 11 11 11 12 7 9 8 10 11 11 11 11 13 14 7 9 10 8 11 11 11 11 14 13 15 7 10 8 9 11 11 11 11 14 15 12 14 7 10 9 8 11 11 11 11 15 14 14 12 13
0 0 1 0 1 1 2 3 3 3 2 3 3 3 4 5 6 6 6 7 7 5 6 6 6 7 7 8 9 10 11 12 13 13 14 14 9 10 11 12 13 13 14 14 15 9 11 12 10 13 13 14 14 16 17 9 11 12 10 13 13 14 14 17 16 15 9 12 10 11 13 13 14 14 16 17 17 16 9 12 10 11 13 13 14 14 17 16 16 17 15
0 0 1 0 1 1 2 3 3 3 2 3 3 3 4 5 6 6 6 7 7 5 6 6 6 7 7 8 9 10 11 12 13 13 14 14 9 10 12 11 13 13 14 14 15 9 11 10 12 13 13 14 14 16 17 9 11 12 10 13 13 14 14 17 16 18 9 12 10 11 13 13 14 14 17 18 15 17 9 12 11 10 13 13 14 14 18 17 17 15 16
0 0 1 0 1 1 2 3 3 3 2 3 3 3 4 5 6 6 6 7 7 8 9 9 9 10 11 12 8 9 9 9 10 11 12 13 8 9 9 9 11 10 12 14 14 8 9 9 9 11 10 12 14 14 13 15 16 17 18 19 19 20 21 21 21 21 15 17 18 16 19 19 20 21 21 21 21 22 15 18 16 17 19 19 20 21 21 21 21 22 22
0 0 1 0 1 1 2 3 3 3 2 3 3 3 4 5 6 6 6 7 7 8 9 9 9 10 11 12 8 9 9 9 10 11 12 13 8 9 9 9 11 10 12 14 15 8 9 9 9 11 10 12 15 14 13 16 17 18 18 19 19 20 21 21 21 21 16 18 17 18 19 19 20 21 21 21 21 22 16 18 18 17 19 19 20 21 21 21 21 22 22
0 0 1 0 1 1 2 3 3 3 2 3 3 3 4 5 6 6 6 7 7 8 9 9 9 10 11 12 8 9 9 9 11 10 12 13 14 15 15 15 16 16 17 18 18 14 15 15 15 16 16 17 18 18 19 20 21 22 22 23 23 24 25 25 26 26 20 22 21 22 23 23 24 25 25 26 26 27 20 22 22 21 23 23 24 25 25 26 26 27 27
0 0 1 0 1 1 2 3 3 3 2 3 3 3 4 5 6 6 6 7 8 5 6 6 6 8 7 9 10 11 12 12 13 13 14 14 10 11 12 12 13 13 14 14 15 10 12 11 12 13 13 14 14 16 17 10 12 11 12 13 13 14 14 17 16 15 10 12 12 11 13 13 14 14 16 17 17 16 10 12 12 11 13 13 14 14 17 16 16 17 15
0 0 1 0 1 1 2 3 3 3 4 5 5 5 6 4 5 5 5 6 7 8 9 9 9 10 11 11 8 9 9 9 10 11 11 12 8 9 9 9 10 11 11 13 14 8 9 9 9 10 11 11 14 13 12 15 16 17 18 19 20 20 21 21 21 21 15 17 18 16 19 20 20 21 21 21 21 22 15 18 16 17 19 20 20 21 21 21 21 22 22
0 0 1 0 1 1 2 3 3 3 4 5 5 5 6 4 5 5 5 6 7 8 9 9 9 10 11 11 8 9 9 9 10 11 11 12 13 14 14 14 15 16 16 17 17 13 14 14 14 15 16 16 17 17 18 19 20 21 22 23 24 24 25 25 26 26 19 21 22 20 23 24 24 25 25 26 26 27 19 22 20 21 23 24 24 25 25 26 26 27 27
0 0 1 0 1 1 2 3 3 3 4 5 5 5 6 7 8 8 8 9 10 7 8 8 8 9 10 11 12 13 14 14 15 16 17 17 12 13 14 14 15 16 17 17 18 12 14 13 14 15 16 17 17 19 20 12 14 13 14 15 16 17 17 20 19 18 12 14 14 13 15 16 17 17 19 20 20 19 12 14 14 13 15 16 17 17 20 19 19 20 18
0 0 1 0 1 1 2 3 3 3 4 5 5 5 6 7 8 8 8 9 10 11 12 12 12 13 14 15 11 12 12 12 13 14 15 16 11 12 12 12 13 14 15 17 17 11 12 12 12 13 14 15 17 17 16 18 19 20 21 22 23 24 25 25 25 25 18 20 21 19 22 23 24 25 25 25 25 26 18 21 19 20 22 23 24 25 25 25 25 26 26
0 0 1 0 1 1 2 3 3 3 4 5 5 5 6 7 8 8 8 9 10 11 12 12 12 13 14 15 11 12 12 12 13 14 15 16 11 12 12 12 13 14 15 17 18 11 12 12 12 13 14 15 18 17 16 19 20 21 21 22 23 24 25 25 25 25 19 21 20 21 22 23 24 25 25 25 25 26 19 21 21 20 22 23 24 25 25 25 25 26 26
0 0 1 0 1 1 2 3 3 3 4 5 5 5 6 7 8 8 8 9 10 11 12 12 12 13 14 15 11 12 12 12 13 14 15 16 17 18 18 18 19 20 21 22 22 17 18 18 18 19 20 21 22 22 23 24 25 26 26 27 28 29 30 30 31 31 24 26 25 26 27 28 29 30 30 31 31 32 24 26 26 25 27 28 29 30 30 31 31 32 32
0 0 1 0 1 1 2 3 3 3 4 5 5 5 6 7 8 8 8 9 10 11 12 12 12 13 14 15 16 17 18 19 20 21 22 23 16 17 18 19 20 21 22 23 24 16 18 19 17 20 21 22 23 25 25 16 18 19 17 20 21 22 23 25 25 24 16 19 17 18 20 21 22 23 25 25 25 25 16 19 17 18 20 21 22 23 25 25 25 25 24
0 0 1 0 1 1 2 3 3 4 2 3 4 3 5 2 4 3 3 5 5 6 7 7 7 8 8 8 6 7 7 7 8 8 8 9 6 7 7 7 8 8 8 10 11 6 7 7 7 8 8 8 11 10 9 12 13 14 14 15 15 16 17 17 17 17 12 14 13 14 15 16 15 17 17 17 17 18 12 14 14 13 16 15 15 17 17 17 17 18 18
0 0 1 0 1 1 2 3 3 4 2 3 4 3 5 2 4 3 3 5 5 6 7 7 7 8 8 8 6 7 7 7 8 8 8 9 10 11 11 11 12 12 12 13 13 10 11 11 11 12 12 12 13 13 14 15 16 17 17 18 18 19 20 20 21 21 15 17 16 17 18 19 18 20 20 21 21 22 15 17 17 16 19 18 18 20 20 21 21 22 22
0 0 1 0 1 1 2 3 4 5 2 4 5 3 6 2 5 3 4 6 6 7 8 8 8 9 9 9 7 8 8 8 9 9 9 10 7 8 8 8 9 9 9 11 11 7 8 8 8 9 9 9 11 11 10 12 13 14 15 16 17 18 19 19 19 19 12 15 13 14 17 18 16 19 19 19 19 20 12 14 15 13 18 16 17 19 19 19 19 20 20
0 0 1 0 1 1 2 3 4 5 2 4 5 3 6 2 5 3 4 6 6 7 8 8 8 9 9 9 10 11 12 13 14 15 16 17 10 11 12 13 14 15 16 17 18 10 13 11 12 15 16 14 17 19 19 10 13 11 12 15 16 14 17 19 19 18 10 12 13 11 16 14 15 17 19 19 19 19 10 12 13 11 16 14 15 17 19 19 19 19 18
0 0 1 0 1 2 0 2 1 3 0 2 3 1 2 0 3 2 2 1 1 4 5 5 5 5 5 5 6 7 8 8 8 8 7 9 6 7 8 8 8 8 7 9 10 6 8 7 8 8 7 8 9 11 12 6 8 7 8 8 7 8 9 12 11 10 6 8 8 7 7 8 8 9 11 12 12 11 6 8 8 7 7 8 8 9 12 11 11 12 10
0 0 1 0 1 2 0 2 1 3 0 2 3 1 2 0 3 2 2 1 1 4 5 6 6 5 5 6 4 5 6 6 5 5 6 7 4 6 5 5 6 6 5 8 9 4 6 5 5 6 6 5 9 8 7 10 11 12 12 12 12 11 13 13 13 13 10 12 11 12 12 11 12 13 13 13 13 14 10 12 12 11 11 12 12 13 13 13 13 14 14
0 0 1 0 1 2 0 2 1 3 0 2 3 1 2 0 3 2 2 1 1 4 5 6 6 5 5 6 4 6 5 5 6 6 5 7 8 9 9 9 9 9 9 10 10 8 9 9 9 9 9 9 10 10 11 12 13 14 14 14 14 13 15 15 16 16 12 14 13 14 14 13 14 15 15 16 16 17 12 14 14 13 13 14 14 15 15 16 16 17 17
0 0 1 0 1 2 0 2 3 1 0 2 1 3 2 0 3 2 2 1 1 4 5 6 6 5 5 6 4 5 6 6 5 5 6 7 4 6 5 5 6 6 5 8 8 4 6 5 5 6 6 5 8 8 7 9 10 11 12 11 12 10 13 13 13 13 9 11 12 10 12 10 11 13 13 13 13 14 9 12 10 11 10 11 12 13 13 13 13 14 14
0 0 1 0 2 2 0 2 2 1 0 2 2 2 2 0 2 2 2 2 1 3 4 4 4 4 4 4 5 6 6 6 6 6 6 7 8 9 9 9 9 9 9 10 11 12 13 14 13 14 13 14 15 16 17 12 13 14 14 13 14 13 15 16 17 18 12 14 13 13 14 14 13 15 16 17 18 18 12 14 13 14 13 13 14 15 16 17 18 18 18
0 0 1 0 2 2 0 2 2 1 0 2 2 2 2 0 2 2 2 2 1 3 4 4 4 4 4 4 5 6 7 8 8 9 9 10 5 8 8 9 9 6 7 10 11 5 8 8 9 9 7 6 10 11 12 5 9 9 6 7 8 8 10 11 11 11 5 9 9 7 6 8 8 10 11 11 11 12 5 7 6 8 8 9 9 10 12 11 11 11 11
0 0 1 0 2 2 0 2 2 1 0 2 2 2 2 0 2 2 2 2 1 3 4 4 5 5 5 5 3 5 5 4 4 5 5 6 3 5 5 5 5 4 4 6 6 7 8 9 8 9 8 9 10 10 10 7 8 9 9 8 9 8 10 10 10 11 7 9 8 8 9 9 8 10 10 10 11 11 7 9 8 9 8 8 9 10 10 10 11 11 11
0 0 1 0 2 2 0 2 2 1 3 4 4 4 4 5 6 6 6 6 7 8 9 10 11 12 13 14 8 11 12 10 9 13 14 15 8 12 11 9 10 13 14 15 16 8 10 9 12 11 13 14 16 15 15 17 18 18 18 18 19 20 21 21 21 21 17 18 18 18 18 19 20 21 21 21 21 22 17 18 18 18 18 19 20 21 21 21 21 22 22
0 0 1 0 2 2 0 2 2 1 3 4 4 5 5 3 5 5 4 4 6 7 8 9 10 11 12 13 7 10 11 9 8 13 12 14 7 11 10 8 9 13 12 14 15 7 9 8 11 10 12 13 15 14 14 16 17 17 17 17 18 18 19 19 19 19 16 17 17 17 17 18 18 19 19 19 19 20 16 17 17 17 17 18 18 19 19 19 19 20 20
0 0 1 0 2 3 0 2 4 2 0 3 2 4 1 0 4 2 1 3 2 5 6 7 6 6 7 7 5 6 7 6 6 7 7 8 5 7 6 7 7 6 6 9 9 5 7 6 7 7 6 6 9 9 8 10 11 12 13 12 11 13 14 14 14 14 10 13 13 12 11 12 11 14 14 14 14 15 10 12 11 11 13 13 12 14 14 14 14 15 15
0 0 1 0 2 3 0 3 2 1 4 5 5 5 5 6 7 7 7 7 8 9 10 11 12 13 14 15 9 13 12 11 10 14 15 16 9 12 13 10 11 14 15 17 18 9 11 10 13 12 14 15 18 17 16 19 20 20 20 20 21 22 23 23 23 23 19 20 20 20 20 21 22 23 23 23 23 24 19 20 20 20 20 21 22 23 23 23 23 24 24
0 0 1 0 2 3 0 3 2 1 4 5 6 6 5 4 6 5 5 6 7 8 9 10 11 12 13 14 8 12 11 10 9 13 14 15 8 11 12 9 10 14 13 16 17 8 10 9 12 11 14 13 17 16 15 18 19 19 19 19 20 20 21 21 21 21 18 19 19 19 19 20 20 21 21 21 21 22 18 19 19 19 19 20 20 21 21 21 21 22 22
0 0 1 1 0 0 2 2 3 3 2 3 2 3 4 3 2 3 2 4 5 3 3 2 2 5 4 4 6 7 7 6 8 8 8 8 6 7 7 6 8 8 8 8 9 6 7 7 6 8 8 8 8 9 9 7 6 6 7 8 8 8 8 10 11 12 7 6 6 7 8 8 8 8 11 12 10 9 7 6 6 7 8 8 8 8 12 10 11 9 9
0 0 1 1 0 0 2 3 3 4 4 3 3 2 5 3 2 4 3 6 6 3 4 2 3 6 6 5 7 8 8 7 9 9 10 10 7 8 8 7 9 9 10 10 11 7 8 8 7 9 9 10 10 11 11 8 7 7 8 10 10 9 9 12 13 14 8 7 7 8 10 10 9 9 13 14 12 11 8 7 7 8 10 10 9 9 14 12 13 11 11
0 0 1 1 0 0 2 3 4 5 5 4 3 2 6 3 5 2 4 7 7 4 2 5 3 7 7 6 8 9 9 8 10 10 11 11 8 9 9 8 10 10 11 11 12 8 9 9 8 10 10 11 11 12 12 9 8 8 9 11 11 10 10 13 14 14 9 8 8 9 11 11 10 10 14 13 14 12 9 8 8 9 11 11 10 10 14 14 13 12 12
0 0 1 1 0 2 1 2 0 1 2 1 1 0 0 3 4 4 3 3 4 4 3 3 4 4 3 5 6 7 7 7 7 6 8 8 6 7 7 7 7 6 8 8 9 7 6 7 7 6 7 8 8 10 11 7 6 7 7 6 7 8 8 11 10 9 7 7 6 6 7 7 8 8 10 11 11 10 7 7 6 6 7 7 8 8 11 10 10 11 9
0 0 1 1 2 0 1 0 2 1 2 1 1 0 0 3 3 3 3 3 3 3 3 3 3 3 3 4 5 6 7 6 7 5 8 8 5 6 7 6 7 5 8 8 9 6 7 5 7 5 6 8 8 10 11 6 7 5 7 5 6 8 8 11 10 9 7 5 6 5 6 7 8 8 10 11 11 10 7 5 6 5 6 7 8 8 11 10 10 11 9
0 0 1 2 3 3 2 3 3 4 5 6 6 7 7 5 6 6 7 7 8 9 10 11 12 13 14 15 9 10 11 13 12 15 14 16 9 11 10 12 13 15 14 17 18 9 11 10 13 12 14 15 18 17 16 19 20 20 21 21 22 22 23 23 23 23 19 20 20 21 21 22 22 23 23 23 23 24 19 20 20 21 21 22 22 23 23 23 23 24 24
0 0 1 2 3 3 2 3 3 4 5 6 6 7 7 8 9 9 10 10 11 12 13 13 14 15 16 17 12 13 13 15 14 16 17 18 19 20 21 22 22 23 24 25 25 19 21 20 22 22 23 24 25 25 26 27 28 28 29 29 30 31 32 32 33 33 27 28 28 29 29 30 31 32 32 33 33 34 27 28 28 29 29 30 31 32 32 33 33 34 34
0 0 1 2 3 3 2 3 3 4 5 6 6 7 7 8 9 9 10 10 11 12 13 14 15 16 17 18 12 13 14 16 15 17 18 19 12 14 13 15 16 17 18 20 21 12 14 13 16 15 17 18 21 20 19 22 23 23 24 24 25 26 27 27 27 27 22 23 23 24 24 25 26 27 27 27 27 28 22 23 23 24 24 25 26 27 27 27 27 28 28
0 0 1 2 3 3 2 3 3 4 5 6 6 7 8 5 6 6 8 7 9 10 11 11 12 13 14 15 10 11 11 13 12 15 14 16 17 18 19 20 20 21 21 22 22 17 19 18 20 20 21 21 22 22 23 24 25 25 26 26 27 27 28 28 29 29 24 25 25 26 26 27 27 28 28 29 29 30 24 25 25 26 26 27 27 28 28 29 29 30 30
0 0 1 2 3 3 2 3 3 4 5 6 6 7 8 5 6 6 8 7 9 10 11 12 13 14 15 16 10 11 12 14 13 16 15 17 10 12 11 13 14 15 16 18 19 10 12 11 14 13 16 15 19 18 17 20 21 21 22 22 23 23 24 24 24 24 20 21 21 22 22 23 23 24 24 24 24 25 20 21 21 22 22 23 23 24 24 24 24 25 25
0 0 1 2 3 3 4 5 5 6 4 5 5 6 7 8 9 10 11 12 12 8 10 9 11 12 12 13 14 15 15 16 17 18 19 19 14 15 15 16 17 18 19 19 20 14 15 15 16 17 18 19 19 20 20 14 15 15 16 18 17 19 19 21 22 22 14 15 15 16 18 17 19 19 22 21 22 20 14 15 15 16 18 17 19 19 22 22 21 20 20
0 0 1 2 3 3 4 5 5 6 7 8 8 9 10 11 12 12 13 14 15 16 17 18 19 20 21 22 16 17 18 19 20 21 22 23 16 18 17 19 20 21 22 24 25 16 18 17 19 20 21 22 25 24 23 26 27 27 28 29 30 31 32 32 32 32 26 27 27 28 29 30 31 32 32 32 32 33 26 27 27 28 29 30 31 32 32 32 32 33 33
0 0 1 2 3 3 4 5 5 6 7 8 8 9 10 11 12 12 13 14 15 16 17 18 19 20 21 22 16 18 17 19 20 21 22 23 24 25 25 26 27 28 29 30 30 24 25 25 26 27 28 29 30 30 31 32 33 33 34 35 36 37 38 38 39 39 32 33 33 34 35 36 37 38 38 39 39 40 32 33 33 34 35 36 37 38 38 39 39 40 40
0 0 1 2 3 3 4 5 5 6 7 8 8 9 10 11 12 13 14 15 16 11 13 12 14 15 16 17 18 19 19 20 21 22 23 23 18 19 19 20 21 22 23 23 24 18 19 19 20 21 22 23 23 25 26 18 19 19 20 21 22 23 23 25 26 26 18 19 19 20 21 22 23 23 26 25 24 25 18 19 19 20 21 22 23 23 26 25 25 24 26
0 0 1 2 3 3 4 5 6 7 4 5 6 7 8 4 6 5 7 9 9 4 6 5 7 9 9 8 10 11 12 13 14 14 15 15 10 11 12 13 14 14 15 15 16 10 11 12 13 14 14 15 15 16 16 10 12 11 13 15 15 14 14 17 18 19 10 12 11 13 15 15 14 14 18 19 17 16 10 12 11 13 15 15 14 14 19 17 18 16 16
0 0 1 2 3 3 4 5 6 7 4 5 6 7 8 4 6 5 7 9 10 4 6 5 7 10 9 8 11 12 12 13 14 14 14 14 11 12 12 13 14 14 14 14 15 11 12 12 13 14 14 14 14 16 17 11 12 12 13 14 14 14 14 18 17 17 11 12 12 13 14 14 14 14 17 16 18 15 11 12 12 13 14 14 14 14 17 18 15 16 17
0 0 1 2 3 3 4 5 6 7 4 5 6 7 8 4 6 5 7 9 10 4 6 5 7 10 9 8 11 12 12 13 14 15 15 14 11 12 12 13 14 15 15 14 16 11 12 12 13 14 15 15 14 16 16 11 12 12 13 15 14 14 15 17 18 18 11 12 12 13 15 14 14 15 18 17 18 16 11 12 12 13 15 14 14 15 18 18 17 16 16
0 0 1 2 3 3 4 5 6 7 4 5 6 7 8 4 6 5 7 9 10 4 6 5 7 10 9 8 11 12 13 14 15 15 16 16 11 12 13 14 15 15 16 16 17 11 12 13 14 15 15 16 16 17 17 11 13 12 14 16 16 15 15 18 19 19 11 13 12 14 16 16 15 15 19 18 19 17 11 13 12 14 16 16 15 15 19 19 18 17 17
0 0 1 2 3 3 4 5 6 7 4 6 5 7 8 9 10 10 11 12 12 9 10 10 11 12 12 13 14 15 15 16 17 17 18 18 14 15 15 16 17 17 18 18 19 14 15 15 16 17 17 18 18 20 21 14 15 15 16 17 17 18 18 22 21 21 14 15 15 16 17 17 18 18 21 20 22 19 14 15 15 16 17 17 18 18 21 22 19 20 21
0 0 1 2 3 3 4 5 6 7 4 6 5 7 8 9 10 10 11 12 12 9 10 10 11 12 12 13 14 15 16 17 18 19 20 20 14 15 16 17 18 19 20 20 21 14 15 16 17 18 19 20 20 21 21 14 16 15 17 19 18 20 20 22 23 23 14 16 15 17 19 18 20 20 23 22 23 21 14 16 15 17 19 18 20 20 23 23 22 21 21
0 0 1 2 3 4 2 4 3 5 6 7 7 8 8 9 10 10 11 11 12 13 14 15 16 17 18 19 13 14 15 16 17 18 19 20 13 15 14 17 16 18 19 21 22 13 15 14 17 16 18 19 22 21 20 23 24 24 25 25 26 27 28 28 28 28 23 24 24 25 25 26 27 28 28 28 28 29 23 24 24 25 25 26 27 28 28 28 28 29 29
0 0 1 2 3 4 2 4 3 5 6 7 7 8 8 9 10 10 11 11 12 13 14 15 16 17 18 19 13 15 14 17 16 18 19 20 21 22 22 23 23 24 25 26 26 21 22 22 23 23 24 25 26 26 27 28 29 29 30 30 31 32 33 33 34 34 28 29 29 30 30 31 32 33 33 34 34 35 28 29 29 30 30 31 32 33 33 34 34 35 35
0 0 1 2 3 4 2 4 3 5 6 7 7 8 8 9 10 11 12 13 14 9 11 10 13 12 14 15 16 17 17 18 18 19 20 20 16 17 17 18 18 19 20 20 21 16 17 17 18 18 19 20 20 22 23 16 17 17 18 18 19 20 20 22 23 23 16 17 17 18 18 19 20 20 23 22 21 22 16 17 17 18 18 19 20 20 23 22 22 21 23
0 0 1 2 3 4 2 4 3 5 6 7 8 9 10 6 8 7 10 9 11 12 13 14 15 16 17 18 12 13 14 15 16 17 18 19 12 14 13 16 15 18 17 20 21 12 14 13 16 15 18 17 21 20 19 22 23 23 24 24 25 25 26 26 26 26 22 23 23 24 24 25 25 26 26 26 26 27 22 23 23 24 24 25 25 26 26 26 26 27 27
0 0 1 2 3 4 2 4 3 5 6 7 8 9 10 6 8 7 10 9 11 12 13 14 15 16 17 18 12 14 13 16 15 18 17 19 20 21 21 22 22 23 23 24 24 20 21 21 22 22 23 23 24 24 25 26 27 27 28 28 29 29 30 30 31 31 26 27 27 28 28 29 29 30 30 31 31 32 26 27 27 28 28 29 29 30 30 31 31 32 32
0 1 1 1 1 0 1 1 1 1 1 1 1 1 0 2 3 2 3 2 3 2 3 3 2 3 2 4 3 2 2 3 3 2 4 4 3 2 3 2 2 3 4 4 4 5 6 5 6 6 5 7 7 7 8 5 6 6 5 5 6 7 7 8 7 9 6 5 5 6 5 6 7 8 7 7 9 9 6 5 6 5 6 5 8 7 7 7 9 9 9
0 1 1 1 1 0 2 3 4 5 4 5 3 2 6 5 4 2 3 6 7 3 2 5 4 7 6 6 8 8 8 8 9 9 9 9 8 8 8 8 9 9 9 9 10 8 8 8 8 9 9 9 9 11 12 8 8 8 8 9 9 9 9 13 12 12 8 8 8 8 9 9 9 9 12 11 13 10 8 8 8 8 9 9 9 9 12 13 10 11 12
0 1 1 1 1 2 1 1 3 4 1 1 4 3 2 5 6 7 7 7 7 6 5 7 7 7 7 8 9 9 10 11 11 10 12 12 9 9 10 11 11 10 12 12 13 9 9 10 11 11 10 12 12 13 13 9 9 11 10 10 11 12 12 14 15 16 9 9 11 10 10 11 12 12 15 16 14 13 9 9 11 10 10 11 12 12 16 14 15 13 13
0 1 1 1 1 2 1 1 3 4 1 1 5 4 4 1 1 6 7 7 8 1 1 9 7 8 7 4 1 1 10 8 7 7 4 4 1 1 8 10 9 6 5 3 2 1 1 7 6 10 9 3 2 5 4 1 1 7 9 6 10 2 5 3 4 4 1 1 4 3 5 2 10 6 9 7 7 8 1 1 4 5 2 3 9 10 6 7 8 7 4
0 1 1 1 1 2 1 1 3 4 1 1 5 6 7 1 1 5 7 8 5 1 1 8 6 5 6 4 1 1 8 7 6 3 7 8 1 1 4 3 2 8 6 7 5 1 1 6 5 8 4 8 7 2 7 1 1 6 8 7 7 2 3 5 5 6 1 1 7 5 6 8 3 2 6 8 5 4 1 1 7 8 5 2 6 5 4 6 3 8 7
0 1 1 1 1 2 3 3 4 5 3 3 5 4 6 7 8 9 9 10 10 8 7 9 9 10 10 11 12 12 13 13 14 14 15 15 12 12 13 13 14 14 15 15 16 12 12 13 13 14 14 15 15 17 18 12 12 13 13 14 14 15 15 19 18 18 12 12 13 13 14 14 15 15 18 17 19 16 12 12 13 13 14 14 15 15 18 19 16 17 18
0 1 1 1 1 2 3 3 4 5 3 3 5 4 6 7 8 9 9 10 10 8 7 9 9 10 10 11 12 12 13 14 15 16 17 17 12 12 13 14 15 16 17 17 18 12 12 13 14 15 16 17 17 18 18 12 12 14 13 16 15 17 17 19 20 20 12 12 14 13 16 15 17 17 20 19 20 18 12 12 14 13 16 15 17 17 20 20 19 18 18
0 1 1 1 1 2 3 4 5 5 3 4 5 5 6 4 3 5 5 7 8 4 3 5 5 8 7 6 9 9 10 11 12 12 12 12 9 9 10 11 12 12 12 12 13 9 9 10 11 12 12 12 12 13 13 9 9 11 10 12 12 12 12 14 15 16 9 9 11 10 12 12 12 12 15 16 14 13 9 9 11 10 12 12 12 12 16 14 15 13 13
0 1 1 1 1 2 3 4 5 5 4 3 5 5 6 7 7 8 8 9 9 7 7 8 8 9 9 10 11 11 12 13 14 14 15 15 11 11 12 13 14 14 15 15 16 11 11 12 13 14 14 15 15 16 16 11 11 13 12 14 14 15 15 17 18 19 11 11 13 12 14 14 15 15 18 19 17 16 11 11 13 12 14 14 15 15 19 17 18 16 16
0 1 1 1 1 2 3 4 5 6 3 4 6 5 7 4 3 5 6 8 9 4 3 6 5 9 8 7 10 10 11 11 12 12 12 12 10 10 11 11 12 12 12 12 13 10 10 11 11 12 12 12 12 14 15 10 10 11 11 12 12 12 12 16 15 15 10 10 11 11 12 12 12 12 15 14 16 13 10 10 11 11 12 12 12 12 15 16 13 14 15
0 1 2 1 2 1 2 1 0 2 2 1 2 0 1 3 3 3 3 3 3 3 3 3 3 3 3 4 5 6 7 6 7 5 8 8 5 6 6 7 5 7 8 8 9 7 7 5 6 6 5 8 8 9 10 7 7 6 5 5 6 8 8 10 9 11 6 5 5 7 6 7 8 8 10 11 9 10 6 5 7 5 7 6 8 8 11 10 10 9 9
0 1 2 1 2 2 2 1 0 1 2 1 1 0 2 3 3 3 3 3 3 3 3 3 3 3 3 4 5 6 7 6 8 5 9 9 5 6 6 7 5 8 9 9 10 8 7 6 6 5 5 9 9 10 10 7 8 5 5 6 6 9 9 11 11 12 6 5 5 8 6 7 9 9 11 12 11 10 6 5 8 5 7 6 9 9 12 11 11 10 10
0 1 2 1 2 3 1 2 3 4 1 2 5 4 4 1 2 6 7 7 8 1 2 9 8 7 7 4 1 2 9 7 8 7 4 4 1 2 8 9 9 6 5 3 3 1 2 7 6 9 9 3 5 3 4 1 2 7 9 6 9 3 3 5 4 4 1 2 4 3 5 3 9 9 6 7 7 8 1 2 4 5 3 3 9 6 9 7 8 7 4
0 1 2 1 2 3 1 2 3 4 1 2 5 4 6 1 2 5 6 4 7 1 2 8 7 6 6 4 1 2 8 6 7 4 6 4 1 2 7 8 8 5 5 3 3 1 2 4 3 5 3 8 8 5 6 1 2 4 5 3 8 3 5 8 6 6 1 2 6 5 8 3 8 5 3 4 4 7 1 2 6 8 5 8 3 3 5 4 7 4 6
0 1 2 1 2 3 1 2 3 4 1 2 5 6 7 1 2 5 7 6 4 1 2 8 6 7 7 6 1 2 8 7 6 6 7 4 1 2 4 3 3 5 5 8 8 1 2 6 5 5 8 8 3 3 7 1 2 6 8 8 3 3 5 5 7 7 1 2 7 5 5 8 8 3 3 6 4 6 1 2 7 8 8 3 3 5 5 6 6 4 7
0 1 2 1 2 3 1 2 4 5 1 2 4 5 4 1 2 6 6 7 5 1 2 6 6 5 7 3 1 2 7 5 6 5 4 5 1 2 7 5 5 6 5 4 7 1 2 5 4 6 7 5 7 3 5 1 2 5 4 7 6 7 5 5 3 4 1 2 5 7 3 5 5 4 6 4 6 5 1 2 5 7 5 3 4 5 4 6 5 6 7
0 1 2 1 2 3 1 2 4 5 1 2 4 5 5 1 2 5 4 3 4 1 2 5 4 4 3 5 2 1 6 6 7 8 7 8 2 1 6 6 7 8 7 8 3 2 1 7 7 8 6 8 6 4 5 2 1 7 7 8 6 8 6 5 4 3 2 1 8 8 6 7 6 7 4 5 5 4 2 1 8 8 6 7 6 7 5 4 4 5 3
0 1 2 1 2 3 1 2 4 5 1 2 4 5 5 1 2 5 4 3 4 1 2 5 4 4 3 5 2 1 6 7 6 8 7 8 2 1 6 7 8 6 8 7 4 2 1 8 8 6 7 7 6 4 5 2 1 8 8 7 6 6 7 5 4 3 2 1 7 6 8 7 8 6 5 3 4 5 2 1 7 6 7 8 6 8 3 5 5 4 4
0 1 2 1 2 3 1 2 4 5 1 2 4 5 5 1 2 5 4 3 4 1 2 5 4 4 3 5 2 1 6 7 8 7 9 6 2 1 6 7 7 8 6 9 5 2 1 9 8 7 7 6 6 5 5 2 1 8 9 6 6 7 7 4 4 3 2 1 7 6 6 9 7 8 4 3 4 5 2 1 7 6 9 6 8 7 3 4 4 5 5
0 1 2 1 2 3 1 2 4 5 1 2 5 4 3 6 7 8 8 8 8 6 7 8 8 8 8 9 10 11 12 13 13 12 14 14 10 11 12 13 13 12 14 14 15 10 11 12 13 13 12 14 14 15 15 10 11 13 12 12 13 14 14 16 17 18 10 11 13 12 12 13 14 14 17 18 16 15 10 11 13 12 12 13 14 14 18 16 17 15 15
0 1 2 1 2 3 1 2 4 5 1 2 6 7 6 1 2 6 7 6 5 1 2 6 7 7 6 7 1 2 6 7 7 7 6 4 1 2 5 4 3 7 7 6 6 1 2 7 6 6 6 7 5 3 7 1 2 7 6 6 7 6 3 5 7 4 1 2 7 6 7 3 4 7 6 6 7 6 1 2 7 6 7 4 3 6 7 6 6 7 5
0 1 2 1 2 3 2 1 4 5 2 1 5 4 3 6 6 7 7 7 7 6 6 7 7 7 7 8 9 9 10 11 11 10 12 12 9 9 10 11 11 10 12 12 13 9 9 10 11 11 10 12 12 13 13 9 9 11 10 10 11 12 12 14 15 16 9 9 11 10 10 11 12 12 15 16 14 13 9 9 11 10 10 11 12 12 16 14 15 13 13
0 1 2 1 2 3 2 1 4 5 2 1 5 4 3 6 6 7 7 7 7 6 6 7 7 7 7 8 9 10 11 11 12 12 13 13 9 10 11 11 12 12 13 13 14 9 10 11 11 12 12 13 13 14 14 10 9 12 12 11 11 13 13 15 16 17 10 9 12 12 11 11 13 13 16 17 15 14 10 9 12 12 11 11 13 13 17 15 16 14 14
0 1 2 1 2 3 4 5 6 6 4 5 6 6 7 4 5 6 6 8 9 4 5 6 6 9 8 7 10 11 12 13 14 14 14 14 10 11 12 13 14 14 14 14 15 10 11 12 13 14 14 14 14 15 15 10 11 13 12 14 14 14 14 16 17 18 10 11 13 12 14 14 14 14 17 18 16 15 10 11 13 12 14 14 14 14 18 16 17 15 15
0 1 2 1 2 3 4 5 6 6 4 5 6 6 7 8 9 10 10 11 11 8 9 10 10 11 11 12 13 14 15 16 17 17 18 18 13 14 15 16 17 17 18 18 19 13 14 15 16 17 17 18 18 19 19 13 14 16 15 17 17 18 18 20 21 22 13 14 16 15 17 17 18 18 21 22 20 19 13 14 16 15 17 17 18 18 22 20 21 19 19
0 1 2 1 3 1 2 1 3 0 3 1 0 2 1 4 4 4 4 4 4 4 4 4 4 4 4 5 6 7 8 7 6 8 9 9 6 7 8 7 6 8 9 9 10 8 8 7 6 7 6 9 9 11 12 8 8 7 6 7 6 9 9 12 11 10 7 6 6 8 8 7 9 9 11 12 12 11 7 6 6 8 8 7 9 9 12 11 11 12 10
0 1 2 2 1 0 3 3 4 4 4 4 3 3 5 6 7 6 7 8 8 7 6 7 6 8 8 9 10 11 11 10 12 12 13 13 10 11 11 10 12 12 13 13 14 10 11 11 10 12 12 13 13 14 14 11 10 10 11 12 12 13 13 15 16 16 11 10 10 11 12 12 13 13 16 15 16 14 11 10 10 11 12 12 13 13 16 16 15 14 14
0 1 2 2 1 0 3 4 3 4 3 4 3 4 5 4 3 4 3 6 7 4 3 4 3 7 6 5 8 9 9 8 10 10 10 10 8 9 9 8 10 10 10 10 11 8 9 9 8 10 10 10 10 11 11 9 8 8 9 10 10 10 10 12 13 14 9 8 8 9 10 10 10 10 13 14 12 11 9 8 8 9 10 10 10 10 14 12 13 11 11
0 1 2 2 1 0 3 4 4 3 3 4 4 3 5 4 3 3 4 6 7 4 3 3 4 7 6 5 8 9 9 8 10 10 11 11 8 9 9 8 10 10 11 11 12 8 9 9 8 10 10 11 11 12 12 9 8 8 9 11 11 10 10 13 14 15 9 8 8 9 11 11 10 10 14 15 13 12 9 8 8 9 11 11 10 10 15 13 14 12 12
0 1 2 2 1 0 3 4 4 3 4 3 3 4 5 6 7 6 7 8 8 7 6 7 6 8 8 9 10 11 11 10 12 13 14 14 10 11 11 10 12 13 14 14 15 10 11 11 10 12 13 14 14 15 15 11 10 10 11 13 12 14 14 16 17 17 11 10 10 11 13 12 14 14 17 16 17 15 11 10 10 11 13 12 14 14 17 17 16 15 15
0 1 2 2 1 0 3 4 5 6 6 5 4 3 7 5 6 3 4 8 9 4 3 6 5 9 8 7 10 10 10 10 11 11 11 11 10 10 10 10 11 11 11 11 12 10 10 10 10 11 11 11 11 13 14 10 10 10 10 11 11 11 11 15 14 14 10 10 10 10 11 11 11 11 14 13 15 12 10 10 10 10 11 11 11 11 14 15 12 13 14
0 1 2 2 1 0 3 4 5 6 6 5 4 3 7 5 6 3 4 8 9 4 3 6 5 9 8 7 10 11 11 10 12 12 13 13 10 11 11 10 12 12 13 13 14 10 11 11 10 12 12 13 13 14 14 11 10 10 11 13 13 12 12 15 16 16 11 10 10 11 13 13 12 12 16 15 16 14 11 10 10 11 13 13 12 12 16 16 15 14 14
0 1 2 2 1 3 4 4 5 5 4 4 5 5 6 4 4 5 5 7 8 4 4 5 5 8 7 6 9 10 11 12 13 13 13 13 9 10 11 12 13 13 13 13 14 9 10 11 12 13 13 13 13 14 14 10 9 12 11 13 13 13 13 15 16 17 10 9 12 11 13 13 13 13 16 17 15 14 10 9 12 11 13 13 13 13 17 15 16 14 14
0 1 2 2 1 3 4 4 5 5 4 4 5 5 6 7 7 8 8 9 9 7 7 8 8 9 9 10 11 12 13 14 15 15 16 16 11 12 13 14 15 15 16 16 17 11 12 13 14 15 15 16 16 17 17 12 11 14 13 15 15 16 16 18 19 20 12 11 14 13 15 15 16 16 19 20 18 17 12 11 14 13 15 15 16 16 20 18 19 17 17
0 1 2 2 1 3 4 4 5 5 4 4 5 5 6 7 8 9 10 11 11 8 7 10 9 11 11 12 13 13 14 14 15 16 17 17 13 13 14 14 15 16 17 17 18 13 13 14 14 15 16 17 17 18 18 13 13 14 14 16 15 17 17 19 20 20 13 13 14 14 16 15 17 17 20 19 20 18 13 13 14 14 16 15 17 17 20 20 19 18 18
0 1 2 2 1 3 4 5 6 7 4 5 6 7 8 5 4 7 6 9 9 5 4 7 6 9 9 8 10 11 12 13 14 14 15 15 10 11 12 13 14 14 15 15 16 10 11 12 13 14 14 15 15 16 16 11 10 13 12 15 15 14 14 17 18 19 11 10 13 12 15 15 14 14 18 19 17 16 11 10 13 12 15 15 14 14 19 17 18 16 16
0 1 2 2 1 3 4 5 6 7 4 5 6 7 8 5 4 7 6 9 10 5 4 7 6 10 9 8 11 11 12 12 13 13 13 13 11 11 12 12 13 13 13 13 14 11 11 12 12 13 13 13 13 15 16 11 11 12 12 13 13 13 13 17 16 16 11 11 12 12 13 13 13 13 16 15 17 14 11 11 12 12 13 13 13 13 16 17 14 15 16
0 1 2 2 1 3 4 5 6 7 4 5 6 7 8 5 4 7 6 9 10 5 4 7 6 10 9 8 11 11 12 12 13 14 14 13 11 11 12 12 13 14 14 13 15 11 11 12 12 13 14 14 13 15 15 11 11 12 12 14 13 13 14 16 17 17 11 11 12 12 14 13 13 14 17 16 17 15 11 11 12 12 14 13 13 14 17 17 16 15 15
0 1 2 2 1 3 4 5 6 7 4 5 6 7 8 5 4 7 6 9 10 5 4 7 6 10 9 8 11 12 13 14 15 15 16 16 11 12 13 14 15 15 16 16 17 11 12 13 14 15 15 16 16 17 17 12 11 14 13 16 16 15 15 18 19 19 12 11 14 13 16 16 15 15 19 18 19 17 12 11 14 13 16 16 15 15 19 19 18 17 17
0 1 2 2 1 3 4 5 6 7 5 4 7 6 8 9 9 10 10 11 11 9 9 10 10 11 11 12 13 13 14 14 15 15 16 16 13 13 14 14 15 15 16 16 17 13 13 14 14 15 15 16 16 18 19 13 13 14 14 15 15 16 16 20 19 19 13 13 14 14 15 15 16 16 19 18 20 17 13 13 14 14 15 15 16 16 19 20 17 18 19
0 1 2 2 1 3 4 5 6 7 5 4 7 6 8 9 9 10 10 11 11 9 9 10 10 11 11 12 13 14 15 16 17 18 19 19 13 14 15 16 17 18 19 19 20 13 14 15 16 17 18 19 19 20 20 14 13 16 15 18 17 19 19 21 22 22 14 13 16 15 18 17 19 19 22 21 22 20 14 13 16 15 18 17 19 19 22 22 21 20 20
0 1 2 2 1 3 4 5 6 7 5 4 7 6 8 9 10 11 12 13 14 10 9 12 11 14 13 15 16 16 17 17 18 18 19 19 16 16 17 17 18 18 19 19 20 16 16 17 17 18 18 19 19 21 22 16 16 17 17 18 18 19 19 21 22 22 16 16 17 17 18 18 19 19 22 21 20 21 16 16 17 17 18 18 19 19 22 21 21 20 22
0 1 2 3 2 4 5 4 2 2 4 5 3 1 0 2 1 5 0 3 2 2 3 0 5 1 2 4 6 7 7 7 7 6 6 6 6 7 7 7 7 6 6 6 8 6 7 7 7 7 6 6 6 8 8 7 6 6 6 6 7 7 7 9 10 11 7 6 6 6 6 7 7 7 10 11 9 8 7 6 6 6 6 7 7 7 11 9 10 8 8
0 1 2 3 4 5 3 5 4 2 4 3 3 1 0 5 3 3 0 1 2 2 1 0 3 3 5 4 6 7 7 7 7 6 6 6 6 7 7 7 7 6 6 6 8 6 7 7 7 7 6 6 6 8 8 7 6 6 6 6 7 7 7 9 10 11 7 6 6 6 6 7 7 7 10 11 9 8 7 6 6 6 6 7 7 7 11 9 10 8 8
0 1 2 3 4 5 6 5 4 2 5 6 3 1 0 4 3 6 0 1 2 2 1 0 6 3 4 5 7 8 8 8 8 7 7 7 7 8 8 8 8 7 7 7 9 7 8 8 8 8 7 7 7 9 9 8 7 7 7 7 8 8 8 10 11 12 8 7 7 7 7 8 8 8 11 12 10 9 8 7 7 7 7 8 8 8 12 10 11 9 9
0 1 2 3 4 5 6 7 8 9 6 7 8 9 10 6 7 8 9 10 11 6 7 8 9 11 10 10 12 13 14 15 16 17 17 16 12 13 14 15 16 17 17 16 18 12 13 14 15 16 17 17 16 18 18 12 13 14 15 17 16 16 17 19 20 21 12 13 14 15 17 16 16 17 20 21 19 18 12 13 14 15 17 16 16 17 21 19 20 18 18
0 1 2 3 4 5 6 7 8 9 6 7 8 9 10 6 7 8 9 11 12 6 7 8 9 12 11 10 13 14 15 16 17 17 17 17 13 14 15 16 17 17 17 17 18 13 14 15 16 17 17 17 17 19 20 13 14 15 16 17 17 17 17 21 20 20 13 14 15 16 17 17 17 17 20 19 21 18 13 14 15 16 17 17 17 17 20 21 18 19 20
0 1 2 3 4 5 6 7 8 9 6 7 8 9 10 6 7 8 9 11 12 6 7 8 9 12 11 10 13 14 15 16 17 18 18 17 13 14 15 16 17 18 18 17 19 13 14 15 16 17 18 18 17 19 19 13 14 15 16 18 17 17 18 20 21 21 13 14 15 16 18 17 17 18 21 20 21 19 13 14 15 16 18 17 17 18 21 21 20 19 19
0 1 2 3 4 5 6 7 8 9 6 7 8 9 10 11 12 13 14 15 15 11 12 13 14 15 15 16 17 18 19 20 21 21 22 22 17 18 19 20 21 21 22 22 23 17 18 19 20 21 21 22 22 24 25 17 18 19 20 21 21 22 22 26 25 25 17 18 19 20 21 21 22 22 25 24 26 23 17 18 19 20 21 21 22 22 25 26 23 24 25
0 1 2 3 4 5 6 7 8 9 6 7 8 9 10 11 12 13 14 15 15 11 12 13 14 15 15 16 17 18 19 20 21 22 23 23 17 18 19 20 21 22 23 23 24 17 18 19 20 21 22 23 23 24 24 17 18 19 20 22 21 23 23 25 26 26 17 18 19 20 22 21 23 23 26 25 26 24 17 18 19 20 22 21 23 23 26 26 25 24 24
0 1 2 3 4 5 6 7 8 9 10 11 12 13 14 15 16 17 18 19 20 15 16 17 18 19 20 21 22 23 24 25 26 27 28 28 22 23 24 25 26 27 28 28 29 22 23 24 25 26 27 28 28 30 31 22 23 24 25 26 27 28 28 30 31 31 22 23 24 25 26 27 28 28 31 30 29 30 22 23 24 25 26 27 28 28 31 30 30 29 31
0 1 2 3 4 5 6 7 8 9 10 11 12 13 14 15 16 17 18 19 20 21 22 23 24 25 26 27 21 22 23 24 25 26 27 28 21 22 23 24 25 26 27 29 30 21 22 23 24 25 26 27 30 29 28 31 32 33 34 35 36 37 38 38 38 38 31 32 33 34 35 36 37 38 38 38 38 39 31 32 33 34 35 36 37 38 38 38 38 39 39
0 1 2 3 4 5 6 7 8 9 10 11 12 13 14 15 16 17 18 19 20 21 22 23 24 25 26 27 21 22 23 24 25 26 27 28 29 30 31 32 33 34 35 36 36 29 30 31 32 33 34 35 36 36 37 38 39 40 41 42 43 44 45 45 46 46 38 39 40 41 42 43 44 45 45 46 46 47 38 39 40 41 42 43 44 45 45 46 46 47 47
0 1 2 3 4 5 6 7 8 9 10 11 12 13 14 15 16 17 18 19 20 21 22 23 24 25 26 27 28 29 30 31 32 33 34 35 36 37 38 39 40 41 42 43 44 45 46 47 48 49 50 51 52 53 54 45 46 47 48 49 50 51 52 53 54 55 45 46 47 48 49 50 51 52 53 54 55 55 45 46 47 48 49 50 51 52 53 54 55 55 55
--- order 26 (x1) ---
0 0 1 0 1 2 0 3 4 2 0 3 2 4 5 0 6 5 4 2 6 0 6 4 5 6 2 3 0 5 6 5 4 3 2 1 0 5 5 6 3 4 1 2 1 0 4 3 6 5 1 4 1 2 3 0 4 6 3 1 5 1 4 3 2 6 0 2 1 3 6 1 5 3 4 6 2 5 0 2 3 1 1 6 3 5 6 4 5 2 4
--- order 28 (x4) ---
0 0 1 2 3 3 4 5 5 6 7 8 8 9 10 7 8 8 9 10 11 7 8 8 9 10 11 12 7 8 8 9 10 13 13 12 7 8 8 9 10 13 12 13 11 7 8 8 9 10 12 11 13 12 11 7 8 8 9 10 12 13 11 11 12 13 14 15 16 17 18 19 19 19 19 19 19 19 14 16 15 17 18 19 19 19 19 19 19 19 20
0 0 1 2 3 4 2 4 3 5 6 7 7 8 8 6 7 7 8 8 9 6 7 7 8 8 9 10 6 7 7 8 8 11 11 10 6 7 7 8 8 11 10 11 9 6 7 7 8 8 10 9 11 10 9 6 7 7 8 8 10 11 9 9 10 11 12 13 14 15 16 17 17 17 17 17 17 17 12 14 13 16 15 17 17 17 17 17 17 17 18
0 1 2 1 2 3 4 3 5 2 4 3 2 5 5 6 5 5 3 2 3 6 5 3 5 3 2 2 5 6 4 6 4 1 1 0 5 6 6 4 1 4 0 1 2 3 4 1 6 6 0 4 1 2 3 3 4 6 1 0 6 1 4 3 2 5 2 1 0 4 6 1 6 4 3 5 2 5 2 1 4 0 1 6 4 6 5 3 5 2 3
0 1 2 3 4 5 6 7 8 9 10 11 12 13 14 10 11 12 13 14 15 10 11 12 13 14 15 16 10 11 12 13 14 17 17 16 10 11 12 13 14 17 16 17 15 10 11 12 13 14 16 15 17 16 15 10 11 12 13 14 16 17 15 15 16 17 18 19 20 21 22 23 23 23 23 23 23 23 18 19 20 21 22 23 23 23 23 23 23 23 24
--- order 30 (x3) ---
0 0 0 1 2 3 2 3 1 4 3 1 2 4 4 5 5 5 6 6 6 5 5 5 6 6 6 7 5 5 5 6 6 6 7 8 5 5 5 6 6 6 8 7 8 5 5 5 6 6 6 8 8 7 7 9 10 11 12 13 14 15 15 15 15 15 11 9 10 13 14 12 15 15 15 15 15 16 10 11 9 14 12 13 15 15 15 15 15 16 16
0 0 1 0 1 1 2 3 3 3 4 5 5 5 6 7 8 8 8 9 10 7 8 8 8 9 10 11 7 8 8 8 9 10 11 12 7 8 8 8 9 10 12 11 12 7 8 8 8 9 10 12 12 11 11 13 14 15 16 17 18 19 19 19 19 19 13 15 16 14 17 18 19 19 19 19 19 20 13 16 14 15 17 18 19 19 19 19 19 20 20
0 0 1 0 1 2 0 2 2 1 0 2 1 2 1 3 4 5 6 7 8 3 7 6 8 5 4 9 3 8 7 5 4 6 9 10 3 5 8 4 6 7 10 9 10 3 6 4 7 8 5 10 10 9 9 11 12 12 12 12 12 13 13 13 13 13 11 12 12 12 12 12 13 13 13 13 13 14 11 12 12 12 12 12 13 13 13 13 13 14 14
--- order 32 (x182) ---
0 0 1 0 1 2 0 2 1 1 3 4 4 4 4 5 6 6 6 6 7 8 9 9 9 9 10 11 12 13 13 13 13 14 15 16 17 18 19 19 18 20 21 22 23 17 18 19 19 18 20 21 22 23 24 17 19 18 18 19 20 21 22 23 25 25 17 19 18 18 19 20 21 22 23 25 25 24 26 27 27 27 27 28 29 30 31 32 32 32 32
0 0 1 0 1 2 0 2 1 1 3 4 4 4 4 5 6 7 7 6 8 5 6 7 7 6 8 9 5 7 6 6 7 8 10 10 5 7 6 6 7 8 10 10 9 11 12 12 13 13 14 15 15 15 15 11 12 13 12 13 14 15 15 15 15 16 11 13 12 13 12 14 15 15 15 15 16 17 11 13 13 12 12 14 15 15 15 15 17 16 16
0 0 1 0 1 2 0 2 1 1 3 4 5 5 4 3 4 5 5 4 6 3 4 5 5 4 7 7 3 4 5 5 4 7 7 6 3 5 4 4 5 8 9 10 11 3 5 4 4 5 10 11 9 8 7 3 5 4 4 5 11 10 8 9 7 6 3 5 4 4 5 9 8 11 10 6 7 7 12 13 13 13 13 14 14 14 14 14 14 14 14
0 0 1 0 1 2 0 2 1 1 3 4 5 5 4 3 4 5 5 4 6 3 4 5 5 4 7 8 3 4 5 5 4 8 7 6 3 5 4 4 5 9 10 10 11 3 5 4 4 5 11 10 10 9 8 3 5 4 4 5 10 9 11 10 7 6 3 5 4 4 5 10 11 9 10 6 7 8 12 13 13 13 13 14 14 14 14 14 14 14 14
0 0 1 0 1 2 0 2 1 1 3 4 5 5 6 3 6 5 5 4 7 3 5 4 6 5 8 8 3 5 6 4 5 8 8 7 9 10 11 11 10 12 12 13 13 9 10 11 11 10 12 12 13 13 14 9 11 10 10 11 13 13 12 12 15 15 9 11 10 10 11 13 13 12 12 15 15 14 16 17 17 17 17 18 18 18 18 19 19 19 19
0 0 1 0 2 2 0 2 2 1 3 4 4 4 4 5 6 6 6 6 7 5 6 6 6 6 7 8 5 6 6 6 6 7 9 10 5 6 6 6 6 7 10 9 8 11 12 13 12 13 14 15 15 15 15 11 12 13 13 12 14 15 15 15 15 16 11 13 12 12 13 14 15 15 15 15 16 17 11 13 12 13 12 14 15 15 15 15 17 16 16
0 0 1 0 2 2 0 2 2 1 3 4 4 4 4 5 6 6 6 6 7 5 6 6 6 6 7 8 5 6 6 6 6 7 9 10 5 6 6 6 6 7 10 9 8 11 12 13 14 14 15 16 16 16 16 11 14 14 12 13 15 16 16 16 16 17 11 14 14 13 12 15 16 16 16 16 17 18 11 13 12 14 14 15 16 16 16 16 18 17 17
0 0 1 0 2 2 0 2 2 1 3 4 4 4 4 5 6 6 6 6 7 5 6 6 6 6 7 8 9 10 11 10 11 12 13 13 9 10 11 11 10 12 13 13 14 9 11 10 10 11 12 13 13 14 15 9 11 10 11 10 12 13 13 15 14 14 16 17 17 17 17 18 19 19 20 20 20 20 16 17 17 17 17 18 19 19 20 20 20 20 21
0 0 1 0 2 2 0 2 2 1 3 4 4 4 4 5 6 6 6 6 7 5 6 6 6 6 7 8 9 10 11 12 12 13 14 14 9 12 12 10 11 13 14 14 15 9 12 12 11 10 13 14 14 15 16 9 11 10 12 12 13 14 14 16 15 15 17 18 18 18 18 19 20 20 21 21 21 21 17 18 18 18 18 19 20 20 21 21 21 21 22
0 0 1 0 2 2 0 2 2 1 3 4 4 4 4 5 6 7 8 9 10 5 8 9 7 6 10 11 5 9 8 6 7 10 11 12 5 7 6 9 8 10 12 11 11 13 14 14 14 14 15 16 16 16 16 13 14 14 14 14 15 16 16 16 16 17 13 14 14 14 14 15 16 16 16 16 18 18 13 14 14 14 14 15 16 16 16 16 18 18 17
0 0 1 0 2 2 0 2 2 1 3 4 5 4 5 3 4 5 4 5 6 3 4 5 5 4 7 7 3 4 5 5 4 7 7 6 3 5 4 4 5 7 7 8 9 3 5 4 4 5 7 7 9 8 6 3 5 4 5 4 8 9 7 7 7 7 3 5 4 5 4 9 8 7 7 7 7 6 10 11 11 11 11 12 12 12 12 12 12 12 12
0 0 1 0 2 2 0 2 2 1 3 4 5 6 6 3 4 5 6 6 7 3 6 6 4 5 8 8 3 6 6 4 5 8 8 7 3 6 6 5 4 8 8 9 10 3 6 6 5 4 8 8 10 9 7 3 5 4 6 6 9 10 8 8 8 8 3 5 4 6 6 10 9 8 8 8 8 7 11 12 12 12 12 13 13 13 13 13 13 13 13
0 0 1 0 2 3 0 3 2 1 1 0 0 0 0 2 0 0 0 0 3 3 0 0 0 0 2 1 4 4 5 5 4 5 5 4 4 5 4 4 5 5 5 4 6 5 4 5 5 4 4 4 5 6 7 5 5 4 4 5 4 4 5 7 6 6 8 9 9 9 9 8 8 8 10 10 10 10 9 8 8 8 8 9 9 9 10 10 10 10 11
0 0 1 0 2 3 0 3 2 1 4 5 5 5 5 4 5 5 5 5 6 7 8 8 8 8 9 9 10 11 12 12 11 13 13 14 10 11 12 12 11 13 13 14 15 10 12 11 11 12 13 13 14 16 16 10 12 11 11 12 13 13 14 16 16 15 17 18 18 18 18 19 20 21 22 22 22 22 17 18 18 18 18 20 19 21 22 22 22 22 23
0 0 1 0 2 3 0 3 2 1 4 5 5 5 5 6 7 7 7 7 8 6 7 7 7 7 8 9 10 11 12 12 11 13 14 14 10 11 12 12 11 13 14 14 15 10 12 11 11 12 13 14 14 16 17 10 12 11 11 12 13 14 14 17 16 15 18 19 19 19 19 20 21 21 22 22 22 22 18 19 19 19 19 20 21 21 22 22 22 22 23
0 0 1 0 2 3 0 3 2 1 4 5 5 5 5 6 7 7 7 7 8 9 10 10 10 10 11 12 13 14 15 15 14 16 17 18 13 14 15 15 14 16 17 18 19 13 15 14 14 15 16 17 18 20 20 13 15 14 14 15 16 17 18 20 20 19 21 22 22 22 22 23 24 25 26 26 26 26 21 22 22 22 22 23 24 25 26 26 26 26 27
0 0 1 0 2 3 0 3 2 1 4 5 5 5 5 6 7 8 7 8 9 6 8 7 8 7 9 10 11 12 13 13 12 14 15 15 11 12 13 13 12 14 15 15 16 11 13 12 12 13 14 15 15 17 17 11 13 12 12 13 14 15 15 17 17 16 18 19 19 19 19 20 21 21 22 22 22 22 18 19 19 19 19 20 21 21 22 22 22 22 23
0 0 1 0 2 3 0 3 2 1 4 5 5 5 5 6 7 8 8 7 9 6 7 8 8 7 9 10 6 8 7 7 8 9 11 12 6 8 7 7 8 9 12 11 10 13 14 14 14 14 15 16 16 16 16 13 14 14 14 14 15 16 16 16 16 17 13 14 14 14 14 15 16 16 16 16 18 19 13 14 14 14 14 15 16 16 16 16 19 18 17
0 0 1 0 2 3 0 3 2 1 4 5 5 5 5 6 7 8 8 7 9 6 7 8 8 7 9 10 6 8 7 7 8 9 11 12 6 8 7 7 8 9 12 11 10 13 14 15 14 15 16 17 17 17 17 13 14 15 14 15 16 17 17 17 17 18 13 15 14 15 14 16 17 17 17 17 19 19 13 15 14 15 14 16 17 17 17 17 19 19 18
0 0 1 0 2 3 0 3 2 1 4 5 5 5 5 6 7 8 9 10 11 6 10 9 8 7 11 12 6 9 10 7 8 11 13 14 6 8 7 10 9 11 14 13 12 15 16 16 16 16 17 18 18 18 18 15 16 16 16 16 17 18 18 18 18 19 15 16 16 16 16 17 18 18 18 18 20 20 15 16 16 16 16 17 18 18 18 18 20 20 19
0 0 1 0 2 3 0 3 2 1 4 5 6 6 5 4 5 6 6 5 7 4 5 6 6 5 8 8 4 5 6 6 5 8 8 7 4 6 5 5 6 9 10 9 10 4 6 5 5 6 9 10 10 9 8 4 6 5 5 6 10 9 9 10 8 7 4 6 5 5 6 10 9 10 9 7 8 8 11 12 12 12 12 13 13 13 13 13 13 13 13
0 0 1 0 2 3 0 3 2 1 4 5 6 6 5 4 5 6 6 5 7 4 5 6 6 5 8 8 4 5 6 6 5 8 8 7 4 6 5 5 6 9 10 11 11 4 6 5 5 6 11 11 9 10 8 4 6 5 5 6 11 11 10 9 8 7 4 6 5 5 6 10 9 11 11 7 8 8 12 13 13 13 13 14 14 14 14 14 14 14 14
0 0 1 0 2 3 0 3 2 1 4 5 6 6 5 4 5 6 6 5 7 4 5 6 6 5 8 9 4 5 6 6 5 9 8 7 4 6 5 5 6 10 11 11 10 4 6 5 5 6 10 11 11 10 9 4 6 5 5 6 11 10 10 11 7 8 4 6 5 5 6 11 10 10 11 8 7 9 12 13 13 13 13 14 14 14 14 14 14 14 14
0 0 1 0 2 3 0 3 2 1 4 5 6 6 5 4 5 6 6 5 7 4 6 5 5 6 8 9 4 6 5 5 6 9 8 7 10 11 12 12 11 13 13 14 14 10 11 12 12 11 13 13 14 14 15 10 12 11 11 12 14 14 13 13 16 16 10 12 11 11 12 14 14 13 13 16 16 15 17 18 18 18 18 19 19 19 19 20 20 20 20
0 0 1 0 2 3 0 4 5 6 0 7 6 5 3 0 6 7 4 2 1 0 5 4 7 1 2 3 0 3 2 1 7 4 5 6 8 9 10 10 10 10 9 9 9 8 9 10 10 10 10 9 9 9 11 8 10 9 9 9 9 10 10 10 12 12 8 10 9 9 9 9 10 10 10 12 12 11 13 14 14 14 14 14 14 14 14 15 15 15 15
0 0 1 1 0 0 2 2 2 2 2 2 2 2 3 4 5 5 4 6 6 4 5 5 4 6 6 7 5 4 4 5 6 6 8 9 5 4 4 5 6 6 9 8 7 10 10 11 11 12 12 13 13 13 13 10 11 10 11 12 12 13 13 13 13 14 11 10 11 10 12 12 13 13 13 13 14 15 11 11 10 10 12 12 13 13 13 13 15 14 14
0 0 1 1 0 0 2 2 3 3 2 2 3 3 4 2 3 2 3 5 5 2 3 2 3 5 5 4 3 2 3 2 5 5 6 7 3 2 3 2 5 5 7 6 4 3 3 2 2 6 7 5 5 5 5 3 3 2 2 7 6 5 5 5 5 4 8 9 9 8 10 10 10 10 10 10 10 10 9 8 8 9 10 10 10 10 10 10 10 10 11
0 0 1 1 0 0 2 3 3 2 3 2 2 3 4 5 6 6 5 7 8 5 6 6 5 7 8 9 6 5 5 6 8 7 10 10 6 5 5 6 8 7 10 10 9 11 11 12 12 13 13 14 14 14 14 11 12 11 12 13 13 14 14 14 14 15 12 11 12 11 13 13 14 14 14 14 15 16 12 12 11 11 13 13 14 14 14 14 16 15 15
0 0 1 1 0 0 2 3 3 2 3 2 2 3 4 5 6 6 7 8 9 7 6 6 5 8 9 10 6 5 7 6 9 8 11 11 6 7 5 6 9 8 11 11 10 12 13 13 12 14 15 16 16 17 17 12 13 13 12 14 15 16 16 17 17 18 13 12 12 13 15 14 17 17 16 16 19 19 13 12 12 13 15 14 17 17 16 16 19 19 18
0 0 1 1 0 0 2 3 3 4 2 3 3 4 5 4 3 3 2 6 6 4 3 3 2 6 6 5 3 2 4 3 7 8 7 8 3 2 4 3 8 7 8 7 5 3 4 2 3 7 8 8 7 6 6 3 4 2 3 8 7 7 8 6 6 5 9 9 9 9 10 10 10 10 10 10 10 10 9 9 9 9 10 10 10 10 10 10 10 10 11
0 0 1 1 0 0 2 3 4 5 5 4 3 2 6 3 5 2 4 7 7 4 2 5 3 7 7 6 8 9 9 8 10 10 11 11 8 9 9 8 10 10 11 11 12 9 8 8 9 11 11 10 10 13 13 9 8 8 9 11 11 10 10 13 13 12 14 14 14 14 15 15 15 15 16 16 16 16 14 14 14 14 15 15 15 15 16 16 16 16 17
0 0 1 2 3 3 2 3 3 4 5 6 6 7 7 8 9 9 10 11 12 8 9 9 10 11 12 13 8 9 9 11 10 12 14 15 8 9 9 11 10 12 15 14 13 16 17 18 19 19 20 21 21 21 21 16 17 18 19 19 20 21 21 21 21 22 16 18 17 19 19 20 21 21 21 21 23 23 16 18 17 19 19 20 21 21 21 21 23 23 22
0 0 1 2 3 3 2 3 3 4 5 6 6 7 7 8 9 9 10 11 12 8 9 9 11 10 12 13 14 15 15 16 16 17 18 18 14 15 15 16 16 17 18 18 19 14 15 15 16 16 17 18 18 20 20 14 15 15 16 16 17 18 18 20 20 19 21 22 23 24 24 25 26 26 27 27 27 27 21 23 22 24 24 25 26 26 27 27 27 27 28
0 0 1 2 3 3 2 3 3 4 5 6 6 7 7 8 9 9 10 11 12 8 9 9 11 10 12 13 14 15 16 17 17 18 19 19 14 15 16 17 17 18 19 19 20 14 16 15 17 17 18 19 19 21 21 14 16 15 17 17 18 19 19 21 21 20 22 23 23 24 24 25 26 26 27 27 27 27 22 23 23 24 24 25 26 26 27 27 27 27 28
0 0 1 2 3 3 2 3 3 4 5 6 6 7 7 8 9 10 11 12 13 8 9 10 12 11 13 14 8 10 9 11 12 13 15 16 8 10 9 12 11 13 16 15 14 17 18 18 19 19 20 21 21 21 21 17 18 18 19 19 20 21 21 21 21 22 17 18 18 19 19 20 21 21 21 21 23 23 17 18 18 19 19 20 21 21 21 21 23 23 22
0 0 1 2 3 3 4 5 5 6 4 5 5 6 7 4 5 5 6 7 8 4 5 5 6 9 10 8 4 5 5 6 9 8 10 8 4 5 5 6 10 9 9 7 7 4 5 5 6 8 7 9 9 7 8 4 5 5 6 8 9 7 7 9 8 10 11 12 13 14 15 15 15 15 15 15 15 15 11 13 12 14 15 15 15 15 15 15 15 15 16
0 0 1 2 3 3 4 5 5 6 4 5 5 6 7 4 5 5 6 8 9 4 5 5 6 8 9 10 4 5 5 6 11 10 9 9 4 5 5 6 10 11 8 8 7 4 5 5 6 9 8 7 11 8 9 4 5 5 6 9 8 11 7 8 9 10 12 13 14 15 16 16 16 16 16 16 16 16 12 14 13 15 16 16 16 16 16 16 16 16 17
0 0 1 2 3 3 4 5 5 6 4 5 5 6 7 8 9 9 10 11 11 8 9 9 10 11 11 12 13 14 15 16 17 17 18 18 13 14 15 16 17 17 18 18 19 13 15 14 16 17 17 18 18 20 21 13 15 14 16 17 17 18 18 21 20 19 22 23 23 24 25 25 26 26 27 27 27 27 22 23 23 24 25 25 26 26 27 27 27 27 28
0 0 1 2 3 3 4 5 5 6 4 5 5 6 7 8 9 10 11 12 12 8 9 10 11 12 12 13 8 10 9 11 12 12 14 15 8 10 9 11 12 12 15 14 13 16 17 17 18 19 19 20 20 20 20 16 17 17 18 19 19 20 20 20 20 21 16 17 17 18 19 19 20 20 20 20 22 23 16 17 17 18 19 19 20 20 20 20 23 22 21
0 0 1 2 3 3 4 5 5 6 7 8 8 9 10 11 12 12 13 14 15 11 12 12 13 14 15 16 11 12 12 13 14 15 17 18 11 12 12 13 14 15 18 17 16 19 20 21 22 23 24 25 25 25 25 19 20 21 22 23 24 25 25 25 25 26 19 21 20 22 23 24 25 25 25 25 27 27 19 21 20 22 23 24 25 25 25 25 27 27 26
0 0 1 2 3 3 4 5 5 6 7 8 8 9 10 11 12 12 13 14 15 11 12 12 13 14 15 16 17 18 19 20 21 22 23 23 17 18 19 20 21 22 23 23 24 17 19 18 20 21 22 23 23 25 25 17 19 18 20 21 22 23 23 25 25 24 26 27 27 28 29 30 31 31 32 32 32 32 26 27 27 28 29 30 31 31 32 32 32 32 33
0 0 1 2 3 3 4 5 5 6 7 8 8 9 10 11 12 13 14 15 16 11 12 13 14 15 16 17 11 13 12 14 15 16 18 19 11 13 12 14 15 16 19 18 17 20 21 21 22 23 24 25 25 25 25 20 21 21 22 23 24 25 25 25 25 26 20 21 21 22 23 24 25 25 25 25 27 27 20 21 21 22 23 24 25 25 25 25 27 27 26
0 0 1 2 3 3 4 5 5 6 7 8 8 9 10 11 12 13 14 15 16 11 13 12 14 15 16 17 18 19 19 20 21 22 23 23 18 19 19 20 21 22 23 23 24 18 19 19 20 21 22 23 23 25 25 18 19 19 20 21 22 23 23 25 25 24 26 27 27 28 29 30 31 31 32 32 32 32 26 27 27 28 29 30 31 31 32 32 32 32 33
0 0 1 2 3 3 4 5 5 6 7 8 9 10 11 7 8 9 10 11 12 7 8 9 10 11 13 14 7 8 9 10 11 14 13 12 7 9 8 10 11 15 15 15 15 7 9 8 10 11 15 15 15 15 12 7 9 8 10 11 15 15 15 15 13 14 7 9 8 10 11 15 15 15 15 14 13 12 16 17 17 18 19 20 20 20 20 20 20 20 20
0 0 1 2 3 3 4 5 6 7 4 5 6 7 8 4 5 6 7 9 9 4 5 6 7 9 9 8 4 6 5 7 10 11 10 11 4 6 5 7 10 11 11 10 9 4 6 5 7 11 10 10 11 9 8 4 6 5 7 11 10 11 10 8 9 9 12 13 13 14 15 15 15 15 15 15 15 15 12 13 13 14 15 15 15 15 15 15 15 15 16
0 0 1 2 3 3 4 5 6 7 4 5 6 7 8 4 5 6 7 9 9 4 5 6 7 9 9 8 4 6 5 7 10 11 12 12 4 6 5 7 12 12 10 11 9 4 6 5 7 12 12 11 10 9 8 4 6 5 7 11 10 12 12 8 9 9 13 14 14 15 16 16 16 16 16 16 16 16 13 14 14 15 16 16 16 16 16 16 16 16 17
0 0 1 2 3 3 4 5 6 7 4 5 6 7 8 4 5 6 7 9 10 4 5 6 7 10 9 8 4 6 5 7 11 12 12 11 4 6 5 7 11 12 12 11 10 4 6 5 7 12 11 11 12 8 9 4 6 5 7 12 11 11 12 9 8 10 13 14 14 15 16 16 16 16 16 16 16 16 13 14 14 15 16 16 16 16 16 16 16 16 17
0 0 1 2 3 3 4 5 6 7 4 6 5 7 8 9 10 10 11 12 12 9 10 10 11 12 12 13 9 10 10 11 12 12 14 15 9 10 10 11 12 12 15 14 13 16 17 17 18 19 19 20 20 20 20 16 17 17 18 19 19 20 20 20 20 21 16 17 17 18 19 19 20 20 20 20 22 23 16 17 17 18 19 19 20 20 20 20 23 22 21
0 0 1 2 3 3 4 5 6 7 4 6 5 7 8 9 10 10 11 12 12 9 10 10 11 12 12 13 14 15 15 16 17 17 18 18 14 15 15 16 17 17 18 18 19 14 15 15 16 17 17 18 18 20 21 14 15 15 16 17 17 18 18 21 20 19 22 23 23 24 25 25 26 26 27 27 27 27 22 23 23 24 25 25 26 26 27 27 27 27 28
0 0 1 2 3 3 4 5 6 7 4 6 5 7 8 9 10 10 11 12 12 9 10 10 11 12 12 13 14 15 15 16 17 17 18 18 14 15 15 16 17 17 18 18 19 20 21 21 22 23 23 24 24 25 25 20 21 21 22 23 23 24 24 25 25 26 27 28 28 29 30 30 31 31 32 32 33 33 27 28 28 29 30 30 31 31 32 32 33 33 34
0 0 1 2 3 4 2 3 4 5 2 4 3 6 6 2 4 3 6 6 5 7 8 8 9 9 9 9 10 11 11 12 12 12 12 13 14 15 16 17 17 18 18 19 20 14 15 16 17 17 18 18 19 20 21 14 16 15 18 18 17 17 19 20 22 22 14 16 15 18 18 17 17 19 20 22 22 21 23 24 24 25 25 25 25 26 27 28 28 28 28
0 0 1 2 3 4 2 3 4 5 2 4 3 6 7 2 4 3 7 6 5 8 9 9 10 10 10 10 11 12 13 14 14 15 15 16 11 12 13 14 14 15 15 16 17 11 13 12 15 15 14 14 16 18 18 11 13 12 15 15 14 14 16 18 18 17 19 20 20 21 21 21 21 22 23 23 23 23 19 20 20 21 21 21 21 22 23 23 23 23 24
0 0 1 2 3 4 2 4 3 5 6 7 7 8 8 9 10 10 11 11 12 9 10 10 11 11 12 13 9 10 10 11 11 12 14 15 9 10 10 11 11 12 15 14 13 16 17 18 19 20 21 22 22 22 22 16 17 18 19 20 21 22 22 22 22 23 16 18 17 20 19 21 22 22 22 22 24 24 16 18 17 20 19 21 22 22 22 22 24 24 23
0 0 1 2 3 4 2 4 3 5 6 7 7 8 8 9 10 10 11 11 12 9 10 10 11 11 12 13 14 15 16 17 18 19 20 20 14 15 16 17 18 19 20 20 21 14 16 15 18 17 19 20 20 22 22 14 16 15 18 17 19 20 20 22 22 21 23 24 24 25 25 26 27 27 28 28 28 28 23 24 24 25 25 26 27 27 28 28 28 28 29
0 0 1 2 3 4 2 4 3 5 6 7 7 8 8 9 10 11 12 13 14 9 10 11 12 13 14 15 9 11 10 13 12 14 16 17 9 11 10 13 12 14 17 16 15 18 19 19 20 20 21 22 22 22 22 18 19 19 20 20 21 22 22 22 22 23 18 19 19 20 20 21 22 22 22 22 24 24 18 19 19 20 20 21 22 22 22 22 24 24 23
0 0 1 2 3 4 2 4 3 5 6 7 7 8 8 9 10 11 12 13 14 9 11 10 13 12 14 15 16 17 17 18 18 19 20 20 16 17 17 18 18 19 20 20 21 16 17 17 18 18 19 20 20 22 22 16 17 17 18 18 19 20 20 22 22 21 23 24 24 25 25 26 27 27 28 28 28 28 23 24 24 25 25 26 27 27 28 28 28 28 29
0 0 1 2 3 4 2 4 3 5 6 7 8 9 10 6 7 8 9 10 11 6 7 8 9 10 12 13 6 7 8 9 10 13 12 11 6 8 7 10 9 14 14 14 14 6 8 7 10 9 14 14 14 14 11 6 8 7 10 9 14 14 14 14 12 13 6 8 7 10 9 14 14 14 14 13 12 11 15 16 16 17 17 18 18 18 18 18 18 18 18
0 0 1 2 3 4 2 4 3 5 6 7 8 9 10 6 7 8 9 10 11 6 8 7 10 9 12 12 6 8 7 10 9 12 12 11 13 14 15 16 17 18 18 19 19 13 14 15 16 17 18 18 19 19 20 13 15 14 17 16 19 19 18 18 21 21 13 15 14 17 16 19 19 18 18 21 21 20 22 23 23 24 24 25 25 25 25 26 26 26 26
0 0 1 2 3 4 5 4 3 1 3 5 2 0 0 4 2 5 0 0 1 1 0 0 5 2 4 3 6 7 7 6 6 7 7 6 6 7 7 6 6 7 7 6 8 7 6 6 7 7 6 6 7 9 9 7 6 6 7 7 6 6 7 9 9 8 10 11 11 11 11 10 10 10 12 12 12 12 11 10 10 10 10 11 11 11 12 12 12 12 13
0 1 1 1 1 0 2 2 2 2 2 2 2 2 3 4 4 4 4 5 5 4 4 4 4 5 5 6 4 4 4 4 5 5 7 8 4 4 4 4 5 5 8 7 6 9 10 11 12 13 13 14 14 14 14 11 12 10 9 13 13 14 14 14 14 15 12 11 9 10 13 13 14 14 14 14 15 16 10 9 12 11 13 13 14 14 14 14 16 15 15
0 1 1 1 1 0 2 2 2 2 2 2 2 2 3 4 4 4 4 5 5 4 4 4 4 5 5 6 7 8 9 10 11 11 12 12 9 10 8 7 11 11 12 12 13 10 9 7 8 11 11 12 12 13 14 8 7 10 9 11 11 12 12 14 13 13 15 15 15 15 16 16 17 17 18 18 18 18 15 15 15 15 16 16 17 17 18 18 18 18 19
0 1 1 1 1 0 2 2 2 2 2 2 2 2 3 4 4 4 4 5 6 4 4 4 4 5 6 7 4 4 4 4 6 5 8 8 4 4 4 4 6 5 8 8 7 9 10 11 12 13 13 14 14 14 14 11 12 10 9 13 13 14 14 14 14 15 12 11 9 10 13 13 14 14 14 14 15 16 10 9 12 11 13 13 14 14 14 14 16 15 15
0 1 1 1 1 0 2 2 2 2 2 2 2 2 3 4 4 4 4 5 6 4 4 4 4 5 6 7 4 4 4 4 6 5 8 9 4 4 4 4 6 5 9 8 7 10 11 10 11 12 12 13 13 13 13 10 11 11 10 12 12 13 13 13 13 14 11 10 10 11 12 12 13 13 13 13 14 15 11 10 11 10 12 12 13 13 13 13 15 14 14
0 1 1 1 1 0 2 2 2 2 2 2 2 2 3 4 4 4 4 5 6 4 4 4 4 5 6 7 4 4 4 4 6 5 8 9 4 4 4 4 6 5 9 8 7 10 11 12 12 13 13 14 14 14 14 12 12 10 11 13 13 14 14 14 14 15 12 12 11 10 13 13 14 14 14 14 15 16 11 10 12 12 13 13 14 14 14 14 16 15 15
0 1 1 1 1 0 2 2 2 2 2 2 2 2 3 4 4 4 4 5 6 4 4 4 4 6 5 7 8 9 8 9 10 10 11 11 8 9 9 8 10 10 11 11 12 9 8 8 9 10 10 11 11 12 13 9 8 9 8 10 10 11 11 13 12 12 14 14 14 14 15 15 16 16 17 17 17 17 14 14 14 14 15 15 16 16 17 17 17 17 18
0 1 1 1 1 0 2 2 2 2 2 2 2 2 3 4 4 4 4 5 6 4 4 4 4 6 5 7 8 9 10 10 11 11 12 12 10 10 8 9 11 11 12 12 13 10 10 9 8 11 11 12 12 13 14 9 8 10 10 11 11 12 12 14 13 13 15 15 15 15 16 16 17 17 18 18 18 18 15 15 15 15 16 16 17 17 18 18 18 18 19
0 1 1 1 1 0 2 2 2 2 2 2 2 2 3 4 5 4 5 6 7 4 5 5 4 7 6 8 5 4 4 5 7 6 8 9 5 4 5 4 6 7 9 8 8 10 10 11 11 12 12 13 13 13 13 10 10 11 11 12 12 13 13 13 13 14 11 11 10 10 12 12 13 13 13 13 15 15 11 11 10 10 12 12 13 13 13 13 15 15 14
0 1 1 1 1 0 2 2 3 3 2 2 3 3 4 3 3 2 2 5 6 3 3 2 2 6 5 4 7 8 9 9 10 10 11 11 9 9 7 8 11 11 10 10 12 9 9 8 7 11 11 10 10 12 13 8 7 9 9 10 10 11 11 13 12 12 14 14 14 14 15 15 15 15 16 16 16 16 14 14 14 14 15 15 15 15 16 16 16 16 17
0 1 1 1 1 0 2 2 3 3 3 3 2 2 4 5 5 5 5 6 6 5 5 5 5 6 6 7 5 5 5 5 6 6 8 9 5 5 5 5 6 6 9 8 7 10 11 10 11 12 12 13 13 13 13 10 11 11 10 12 12 13 13 13 13 14 11 10 10 11 12 12 13 13 13 13 14 15 11 10 11 10 12 12 13 13 13 13 15 14 14
0 1 1 1 1 0 2 2 3 3 3 3 2 2 4 5 5 5 5 6 6 5 5 5 5 6 6 7 5 5 5 5 6 6 8 9 5 5 5 5 6 6 9 8 7 10 11 12 12 13 14 15 15 15 15 12 12 10 11 14 13 15 15 15 15 16 12 12 11 10 14 13 15 15 15 15 16 17 11 10 12 12 13 14 15 15 15 15 17 16 16
0 1 1 1 1 0 2 2 3 3 3 3 2 2 4 5 5 5 5 6 6 5 5 5 5 6 6 7 8 9 8 9 10 10 11 11 8 9 9 8 10 10 11 11 12 9 8 8 9 10 10 11 11 12 13 9 8 9 8 10 10 11 11 13 12 12 14 14 14 14 15 15 16 16 17 17 17 17 14 14 14 14 15 15 16 16 17 17 17 17 18
0 1 1 1 1 0 2 2 3 3 3 3 2 2 4 5 5 5 5 6 6 5 5 5 5 6 6 7 8 9 10 10 11 12 13 13 10 10 8 9 12 11 13 13 14 10 10 9 8 12 11 13 13 14 15 9 8 10 10 11 12 13 13 15 14 14 16 16 16 16 17 17 18 18 19 19 19 19 16 16 16 16 17 17 18 18 19 19 19 19 20
0 1 1 1 1 0 2 2 3 3 3 3 2 2 4 5 6 7 7 8 9 5 6 7 7 8 9 10 7 7 5 6 9 8 11 11 7 7 5 6 9 8 11 11 10 7 7 6 5 9 8 11 11 12 13 7 7 6 5 9 8 11 11 13 12 10 6 5 7 7 8 9 12 13 11 11 11 11 6 5 7 7 8 9 13 12 11 11 11 11 10
0 1 1 1 1 0 2 2 3 3 3 3 2 2 4 5 6 7 8 9 10 7 8 6 5 10 9 11 8 7 5 6 10 9 11 12 6 5 8 7 9 10 12 11 11 13 13 13 13 14 14 15 15 15 15 13 13 13 13 14 14 15 15 15 15 16 13 13 13 13 14 14 15 15 15 15 17 17 13 13 13 13 14 14 15 15 15 15 17 17 16
0 1 1 1 1 0 2 3 2 3 2 3 2 3 4 2 3 3 2 5 6 2 3 3 2 6 5 4 3 2 2 3 5 6 7 7 3 2 2 3 6 5 7 7 4 3 2 3 2 7 7 5 6 6 5 3 2 3 2 7 7 6 5 5 6 4 8 8 8 8 9 9 9 9 9 9 9 9 8 8 8 8 9 9 9 9 9 9 9 9 10
0 1 1 1 1 0 2 3 2 3 2 3 2 3 4 2 3 3 2 5 6 2 3 3 2 6 5 4 3 2 2 3 5 6 7 8 3 2 2 3 6 5 8 7 4 3 2 3 2 8 7 6 5 6 5 3 2 3 2 7 8 5 6 5 6 4 9 9 9 9 10 10 10 10 10 10 10 10 9 9 9 9 10 10 10 10 10 10 10 10 11
0 1 1 1 1 0 2 3 4 4 2 3 4 4 5 4 4 2 3 6 7 4 4 2 3 7 6 5 4 4 3 2 6 7 8 9 4 4 3 2 7 6 9 8 5 3 2 4 4 9 8 7 6 7 6 3 2 4 4 8 9 6 7 6 7 5 10 10 10 10 11 11 11 11 11 11 11 11 10 10 10 10 11 11 11 11 11 11 11 11 12
0 1 1 1 1 0 2 3 4 5 2 3 4 5 6 4 5 3 2 7 7 4 5 3 2 7 7 6 5 4 2 3 7 7 8 9 5 4 2 3 7 7 9 8 6 3 2 5 4 8 9 7 7 7 7 3 2 5 4 9 8 7 7 7 7 6 10 10 10 10 11 11 11 11 11 11 11 11 10 10 10 10 11 11 11 11 11 11 11 11 12
0 1 1 1 1 2 1 1 3 4 1 1 4 3 2 5 5 6 7 7 6 5 5 6 7 7 6 8 5 5 7 6 6 7 9 10 5 5 7 6 6 7 10 9 8 11 12 13 13 13 13 14 14 14 14 11 12 13 13 13 13 14 14 14 14 15 12 11 13 13 13 13 14 14 14 14 16 17 12 11 13 13 13 13 14 14 14 14 17 16 15
0 1 1 1 1 2 1 1 3 4 1 1 4 3 2 5 5 6 7 8 9 5 5 9 8 7 6 10 5 5 8 9 6 7 11 12 5 5 7 6 9 8 12 11 10 13 14 15 15 15 15 16 16 16 16 13 14 15 15 15 15 16 16 16 16 17 14 13 15 15 15 15 16 16 16 16 18 18 14 13 15 15 15 15 16 16 16 16 18 18 17
0 1 1 1 1 2 1 1 3 4 1 1 5 4 6 1 1 7 6 4 4 1 1 6 7 5 3 2 1 1 4 3 7 2 5 4 1 1 4 5 2 7 3 4 6 8 9 10 10 10 10 10 10 10 10 8 9 10 10 10 10 10 10 10 10 11 9 8 10 10 10 10 10 10 10 10 12 13 9 8 10 10 10 10 10 10 10 10 13 12 11
0 1 1 1 1 2 1 1 3 4 1 1 5 6 7 1 1 8 7 6 4 1 1 7 8 5 3 2 1 1 6 5 8 2 3 4 1 1 4 3 2 8 5 6 7 9 10 11 11 11 11 11 11 11 11 9 10 11 11 11 11 11 11 11 11 12 10 9 11 11 11 11 11 11 11 11 13 14 10 9 11 11 11 11 11 11 11 11 14 13 12
0 1 1 1 1 2 3 3 4 4 3 3 4 4 5 6 6 7 7 8 8 6 6 7 7 8 8 9 10 11 12 13 14 14 15 15 10 11 13 12 14 14 15 15 16 11 10 12 13 14 14 15 15 17 18 11 10 13 12 14 14 15 15 18 17 16 19 19 20 20 21 21 22 22 23 23 23 23 19 19 20 20 21 21 22 22 23 23 23 23 24
0 1 1 1 1 2 3 3 4 4 3 3 4 4 5 6 6 7 7 8 9 6 6 7 7 9 8 10 11 12 13 13 14 14 15 15 11 12 13 13 14 14 15 15 16 12 11 13 13 14 14 15 15 17 17 12 11 13 13 14 14 15 15 17 17 16 18 18 19 20 21 21 22 22 23 23 23 23 18 18 20 19 21 21 22 22 23 23 23 23 24
0 1 1 1 1 2 3 3 4 4 3 3 4 4 5 6 6 7 8 9 9 6 6 7 8 9 9 10 6 6 8 7 9 9 11 12 6 6 8 7 9 9 12 11 10 13 14 15 15 16 16 17 17 17 17 13 14 15 15 16 16 17 17 17 17 18 14 13 15 15 16 16 17 17 17 17 19 20 14 13 15 15 16 16 17 17 17 17 20 19 18
0 1 1 1 1 2 3 3 4 4 3 3 4 4 5 6 6 7 8 9 10 6 6 7 8 10 9 11 6 6 8 7 9 10 12 13 6 6 8 7 10 9 13 12 11 14 15 16 16 17 17 18 18 18 18 14 15 16 16 17 17 18 18 18 18 19 15 14 16 16 17 17 18 18 18 18 20 20 15 14 16 16 17 17 18 18 18 18 20 20 19
0 1 1 1 1 2 3 3 4 4 3 3 4 4 5 6 7 8 9 10 10 6 7 9 8 10 10 11 7 6 8 9 10 10 12 13 7 6 9 8 10 10 13 12 11 14 14 15 15 16 16 17 17 17 17 14 14 15 15 16 16 17 17 17 17 18 14 14 15 15 16 16 17 17 17 17 19 20 14 14 15 15 16 16 17 17 17 17 20 19 18
0 1 1 1 1 2 3 3 4 4 3 3 4 4 5 6 7 8 9 10 11 6 7 9 8 11 10 12 7 6 8 9 11 10 13 14 7 6 9 8 10 11 14 13 12 15 15 16 16 17 17 18 18 18 18 15 15 16 16 17 17 18 18 18 18 19 15 15 16 16 17 17 18 18 18 18 20 20 15 15 16 16 17 17 18 18 18 18 20 20 19
0 1 1 1 1 2 3 3 4 5 3 3 5 4 6 7 7 8 8 9 9 7 7 8 8 9 9 10 11 12 13 13 14 14 15 15 11 12 13 13 14 14 15 15 16 12 11 13 13 14 14 15 15 17 18 12 11 13 13 14 14 15 15 18 17 16 19 19 20 20 21 21 22 22 23 23 23 23 19 19 20 20 21 21 22 22 23 23 23 23 24
0 1 1 1 1 2 3 3 4 5 3 3 5 4 6 7 7 8 9 10 11 7 7 8 9 10 11 12 7 7 9 8 11 10 13 14 7 7 9 8 11 10 14 13 12 15 16 17 17 18 18 19 19 19 19 15 16 17 17 18 18 19 19 19 19 20 16 15 17 17 18 18 19 19 19 19 21 21 16 15 17 17 18 18 19 19 19 19 21 21 20
0 1 1 1 1 2 3 3 4 5 3 3 5 4 6 7 7 8 9 10 11 7 7 9 8 11 10 12 13 13 14 14 15 15 16 16 13 13 14 14 15 15 16 16 17 13 13 14 14 15 15 16 16 18 18 13 13 14 14 15 15 16 16 18 18 17 19 20 21 21 22 22 23 23 24 24 24 24 20 19 21 21 22 22 23 23 24 24 24 24 25
0 1 1 1 1 2 3 3 4 5 3 3 5 4 6 7 7 8 9 10 11 7 7 9 8 11 10 12 13 14 15 15 16 16 17 17 13 14 15 15 16 16 17 17 18 14 13 15 15 16 16 17 17 19 19 14 13 15 15 16 16 17 17 19 19 18 20 20 21 21 22 22 23 23 24 24 24 24 20 20 21 21 22 22 23 23 24 24 24 24 25
0 1 1 1 1 2 3 3 4 5 3 3 5 4 6 7 8 9 9 10 10 7 8 9 9 10 10 11 8 7 9 9 10 10 12 13 8 7 9 9 10 10 13 12 11 14 14 15 15 16 16 17 17 17 17 14 14 15 15 16 16 17 17 17 17 18 14 14 15 15 16 16 17 17 17 17 19 20 14 14 15 15 16 16 17 17 17 17 20 19 18
0 1 1 1 1 2 3 3 4 5 3 3 5 4 6 7 8 9 9 10 10 8 7 9 9 10 10 11 12 12 13 13 14 14 15 15 12 12 13 13 14 14 15 15 16 12 12 13 13 14 14 15 15 17 18 12 12 13 13 14 14 15 15 18 17 16 19 19 20 20 21 21 22 22 23 23 23 23 19 19 20 20 21 21 22 22 23 23 23 23 24
0 1 1 1 1 2 3 3 4 5 3 3 5 4 6 7 8 9 9 10 10 8 7 9 9 10 10 11 12 12 13 13 14 14 15 15 12 12 13 13 14 14 15 15 16 17 17 18 18 19 19 20 20 21 21 17 17 18 18 19 19 20 20 21 21 22 23 23 24 24 25 25 26 26 27 27 28 28 23 23 24 24 25 25 26 26 27 27 28 28 29
0 1 1 1 1 2 3 3 4 5 3 3 5 4 6 7 8 9 10 11 12 7 8 10 9 12 11 13 8 7 9 10 11 12 14 15 8 7 10 9 12 11 15 14 13 16 16 17 17 18 18 19 19 19 19 16 16 17 17 18 18 19 19 19 19 20 16 16 17 17 18 18 19 19 19 19 21 21 16 16 17 17 18 18 19 19 19 19 21 21 20
0 1 1 1 1 2 3 4 5 5 3 4 5 5 6 3 4 5 5 7 7 3 4 5 5 7 7 6 4 3 5 5 8 9 8 9 4 3 5 5 8 9 9 8 7 4 3 5 5 9 8 8 9 7 6 4 3 5 5 9 8 9 8 6 7 7 10 10 11 12 13 13 13 13 13 13 13 13 10 10 12 11 13 13 13 13 13 13 13 13 14
0 1 1 1 1 2 3 4 5 5 3 4 5 5 6 3 4 5 5 7 7 3 4 5 5 7 7 6 4 3 5 5 8 9 10 10 4 3 5 5 10 10 8 9 7 4 3 5 5 10 10 9 8 7 6 4 3 5 5 9 8 10 10 6 7 7 11 11 12 13 14 14 14 14 14 14 14 14 11 11 13 12 14 14 14 14 14 14 14 14 15
0 1 1 1 1 2 3 4 5 5 3 4 5 5 6 3 4 5 5 7 7 3 4 5 5 7 7 6 4 3 5 5 8 9 10 11 4 3 5 5 10 11 9 8 7 4 3 5 5 11 10 8 9 7 6 4 3 5 5 9 8 11 10 6 7 7 12 12 13 13 14 14 14 14 14 14 14 14 12 12 13 13 14 14 14 14 14 14 14 14 15
0 1 1 1 1 2 3 4 5 5 3 4 5 5 6 3 4 5 5 7 8 3 4 5 5 8 7 6 4 3 5 5 9 10 10 9 4 3 5 5 9 10 10 9 8 4 3 5 5 10 9 9 10 6 7 4 3 5 5 10 9 9 10 7 6 8 11 11 12 13 14 14 14 14 14 14 14 14 11 11 13 12 14 14 14 14 14 14 14 14 15
0 1 1 1 1 2 3 4 5 5 3 4 5 5 6 3 4 5 5 7 8 3 4 5 5 8 7 6 4 3 5 5 9 10 10 11 4 3 5 5 11 10 10 9 8 4 3 5 5 10 9 11 10 7 6 4 3 5 5 10 11 9 10 6 7 8 12 12 13 13 14 14 14 14 14 14 14 14 12 12 13 13 14 14 14 14 14 14 14 14 15
0 1 1 1 1 2 3 4 5 5 3 4 5 5 6 3 4 5 5 7 8 3 4 5 5 8 7 6 4 3 5 5 9 10 11 12 4 3 5 5 12 11 10 9 8 4 3 5 5 11 12 9 10 7 6 4 3 5 5 10 9 12 11 6 7 8 13 13 14 14 15 15 15 15 15 15 15 15 13 13 14 14 15 15 15 15 15 15 15 15 16
0 1 1 1 1 2 3 4 5 6 3 4 5 6 7 3 4 6 5 8 8 3 4 6 5 8 8 7 4 3 5 6 9 9 10 11 4 3 5 6 9 9 11 10 7 4 3 6 5 10 11 9 9 8 8 4 3 6 5 11 10 9 9 8 8 7 12 12 13 13 14 14 14 14 14 14 14 14 12 12 13 13 14 14 14 14 14 14 14 14 15
0 1 1 1 1 2 3 4 5 6 3 4 5 6 7 3 4 6 5 8 9 3 4 6 5 9 8 7 4 3 5 6 10 10 11 11 4 3 5 6 10 10 11 11 7 4 3 6 5 11 11 10 10 8 9 4 3 6 5 11 11 10 10 9 8 7 12 12 13 13 14 14 14 14 14 14 14 14 12 12 13 13 14 14 14 14 14 14 14 14 15
0 1 2 1 2 3 1 2 3 4 1 2 4 3 3 2 1 5 6 6 7 2 1 7 6 6 5 4 2 1 6 5 7 6 3 3 2 1 6 7 5 6 3 3 4 8 8 9 10 10 9 10 10 9 9 8 8 9 10 10 9 10 10 9 9 11 8 8 10 9 9 10 9 9 10 10 12 13 8 8 10 9 9 10 9 9 10 10 13 12 11
0 1 2 1 2 3 1 2 4 4 1 2 4 4 3 2 1 5 6 5 6 2 1 5 6 6 5 4 2 1 6 5 5 6 4 3 2 1 6 5 6 5 3 4 4 7 8 9 9 9 9 10 10 10 10 7 8 9 9 9 9 10 10 10 10 11 8 7 10 10 10 10 9 9 9 9 12 13 8 7 10 10 10 10 9 9 9 9 13 12 11
0 1 2 1 2 3 1 2 4 4 1 2 4 4 3 2 1 5 6 7 7 2 1 7 7 5 6 4 2 1 7 7 6 5 4 3 2 1 6 5 7 7 3 4 4 8 9 10 10 10 10 11 11 11 11 8 9 10 10 10 10 11 11 11 11 12 9 8 11 11 11 11 10 10 10 10 13 14 9 8 11 11 11 11 10 10 10 10 14 13 12
0 1 2 1 2 3 1 2 4 4 1 2 4 4 3 2 1 5 6 7 8 2 1 7 8 6 5 4 2 1 8 7 5 6 4 3 2 1 6 5 8 7 3 4 4 9 9 10 10 10 10 10 10 10 10 9 9 10 10 10 10 10 10 10 10 11 9 9 10 10 10 10 10 10 10 10 12 13 9 9 10 10 10 10 10 10 10 10 13 12 11
0 1 2 1 2 3 1 2 4 4 1 2 4 4 3 2 1 5 6 7 8 2 1 7 8 6 5 4 2 1 8 7 5 6 4 3 2 1 6 5 8 7 3 4 4 9 10 11 11 11 11 12 12 12 12 9 10 11 11 11 11 12 12 12 12 13 10 9 12 12 12 12 11 11 11 11 14 14 10 9 12 12 12 12 11 11 11 11 14 14 13
0 1 2 1 2 3 1 2 4 5 1 2 5 4 3 2 1 6 7 7 6 2 1 6 7 7 6 5 2 1 7 6 6 7 3 4 2 1 7 6 6 7 4 3 5 8 8 9 10 10 9 10 10 9 9 8 8 9 10 10 9 10 10 9 9 11 8 8 10 9 9 10 9 9 10 10 12 13 8 8 10 9 9 10 9 9 10 10 13 12 11
0 1 2 1 2 3 1 2 4 5 1 2 5 4 3 2 1 6 7 7 6 2 1 6 7 7 6 5 2 1 7 6 6 7 3 4 2 1 7 6 6 7 4 3 5 8 9 10 10 10 10 11 11 11 11 8 9 10 10 10 10 11 11 11 11 12 9 8 11 11 11 11 10 10 10 10 13 14 9 8 11 11 11 11 10 10 10 10 14 13 12
0 1 2 1 2 3 1 2 4 5 1 2 5 4 3 2 1 6 7 7 8 2 1 8 7 7 6 5 2 1 7 6 8 7 4 3 2 1 7 8 6 7 3 4 5 9 9 10 10 10 10 10 10 10 10 9 9 10 10 10 10 10 10 10 10 11 9 9 10 10 10 10 10 10 10 10 12 13 9 9 10 10 10 10 10 10 10 10 13 12 11
0 1 2 1 2 3 1 2 4 5 1 2 5 4 3 2 1 6 7 7 8 2 1 8 7 7 6 5 2 1 7 6 8 7 4 3 2 1 7 8 6 7 3 4 5 9 9 10 11 11 10 11 11 10 10 9 9 10 11 11 10 11 11 10 10 12 9 9 11 10 10 11 10 10 11 11 13 13 9 9 11 10 10 11 10 10 11 11 13 13 12
0 1 2 1 2 3 1 2 4 5 1 2 5 4 3 2 1 6 7 7 8 2 1 8 7 7 6 5 2 1 7 6 8 7 4 3 2 1 7 8 6 7 3 4 5 9 10 11 11 11 11 12 12 12 12 9 10 11 11 11 11 12 12 12 12 13 10 9 12 12 12 12 11 11 11 11 14 14 10 9 12 12 12 12 11 11 11 11 14 14 13
0 1 2 1 2 3 1 2 4 5 1 2 5 4 3 2 1 6 7 8 9 2 1 9 8 7 6 5 2 1 8 9 6 7 4 3 2 1 7 6 9 8 3 4 5 10 10 11 11 11 11 11 11 11 11 10 10 11 11 11 11 11 11 11 11 12 10 10 11 11 11 11 11 11 11 11 13 14 10 10 11 11 11 11 11 11 11 11 14 13 12
0 1 2 1 2 3 1 2 4 5 1 2 5 4 3 2 1 6 7 8 9 2 1 9 8 7 6 5 2 1 8 9 6 7 4 3 2 1 7 6 9 8 3 4 5 10 11 12 12 12 12 13 13 13 13 10 11 12 12 12 12 13 13 13 13 14 11 10 13 13 13 13 12 12 12 12 15 15 11 10 13 13 13 13 12 12 12 12 15 15 14
0 1 2 1 2 3 1 2 4 5 1 2 6 5 7 1 2 8 7 5 5 1 2 7 8 6 4 3 1 2 5 4 8 3 6 5 1 2 5 6 3 8 4 5 7 9 10 11 11 11 11 11 11 11 11 9 10 11 11 11 11 11 11 11 11 12 9 10 11 11 11 11 11 11 11 11 13 14 9 10 11 11 11 11 11 11 11 11 14 13 12
0 1 2 1 2 3 1 2 4 5 1 2 6 7 8 1 2 9 8 7 5 1 2 8 9 6 4 3 1 2 7 6 9 3 4 5 1 2 5 4 3 9 6 7 8 10 11 12 12 12 12 12 12 12 12 10 11 12 12 12 12 12 12 12 12 13 10 11 12 12 12 12 12 12 12 12 14 15 10 11 12 12 12 12 12 12 12 12 15 14 13
0 1 2 1 2 3 2 1 4 5 2 1 5 4 3 6 6 7 7 7 7 6 6 7 7 7 7 8 9 10 11 11 12 12 13 13 9 10 11 11 12 12 13 13 14 10 9 12 12 11 11 13 13 15 15 10 9 12 12 11 11 13 13 15 15 14 16 16 17 17 17 17 18 19 20 20 20 20 16 16 17 17 17 17 19 18 20 20 20 20 21
0 1 2 1 2 3 2 1 4 5 2 1 5 4 3 6 6 7 7 7 7 6 6 7 7 7 7 8 9 10 11 11 12 12 13 13 9 10 11 11 12 12 13 13 14 10 9 12 12 11 11 13 13 15 16 10 9 12 12 11 11 13 13 16 15 14 17 17 18 18 18 18 19 19 20 20 20 20 17 17 18 18 18 18 19 19 20 20 20 20 21
0 1 2 1 2 3 2 1 4 5 2 1 5 4 3 6 7 8 8 9 9 6 7 8 8 9 9 10 7 6 9 9 8 8 11 12 7 6 9 9 8 8 12 11 10 13 13 14 14 14 14 15 15 15 15 13 13 14 14 14 14 15 15 15 15 16 13 13 14 14 14 14 15 15 15 15 17 18 13 13 14 14 14 14 15 15 15 15 18 17 16
0 1 2 1 2 3 2 1 4 5 2 1 5 4 3 6 7 8 8 9 9 6 7 8 8 9 9 10 7 6 9 9 8 8 11 12 7 6 9 9 8 8 12 11 10 13 14 15 15 16 16 17 17 18 18 13 14 15 15 16 16 17 17 18 18 19 14 13 16 16 15 15 18 18 17 17 20 20 14 13 16 16 15 15 18 18 17 17 20 20 19
0 1 2 1 2 3 4 5 6 6 4 5 6 6 7 4 5 6 6 8 9 4 5 6 6 10 9 11 4 5 6 6 12 11 9 9 4 5 6 6 11 12 10 8 7 4 5 6 6 9 8 12 7 10 9 4 5 6 6 9 10 7 12 8 9 11 13 14 15 15 16 16 16 16 16 16 16 16 13 14 15 15 16 16 16 16 16 16 16 16 17
0 1 2 1 2 3 4 5 6 6 4 5 6 6 7 4 5 6 6 8 9 4 5 6 6 10 11 12 4 5 6 6 13 12 11 9 4 5 6 6 12 13 10 8 7 4 5 6 6 11 10 13 7 8 9 4 5 6 6 9 8 7 13 10 11 12 14 15 16 16 17 17 17 17 17 17 17 17 14 15 16 16 17 17 17 17 17 17 17 17 18
0 1 2 2 1 0 3 3 3 3 3 3 3 3 4 5 5 5 5 6 6 5 5 5 5 6 6 7 8 9 10 11 12 12 13 13 11 10 9 8 12 12 13 13 14 10 11 8 9 12 12 13 13 15 16 9 8 11 10 12 12 13 13 16 15 14 17 17 17 17 18 18 19 19 20 20 20 20 17 17 17 17 18 18 19 19 20 20 20 20 21
0 1 2 2 1 0 3 3 3 3 3 3 3 3 4 5 5 5 5 6 7 5 5 5 5 7 6 8 9 10 9 10 11 11 12 12 9 10 9 10 11 11 12 12 13 10 9 10 9 11 11 12 12 14 14 10 9 10 9 11 11 12 12 14 14 13 15 16 16 15 17 17 18 18 19 19 19 19 16 15 15 16 17 17 18 18 19 19 19 19 20
0 1 2 2 1 0 3 3 3 3 3 3 3 3 4 5 5 5 5 6 7 5 5 5 5 7 6 8 9 10 10 9 11 11 12 12 9 10 10 9 11 11 12 12 13 10 9 9 10 11 11 12 12 14 14 10 9 9 10 11 11 12 12 14 14 13 15 15 15 15 16 17 18 19 20 20 20 20 15 15 15 15 17 16 19 18 20 20 20 20 21
0 1 2 2 1 0 3 3 3 3 3 3 3 3 4 5 5 5 5 6 7 5 5 5 5 7 6 8 9 10 10 9 11 11 12 12 9 10 10 9 11 11 12 12 13 10 9 9 10 11 11 12 12 14 15 10 9 9 10 11 11 12 12 15 14 13 16 16 16 16 17 17 18 18 19 19 19 19 16 16 16 16 17 17 18 18 19 19 19 19 20
0 1 2 2 1 0 3 3 3 3 3 3 3 3 4 5 6 6 5 7 7 5 6 6 5 7 7 8 6 5 5 6 7 7 9 10 6 5 5 6 7 7 10 9 8 11 12 11 12 13 13 14 14 14 14 11 12 11 12 13 13 14 14 14 14 15 12 11 12 11 13 13 14 14 14 14 16 17 12 11 12 11 13 13 14 14 14 14 17 16 15
0 1 2 2 1 0 3 3 3 3 3 3 3 3 4 5 6 6 5 7 8 5 6 6 5 8 7 9 6 5 5 6 7 8 10 11 6 5 5 6 8 7 11 10 9 12 13 12 13 14 14 15 15 15 15 12 13 12 13 14 14 15 15 15 15 16 13 12 13 12 14 14 15 15 15 15 17 17 13 12 13 12 14 14 15 15 15 15 17 17 16
0 1 2 2 1 0 3 3 3 3 3 3 3 3 4 5 6 7 8 9 9 8 7 6 5 9 9 10 7 8 5 6 9 9 11 12 6 5 8 7 9 9 12 11 10 13 13 13 13 14 14 15 15 15 15 13 13 13 13 14 14 15 15 15 15 16 13 13 13 13 14 14 15 15 15 15 17 18 13 13 13 13 14 14 15 15 15 15 18 17 16
0 1 2 2 1 0 3 3 4 4 4 4 3 3 5 6 7 6 7 8 8 7 6 7 6 8 8 9 10 11 11 10 12 12 13 13 10 11 11 10 12 12 13 13 14 11 10 10 11 12 12 13 13 15 15 11 10 10 11 12 12 13 13 15 15 14 16 16 16 16 17 17 18 18 19 19 19 19 16 16 16 16 17 17 18 18 19 19 19 19 20
0 1 2 2 1 0 3 3 4 4 4 4 3 3 5 6 7 7 6 8 8 6 7 7 6 8 8 9 7 6 6 7 8 8 10 11 7 6 6 7 8 8 11 10 9 12 13 12 13 14 14 15 15 15 15 12 13 12 13 14 14 15 15 15 15 16 13 12 13 12 14 14 15 15 15 15 17 17 13 12 13 12 14 14 15 15 15 15 17 17 16
0 1 2 2 1 0 3 4 3 4 3 4 3 4 5 3 4 3 4 6 6 3 4 3 4 6 6 5 4 3 4 3 7 8 7 8 4 3 4 3 7 8 8 7 6 4 3 4 3 8 7 7 8 6 5 4 3 4 3 8 7 8 7 5 6 6 9 10 10 9 11 11 11 11 11 11 11 11 10 9 9 10 11 11 11 11 11 11 11 11 12
0 1 2 2 1 0 3 4 3 4 3 4 3 4 5 3 4 3 4 6 6 3 4 3 4 6 6 5 4 3 4 3 7 8 9 9 4 3 4 3 9 9 7 8 6 4 3 4 3 9 9 8 7 6 5 4 3 4 3 8 7 9 9 5 6 6 10 11 11 10 12 12 12 12 12 12 12 12 11 10 10 11 12 12 12 12 12 12 12 12 13
0 1 2 2 1 0 3 4 3 4 3 4 3 4 5 3 4 3 4 6 7 3 4 3 4 7 6 5 4 3 4 3 8 9 9 8 4 3 4 3 8 9 9 8 7 4 3 4 3 9 8 8 9 5 6 4 3 4 3 9 8 8 9 6 5 7 10 11 11 10 12 12 12 12 12 12 12 12 11 10 10 11 12 12 12 12 12 12 12 12 13
0 1 2 2 1 0 3 4 3 4 3 4 3 4 5 4 3 4 3 6 7 4 3 4 3 7 6 5 8 9 8 9 10 10 11 11 8 9 8 9 10 10 11 11 12 9 8 9 8 11 11 10 10 13 13 9 8 9 8 11 11 10 10 13 13 12 14 15 15 14 16 16 16 16 17 17 17 17 15 14 14 15 16 16 16 16 17 17 17 17 18
0 1 2 2 1 0 3 4 3 4 4 3 4 3 5 6 6 6 6 7 7 6 6 6 6 7 7 8 9 10 10 9 11 11 12 12 9 10 10 9 11 11 12 12 13 10 9 9 10 11 11 12 12 14 15 10 9 9 10 11 11 12 12 15 14 13 16 16 16 16 17 17 18 18 19 19 19 19 16 16 16 16 17 17 18 18 19 19 19 19 20
0 1 2 2 1 0 3 4 3 4 4 3 4 3 5 6 7 6 7 8 9 7 6 7 6 9 8 10 11 12 12 11 13 13 14 14 11 12 12 11 13 13 14 14 15 12 11 11 12 13 13 14 14 16 16 12 11 11 12 13 13 14 14 16 16 15 17 17 17 17 18 18 19 19 20 20 20 20 17 17 17 17 18 18 19 19 20 20 20 20 21
0 1 2 2 1 0 3 4 3 4 4 3 4 3 5 6 7 7 6 8 8 6 7 7 6 8 8 9 7 6 6 7 8 8 10 11 7 6 6 7 8 8 11 10 9 12 12 12 12 13 13 14 14 14 14 12 12 12 12 13 13 14 14 14 14 15 12 12 12 12 13 13 14 14 14 14 16 17 12 12 12 12 13 13 14 14 14 14 17 16 15
0 1 2 2 1 0 3 4 3 4 4 3 4 3 5 6 7 7 6 8 8 6 7 7 6 8 8 9 7 6 6 7 8 8 10 11 7 6 6 7 8 8 11 10 9 12 13 12 13 14 15 16 16 16 16 12 13 12 13 14 15 16 16 16 16 17 13 12 13 12 15 14 16 16 16 16 18 18 13 12 13 12 15 14 16 16 16 16 18 18 17
0 1 2 2 1 0 3 4 4 3 3 4 4 3 5 3 4 4 3 6 6 3 4 4 3 6 6 5 4 3 3 4 7 8 9 10 4 3 3 4 9 10 8 7 6 4 3 3 4 10 9 7 8 6 5 4 3 3 4 8 7 10 9 5 6 6 11 11 11 11 12 12 12 12 12 12 12 12 11 11 11 11 12 12 12 12 12 12 12 12 13
0 1 2 2 1 0 3 4 4 3 3 4 4 3 5 3 4 4 3 6 7 3 4 4 3 7 6 5 4 3 3 4 8 9 9 8 4 3 3 4 8 9 9 8 7 4 3 3 4 9 8 8 9 5 6 4 3 3 4 9 8 8 9 6 5 7 10 10 10 10 11 12 12 11 12 12 11 11 10 10 10 10 12 11 11 12 11 11 12 12 13
0 1 2 2 1 0 3 4 4 3 3 4 4 3 5 3 4 4 3 6 7 3 4 4 3 7 6 5 4 3 3 4 8 9 9 10 4 3 3 4 10 9 9 8 7 4 3 3 4 9 8 10 9 6 5 4 3 3 4 9 10 8 9 5 6 7 11 11 11 11 12 12 12 12 12 12 12 12 11 11 11 11 12 12 12 12 12 12 12 12 13
0 1 2 2 1 0 3 4 4 3 3 4 4 3 5 3 4 4 3 6 7 3 4 4 3 7 6 5 4 3 3 4 8 9 10 11 4 3 3 4 11 10 9 8 7 4 3 3 4 10 11 8 9 6 5 4 3 3 4 9 8 11 10 5 6 7 12 12 12 12 13 13 13 13 13 13 13 13 12 12 12 12 13 13 13 13 13 13 13 13 14
0 1 2 2 1 0 3 4 4 3 3 4 4 3 5 4 3 3 4 6 7 4 3 3 4 7 6 5 8 9 9 8 10 10 11 11 8 9 9 8 10 10 11 11 12 9 8 8 9 11 11 10 10 13 14 9 8 8 9 11 11 10 10 14 13 12 15 15 15 15 16 16 16 16 17 17 17 17 15 15 15 15 16 16 16 16 17 17 17 17 18
0 1 2 2 1 0 3 4 4 3 4 3 3 4 5 6 7 6 7 8 8 7 6 7 6 8 8 9 10 11 11 10 12 13 14 14 10 11 11 10 12 13 14 14 15 11 10 10 11 13 12 14 14 16 16 11 10 10 11 13 12 14 14 16 16 15 17 17 17 17 18 18 19 19 20 20 20 20 17 17 17 17 18 18 19 19 20 20 20 20 21
0 1 2 2 1 0 3 4 4 3 4 3 3 4 5 6 7 7 6 8 9 6 7 7 6 8 9 10 7 6 6 7 9 8 11 12 7 6 6 7 9 8 12 11 10 13 14 13 14 15 15 16 16 16 16 13 14 13 14 15 15 16 16 16 16 17 14 13 14 13 15 15 16 16 16 16 18 18 14 13 14 13 15 15 16 16 16 16 18 18 17
0 1 2 2 1 0 3 4 4 3 4 3 3 4 5 6 7 8 9 10 11 9 8 7 6 10 11 12 8 9 6 7 11 10 13 14 7 6 9 8 11 10 14 13 12 15 15 15 15 16 16 17 17 17 17 15 15 15 15 16 16 17 17 17 17 18 15 15 15 15 16 16 17 17 17 17 19 19 15 15 15 15 16 16 17 17 17 17 19 19 18
0 1 2 2 1 0 3 4 5 6 3 4 5 6 7 6 5 4 3 8 8 6 5 4 3 8 8 7 5 6 3 4 9 10 11 11 5 6 3 4 10 9 11 11 7 4 3 6 5 11 11 9 10 8 8 4 3 6 5 11 11 10 9 8 8 7 12 12 12 12 13 13 13 13 13 13 13 13 12 12 12 12 13 13 13 13 13 13 13 13 14
0 1 2 2 1 0 3 4 5 6 6 5 4 3 7 5 6 3 4 8 9 4 3 6 5 9 8 7 10 11 11 10 12 12 13 13 10 11 11 10 12 12 13 13 14 11 10 10 11 13 13 12 12 15 15 11 10 10 11 13 13 12 12 15 15 14 16 16 16 16 17 17 17 17 18 18 18 18 16 16 16 16 17 17 17 17 18 18 18 18 19
0 1 2 2 1 3 4 4 5 5 4 4 5 5 6 4 4 5 5 6 7 4 4 5 5 8 9 7 4 4 5 5 8 7 9 7 4 4 5 5 9 8 8 6 6 4 4 5 5 7 6 8 8 6 7 4 4 5 5 7 8 6 6 8 7 9 10 11 12 13 14 14 14 14 14 14 14 14 11 10 13 12 14 14 14 14 14 14 14 14 15
0 1 2 2 1 3 4 4 5 5 4 4 5 5 6 4 4 5 5 7 8 4 4 5 5 7 8 9 4 4 5 5 10 9 8 8 4 4 5 5 9 10 7 7 6 4 4 5 5 8 7 6 10 7 8 4 4 5 5 8 7 10 6 7 8 9 11 12 13 14 15 15 15 15 15 15 15 15 12 11 14 13 15 15 15 15 15 15 15 15 16
0 1 2 2 1 3 4 4 5 5 4 4 5 5 6 4 4 5 5 7 8 4 4 5 5 9 8 10 4 4 5 5 11 10 8 8 4 4 5 5 10 11 9 7 6 4 4 5 5 8 7 11 6 9 8 4 4 5 5 8 9 6 11 7 8 10 12 12 13 13 14 14 14 14 14 14 14 14 12 12 13 13 14 14 14 14 14 14 14 14 15
0 1 2 2 1 3 4 4 5 5 4 4 5 5 6 4 4 5 5 7 8 4 4 5 5 9 10 11 4 4 5 5 12 11 10 8 4 4 5 5 11 12 9 7 6 4 4 5 5 10 9 12 6 7 8 4 4 5 5 8 7 6 12 9 10 11 13 13 14 14 15 15 15 15 15 15 15 15 13 13 14 14 15 15 15 15 15 15 15 15 16
0 1 2 2 1 3 4 4 5 5 4 4 5 5 6 7 7 8 8 9 9 7 7 8 8 9 9 10 11 12 13 14 15 15 16 16 11 12 13 14 15 15 16 16 17 12 11 14 13 15 15 16 16 18 19 12 11 14 13 15 15 16 16 19 18 17 20 20 21 21 22 22 23 23 24 24 24 24 20 20 21 21 22 22 23 23 24 24 24 24 25
0 1 2 2 1 3 4 4 5 5 4 4 5 5 6 7 7 8 8 9 10 7 7 8 8 9 10 11 7 7 8 8 10 9 12 13 7 7 8 8 10 9 13 12 11 14 15 16 17 18 18 19 19 19 19 14 15 16 17 18 18 19 19 19 19 20 15 14 17 16 18 18 19 19 19 19 21 21 15 14 17 16 18 18 19 19 19 19 21 21 20
0 1 2 2 1 3 4 4 5 5 4 4 5 5 6 7 7 8 8 9 10 7 7 8 8 10 9 11 12 13 14 15 16 16 17 17 12 13 14 15 16 16 17 17 18 13 12 15 14 16 16 17 17 19 19 13 12 15 14 16 16 17 17 19 19 18 20 20 21 21 22 22 23 23 24 24 24 24 20 20 21 21 22 22 23 23 24 24 24 24 25
0 1 2 2 1 3 4 4 5 5 4 4 5 5 6 7 8 9 10 11 11 7 8 9 10 11 11 12 8 7 10 9 11 11 13 14 8 7 10 9 11 11 14 13 12 15 15 16 16 17 17 18 18 18 18 15 15 16 16 17 17 18 18 18 18 19 15 15 16 16 17 17 18 18 18 18 20 21 15 15 16 16 17 17 18 18 18 18 21 20 19
0 1 2 2 1 3 4 5 6 7 4 5 6 7 8 4 5 6 7 9 9 4 5 6 7 9 9 8 5 4 7 6 10 11 10 11 5 4 7 6 10 11 11 10 9 5 4 7 6 11 10 10 11 9 8 5 4 7 6 11 10 11 10 8 9 9 12 12 13 13 14 14 14 14 14 14 14 14 12 12 13 13 14 14 14 14 14 14 14 14 15
0 1 2 2 1 3 4 5 6 7 4 5 6 7 8 4 5 6 7 9 9 4 5 6 7 9 9 8 5 4 7 6 10 11 12 12 5 4 7 6 12 12 10 11 9 5 4 7 6 12 12 11 10 9 8 5 4 7 6 11 10 12 12 8 9 9 13 13 14 14 15 15 15 15 15 15 15 15 13 13 14 14 15 15 15 15 15 15 15 15 16
0 1 2 2 1 3 4 5 6 7 4 5 6 7 8 4 5 6 7 9 10 4 5 6 7 10 9 8 5 4 7 6 11 12 12 11 5 4 7 6 11 12 12 11 10 5 4 7 6 12 11 11 12 8 9 5 4 7 6 12 11 11 12 9 8 10 13 13 14 14 15 15 15 15 15 15 15 15 13 13 14 14 15 15 15 15 15 15 15 15 16
0 1 2 2 1 3 4 5 6 7 4 5 6 7 8 5 4 7 6 9 10 5 4 7 6 10 9 8 11 12 13 14 15 15 16 16 11 12 13 14 15 15 16 16 17 12 11 14 13 16 16 15 15 18 18 12 11 14 13 16 16 15 15 18 18 17 19 19 20 20 21 21 21 21 22 22 22 22 19 19 20 20 21 21 21 21 22 22 22 22 23
0 1 2 2 1 3 4 5 6 7 5 4 7 6 8 9 9 10 10 11 11 9 9 10 10 11 11 12 9 9 10 10 11 11 13 14 9 9 10 10 11 11 14 13 12 15 15 16 16 17 17 18 18 18 18 15 15 16 16 17 17 18 18 18 18 19 15 15 16 16 17 17 18 18 18 18 20 21 15 15 16 16 17 17 18 18 18 18 21 20 19
0 1 2 2 1 3 4 5 6 7 5 4 7 6 8 9 9 10 10 11 11 9 9 10 10 11 11 12 9 9 10 10 11 11 13 14 9 9 10 10 11 11 14 13 12 15 16 17 18 19 20 21 21 21 21 15 16 17 18 19 20 21 21 21 21 22 16 15 18 17 20 19 21 21 21 21 23 23 16 15 18 17 20 19 21 21 21 21 23 23 22
0 1 2 2 1 3 4 5 6 7 5 4 7 6 8 9 9 10 10 11 11 9 9 10 10 11 11 12 13 13 14 14 15 15 16 16 13 13 14 14 15 15 16 16 17 13 13 14 14 15 15 16 16 18 19 13 13 14 14 15 15 16 16 19 18 17 20 20 21 21 22 22 23 23 24 24 24 24 20 20 21 21 22 22 23 23 24 24 24 24 25
0 1 2 2 1 3 4 5 6 7 5 4 7 6 8 9 9 10 10 11 11 9 9 10 10 11 11 12 13 13 14 14 15 15 16 16 13 13 14 14 15 15 16 16 17 18 18 19 19 20 20 21 21 22 22 18 18 19 19 20 20 21 21 22 22 23 24 24 25 25 26 26 27 27 28 28 29 29 24 24 25 25 26 26 27 27 28 28 29 29 30
0 1 2 2 1 3 4 5 6 7 5 4 7 6 8 9 9 10 10 11 11 9 9 10 10 11 11 12 13 14 15 16 17 18 19 19 13 14 15 16 17 18 19 19 20 14 13 16 15 18 17 19 19 21 21 14 13 16 15 18 17 19 19 21 21 20 22 22 23 23 24 24 25 25 26 26 26 26 22 22 23 23 24 24 25 25 26 26 26 26 27
0 1 2 2 1 3 4 5 6 7 5 4 7 6 8 9 10 11 12 13 14 9 10 11 12 13 14 15 9 10 11 12 13 14 16 17 9 10 11 12 13 14 17 16 15 10 9 12 11 14 13 18 18 18 18 10 9 12 11 14 13 18 18 18 18 15 10 9 12 11 14 13 18 18 18 18 16 17 10 9 12 11 14 13 18 18 18 18 17 16 15
0 1 2 2 1 3 4 5 6 7 5 4 7 6 8 9 10 11 12 13 14 9 10 11 12 13 14 15 10 9 12 11 14 13 16 16 10 9 12 11 14 13 16 16 15 17 18 19 20 21 22 23 23 24 24 17 18 19 20 21 22 23 23 24 24 25 18 17 20 19 22 21 24 24 23 23 26 26 18 17 20 19 22 21 24 24 23 23 26 26 25
0 1 2 2 1 3 4 5 6 7 5 4 7 6 8 9 10 11 12 13 14 9 10 11 12 13 14 15 10 9 12 11 14 13 16 17 10 9 12 11 14 13 17 16 15 18 18 19 19 20 20 21 21 21 21 18 18 19 19 20 20 21 21 21 21 22 18 18 19 19 20 20 21 21 21 21 23 23 18 18 19 19 20 20 21 21 21 21 23 23 22
0 1 2 2 1 3 4 5 6 7 5 4 7 6 8 9 10 11 12 13 14 10 9 12 11 14 13 15 16 16 17 17 18 18 19 19 16 16 17 17 18 18 19 19 20 16 16 17 17 18 18 19 19 21 21 16 16 17 17 18 18 19 19 21 21 20 22 22 23 23 24 24 25 25 26 26 26 26 22 22 23 23 24 24 25 25 26 26 26 26 27
0 1 2 3 4 4 5 4 4 2 4 3 5 1 0 4 5 3 0 1 2 2 1 0 5 3 4 4 6 7 7 6 6 7 7 6 6 7 7 6 6 7 7 6 8 7 6 6 7 7 6 6 7 9 9 7 6 6 7 7 6 6 7 9 9 8 10 11 11 11 11 10 10 10 12 12 12 12 11 10 10 10 10 11 11 11 12 12 12 12 13
0 1 2 3 4 5 6 5 4 2 5 6 3 1 0 4 3 6 0 1 2 2 1 0 6 3 4 5 7 8 8 7 7 8 8 7 7 8 8 7 7 8 8 7 9 8 7 7 8 8 7 7 8 10 10 8 7 7 8 8 7 7 8 10 10 9 11 12 12 12 12 11 11 11 13 13 13 13 12 11 11 11 11 12 12 12 13 13 13 13 14
0 1 2 3 4 5 6 7 8 9 6 7 8 9 10 6 7 8 9 10 11 6 7 8 9 12 13 11 6 7 8 9 12 11 13 11 6 7 8 9 13 12 12 10 10 6 7 8 9 11 10 12 12 10 11 6 7 8 9 11 12 10 10 12 11 13 14 15 16 17 18 18 18 18 18 18 18 18 14 15 16 17 18 18 18 18 18 18 18 18 19
0 1 2 3 4 5 6 7 8 9 6 7 8 9 10 6 7 8 9 11 12 6 7 8 9 11 12 13 6 7 8 9 14 13 12 12 6 7 8 9 13 14 11 11 10 6 7 8 9 12 11 10 14 11 12 6 7 8 9 12 11 14 10 11 12 13 15 16 17 18 19 19 19 19 19 19 19 19 15 16 17 18 19 19 19 19 19 19 19 19 20
0 1 2 3 4 5 6 7 8 9 6 7 8 9 10 11 12 13 14 15 15 11 12 13 14 15 15 16 11 12 13 14 15 15 17 18 11 12 13 14 15 15 18 17 16 19 20 21 22 23 23 24 24 24 24 19 20 21 22 23 23 24 24 24 24 25 19 20 21 22 23 23 24 24 24 24 26 27 19 20 21 22 23 23 24 24 24 24 27 26 25
0 1 2 3 4 5 6 7 8 9 6 7 8 9 10 11 12 13 14 15 15 11 12 13 14 15 15 16 17 18 19 20 21 21 22 22 17 18 19 20 21 21 22 22 23 17 18 19 20 21 21 22 22 24 25 17 18 19 20 21 21 22 22 25 24 23 26 27 28 29 30 30 31 31 32 32 32 32 26 27 28 29 30 30 31 31 32 32 32 32 33
0 1 2 3 4 5 6 7 8 9 6 7 8 9 10 11 12 13 14 15 15 11 12 13 14 15 15 16 17 18 19 20 21 21 22 22 17 18 19 20 21 21 22 22 23 24 25 26 27 28 28 29 29 30 30 24 25 26 27 28 28 29 29 30 30 31 32 33 34 35 36 36 37 37 38 38 39 39 32 33 34 35 36 36 37 37 38 38 39 39 40
0 1 2 3 4 5 6 7 8 9 10 11 12 13 14 10 11 12 13 14 15 10 11 12 13 14 16 17 10 11 12 13 14 17 16 15 10 11 12 13 14 18 18 18 18 10 11 12 13 14 18 18 18 18 15 10 11 12 13 14 18 18 18 18 16 17 10 11 12 13 14 18 18 18 18 17 16 15 19 20 21 22 23 24 24 24 24 24 24 24 24
0 1 2 3 4 5 6 7 8 9 10 11 12 13 14 15 16 17 18 19 20 15 16 17 18 19 20 21 15 16 17 18 19 20 22 23 15 16 17 18 19 20 23 22 21 24 25 26 27 28 29 30 30 30 30 24 25 26 27 28 29 30 30 30 30 31 24 25 26 27 28 29 30 30 30 30 32 32 24 25 26 27 28 29 30 30 30 30 32 32 31
0 1 2 3 4 5 6 7 8 9 10 11 12 13 14 15 16 17 18 19 20 15 16 17 18 19 20 21 22 23 24 25 26 27 28 28 22 23 24 25 26 27 28 28 29 22 23 24 25 26 27 28 28 30 30 22 23 24 25 26 27 28 28 30 30 29 31 32 33 34 35 36 37 37 38 38 38 38 31 32 33 34 35 36 37 37 38 38 38 38 39
--- order 36 (x38) ---
0 0 0 1 1 1 1 1 1 2 1 1 1 2 2 3 3 3 4 4 4 3 3 3 4 4 4 5 6 6 6 7 8 8 9 9 6 6 6 8 7 8 9 9 10 6 6 6 8 8 7 9 9 10 10 11 12 13 14 14 14 15 15 16 16 16 12 13 11 14 14 14 15 15 16 16 16 17 13 11 12 14 14 14 15 15 16 16 16 17 17
0 0 0 1 1 1 1 1 1 2 3 3 3 4 4 3 3 3 4 4 5 3 3 3 4 4 6 7 3 3 3 4 4 8 7 7 3 3 3 4 4 7 6 8 5 3 3 3 4 4 7 8 5 6 7 9 10 11 12 12 13 13 13 13 13 13 10 11 9 12 12 13 13 13 13 13 13 14 11 9 10 12 12 13 13 13 13 13 13 14 14
0 0 0 1 1 1 1 1 1 2 3 3 3 4 5 3 3 3 4 5 6 3 3 3 4 5 6 6 3 3 3 5 4 7 8 8 3 3 3 5 4 8 7 8 6 3 3 3 5 4 8 8 7 6 6 9 10 11 12 12 13 13 13 13 13 13 10 11 9 12 12 13 13 13 13 13 13 14 11 9 10 12 12 13 13 13 13 13 13 14 14
0 0 0 1 1 1 1 1 1 2 3 3 3 4 5 3 3 3 4 5 6 3 3 3 4 5 6 6 3 3 3 5 4 7 8 9 3 3 3 5 4 8 9 7 6 3 3 3 5 4 9 7 8 6 6 10 11 11 12 12 13 13 13 13 13 13 11 10 11 12 12 13 13 13 13 13 13 14 11 11 10 12 12 13 13 13 13 13 13 14 14
0 0 0 1 1 1 1 1 1 2 3 4 5 6 6 3 4 5 6 6 7 3 4 5 6 6 7 7 4 5 3 6 6 8 9 9 4 5 3 6 6 9 8 9 7 4 5 3 6 6 9 9 8 7 7 5 3 4 6 6 8 9 9 8 9 9 5 3 4 6 6 9 8 9 9 8 9 7 5 3 4 6 6 9 9 8 9 9 8 7 7
0 0 0 1 1 1 1 1 1 2 3 4 5 6 7 3 4 5 7 6 8 4 5 3 6 7 9 10 4 5 3 7 6 10 9 8 5 3 4 6 7 9 10 9 10 5 3 4 7 6 10 9 10 9 8 11 11 11 12 12 13 13 13 13 13 13 11 11 11 12 12 13 13 13 13 13 13 14 11 11 11 12 12 13 13 13 13 13 13 14 14
0 0 0 1 1 1 1 1 1 2 3 4 5 6 7 3 5 4 7 6 8 4 3 5 7 6 9 10 4 5 3 6 7 10 9 11 5 3 4 6 7 10 11 8 10 5 4 3 7 6 11 10 10 8 9 12 12 12 13 13 14 14 14 14 14 14 12 12 12 13 13 14 14 14 14 14 14 15 12 12 12 13 13 14 14 14 14 14 14 15 15
0 0 0 1 2 3 2 3 1 4 3 1 2 4 4 5 5 5 6 6 6 5 5 5 6 6 6 7 8 9 10 11 12 13 14 14 10 8 9 12 13 11 14 14 15 9 10 8 13 11 12 14 14 15 15 16 16 16 17 17 17 18 18 19 19 19 16 16 16 17 17 17 18 18 19 19 19 20 16 16 16 17 17 17 18 18 19 19 19 20 20
0 0 1 0 1 1 1 0 0 0 1 0 0 0 1 2 2 2 2 2 2 2 2 2 2 2 2 3 4 5 5 5 6 7 8 8 6 5 5 5 7 4 8 8 9 7 5 5 5 4 6 8 8 9 9 5 4 6 7 5 5 8 8 10 10 10 5 6 7 4 5 5 8 8 10 10 10 9 5 7 4 6 5 5 8 8 10 10 10 9 9
0 0 1 0 1 1 2 3 3 3 2 3 3 3 4 2 3 3 3 4 4 5 6 6 6 7 7 7 8 9 9 9 10 11 11 12 8 9 9 9 11 10 11 12 13 8 9 9 9 11 11 10 12 13 13 14 15 16 16 17 17 17 18 19 19 19 14 16 15 16 17 17 17 18 19 19 19 20 14 16 16 15 17 17 17 18 19 19 19 20 20
0 0 1 0 1 1 2 3 3 3 2 3 3 3 4 5 6 6 6 7 8 5 6 6 6 8 7 9 10 11 12 13 14 14 15 15 10 12 13 11 14 14 15 15 16 10 13 11 12 14 14 15 15 16 16 17 18 18 18 19 19 20 20 21 21 21 17 18 18 18 19 19 20 20 21 21 21 22 17 18 18 18 19 19 20 20 21 21 21 22 22
0 0 1 0 1 1 2 3 3 3 4 5 5 5 6 4 5 5 5 6 7 4 5 5 5 6 8 9 4 5 5 5 6 8 9 9 4 5 5 5 6 9 8 7 8 4 5 5 5 6 9 8 8 7 9 10 11 12 13 14 15 15 15 15 15 15 10 12 13 11 14 15 15 15 15 15 15 16 10 13 11 12 14 15 15 15 15 15 15 16 16
0 0 1 0 1 1 2 3 3 3 4 5 5 5 6 4 5 5 5 6 7 4 5 5 5 6 8 9 4 5 5 5 6 10 9 9 4 5 5 5 6 9 8 10 7 4 5 5 5 6 9 10 7 8 9 11 12 13 13 14 15 15 15 15 15 15 11 13 12 13 14 15 15 15 15 15 15 16 11 13 13 12 14 15 15 15 15 15 15 16 16
0 0 1 0 1 1 2 3 3 3 4 5 5 5 6 7 8 8 8 9 10 7 8 8 8 9 10 11 12 13 14 15 16 17 18 18 12 14 15 13 16 17 18 18 19 12 15 13 14 16 17 18 18 19 19 20 21 21 21 22 23 24 24 25 25 25 20 21 21 21 22 23 24 24 25 25 25 26 20 21 21 21 22 23 24 24 25 25 25 26 26
0 0 1 0 1 1 2 3 3 3 4 5 5 5 6 7 8 8 8 9 10 11 12 12 12 13 14 15 16 17 18 18 19 20 21 22 16 18 17 18 19 20 21 22 23 16 18 18 17 19 20 21 22 23 23 24 25 25 25 26 27 28 29 30 30 30 24 25 25 25 26 27 28 29 30 30 30 31 24 25 25 25 26 27 28 29 30 30 30 31 31
0 0 1 0 1 1 2 3 3 3 4 5 6 6 7 4 5 6 6 7 8 4 5 6 6 7 8 8 4 6 5 6 7 9 10 10 4 6 5 6 7 10 9 10 8 4 6 5 6 7 10 10 9 8 8 4 6 6 5 7 9 10 10 9 10 10 4 6 6 5 7 10 9 10 10 9 10 8 4 6 6 5 7 10 10 9 10 10 9 8 8
0 0 1 0 1 1 2 3 3 3 4 5 6 7 8 4 5 6 7 8 9 4 6 7 5 8 10 11 4 6 7 5 8 11 10 9 4 7 5 6 8 10 11 11 10 4 7 5 6 8 11 10 10 11 9 12 13 13 13 14 15 15 15 15 15 15 12 13 13 13 14 15 15 15 15 15 15 16 12 13 13 13 14 15 15 15 15 15 15 16 16
0 0 1 0 1 1 2 3 3 3 4 5 6 7 8 4 5 7 6 8 9 4 6 5 7 8 10 11 4 6 7 5 8 11 10 12 4 7 5 6 8 11 12 9 11 4 7 6 5 8 12 11 11 9 10 13 14 14 14 15 16 16 16 16 16 16 13 14 14 14 15 16 16 16 16 16 16 17 13 14 14 14 15 16 16 16 16 16 16 17 17
0 0 1 0 1 1 2 3 3 4 2 3 4 3 5 2 4 3 3 5 5 6 7 7 7 8 8 8 9 10 11 11 12 12 13 14 9 11 10 11 12 13 12 14 15 9 11 11 10 13 12 12 14 15 15 16 17 17 17 18 18 18 19 20 20 20 16 17 17 17 18 18 18 19 20 20 20 21 16 17 17 17 18 18 18 19 20 20 20 21 21
0 0 1 2 3 3 4 5 5 6 7 8 9 10 11 7 8 9 10 11 12 7 8 9 10 11 12 12 7 9 8 10 11 13 14 15 7 9 8 10 11 14 15 13 12 7 9 8 10 11 15 13 14 12 12 16 17 17 18 19 20 20 20 20 20 20 16 17 17 18 19 20 20 20 20 20 20 21 16 17 17 18 19 20 20 20 20 20 20 21 21
0 0 1 2 3 4 2 4 3 5 6 7 7 8 8 6 7 7 8 8 9 6 7 7 8 8 9 9 6 7 7 8 8 10 11 12 6 7 7 8 8 10 12 11 10 6 7 7 8 8 11 10 12 12 9 6 7 7 8 8 11 12 10 9 12 11 6 7 7 8 8 12 10 11 9 11 10 9 6 7 7 8 8 12 11 10 11 9 9 10 12
0 0 1 2 3 4 2 4 3 5 6 7 7 8 8 6 7 7 8 8 9 6 7 7 8 8 9 10 6 7 7 8 8 11 11 12 6 7 7 8 8 11 12 11 9 6 7 7 8 8 10 9 12 12 10 6 7 7 8 8 10 12 9 10 12 11 6 7 7 8 8 12 11 10 9 10 11 9 6 7 7 8 8 12 10 11 10 9 9 11 12
0 0 1 2 3 4 2 4 3 5 6 7 8 9 10 6 7 8 9 10 11 6 7 8 9 10 11 11 6 8 7 10 9 12 13 14 6 8 7 10 9 13 14 12 11 6 8 7 10 9 14 12 13 11 11 15 16 16 17 17 18 18 18 18 18 18 15 16 16 17 17 18 18 18 18 18 18 19 15 16 16 17 17 18 18 18 18 18 18 19 19
0 1 1 1 1 2 1 1 2 2 3 3 4 5 5 3 3 4 5 5 6 3 3 4 5 5 6 6 3 3 5 4 5 7 8 9 3 3 5 4 5 8 9 7 6 3 3 5 4 5 9 7 8 6 6 3 3 5 5 4 7 9 8 7 9 8 3 3 5 5 4 8 7 9 9 8 7 6 3 3 5 5 4 9 8 7 8 7 9 6 6
0 1 1 1 1 2 1 1 2 2 3 3 4 5 5 3 3 4 5 5 6 3 3 4 5 5 6 6 3 3 5 4 5 7 8 9 3 3 5 4 5 8 9 7 6 3 3 5 4 5 9 7 8 6 6 3 3 5 5 4 7 9 8 9 8 7 3 3 5 5 4 8 7 9 8 7 9 6 3 3 5 5 4 9 8 7 7 9 8 6 6
0 1 1 1 1 2 1 1 3 4 1 1 5 4 4 1 1 4 3 5 2 1 1 4 5 2 3 4 6 6 7 8 8 8 7 7 6 6 7 8 8 8 7 7 9 6 6 7 8 8 8 7 7 9 9 6 6 8 7 7 7 8 8 10 11 12 6 6 8 7 7 7 8 8 11 12 10 9 6 6 8 7 7 7 8 8 12 10 11 9 9
0 1 1 1 1 2 1 1 3 4 1 1 5 4 4 1 1 4 3 5 2 1 1 4 5 2 3 4 6 7 8 8 8 8 8 8 6 7 8 8 8 8 8 8 9 6 7 8 8 8 8 8 8 9 9 7 6 8 8 8 8 8 8 10 11 12 7 6 8 8 8 8 8 8 11 12 10 9 7 6 8 8 8 8 8 8 12 10 11 9 9
0 1 2 1 2 3 1 2 3 3 2 1 4 5 5 2 1 5 4 5 3 2 1 5 5 4 3 3 6 7 8 8 8 9 9 9 6 7 8 8 8 9 9 9 10 6 7 8 8 8 9 9 9 10 10 7 6 9 9 9 8 8 8 11 12 13 7 6 9 9 9 8 8 8 12 13 11 10 7 6 9 9 9 8 8 8 13 11 12 10 10
0 1 2 1 2 3 1 2 3 4 1 2 3 4 4 1 2 4 3 3 3 1 2 4 3 3 3 4 2 1 5 6 6 6 7 8 2 1 7 6 6 6 8 5 4 2 1 8 6 6 6 5 7 4 4 2 1 6 5 7 8 6 6 3 3 3 2 1 6 7 8 5 6 6 3 3 3 4 2 1 6 8 5 7 6 6 3 3 3 4 4
0 1 2 1 2 3 1 2 4 5 1 2 4 5 5 1 2 5 4 3 4 1 2 5 4 4 3 5 6 7 8 9 9 9 8 8 6 7 8 9 9 9 8 8 10 6 7 8 9 9 9 8 8 10 10 6 7 9 8 8 8 9 9 11 12 13 6 7 9 8 8 8 9 9 12 13 11 10 6 7 9 8 8 8 9 9 13 11 12 10 10
0 1 2 1 2 3 1 2 4 5 1 2 6 5 5 1 2 5 4 6 3 1 2 5 6 3 4 5 2 1 7 8 8 8 7 7 2 1 7 8 8 8 7 7 5 2 1 7 8 8 8 7 7 5 5 2 1 8 7 7 7 8 8 3 4 6 2 1 8 7 7 7 8 8 4 6 3 5 2 1 8 7 7 7 8 8 6 3 4 5 5
0 1 2 1 2 3 1 2 4 5 1 2 6 5 5 1 2 5 4 6 3 1 2 5 6 3 4 5 7 8 9 9 9 9 9 9 7 8 9 9 9 9 9 9 10 7 8 9 9 9 9 9 9 11 12 7 8 9 9 9 9 9 9 13 12 12 7 8 9 9 9 9 9 9 12 11 13 10 7 8 9 9 9 9 9 9 12 13 10 11 12
0 1 2 1 2 3 1 2 4 5 1 2 6 5 5 1 2 7 8 8 8 1 2 7 8 8 8 5 1 2 7 8 8 8 5 5 1 2 8 7 7 7 3 4 6 1 2 8 7 7 7 4 6 3 5 1 2 8 7 7 7 6 3 4 5 5 1 2 5 4 6 3 7 7 7 8 8 8 1 2 5 6 3 4 7 7 7 8 8 8 5
0 1 2 3 4 5 3 4 5 6 7 8 9 10 10 7 8 9 10 10 11 7 8 9 10 10 11 11 7 8 9 10 10 12 13 14 7 8 9 10 10 12 14 13 12 7 8 9 10 10 13 12 14 14 11 7 8 9 10 10 13 14 12 11 14 13 7 8 9 10 10 14 12 13 11 13 12 11 7 8 9 10 10 14 13 12 13 11 11 12 14
0 1 2 3 4 5 3 4 5 6 7 8 9 10 10 7 8 9 10 10 11 7 8 9 10 10 11 12 7 8 9 10 10 13 13 14 7 8 9 10 10 13 14 13 11 7 8 9 10 10 12 11 14 14 12 7 8 9 10 10 12 14 11 12 14 13 7 8 9 10 10 14 13 12 11 12 13 11 7 8 9 10 10 14 12 13 12 11 11 13 14
0 1 2 3 4 5 6 7 8 9 10 11 12 13 14 10 11 12 13 14 15 10 11 12 13 14 15 15 10 11 12 13 14 16 17 17 10 11 12 13 14 16 17 17 16 10 11 12 13 14 17 16 17 15 17 10 11 12 13 14 17 16 17 17 15 16 10 11 12 13 14 17 17 16 15 17 15 17 10 11 12 13 14 17 17 16 17 15 17 15 16
0 1 2 3 4 5 6 7 8 9 10 11 12 13 14 10 11 12 13 14 15 10 11 12 13 14 16 17 10 11 12 13 14 18 17 17 10 11 12 13 14 17 16 18 15 10 11 12 13 14 17 18 15 16 17 19 20 21 22 23 24 24 24 24 24 24 19 20 21 22 23 24 24 24 24 24 24 25 19 20 21 22 23 24 24 24 24 24 24 25 25
0 1 2 3 4 5 6 7 8 9 10 11 12 13 14 15 16 17 18 19 20 21 22 23 24 25 26 27 28 29 30 31 32 33 34 35 28 29 30 31 32 33 34 35 36 28 29 30 31 32 33 34 35 36 36 37 38 39 40 41 42 43 44 45 45 45 37 38 39 40 41 42 43 44 45 45 45 46 37 38 39 40 41 42 43 44 45 45 45 46 46
--- order 40 (x24) ---
0 0 1 0 2 2 0 2 2 1 3 4 4 4 4 3 4 4 4 4 5 3 4 4 4 4 5 6 3 4 4 4 4 6 5 6 3 4 4 4 4 6 6 5 5 7 8 9 10 11 12 12 12 12 12 7 10 11 9 8 12 12 12 12 12 13 7 11 10 8 9 12 12 12 12 12 13 14 7 9 8 11 10 12 12 12 12 12 14 13 13
0 0 1 0 2 3 0 3 2 1 4 5 5 5 5 4 5 5 5 5 6 4 5 5 5 5 6 7 4 5 5 5 5 7 6 7 4 5 5 5 5 7 7 6 6 8 9 10 11 12 13 13 13 13 13 8 12 11 10 9 13 13 13 13 13 14 8 11 12 9 10 13 13 13 13 13 15 16 8 10 9 12 11 13 13 13 13 13 16 15 14
0 0 1 1 0 1 1 1 0 0 2 2 2 2 2 2 2 2 2 2 3 4 5 5 6 6 7 7 6 6 5 5 4 7 7 8 6 5 6 4 5 7 7 8 9 5 4 6 5 6 7 7 9 8 9 5 6 4 6 5 7 7 9 9 8 8 10 10 10 10 10 11 11 12 12 12 12 12 10 10 10 10 10 11 11 12 12 12 12 12 13
0 0 1 1 0 1 1 1 0 0 2 3 3 4 4 4 4 3 3 2 5 4 3 4 2 3 5 6 3 2 4 3 4 6 5 6 3 4 2 4 3 6 6 5 5 7 7 7 7 7 8 8 8 8 8 7 7 7 7 7 8 8 8 8 8 9 7 7 7 7 7 8 8 8 8 8 10 11 7 7 7 7 7 8 8 8 8 8 11 10 9
0 0 1 1 1 0 1 0 1 0 2 3 4 5 6 5 4 6 3 2 7 6 5 3 2 4 7 8 3 6 2 4 5 8 7 8 4 2 5 6 3 8 8 7 7 9 9 9 9 9 10 10 10 10 10 9 9 9 9 9 10 10 10 10 10 11 9 9 9 9 9 10 10 10 10 10 12 12 9 9 9 9 9 10 10 10 10 10 12 12 11
0 0 1 2 3 3 2 3 3 4 5 6 6 7 7 5 6 6 7 7 8 5 6 6 7 7 8 9 5 6 6 7 7 9 8 9 5 6 6 7 7 9 9 8 8 10 11 12 13 14 15 15 15 15 15 10 11 12 14 13 15 15 15 15 15 16 10 12 11 13 14 15 15 15 15 15 17 18 10 12 11 14 13 15 15 15 15 15 18 17 16
0 0 1 2 3 3 2 3 3 4 5 6 6 7 8 5 6 6 8 7 9 10 11 11 12 12 13 13 10 11 11 12 12 13 13 14 10 11 11 12 12 13 13 14 15 10 11 11 12 12 13 13 15 14 15 10 11 11 12 12 13 13 15 15 14 14 16 17 18 19 19 20 20 21 21 21 21 21 16 18 17 19 19 20 20 21 21 21 21 21 22
0 0 1 2 3 3 4 5 5 6 7 8 8 9 10 7 8 8 9 10 11 7 8 8 9 10 11 12 7 8 8 9 10 12 11 12 7 8 8 9 10 12 12 11 11 13 14 15 16 17 18 18 18 18 18 13 14 15 16 17 18 18 18 18 18 19 13 15 14 16 17 18 18 18 18 18 20 21 13 15 14 16 17 18 18 18 18 18 21 20 19
0 0 1 2 3 3 4 5 5 6 7 8 9 10 11 7 9 8 10 11 12 13 14 14 15 16 17 17 13 14 14 15 16 17 17 18 13 14 14 15 16 17 17 18 19 13 14 14 15 16 17 17 19 18 19 13 14 14 15 16 17 17 19 19 18 18 20 21 21 22 23 24 24 25 25 25 25 25 20 21 21 22 23 24 24 25 25 25 25 25 26
0 0 1 2 3 4 2 4 3 5 6 7 7 8 8 6 7 7 8 8 9 6 7 7 8 8 9 10 6 7 7 8 8 10 9 10 6 7 7 8 8 10 10 9 9 11 12 13 14 15 16 16 16 16 16 11 12 13 14 15 16 16 16 16 16 17 11 13 12 15 14 16 16 16 16 16 18 19 11 13 12 15 14 16 16 16 16 16 19 18 17
0 0 1 2 3 4 2 4 3 5 6 7 8 9 10 6 8 7 10 9 11 12 13 13 14 14 15 15 12 13 13 14 14 15 15 16 12 13 13 14 14 15 15 16 17 12 13 13 14 14 15 15 17 16 17 12 13 13 14 14 15 15 17 17 16 16 18 19 19 20 20 21 21 22 22 22 22 22 18 19 19 20 20 21 21 22 22 22 22 22 23
0 1 1 1 1 2 1 1 3 4 1 1 3 4 5 1 1 5 4 3 5 1 1 5 4 5 3 3 1 1 4 3 4 4 2 4 1 1 4 3 4 4 4 2 5 1 1 4 5 2 4 4 4 5 3 1 1 4 5 4 2 4 4 3 5 3 6 7 8 8 8 8 8 8 8 8 8 8 7 6 8 8 8 8 8 8 8 8 8 8 9
0 1 1 1 1 2 1 1 3 4 1 1 3 4 5 1 1 6 5 5 4 1 1 6 5 4 5 4 1 1 5 6 3 6 3 2 1 1 5 6 6 3 2 3 4 1 1 4 3 2 6 6 3 4 5 1 1 4 3 6 2 3 6 5 4 5 7 8 9 9 9 9 9 9 9 9 9 9 8 7 9 9 9 9 9 9 9 9 9 9 10
0 1 1 1 1 2 1 1 3 4 1 1 5 4 6 1 1 7 6 4 6 1 1 8 6 6 4 4 1 1 6 7 8 3 5 2 1 1 6 8 5 7 2 3 4 1 1 4 3 7 2 8 5 4 6 1 1 4 5 2 8 3 7 6 4 6 9 9 10 10 10 10 10 10 10 10 10 10 9 9 10 10 10 10 10 10 10 10 10 10 11
0 1 2 1 2 3 1 2 3 4 1 2 4 3 4 1 2 4 4 3 3 2 1 5 6 6 6 6 2 1 6 5 6 6 6 4 2 1 6 6 5 6 6 4 3 2 1 6 6 6 5 6 3 4 3 2 1 6 6 6 6 5 3 3 4 4 7 7 8 8 8 8 8 8 8 8 8 8 7 7 8 8 8 8 8 8 8 8 8 8 9
0 1 2 1 2 3 1 2 3 4 1 2 4 3 4 1 2 4 4 3 3 2 1 5 6 6 7 7 2 1 7 7 6 6 5 4 2 1 7 6 7 5 6 4 3 2 1 6 5 7 6 7 3 4 3 2 1 6 7 5 7 6 3 3 4 4 8 8 9 9 9 9 9 9 9 9 9 9 8 8 9 9 9 9 9 9 9 9 9 9 10
0 1 2 1 2 3 1 2 4 5 1 2 4 5 6 1 2 6 5 4 6 1 2 6 5 6 4 4 1 2 5 4 5 5 3 5 1 2 5 4 5 5 5 3 6 1 2 5 6 3 5 5 5 6 4 1 2 5 6 5 3 5 5 4 6 4 7 8 9 9 9 9 9 9 9 9 9 9 7 8 9 9 9 9 9 9 9 9 9 9 10
0 1 2 1 2 3 1 2 4 5 1 2 4 5 6 1 2 7 6 6 5 1 2 7 6 5 6 5 1 2 6 7 4 7 4 3 1 2 6 7 7 4 3 4 5 1 2 5 4 3 7 7 4 5 6 1 2 5 4 7 3 4 7 6 5 6 8 9 10 10 10 10 10 10 10 10 10 10 8 9 10 10 10 10 10 10 10 10 10 10 11
0 1 2 1 2 3 1 3 2 3 1 3 3 2 2 2 1 1 1 0 1 2 1 1 1 1 0 3 3 1 0 1 1 1 3 2 3 1 1 0 1 1 2 3 2 4 5 5 5 5 5 4 4 4 4 4 5 5 5 5 5 4 4 4 4 6 5 4 4 4 4 4 5 5 5 5 7 8 5 4 4 4 4 4 5 5 5 5 8 7 6
0 1 2 1 2 3 4 3 3 2 4 3 2 3 2 3 4 1 4 1 0 3 4 4 1 0 1 2 2 1 0 4 4 1 2 3 2 1 4 0 1 4 3 2 3 5 6 6 6 6 6 5 5 5 5 5 6 6 6 6 6 5 5 5 5 7 6 5 5 5 5 5 6 6 6 6 8 9 6 5 5 5 5 5 6 6 6 6 9 8 7
0 1 2 3 2 4 5 4 2 4 6 4 4 2 2 4 5 6 1 3 0 4 6 3 5 0 1 2 2 1 5 0 6 3 2 4 2 3 0 6 1 5 4 2 4 7 7 7 7 7 7 7 7 7 7 7 7 7 7 7 7 7 7 7 7 8 7 7 7 7 7 7 7 7 7 7 9 10 7 7 7 7 7 7 7 7 7 7 10 9 8
0 1 2 3 2 4 5 4 2 4 6 4 4 2 2 4 5 6 1 3 0 4 6 3 5 0 1 2 2 1 5 0 6 3 2 4 2 3 0 6 1 5 4 2 4 7 8 8 8 8 8 7 7 7 7 7 8 8 8 8 8 7 7 7 7 9 8 7 7 7 7 7 8 8 8 8 10 10 8 7 7 7 7 7 8 8 8 8 10 10 9
0 1 2 3 4 5 6 7 8 9 10 11 12 13 14 10 11 12 13 14 15 10 11 12 13 14 15 16 10 11 12 13 14 16 15 16 10 11 12 13 14 16 16 15 15 17 18 19 20 21 22 22 22 22 22 17 18 19 20 21 22 22 22 22 22 23 17 18 19 20 21 22 22 22 22 22 24 25 17 18 19 20 21 22 22 22 22 22 25 24 23
0 1 2 3 4 5 6 7 8 9 10 11 12 13 14 10 11 12 13 14 15 16 17 18 19 20 21 21 16 17 18 19 20 21 21 22 16 17 18 19 20 21 21 22 23 16 17 18 19 20 21 21 23 22 23 16 17 18 19 20 21 21 23 23 22 22 24 25 26 27 28 29 29 30 30 30 30 30 24 25 26 27 28 29 29 30 30 30 30 30 31
--- order 42 (x2) ---
0 0 1 0 1 1 2 3 3 3 2 3 3 3 4 2 3 3 3 4 5 2 3 3 3 6 6 5 2 3 3 3 6 5 6 4 2 3 3 3 5 4 6 5 4 2 3 3 3 5 6 4 4 5 6 7 8 9 10 11 11 11 11 11 11 11 7 9 10 8 11 11 11 11 11 11 11 12 7 10 8 9 11 11 11 11 11 11 11 12 12
0 1 2 1 2 2 1 2 2 2 3 2 2 2 2 3 2 2 2 2 2 3 2 2 2 2 2 2 2 1 1 3 3 0 1 3 2 1 3 1 3 1 3 0 2 2 1 3 3 1 3 0 1 2 2 2 3 0 1 3 3 1 1 2 2 2 2 3 1 3 0 1 3 1 2 2 2 2 2 3 3 0 1 1 1 3 2 2 2 2 2
--- order 44 (x1) ---
0 0 1 0 1 2 0 3 4 2 0 3 2 4 5 0 5 5 4 2 3 0 5 4 5 3 2 1 0 4 3 5 4 1 2 1 0 4 5 3 1 4 1 2 3 0 2 1 3 5 1 4 3 2 5 0 2 3 1 1 5 3 4 5 2 4 6 7 7 7 7 7 7 7 7 7 7 7 6 7 7 7 7 7 7 7 7 7 7 7 8
--- order 48 (x157) ---
0 0 0 0 0 0 1 1 1 1 1 1 1 1 2 3 3 3 3 4 5 3 3 3 3 5 4 6 7 7 7 7 8 9 10 11 7 7 7 7 9 8 11 10 12 13 14 14 14 15 15 16 16 17 17 14 13 14 14 15 15 16 16 17 17 18 14 14 13 14 15 15 16 16 17 17 18 18 14 14 14 13 15 15 16 16 17 17 18 18 18
0 0 0 0 0 0 1 1 1 2 1 1 2 1 3 1 2 1 1 3 3 2 1 1 1 3 3 3 4 4 4 4 5 5 5 5 4 4 4 4 5 5 5 5 6 7 8 8 8 9 9 9 10 11 11 8 7 8 8 9 9 10 9 11 11 12 8 8 7 8 9 10 9 9 11 11 12 12 8 8 8 7 10 9 9 9 11 11 12 12 12
0 0 0 1 1 1 1 1 1 2 1 1 1 2 3 1 1 1 4 5 3 1 1 1 4 3 5 3 1 1 1 5 4 4 2 2 1 1 1 3 2 4 4 2 3 1 1 1 3 4 2 2 4 3 5 6 7 8 9 9 9 9 9 9 9 9 7 8 6 9 9 9 9 9 9 9 9 10 8 6 7 9 9 9 9 9 9 9 9 10 10
0 0 0 1 1 1 1 1 1 2 1 1 1 3 3 1 1 1 3 3 2 4 4 4 5 6 5 6 4 4 4 5 6 6 5 7 4 4 4 6 5 5 6 7 8 4 4 4 6 5 6 5 8 7 7 9 10 10 11 11 11 11 12 12 12 12 10 9 10 11 11 11 11 12 12 12 12 13 10 10 9 11 11 11 11 12 12 12 12 13 13
0 0 0 1 1 1 1 1 1 2 1 1 1 3 3 1 1 1 3 3 2 4 4 4 5 6 7 7 4 4 4 7 7 5 6 8 4 4 4 7 7 6 5 8 9 4 4 4 6 5 7 7 9 8 8 10 11 11 12 12 12 12 13 13 13 13 11 10 11 12 12 12 12 13 13 13 13 14 11 11 10 12 12 12 12 13 13 13 13 14 14
0 0 0 1 1 1 1 1 1 2 1 1 1 3 4 1 1 1 3 4 5 1 1 1 6 5 4 4 1 1 1 5 6 3 3 2 1 1 1 4 3 2 6 3 4 1 1 1 4 3 6 2 3 4 5 7 8 9 10 10 10 10 10 10 10 10 8 9 7 10 10 10 10 10 10 10 10 11 9 7 8 10 10 10 10 10 10 10 10 11 11
0 0 0 1 1 1 1 1 1 2 1 1 1 3 4 1 1 1 4 3 2 5 5 5 6 6 6 6 5 5 5 6 6 6 6 7 5 5 5 6 6 6 6 8 9 5 5 5 6 6 6 6 9 8 7 10 11 12 13 13 13 13 14 14 14 14 11 12 10 13 13 13 13 14 14 14 14 15 12 10 11 13 13 13 13 14 14 14 14 15 15
0 0 0 1 1 1 1 1 1 2 1 1 1 3 4 1 1 1 4 3 2 5 5 5 6 7 7 6 5 5 5 6 7 7 6 8 5 5 5 7 6 6 7 9 9 5 5 5 7 6 6 7 9 9 8 10 11 12 13 13 13 13 14 14 14 14 11 12 10 13 13 13 13 14 14 14 14 15 12 10 11 13 13 13 13 14 14 14 14 15 15
0 0 0 1 1 1 1 1 1 2 1 1 1 3 4 1 1 1 4 3 2 5 5 5 6 7 7 6 5 5 5 6 7 7 6 8 5 5 5 7 6 6 7 9 10 5 5 5 7 6 6 7 10 9 8 11 12 12 13 13 13 13 14 14 14 14 12 11 12 13 13 13 13 14 14 14 14 15 12 12 11 13 13 13 13 14 14 14 14 15 15
0 0 0 1 1 1 1 1 1 2 1 1 1 3 4 1 1 1 5 4 6 1 1 1 7 6 4 4 1 1 1 6 7 5 3 2 1 1 1 4 3 7 2 5 4 1 1 1 4 5 2 7 3 4 6 8 9 9 10 10 10 10 10 10 10 10 9 8 9 10 10 10 10 10 10 10 10 11 9 9 8 10 10 10 10 10 10 10 10 11 11
0 0 0 1 1 1 1 1 1 2 1 1 1 3 4 1 1 1 5 6 7 1 1 1 8 7 6 4 1 1 1 7 8 5 3 2 1 1 1 6 5 8 2 3 4 1 1 1 4 3 2 8 5 6 7 9 10 10 11 11 11 11 11 11 11 11 10 9 10 11 11 11 11 11 11 11 11 12 10 10 9 11 11 11 11 11 11 11 11 12 12
0 0 0 1 1 1 1 1 1 2 3 3 3 4 4 3 3 3 4 4 5 6 6 6 7 7 8 8 6 6 6 7 7 8 8 9 6 6 6 7 7 8 8 10 11 6 6 6 7 7 8 8 11 10 9 12 13 14 15 15 16 16 17 17 17 17 13 14 12 15 15 16 16 17 17 17 17 18 14 12 13 15 15 16 16 17 17 17 17 18 18
0 0 0 1 1 1 1 1 1 2 3 3 3 4 4 3 3 3 4 4 5 6 6 6 7 7 8 8 6 6 6 7 7 8 8 9 10 10 10 11 11 12 12 13 13 10 10 10 11 11 12 12 13 13 14 15 16 17 18 18 19 19 20 20 21 21 16 17 15 18 18 19 19 20 20 21 21 22 17 15 16 18 18 19 19 20 20 21 21 22 22
0 0 0 1 1 1 1 1 1 2 3 3 3 4 4 3 3 3 4 4 5 6 6 6 7 8 9 9 6 6 6 7 8 9 9 10 6 6 6 8 7 9 9 11 11 6 6 6 8 7 9 9 11 11 10 12 13 14 15 15 16 16 17 17 17 17 13 14 12 15 15 16 16 17 17 17 17 18 14 12 13 15 15 16 16 17 17 17 17 18 18
0 0 0 1 1 1 1 1 1 2 3 3 3 4 4 3 3 3 4 4 5 6 6 6 7 8 9 9 6 6 6 7 8 9 9 10 6 6 6 8 7 9 9 11 12 6 6 6 8 7 9 9 12 11 10 13 14 14 15 15 16 16 17 17 17 17 14 13 14 15 15 16 16 17 17 17 17 18 14 14 13 15 15 16 16 17 17 17 17 18 18
0 0 0 1 1 1 1 1 1 2 3 3 3 4 5 3 3 3 5 4 6 7 7 7 8 8 9 9 7 7 7 8 8 9 9 10 7 7 7 8 8 9 9 11 11 7 7 7 8 8 9 9 11 11 10 12 13 14 15 15 16 16 17 17 17 17 13 14 12 15 15 16 16 17 17 17 17 18 14 12 13 15 15 16 16 17 17 17 17 18 18
0 0 0 1 1 1 1 1 1 2 3 3 3 4 5 3 3 3 5 4 6 7 7 7 8 8 9 9 7 7 7 8 8 9 9 10 7 7 7 8 8 9 9 11 12 7 7 7 8 8 9 9 12 11 10 13 14 14 15 15 16 16 17 17 17 17 14 13 14 15 15 16 16 17 17 17 17 18 14 14 13 15 15 16 16 17 17 17 17 18 18
0 0 0 1 1 1 1 1 1 2 3 3 3 4 5 3 3 3 5 4 6 7 7 7 8 8 9 9 7 7 7 8 8 9 9 10 11 11 11 12 12 13 13 14 14 11 11 11 12 12 13 13 14 14 15 16 17 17 18 18 19 19 20 20 21 21 17 16 17 18 18 19 19 20 20 21 21 22 17 17 16 18 18 19 19 20 20 21 21 22 22
0 0 0 1 1 1 1 1 1 2 3 3 3 4 5 3 3 3 5 4 6 7 7 7 8 9 10 11 7 7 7 8 9 10 11 12 7 7 7 9 8 11 10 13 13 7 7 7 9 8 11 10 13 13 12 14 15 15 16 16 17 17 18 18 18 18 15 14 15 16 16 17 17 18 18 18 18 19 15 15 14 16 16 17 17 18 18 18 18 19 19
0 0 0 1 2 3 2 3 1 4 3 1 2 4 4 5 5 5 6 6 6 5 5 5 6 6 6 7 8 9 10 11 12 13 14 14 8 9 10 11 12 13 14 14 15 10 8 9 12 13 11 14 14 16 16 10 8 9 12 13 11 14 14 16 16 15 9 10 8 13 11 12 14 14 16 16 16 16 9 10 8 13 11 12 14 14 16 16 16 16 15
0 0 1 0 1 1 0 1 1 1 2 3 3 3 3 2 3 3 3 3 4 5 6 6 6 6 7 7 8 9 9 9 9 10 11 12 8 9 9 9 9 11 10 12 13 14 15 16 16 16 17 17 18 19 19 14 16 15 16 16 17 17 18 19 19 20 14 16 16 15 16 17 17 18 19 19 20 20 14 16 16 16 15 17 17 18 19 19 20 20 20
0 0 1 0 1 1 0 1 1 1 2 3 3 3 3 4 5 5 5 5 6 7 8 8 8 8 9 10 11 12 12 12 12 13 14 15 11 12 12 12 12 13 14 15 16 17 18 19 19 19 20 21 22 23 23 17 19 18 19 19 20 21 22 23 23 24 17 19 19 18 19 20 21 22 23 23 24 24 17 19 19 19 18 20 21 22 23 23 24 24 24
0 0 1 0 1 1 0 1 1 1 2 3 3 3 3 4 5 6 6 6 7 4 5 6 6 6 7 8 4 6 5 6 6 7 9 10 4 6 5 6 6 7 10 9 8 4 6 6 5 6 7 9 10 10 9 4 6 6 5 6 7 10 9 9 10 8 4 6 6 6 5 7 9 10 10 9 10 9 4 6 6 6 5 7 10 9 9 10 9 10 8
0 0 1 0 1 1 0 1 1 2 0 1 2 1 1 0 2 1 1 1 1 3 4 4 4 4 4 4 5 6 7 7 7 7 8 9 5 8 7 7 7 7 6 9 10 5 7 6 7 7 8 7 9 11 11 5 7 8 7 7 6 7 9 11 11 10 5 7 7 6 8 7 7 9 11 11 11 11 5 7 7 8 6 7 7 9 11 11 11 11 10
0 0 1 0 1 1 1 0 0 2 1 0 2 0 1 1 2 0 0 1 1 2 1 1 1 0 0 0 3 4 4 4 3 3 3 4 4 3 3 3 4 4 4 3 5 6 7 7 7 7 7 7 6 8 8 7 6 7 7 7 7 6 7 8 8 9 7 7 6 7 7 6 7 7 8 8 9 9 7 7 7 6 6 7 7 7 8 8 9 9 9
0 0 1 0 1 1 2 3 3 3 2 3 3 3 4 2 3 3 3 5 5 2 3 3 3 5 5 4 6 7 8 9 10 10 10 10 6 7 8 9 10 10 10 10 11 6 8 9 7 10 10 10 10 12 13 6 8 9 7 10 10 10 10 13 12 11 6 9 7 8 10 10 10 10 12 13 13 12 6 9 7 8 10 10 10 10 13 12 12 13 11
0 0 1 0 1 1 2 3 3 3 2 3 3 3 4 2 3 3 3 5 5 2 3 3 3 5 5 4 6 7 8 9 10 10 10 10 6 7 9 8 10 10 10 10 11 6 8 7 9 10 10 10 10 12 13 6 8 9 7 10 10 10 10 13 12 14 6 9 7 8 10 10 10 10 13 14 11 13 6 9 8 7 10 10 10 10 14 13 13 11 12
0 0 1 0 1 1 2 3 3 3 2 3 3 3 4 2 3 3 3 5 6 2 3 3 3 6 5 4 7 8 9 9 10 10 10 10 7 8 9 9 10 10 10 10 11 7 9 8 9 10 10 10 10 12 13 7 9 8 9 10 10 10 10 13 12 11 7 9 9 8 10 10 10 10 12 13 13 12 7 9 9 8 10 10 10 10 13 12 12 13 11
0 0 1 0 1 1 2 3 3 3 2 3 3 3 4 5 6 6 6 7 7 5 6 6 6 7 7 8 9 10 11 11 12 12 13 13 9 10 11 11 12 12 13 13 14 9 11 10 11 12 12 13 13 15 16 9 11 10 11 12 12 13 13 16 15 14 9 11 11 10 12 12 13 13 15 16 16 15 9 11 11 10 12 12 13 13 16 15 15 16 14
0 0 1 0 1 1 2 3 3 3 2 3 3 3 4 5 6 6 6 7 7 8 9 9 9 10 11 12 8 9 9 9 10 11 12 13 8 9 9 9 11 10 12 14 14 8 9 9 9 11 10 12 14 14 13 15 16 17 17 18 18 19 20 20 20 20 15 17 16 17 18 18 19 20 20 20 20 21 15 17 17 16 18 18 19 20 20 20 20 21 21
0 0 1 0 1 1 2 3 3 3 2 3 3 3 4 5 6 6 6 7 8 5 6 6 6 8 7 9 10 11 12 13 14 14 15 15 10 11 12 13 14 14 15 15 16 10 12 13 11 14 14 15 15 17 17 10 12 13 11 14 14 15 15 17 17 16 10 13 11 12 14 14 15 15 17 17 17 17 10 13 11 12 14 14 15 15 17 17 17 17 16
0 0 1 0 1 1 2 3 3 3 4 5 5 5 6 4 5 5 5 6 7 8 9 9 9 10 11 11 8 9 9 9 10 11 11 12 8 9 9 9 10 11 11 13 13 8 9 9 9 10 11 11 13 13 12 14 15 16 17 18 19 19 20 20 20 20 14 16 17 15 18 19 19 20 20 20 20 21 14 17 15 16 18 19 19 20 20 20 20 21 21
0 0 1 0 1 1 2 3 3 3 4 5 5 5 6 4 5 5 5 6 7 8 9 9 9 10 11 11 8 9 9 9 10 11 11 12 8 9 9 9 10 11 11 13 14 8 9 9 9 10 11 11 14 13 12 15 16 17 17 18 19 19 20 20 20 20 15 17 16 17 18 19 19 20 20 20 20 21 15 17 17 16 18 19 19 20 20 20 20 21 21
0 0 1 0 1 1 2 3 3 3 4 5 5 5 6 4 5 5 5 6 7 8 9 9 9 10 11 11 8 9 9 9 10 11 11 12 13 14 14 14 15 16 16 17 17 13 14 14 14 15 16 16 17 17 18 19 20 21 21 22 23 23 24 24 25 25 19 21 20 21 22 23 23 24 24 25 25 26 19 21 21 20 22 23 23 24 24 25 25 26 26
0 0 1 0 1 1 2 3 3 3 4 5 5 5 6 7 8 8 8 9 10 7 8 8 8 9 10 11 12 13 14 15 16 17 18 18 12 13 14 15 16 17 18 18 19 12 14 15 13 16 17 18 18 20 20 12 14 15 13 16 17 18 18 20 20 19 12 15 13 14 16 17 18 18 20 20 20 20 12 15 13 14 16 17 18 18 20 20 20 20 19
0 0 1 0 1 1 2 3 3 3 4 5 5 5 6 7 8 8 8 9 10 11 12 12 12 13 14 15 11 12 12 12 13 14 15 16 11 12 12 12 13 14 15 17 17 11 12 12 12 13 14 15 17 17 16 18 19 20 20 21 22 23 24 24 24 24 18 20 19 20 21 22 23 24 24 24 24 25 18 20 20 19 21 22 23 24 24 24 24 25 25
0 0 1 0 1 1 2 3 3 3 4 5 5 5 6 7 8 8 8 9 10 11 12 12 12 13 14 15 16 17 18 18 19 20 21 22 16 17 18 18 19 20 21 22 23 16 18 17 18 19 20 21 22 24 24 16 18 17 18 19 20 21 22 24 24 23 16 18 18 17 19 20 21 22 24 24 24 24 16 18 18 17 19 20 21 22 24 24 24 24 23
0 0 1 0 1 1 2 3 3 4 2 3 4 3 5 2 4 3 3 5 5 6 7 7 7 8 8 8 6 7 7 7 8 8 8 9 6 7 7 7 8 8 8 10 10 6 7 7 7 8 8 8 10 10 9 11 12 13 13 14 14 15 16 16 16 16 11 13 12 13 14 15 14 16 16 16 16 17 11 13 13 12 15 14 14 16 16 16 16 17 17
0 0 1 0 1 1 2 3 3 4 2 3 4 3 5 2 4 3 3 5 5 6 7 7 7 8 8 8 9 10 11 11 12 12 13 14 9 10 11 11 12 12 13 14 15 9 11 10 11 12 13 12 14 16 16 9 11 10 11 12 13 12 14 16 16 15 9 11 11 10 13 12 12 14 16 16 16 16 9 11 11 10 13 12 12 14 16 16 16 16 15
0 0 1 0 1 2 0 2 1 3 0 2 3 1 2 0 3 2 2 1 1 4 5 6 6 5 5 6 4 5 6 6 5 5 6 7 4 6 5 5 6 6 5 8 8 4 6 5 5 6 6 5 8 8 7 9 10 11 11 11 11 10 12 12 12 12 9 11 10 11 11 10 11 12 12 12 12 13 9 11 11 10 10 11 11 12 12 12 12 13 13
0 0 1 0 1 2 0 2 3 1 0 2 1 3 2 0 3 2 2 1 1 4 5 5 5 5 5 5 6 7 8 9 8 9 7 10 6 7 8 9 8 9 7 10 11 6 8 9 7 9 7 8 10 12 12 6 8 9 7 9 7 8 10 12 12 11 6 9 7 8 7 8 9 10 12 12 12 12 6 9 7 8 7 8 9 10 12 12 12 12 11
0 0 1 0 2 2 0 2 2 1 0 2 2 2 2 0 2 2 2 2 1 3 4 4 4 4 4 4 5 6 6 6 6 6 6 7 5 6 6 6 6 6 6 7 8 9 10 11 10 11 10 11 12 13 13 9 10 11 11 10 11 10 12 13 13 14 9 11 10 10 11 11 10 12 13 13 14 14 9 11 10 11 10 10 11 12 13 13 14 14 14
0 0 1 0 2 2 0 2 2 1 3 4 4 4 4 3 4 4 4 4 5 6 7 8 9 10 11 11 6 9 10 8 7 11 11 12 6 10 9 7 8 11 11 12 13 6 8 7 10 9 11 11 13 12 12 14 15 15 15 15 16 16 17 17 17 17 14 15 15 15 15 16 16 17 17 17 17 18 14 15 15 15 15 16 16 17 17 17 17 18 18
0 0 1 0 2 2 0 2 2 1 3 4 4 4 4 5 6 6 6 6 7 8 9 10 9 10 11 12 8 9 10 10 9 11 12 13 8 10 9 9 10 11 12 13 14 8 10 9 10 9 11 12 14 13 13 15 16 16 16 16 17 18 19 19 19 19 15 16 16 16 16 17 18 19 19 19 19 20 15 16 16 16 16 17 18 19 19 19 19 20 20
0 0 1 0 2 2 0 2 2 1 3 4 4 4 4 5 6 6 6 6 7 8 9 10 11 11 12 13 8 11 11 9 10 12 13 14 8 11 11 10 9 12 13 14 15 8 10 9 11 11 12 13 15 14 14 16 17 17 17 17 18 19 20 20 20 20 16 17 17 17 17 18 19 20 20 20 20 21 16 17 17 17 17 18 19 20 20 20 20 21 21
0 0 1 0 2 2 0 2 2 1 3 4 4 5 5 3 5 5 4 4 6 7 8 9 8 9 10 10 7 8 9 9 8 10 10 11 7 9 8 8 9 10 10 11 12 7 9 8 9 8 10 10 12 11 11 13 14 14 14 14 15 15 16 16 16 16 13 14 14 14 14 15 15 16 16 16 16 17 13 14 14 14 14 15 15 16 16 16 16 17 17
0 0 1 0 2 2 0 2 2 1 3 4 4 5 5 3 5 5 4 4 6 7 8 9 10 10 11 12 7 10 10 8 9 12 11 13 7 10 10 9 8 12 11 13 14 7 9 8 10 10 11 12 14 13 13 15 16 16 16 16 17 17 18 18 18 18 15 16 16 16 16 17 17 18 18 18 18 19 15 16 16 16 16 17 17 18 18 18 18 19 19
0 0 1 0 2 3 0 2 4 2 0 3 2 4 1 0 4 2 1 3 2 5 6 6 6 6 6 6 7 8 9 10 9 8 10 11 7 8 9 10 9 8 10 11 12 7 10 10 9 8 9 8 11 13 13 7 10 10 9 8 9 8 11 13 13 12 7 9 8 8 10 10 9 11 13 13 13 13 7 9 8 8 10 10 9 11 13 13 13 13 12
0 0 1 0 2 3 0 3 2 1 4 5 5 5 5 4 5 5 5 5 6 7 8 9 10 11 12 12 7 11 10 9 8 12 12 13 7 10 11 8 9 12 12 14 15 7 9 8 11 10 12 12 15 14 13 16 17 17 17 17 18 18 19 19 19 19 16 17 17 17 17 18 18 19 19 19 19 20 16 17 17 17 17 18 18 19 19 19 19 20 20
0 0 1 0 2 3 0 3 2 1 4 5 5 5 5 6 7 7 7 7 8 9 10 11 11 10 12 13 9 10 11 11 10 12 13 14 9 11 10 10 11 12 13 15 16 9 11 10 10 11 12 13 16 15 14 17 18 18 18 18 19 20 21 21 21 21 17 18 18 18 18 19 20 21 21 21 21 22 17 18 18 18 18 19 20 21 21 21 21 22 22
0 0 1 0 2 3 0 3 2 1 4 5 6 5 6 4 6 5 6 5 7 8 9 10 10 9 11 11 8 9 10 10 9 11 11 12 8 10 9 9 10 11 11 13 14 8 10 9 9 10 11 11 14 13 12 15 16 16 16 16 17 17 18 18 18 18 15 16 16 16 16 17 17 18 18 18 18 19 15 16 16 16 16 17 17 18 18 18 18 19 19
0 0 1 1 0 0 2 2 3 3 2 3 2 3 4 3 2 3 2 4 5 3 3 2 2 5 4 4 6 7 7 6 8 8 8 8 6 7 7 6 8 8 8 8 9 6 7 7 6 8 8 8 8 9 9 7 6 6 7 8 8 8 8 10 11 11 7 6 6 7 8 8 8 8 11 10 11 9 7 6 6 7 8 8 8 8 11 11 10 9 9
0 0 1 1 0 0 2 3 3 4 4 3 3 2 5 3 2 4 3 6 6 3 4 2 3 6 6 5 7 8 8 7 9 9 10 10 7 8 8 7 9 9 10 10 11 7 8 8 7 9 9 10 10 11 11 8 7 7 8 10 10 9 9 12 13 13 8 7 7 8 10 10 9 9 13 12 13 11 8 7 7 8 10 10 9 9 13 13 12 11 11
0 0 1 1 0 2 1 2 0 1 2 1 1 0 0 3 3 3 3 3 3 3 3 3 3 3 3 4 5 6 6 6 6 5 7 7 5 6 6 6 6 5 7 7 8 6 5 6 6 5 6 7 7 9 10 6 5 6 6 5 6 7 7 10 9 8 6 6 5 5 6 6 7 7 9 10 10 9 6 6 5 5 6 6 7 7 10 9 9 10 8
0 0 1 1 2 0 1 0 2 1 2 1 1 0 0 3 4 4 3 3 4 4 3 3 4 4 3 5 6 7 8 7 8 6 9 9 6 7 8 7 8 6 9 9 10 7 8 6 8 6 7 9 9 11 11 7 8 6 8 6 7 9 9 11 11 10 8 6 7 6 7 8 9 9 11 11 11 11 8 6 7 6 7 8 9 9 11 11 11 11 10
0 0 1 2 3 1 2 1 3 1 3 2 2 0 0 1 0 2 2 0 1 1 2 0 0 2 1 3 4 5 5 5 5 4 4 4 4 5 5 5 5 4 4 4 6 4 5 5 5 5 4 4 4 6 6 5 4 4 4 4 5 5 5 7 8 9 5 4 4 4 4 5 5 5 8 9 7 6 5 4 4 4 4 5 5 5 9 7 8 6 6
0 0 1 2 3 3 2 3 3 4 5 6 6 7 7 5 6 6 7 7 8 9 10 11 12 13 14 14 9 10 11 13 12 14 14 15 9 11 10 12 13 14 14 16 17 9 11 10 13 12 14 14 17 16 15 18 19 19 20 20 21 21 22 22 22 22 18 19 19 20 20 21 21 22 22 22 22 23 18 19 19 20 20 21 21 22 22 22 22 23 23
0 0 1 2 3 3 2 3 3 4 5 6 6 7 8 5 6 6 8 7 9 10 11 12 13 13 14 14 10 11 12 13 13 14 14 15 10 12 11 13 13 14 14 16 17 10 12 11 13 13 14 14 17 16 15 18 19 19 20 20 21 21 22 22 22 22 18 19 19 20 20 21 21 22 22 22 22 23 18 19 19 20 20 21 21 22 22 22 22 23 23
0 0 1 2 3 3 2 3 3 4 5 6 6 7 8 5 6 6 8 7 9 10 11 12 13 13 14 14 10 12 11 13 13 14 14 15 16 17 17 18 18 19 19 20 20 16 17 17 18 18 19 19 20 20 21 22 23 23 24 24 25 25 26 26 27 27 22 23 23 24 24 25 25 26 26 27 27 28 22 23 23 24 24 25 25 26 26 27 27 28 28
0 0 1 2 3 3 4 5 5 6 7 8 8 9 10 7 8 8 9 10 11 12 13 14 15 16 17 17 12 13 14 15 16 17 17 18 12 14 13 15 16 17 17 19 20 12 14 13 15 16 17 17 20 19 18 21 22 22 23 24 25 25 26 26 26 26 21 22 22 23 24 25 25 26 26 26 26 27 21 22 22 23 24 25 25 26 26 26 26 27 27
0 0 1 2 3 3 4 5 5 6 7 8 8 9 10 11 12 12 13 14 15 16 17 17 18 19 20 21 22 23 24 25 26 27 28 29 22 24 23 25 26 27 28 29 30 31 32 32 33 34 35 36 37 38 38 31 32 32 33 34 35 36 37 38 38 39 31 32 32 33 34 35 36 37 38 38 39 39 31 32 32 33 34 35 36 37 38 38 39 39 39
0 0 1 2 3 3 4 5 5 6 7 8 8 9 10 11 12 12 13 14 15 16 17 18 19 20 21 22 16 17 18 19 20 21 22 23 16 18 17 19 20 21 22 24 24 16 18 17 19 20 21 22 24 24 23 25 26 26 27 28 29 30 31 31 31 31 25 26 26 27 28 29 30 31 31 31 31 32 25 26 26 27 28 29 30 31 31 31 31 32 32
0 0 1 2 3 3 4 5 5 6 7 8 9 10 11 7 9 8 10 11 12 13 14 14 15 16 17 17 13 14 14 15 16 17 17 18 13 14 14 15 16 17 17 19 20 13 14 14 15 16 17 17 20 19 18 21 22 22 23 24 25 25 26 26 26 26 21 22 22 23 24 25 25 26 26 26 26 27 21 22 22 23 24 25 25 26 26 26 26 27 27
0 0 1 2 3 3 4 5 5 6 7 8 9 10 11 7 9 8 10 11 12 13 14 14 15 16 17 17 13 14 14 15 16 17 17 18 19 20 20 21 22 23 23 24 24 19 20 20 21 22 23 23 24 24 25 26 27 27 28 29 30 30 31 31 32 32 26 27 27 28 29 30 30 31 31 32 32 33 26 27 27 28 29 30 30 31 31 32 32 33 33
0 0 1 2 3 3 4 5 6 7 4 5 6 7 8 4 6 5 7 9 9 4 6 5 7 9 9 8 10 11 11 12 13 13 13 13 10 11 11 12 13 13 13 13 14 10 11 11 12 13 13 13 13 15 16 10 11 11 12 13 13 13 13 17 16 16 10 11 11 12 13 13 13 13 16 15 17 14 10 11 11 12 13 13 13 13 16 17 14 15 16
0 0 1 2 3 3 4 5 6 7 4 5 6 7 8 4 6 5 7 9 9 4 6 5 7 9 9 8 10 11 12 13 14 14 15 15 10 11 12 13 14 14 15 15 16 10 11 12 13 14 14 15 15 16 16 10 12 11 13 15 15 14 14 17 18 18 10 12 11 13 15 15 14 14 18 17 18 16 10 12 11 13 15 15 14 14 18 18 17 16 16
0 0 1 2 3 3 4 5 6 7 4 5 6 7 8 4 6 5 7 9 10 4 6 5 7 10 9 8 11 12 12 13 14 14 14 14 11 12 12 13 14 14 14 14 15 11 12 12 13 14 14 14 14 16 17 11 12 12 13 14 14 14 14 16 17 17 11 12 12 13 14 14 14 14 17 16 15 16 11 12 12 13 14 14 14 14 17 16 16 15 17
0 0 1 2 3 3 4 5 6 7 4 6 5 7 8 9 10 10 11 12 12 9 10 10 11 12 12 13 14 15 15 16 17 17 18 18 14 15 15 16 17 17 18 18 19 14 15 15 16 17 17 18 18 20 21 14 15 15 16 17 17 18 18 20 21 21 14 15 15 16 17 17 18 18 21 20 19 20 14 15 15 16 17 17 18 18 21 20 20 19 21
0 0 1 2 3 4 2 3 4 5 2 3 4 6 6 2 3 4 6 6 5 2 4 3 7 8 9 10 2 4 3 9 10 8 7 6 2 4 3 10 9 7 8 6 5 2 4 3 8 7 10 9 5 6 6 11 12 12 13 13 13 13 13 13 13 13 11 12 12 13 13 13 13 13 13 13 13 14 11 12 12 13 13 13 13 13 13 13 13 14 14
0 0 1 2 3 4 2 3 4 5 2 3 4 6 7 2 3 4 7 6 5 2 4 3 8 9 9 10 2 4 3 10 9 9 8 7 2 4 3 9 8 10 9 6 5 2 4 3 9 10 8 9 5 6 7 11 12 12 13 13 13 13 13 13 13 13 11 12 12 13 13 13 13 13 13 13 13 14 11 12 12 13 13 13 13 13 13 13 13 14 14
0 0 1 2 3 4 2 3 4 5 2 3 4 6 7 2 3 4 7 6 5 2 4 3 8 9 10 11 2 4 3 11 10 9 8 7 2 4 3 10 11 8 9 6 5 2 4 3 9 8 11 10 5 6 7 12 13 13 14 14 14 14 14 14 14 14 12 13 13 14 14 14 14 14 14 14 14 15 12 13 13 14 14 14 14 14 14 14 14 15 15
0 0 1 2 3 4 2 3 4 5 2 4 3 6 7 2 4 3 7 6 5 8 9 10 11 11 12 12 8 9 10 11 11 12 12 13 8 10 9 12 12 11 11 14 15 8 10 9 12 12 11 11 15 14 13 16 17 17 18 18 18 18 19 19 19 19 16 17 17 18 18 18 18 19 19 19 19 20 16 17 17 18 18 18 18 19 19 19 19 20 20
0 0 1 2 3 4 2 4 3 1 3 2 2 0 0 4 2 2 0 0 1 1 0 0 2 2 4 3 5 6 6 6 6 5 5 5 5 6 6 6 6 5 5 5 7 5 6 6 6 6 5 5 5 7 7 6 5 5 5 5 6 6 6 8 9 10 6 5 5 5 5 6 6 6 9 10 8 7 6 5 5 5 5 6 6 6 10 8 9 7 7
0 0 1 2 3 4 2 4 3 5 6 7 7 8 8 6 7 7 8 8 9 10 11 12 13 14 15 15 10 11 12 13 14 15 15 16 10 12 11 14 13 15 15 17 18 10 12 11 14 13 15 15 18 17 16 19 20 20 21 21 22 22 23 23 23 23 19 20 20 21 21 22 22 23 23 23 23 24 19 20 20 21 21 22 22 23 23 23 23 24 24
0 0 1 2 3 4 2 4 3 5 6 7 7 8 8 9 10 10 11 11 12 13 14 14 15 15 16 17 18 19 20 21 22 23 24 25 18 20 19 22 21 23 24 25 26 27 28 28 29 29 30 31 32 33 33 27 28 28 29 29 30 31 32 33 33 34 27 28 28 29 29 30 31 32 33 33 34 34 27 28 28 29 29 30 31 32 33 33 34 34 34
0 0 1 2 3 4 2 4 3 5 6 7 7 8 8 9 10 10 11 11 12 13 14 15 16 17 18 19 13 14 15 16 17 18 19 20 13 15 14 17 16 18 19 21 21 13 15 14 17 16 18 19 21 21 20 22 23 23 24 24 25 26 27 27 27 27 22 23 23 24 24 25 26 27 27 27 27 28 22 23 23 24 24 25 26 27 27 27 27 28 28
0 0 1 2 3 4 2 4 3 5 6 7 7 8 8 9 10 11 12 13 14 9 10 11 12 13 14 15 9 10 11 12 13 14 15 15 9 10 11 12 13 14 15 15 15 9 11 10 13 12 14 16 17 17 17 9 11 10 13 12 14 17 16 17 17 15 9 11 10 13 12 14 17 17 16 17 15 15 9 11 10 13 12 14 17 17 17 16 15 15 15
0 0 1 2 3 4 2 4 3 5 6 7 8 9 10 6 8 7 10 9 11 12 13 13 14 14 15 15 12 13 13 14 14 15 15 16 12 13 13 14 14 15 15 17 18 12 13 13 14 14 15 15 18 17 16 19 20 20 21 21 22 22 23 23 23 23 19 20 20 21 21 22 22 23 23 23 23 24 19 20 20 21 21 22 22 23 23 23 23 24 24
0 0 1 2 3 4 2 4 3 5 6 7 8 9 10 6 8 7 10 9 11 12 13 13 14 14 15 15 12 13 13 14 14 15 15 16 17 18 18 19 19 20 20 21 21 17 18 18 19 19 20 20 21 21 22 23 24 24 25 25 26 26 27 27 28 28 23 24 24 25 25 26 26 27 27 28 28 29 23 24 24 25 25 26 26 27 27 28 28 29 29
0 0 1 2 3 4 2 4 3 5 6 7 8 9 10 6 8 7 10 9 11 12 13 13 14 14 15 15 16 17 18 19 20 21 22 23 16 18 17 20 19 22 21 23 24 25 26 26 27 27 28 28 29 30 30 25 26 26 27 27 28 28 29 30 30 31 25 26 26 27 27 28 28 29 30 30 31 31 25 26 26 27 27 28 28 29 30 30 31 31 31
0 0 1 2 3 4 2 4 3 5 6 7 8 9 10 6 8 7 10 9 11 12 13 14 15 16 17 18 12 13 14 15 16 17 18 19 12 14 13 16 15 18 17 20 20 12 14 13 16 15 18 17 20 20 19 21 22 22 23 23 24 24 25 25 25 25 21 22 22 23 23 24 24 25 25 25 25 26 21 22 22 23 23 24 24 25 25 25 25 26 26
0 1 1 1 1 0 1 1 1 1 1 1 1 1 0 2 2 2 2 2 2 2 2 2 2 2 2 3 4 4 4 4 4 4 5 6 4 4 4 4 4 4 6 5 7 8 9 8 9 8 9 10 10 11 11 8 9 9 8 9 8 10 10 11 11 12 9 8 8 9 9 8 10 10 11 11 12 12 9 8 9 8 8 9 10 10 11 11 12 12 12
0 1 1 1 1 0 1 1 1 1 1 1 1 1 0 2 2 2 2 2 2 2 2 2 2 2 2 3 4 5 6 6 7 7 8 8 6 6 7 7 4 5 8 8 9 6 6 7 7 5 4 8 8 9 10 7 7 4 5 6 6 8 8 9 9 9 7 7 5 4 6 6 8 8 9 9 9 10 5 4 6 6 7 7 8 8 10 9 9 9 9
0 1 1 1 1 0 1 1 1 1 1 1 1 1 0 2 3 2 3 2 3 2 3 2 3 2 3 4 2 3 3 2 3 2 5 6 2 3 3 2 3 2 6 5 4 3 2 2 3 3 2 5 6 6 5 3 2 2 3 3 2 6 5 5 6 4 3 2 3 2 2 3 5 6 6 5 6 5 3 2 3 2 2 3 6 5 5 6 5 6 4
0 1 1 1 1 0 1 1 1 1 1 1 1 1 0 2 3 2 3 2 3 2 3 2 3 3 2 4 2 3 3 2 2 3 4 5 2 3 3 2 3 2 5 4 4 3 2 2 3 2 3 4 5 5 6 3 2 2 3 3 2 5 4 6 5 4 3 2 3 2 2 3 5 6 4 5 4 5 3 2 3 2 3 2 6 5 5 4 5 4 4
0 1 1 1 1 0 2 3 2 3 2 3 3 2 4 3 2 2 3 4 5 3 2 3 2 5 4 4 6 6 6 6 7 7 7 7 6 6 6 6 7 7 7 7 8 6 6 6 6 7 7 7 7 9 10 6 6 6 6 7 7 7 7 11 10 10 6 6 6 6 7 7 7 7 10 9 11 8 6 6 6 6 7 7 7 7 10 11 8 9 10
0 1 1 1 1 0 2 3 4 4 4 4 2 3 5 4 4 3 2 5 6 3 2 4 4 6 5 5 7 7 7 7 8 8 8 8 7 7 7 7 8 8 8 8 9 7 7 7 7 8 8 8 8 10 11 7 7 7 7 8 8 8 8 12 11 11 7 7 7 7 8 8 8 8 11 10 12 9 7 7 7 7 8 8 8 8 11 12 9 10 11
0 1 1 1 1 0 2 3 4 5 4 5 3 2 6 5 4 2 3 6 7 3 2 5 4 7 6 6 8 8 8 8 9 9 9 9 8 8 8 8 9 9 9 9 10 8 8 8 8 9 9 9 9 11 12 8 8 8 8 9 9 9 9 11 12 12 8 8 8 8 9 9 9 9 12 11 10 11 8 8 8 8 9 9 9 9 12 11 11 10 12
0 1 1 1 1 2 1 1 2 3 1 1 4 3 3 1 1 5 6 6 7 1 1 8 7 6 6 3 1 1 8 6 7 6 3 3 1 1 7 8 8 5 4 2 2 1 1 6 5 8 8 2 4 2 3 1 1 6 8 5 8 2 2 4 3 3 1 1 3 2 4 2 8 8 5 6 6 7 1 1 3 4 2 2 8 5 8 6 7 6 3
0 1 1 1 1 2 1 1 2 3 1 1 4 3 5 1 1 4 5 3 6 1 1 7 6 5 5 3 1 1 7 5 6 3 5 3 1 1 6 7 7 4 4 2 2 1 1 3 2 4 2 7 7 4 5 1 1 3 4 2 7 2 4 7 5 5 1 1 5 4 7 2 7 4 2 3 3 6 1 1 5 7 4 7 2 2 4 3 6 3 5
0 1 1 1 1 2 1 1 2 3 1 1 4 5 6 1 1 4 6 5 3 1 1 7 5 6 6 5 1 1 7 6 5 5 6 3 1 1 3 2 2 4 4 7 7 1 1 5 4 4 7 7 2 2 6 1 1 5 7 7 2 2 4 4 6 6 1 1 6 4 4 7 7 2 2 5 3 5 1 1 6 7 7 2 2 4 4 5 5 3 6
0 1 1 1 1 2 1 1 3 4 1 1 3 4 3 1 1 5 5 6 4 1 1 5 5 4 6 2 1 1 6 4 5 4 3 4 1 1 6 4 4 5 4 3 6 1 1 4 3 5 6 4 6 2 4 1 1 4 3 6 5 6 4 4 2 3 1 1 4 6 2 4 4 3 5 3 5 4 1 1 4 6 4 2 3 4 3 5 4 5 6
0 1 1 1 1 2 1 1 3 4 1 1 4 3 2 5 5 6 6 6 6 5 5 6 6 6 6 7 8 8 9 10 10 9 11 11 8 8 9 10 10 9 11 11 12 8 8 9 10 10 9 11 11 12 12 8 8 10 9 9 10 11 11 13 14 15 8 8 10 9 9 10 11 11 14 15 13 12 8 8 10 9 9 10 11 11 15 13 14 12 12
0 1 1 1 1 2 1 1 3 4 1 1 4 3 2 5 6 7 7 7 7 6 5 7 7 7 7 8 9 9 10 11 11 10 12 12 9 9 10 11 11 10 12 12 13 9 9 10 11 11 10 12 12 13 13 9 9 11 10 10 11 12 12 14 15 15 9 9 11 10 10 11 12 12 15 14 15 13 9 9 11 10 10 11 12 12 15 15 14 13 13
0 1 1 1 1 2 1 1 3 4 1 1 5 6 5 1 1 5 6 5 4 1 1 5 6 6 5 6 1 1 5 6 6 6 5 3 1 1 4 3 2 6 6 5 5 1 1 6 5 5 5 6 4 2 6 1 1 6 5 5 6 5 2 4 6 3 1 1 6 5 6 2 3 6 5 5 6 5 1 1 6 5 6 3 2 5 6 5 5 6 4
0 1 1 1 1 2 3 3 4 4 3 3 4 4 5 3 3 4 4 6 7 3 3 4 4 7 6 5 8 9 10 10 11 11 11 11 8 9 10 10 11 11 11 11 12 8 9 10 10 11 11 11 11 12 12 9 8 10 10 11 11 11 11 13 14 15 9 8 10 10 11 11 11 11 14 15 13 12 9 8 10 10 11 11 11 11 15 13 14 12 12
0 1 1 1 1 2 3 3 4 4 3 3 4 4 5 6 6 7 7 8 8 6 6 7 7 8 8 9 10 11 12 12 13 13 14 14 10 11 12 12 13 13 14 14 15 10 11 12 12 13 13 14 14 15 15 11 10 12 12 13 13 14 14 16 17 18 11 10 12 12 13 13 14 14 17 18 16 15 11 10 12 12 13 13 14 14 18 16 17 15 15
0 1 1 1 1 2 3 3 4 5 3 3 5 4 6 7 8 9 9 10 10 8 7 9 9 10 10 11 12 12 13 13 14 14 15 15 12 12 13 13 14 14 15 15 16 12 12 13 13 14 14 15 15 17 18 12 12 13 13 14 14 15 15 17 18 18 12 12 13 13 14 14 15 15 18 17 16 17 12 12 13 13 14 14 15 15 18 17 17 16 18
0 1 1 1 1 2 3 4 5 5 3 4 5 5 6 4 3 5 5 7 7 4 3 5 5 7 7 6 8 8 9 10 11 11 11 11 8 8 9 10 11 11 11 11 12 8 8 9 10 11 11 11 11 12 12 8 8 10 9 11 11 11 11 13 14 15 8 8 10 9 11 11 11 11 14 15 13 12 8 8 10 9 11 11 11 11 15 13 14 12 12
0 1 1 1 1 2 3 4 5 5 3 4 5 5 6 4 3 5 5 7 7 4 3 5 5 7 7 6 8 9 10 10 11 11 12 12 8 9 10 10 11 11 12 12 13 8 9 10 10 11 11 12 12 13 13 9 8 10 10 12 12 11 11 14 15 16 9 8 10 10 12 12 11 11 15 16 14 13 9 8 10 10 12 12 11 11 16 14 15 13 13
0 1 1 1 1 2 3 4 5 5 3 4 5 5 6 4 3 5 5 7 8 4 3 5 5 8 7 6 9 9 10 10 11 11 11 11 9 9 10 10 11 11 11 11 12 9 9 10 10 11 11 11 11 13 14 9 9 10 10 11 11 11 11 15 14 14 9 9 10 10 11 11 11 11 14 13 15 12 9 9 10 10 11 11 11 11 14 15 12 13 14
0 1 1 1 1 2 3 4 5 5 3 4 5 5 6 4 3 5 5 7 8 4 3 5 5 8 7 6 9 9 10 11 12 12 12 12 9 9 10 11 12 12 12 12 13 9 9 10 11 12 12 12 12 13 13 9 9 11 10 12 12 12 12 14 15 15 9 9 11 10 12 12 12 12 15 14 15 13 9 9 11 10 12 12 12 12 15 15 14 13 13
0 1 1 1 1 2 3 4 5 5 4 3 5 5 6 7 7 8 8 9 9 7 7 8 8 9 9 10 11 11 12 13 14 14 15 15 11 11 12 13 14 14 15 15 16 11 11 12 13 14 14 15 15 16 16 11 11 13 12 14 14 15 15 17 18 18 11 11 13 12 14 14 15 15 18 17 18 16 11 11 13 12 14 14 15 15 18 18 17 16 16
0 1 1 1 1 2 3 4 5 6 3 4 6 5 7 4 3 5 6 8 9 4 3 6 5 9 8 7 10 10 11 11 12 12 12 12 10 10 11 11 12 12 12 12 13 10 10 11 11 12 12 12 12 14 15 10 10 11 11 12 12 12 12 14 15 15 10 10 11 11 12 12 12 12 15 14 13 14 10 10 11 11 12 12 12 12 15 14 14 13 15
0 1 2 1 2 3 1 2 3 4 1 2 5 4 4 1 2 6 7 7 6 1 2 6 7 7 6 5 1 2 7 6 7 7 3 4 1 2 7 6 7 7 4 3 5 1 2 7 7 6 7 3 4 4 3 1 2 7 7 6 7 4 3 3 4 5 1 2 4 3 5 3 7 7 7 7 6 6 1 2 4 5 3 3 7 7 6 6 7 7 4
0 1 2 1 2 3 1 2 4 4 1 2 4 4 3 1 2 4 4 4 4 1 2 4 4 4 4 3 2 1 5 6 7 7 8 8 2 1 7 7 8 8 5 6 4 2 1 7 7 8 8 6 5 4 3 2 1 8 8 5 6 7 7 4 4 4 2 1 8 8 6 5 7 7 4 4 4 3 2 1 6 5 7 7 8 8 3 4 4 4 4
0 1 2 1 2 3 1 2 4 5 1 2 4 5 4 1 2 4 5 6 5 1 2 4 5 5 6 4 1 2 6 6 4 5 4 5 1 2 6 6 5 4 5 4 3 1 2 5 4 3 5 6 4 5 4 1 2 5 4 4 6 5 3 4 5 5 1 2 5 4 6 4 3 5 5 4 6 4 1 2 5 4 5 3 4 6 4 5 4 6 5
0 1 2 1 2 3 1 2 4 5 1 2 4 5 5 1 2 5 4 3 4 1 2 5 4 4 3 5 2 1 6 6 7 7 7 7 2 1 6 6 7 7 7 7 3 2 1 7 7 6 7 6 7 4 5 2 1 7 7 6 7 6 7 5 4 3 2 1 7 7 7 6 7 6 4 5 5 4 2 1 7 7 7 6 7 6 5 4 4 5 3
0 1 2 1 2 3 1 2 4 5 1 2 4 5 6 1 2 7 5 5 5 1 2 7 5 5 5 6 1 2 8 6 5 5 5 5 1 2 6 8 4 4 7 7 3 1 2 5 4 7 7 3 8 4 5 1 2 5 4 7 7 8 3 4 5 6 1 2 5 7 3 8 4 4 7 5 5 5 1 2 5 7 8 3 4 4 7 5 5 5 6
0 1 2 1 2 3 1 2 4 5 1 2 5 4 3 6 7 8 8 8 8 6 7 8 8 8 8 9 10 11 12 13 13 12 14 14 10 11 12 13 13 12 14 14 15 10 11 12 13 13 12 14 14 15 15 10 11 13 12 12 13 14 14 16 17 17 10 11 13 12 12 13 14 14 17 16 17 15 10 11 13 12 12 13 14 14 17 17 16 15 15
0 1 2 1 2 3 2 1 4 5 2 1 5 4 3 6 6 7 7 7 7 6 6 7 7 7 7 8 9 9 10 11 11 10 12 12 9 9 10 11 11 10 12 12 13 9 9 10 11 11 10 12 12 13 13 9 9 11 10 10 11 12 12 14 15 15 9 9 11 10 10 11 12 12 15 14 15 13 9 9 11 10 10 11 12 12 15 15 14 13 13
0 1 2 1 2 3 2 1 4 5 2 1 5 4 3 6 6 7 7 7 7 6 6 7 7 7 7 8 9 10 11 11 12 12 13 13 9 10 11 11 12 12 13 13 14 9 10 11 11 12 12 13 13 14 14 10 9 12 12 11 11 13 13 15 16 16 10 9 12 12 11 11 13 13 16 15 16 14 10 9 12 12 11 11 13 13 16 16 15 14 14
0 1 2 1 2 3 4 3 2 2 3 4 1 1 0 2 1 0 4 1 2 2 1 4 0 1 2 3 5 6 6 6 6 5 5 5 5 6 6 6 6 5 5 5 7 5 6 6 6 6 5 5 5 7 7 6 5 5 5 5 6 6 6 8 9 10 6 5 5 5 5 6 6 6 9 10 8 7 6 5 5 5 5 6 6 6 10 8 9 7 7
0 1 2 1 2 3 4 5 6 6 4 5 6 6 7 4 5 6 6 7 8 4 5 6 6 8 7 7 9 10 11 11 12 13 13 12 9 10 11 11 12 13 13 12 14 9 10 11 11 12 13 13 12 14 14 9 10 11 11 13 12 12 13 15 16 17 9 10 11 11 13 12 12 13 16 17 15 14 9 10 11 11 13 12 12 13 17 15 16 14 14
0 1 2 1 2 3 4 5 6 6 4 5 6 6 7 4 5 6 6 8 8 4 5 6 6 8 8 7 9 10 11 12 13 13 13 13 9 10 11 12 13 13 13 13 14 9 10 11 12 13 13 13 13 14 14 9 10 12 11 13 13 13 13 15 16 17 9 10 12 11 13 13 13 13 16 17 15 14 9 10 12 11 13 13 13 13 17 15 16 14 14
0 1 2 1 2 3 4 5 6 6 4 5 6 6 7 4 5 6 6 8 9 4 5 6 6 9 8 7 10 11 12 12 13 13 13 13 10 11 12 12 13 13 13 13 14 10 11 12 12 13 13 13 13 15 16 10 11 12 12 13 13 13 13 17 16 16 10 11 12 12 13 13 13 13 16 15 17 14 10 11 12 12 13 13 13 13 16 17 14 15 16
0 1 2 1 2 3 4 5 6 6 4 5 6 6 7 4 5 6 6 8 9 4 5 6 6 9 8 7 10 11 12 13 14 14 14 14 10 11 12 13 14 14 14 14 15 10 11 12 13 14 14 14 14 15 15 10 11 13 12 14 14 14 14 16 17 17 10 11 13 12 14 14 14 14 17 16 17 15 10 11 13 12 14 14 14 14 17 17 16 15 15
0 1 2 1 2 3 4 5 6 6 4 5 6 6 7 8 9 10 10 11 11 8 9 10 10 11 11 12 13 14 15 15 16 16 17 17 13 14 15 15 16 16 17 17 18 13 14 15 15 16 16 17 17 19 20 13 14 15 15 16 16 17 17 21 20 20 13 14 15 15 16 16 17 17 20 19 21 18 13 14 15 15 16 16 17 17 20 21 18 19 20
0 1 2 1 2 3 4 5 6 6 4 5 6 6 7 8 9 10 10 11 11 8 9 10 10 11 11 12 13 14 15 16 17 17 18 18 13 14 15 16 17 17 18 18 19 13 14 15 16 17 17 18 18 19 19 13 14 16 15 17 17 18 18 20 21 21 13 14 16 15 17 17 18 18 21 20 21 19 13 14 16 15 17 17 18 18 21 21 20 19 19
0 1 2 1 3 1 2 1 3 0 3 1 0 2 1 4 5 4 4 5 5 5 4 5 5 4 4 6 7 8 9 8 7 9 10 10 7 8 9 8 7 9 10 10 11 9 9 8 7 8 7 10 10 12 12 9 9 8 7 8 7 10 10 12 12 11 8 7 7 9 9 8 10 10 12 12 12 12 8 7 7 9 9 8 10 10 12 12 12 12 11
0 1 2 2 1 0 3 3 3 3 3 3 3 3 4 3 3 3 3 5 6 3 3 3 3 6 5 4 7 8 8 7 9 9 9 9 7 8 8 7 9 9 9 9 10 7 8 8 7 9 9 9 9 10 10 8 7 7 8 9 9 9 9 11 12 13 8 7 7 8 9 9 9 9 12 13 11 10 8 7 7 8 9 9 9 9 13 11 12 10 10
0 1 2 2 1 0 3 4 3 4 3 4 3 4 5 4 3 4 3 6 6 4 3 4 3 6 6 5 7 8 8 7 9 9 9 9 7 8 8 7 9 9 9 9 10 7 8 8 7 9 9 9 9 10 10 8 7 7 8 9 9 9 9 11 12 13 8 7 7 8 9 9 9 9 12 13 11 10 8 7 7 8 9 9 9 9 13 11 12 10 10
0 1 2 2 1 0 3 4 3 4 3 4 3 4 5 4 3 4 3 6 7 4 3 4 3 7 6 5 8 9 9 8 10 10 10 10 8 9 9 8 10 10 10 10 11 8 9 9 8 10 10 10 10 11 11 9 8 8 9 10 10 10 10 12 13 13 9 8 8 9 10 10 10 10 13 12 13 11 9 8 8 9 10 10 10 10 13 13 12 11 11
0 1 2 2 1 0 3 4 4 3 3 4 4 3 5 4 3 3 4 6 6 4 3 3 4 6 6 5 7 8 8 7 9 9 10 10 7 8 8 7 9 9 10 10 11 7 8 8 7 9 9 10 10 11 11 8 7 7 8 10 10 9 9 12 13 14 8 7 7 8 10 10 9 9 13 14 12 11 8 7 7 8 10 10 9 9 14 12 13 11 11
0 1 2 2 1 0 3 4 4 3 3 4 4 3 5 4 3 3 4 6 7 4 3 3 4 7 6 5 8 8 8 8 9 9 9 9 8 8 8 8 9 9 9 9 10 8 8 8 8 9 9 9 9 11 12 8 8 8 8 9 9 9 9 13 12 12 8 8 8 8 9 9 9 9 12 11 13 10 8 8 8 8 9 9 9 9 12 13 10 11 12
0 1 2 2 1 0 3 4 4 3 3 4 4 3 5 4 3 3 4 6 7 4 3 3 4 7 6 5 8 9 9 8 10 10 11 11 8 9 9 8 10 10 11 11 12 8 9 9 8 10 10 11 11 12 12 9 8 8 9 11 11 10 10 13 14 14 9 8 8 9 11 11 10 10 14 13 14 12 9 8 8 9 11 11 10 10 14 14 13 12 12
0 1 2 2 1 0 3 4 5 6 6 5 4 3 7 5 6 3 4 8 9 4 3 6 5 9 8 7 10 10 10 10 11 11 11 11 10 10 10 10 11 11 11 11 12 10 10 10 10 11 11 11 11 13 14 10 10 10 10 11 11 11 11 13 14 14 10 10 10 10 11 11 11 11 14 13 12 13 10 10 10 10 11 11 11 11 14 13 13 12 14
0 1 2 2 1 3 4 4 5 5 4 4 5 5 6 4 4 5 5 6 7 4 4 5 5 7 6 6 8 8 9 9 10 11 11 10 8 8 9 9 10 11 11 10 12 8 8 9 9 10 11 11 10 12 12 8 8 9 9 11 10 10 11 13 14 15 8 8 9 9 11 10 10 11 14 15 13 12 8 8 9 9 11 10 10 11 15 13 14 12 12
0 1 2 2 1 3 4 4 5 5 4 4 5 5 6 4 4 5 5 7 7 4 4 5 5 7 7 6 8 9 10 11 12 12 12 12 8 9 10 11 12 12 12 12 13 8 9 10 11 12 12 12 12 13 13 9 8 11 10 12 12 12 12 14 15 16 9 8 11 10 12 12 12 12 15 16 14 13 9 8 11 10 12 12 12 12 16 14 15 13 13
0 1 2 2 1 3 4 4 5 5 4 4 5 5 6 4 4 5 5 7 8 4 4 5 5 8 7 6 9 9 10 10 11 11 11 11 9 9 10 10 11 11 11 11 12 9 9 10 10 11 11 11 11 13 14 9 9 10 10 11 11 11 11 15 14 14 9 9 10 10 11 11 11 11 14 13 15 12 9 9 10 10 11 11 11 11 14 15 12 13 14
0 1 2 2 1 3 4 4 5 5 4 4 5 5 6 4 4 5 5 7 8 4 4 5 5 8 7 6 9 10 11 12 13 13 13 13 9 10 11 12 13 13 13 13 14 9 10 11 12 13 13 13 13 14 14 10 9 12 11 13 13 13 13 15 16 16 10 9 12 11 13 13 13 13 16 15 16 14 10 9 12 11 13 13 13 13 16 16 15 14 14
0 1 2 2 1 3 4 4 5 5 4 4 5 5 6 7 7 8 8 9 9 7 7 8 8 9 9 10 11 11 12 12 13 13 14 14 11 11 12 12 13 13 14 14 15 11 11 12 12 13 13 14 14 16 17 11 11 12 12 13 13 14 14 18 17 17 11 11 12 12 13 13 14 14 17 16 18 15 11 11 12 12 13 13 14 14 17 18 15 16 17
0 1 2 2 1 3 4 4 5 5 4 4 5 5 6 7 7 8 8 9 9 7 7 8 8 9 9 10 11 12 13 14 15 15 16 16 11 12 13 14 15 15 16 16 17 11 12 13 14 15 15 16 16 17 17 12 11 14 13 15 15 16 16 18 19 19 12 11 14 13 15 15 16 16 19 18 19 17 12 11 14 13 15 15 16 16 19 19 18 17 17
0 1 2 2 1 3 4 5 6 7 4 5 6 7 8 5 4 7 6 9 9 5 4 7 6 9 9 8 10 10 11 11 12 12 12 12 10 10 11 11 12 12 12 12 13 10 10 11 11 12 12 12 12 14 15 10 10 11 11 12 12 12 12 16 15 15 10 10 11 11 12 12 12 12 15 14 16 13 10 10 11 11 12 12 12 12 15 16 13 14 15
0 1 2 2 1 3 4 5 6 7 4 5 6 7 8 5 4 7 6 9 9 5 4 7 6 9 9 8 10 11 12 13 14 14 15 15 10 11 12 13 14 14 15 15 16 10 11 12 13 14 14 15 15 16 16 11 10 13 12 15 15 14 14 17 18 18 11 10 13 12 15 15 14 14 18 17 18 16 11 10 13 12 15 15 14 14 18 18 17 16 16
0 1 2 2 1 3 4 5 6 7 4 5 6 7 8 5 4 7 6 9 10 5 4 7 6 10 9 8 11 11 12 12 13 13 13 13 11 11 12 12 13 13 13 13 14 11 11 12 12 13 13 13 13 15 16 11 11 12 12 13 13 13 13 15 16 16 11 11 12 12 13 13 13 13 16 15 14 15 11 11 12 12 13 13 13 13 16 15 15 14 16
0 1 2 2 1 3 4 5 6 7 5 4 7 6 8 9 9 10 10 11 11 9 9 10 10 11 11 12 13 13 14 14 15 15 16 16 13 13 14 14 15 15 16 16 17 13 13 14 14 15 15 16 16 18 19 13 13 14 14 15 15 16 16 18 19 19 13 13 14 14 15 15 16 16 19 18 17 18 13 13 14 14 15 15 16 16 19 18 18 17 19
0 1 2 2 1 3 4 5 6 7 5 4 7 6 8 9 10 11 12 13 14 9 10 11 12 13 14 15 9 10 11 12 13 14 15 15 9 10 11 12 13 14 15 15 15 10 9 12 11 14 13 16 17 17 17 10 9 12 11 14 13 17 16 17 17 15 10 9 12 11 14 13 17 17 16 17 15 15 10 9 12 11 14 13 17 17 17 16 15 15 15
0 1 2 2 1 3 4 5 6 7 5 4 7 6 8 9 10 11 12 13 14 10 9 12 11 14 13 15 16 17 18 19 20 21 22 23 17 16 19 18 21 20 23 22 24 25 25 26 26 27 27 28 28 29 29 25 25 26 26 27 27 28 28 29 29 30 25 25 26 26 27 27 28 28 29 29 30 30 25 25 26 26 27 27 28 28 29 29 30 30 30
0 1 2 3 2 4 5 4 2 2 4 5 3 1 0 2 1 5 0 3 2 2 3 0 5 1 2 4 6 6 6 6 6 6 6 6 6 6 6 6 6 6 6 6 7 6 6 6 6 6 6 6 6 8 9 6 6 6 6 6 6 6 6 10 9 9 6 6 6 6 6 6 6 6 9 8 10 7 6 6 6 6 6 6 6 6 9 10 7 8 9
0 1 2 3 2 4 5 4 2 2 4 5 3 1 0 2 1 5 0 3 2 2 3 0 5 1 2 4 6 7 7 7 7 6 6 6 6 7 7 7 7 6 6 6 8 6 7 7 7 7 6 6 6 8 8 7 6 6 6 6 7 7 7 9 10 10 7 6 6 6 6 7 7 7 10 9 10 8 7 6 6 6 6 7 7 7 10 10 9 8 8
0 1 2 3 4 5 3 4 5 6 3 4 5 7 8 3 4 5 9 8 10 3 4 5 11 10 8 8 3 4 5 10 11 9 7 6 3 4 5 8 7 11 6 9 8 3 4 5 8 9 6 11 7 8 10 12 13 14 15 15 15 15 15 15 15 15 12 13 14 15 15 15 15 15 15 15 15 16 12 13 14 15 15 15 15 15 15 15 15 16 16
0 1 2 3 4 5 3 4 5 6 3 4 5 7 8 3 4 5 9 10 11 3 4 5 12 11 10 8 3 4 5 11 12 9 7 6 3 4 5 10 9 12 6 7 8 3 4 5 8 7 6 12 9 10 11 13 14 15 16 16 16 16 16 16 16 16 13 14 15 16 16 16 16 16 16 16 16 17 13 14 15 16 16 16 16 16 16 16 16 17 17
0 1 2 3 4 5 3 4 5 6 7 8 9 10 10 11 12 13 14 15 16 11 12 13 14 15 16 17 11 12 13 14 15 16 17 17 11 12 13 14 15 16 17 17 17 11 12 13 15 14 16 18 19 19 19 11 12 13 15 14 16 19 18 19 19 17 11 12 13 15 14 16 19 19 18 19 17 17 11 12 13 15 14 16 19 19 19 18 17 17 17
0 1 2 3 4 5 3 5 4 2 4 3 3 1 0 5 3 3 0 1 2 2 1 0 3 3 5 4 6 7 7 7 7 6 6 6 6 7 7 7 7 6 6 6 8 6 7 7 7 7 6 6 6 8 8 7 6 6 6 6 7 7 7 9 10 10 7 6 6 6 6 7 7 7 10 9 10 8 7 6 6 6 6 7 7 7 10 10 9 8 8
0 1 2 3 4 5 6 5 4 2 5 6 3 1 0 4 3 6 0 1 2 2 1 0 6 3 4 5 7 7 7 7 7 7 7 7 7 7 7 7 7 7 7 7 8 7 7 7 7 7 7 7 7 9 10 7 7 7 7 7 7 7 7 11 10 10 7 7 7 7 7 7 7 7 10 9 11 8 7 7 7 7 7 7 7 7 10 11 8 9 10
0 1 2 3 4 5 6 5 4 2 5 6 3 1 0 4 3 6 0 1 2 2 1 0 6 3 4 5 7 8 8 8 8 7 7 7 7 8 8 8 8 7 7 7 9 7 8 8 8 8 7 7 7 9 9 8 7 7 7 7 8 8 8 10 11 11 8 7 7 7 7 8 8 8 11 10 11 9 8 7 7 7 7 8 8 8 11 11 10 9 9
0 1 2 3 4 5 6 7 8 9 6 7 8 9 10 6 7 8 9 10 11 6 7 8 9 11 10 10 12 13 14 15 16 17 17 16 12 13 14 15 16 17 17 16 18 12 13 14 15 16 17 17 16 18 18 12 13 14 15 17 16 16 17 19 20 20 12 13 14 15 17 16 16 17 20 19 20 18 12 13 14 15 17 16 16 17 20 20 19 18 18
0 1 2 3 4 5 6 7 8 9 6 7 8 9 10 6 7 8 9 11 11 6 7 8 9 11 11 10 12 13 14 15 16 16 16 16 12 13 14 15 16 16 16 16 17 12 13 14 15 16 16 16 16 18 19 12 13 14 15 16 16 16 16 20 19 19 12 13 14 15 16 16 16 16 19 18 20 17 12 13 14 15 16 16 16 16 19 20 17 18 19
0 1 2 3 4 5 6 7 8 9 6 7 8 9 10 6 7 8 9 11 12 6 7 8 9 12 11 10 13 14 15 16 17 17 17 17 13 14 15 16 17 17 17 17 18 13 14 15 16 17 17 17 17 19 20 13 14 15 16 17 17 17 17 19 20 20 13 14 15 16 17 17 17 17 20 19 18 19 13 14 15 16 17 17 17 17 20 19 19 18 20
0 1 2 3 4 5 6 7 8 9 6 7 8 9 10 11 12 13 14 15 15 11 12 13 14 15 15 16 17 18 19 20 21 21 22 22 17 18 19 20 21 21 22 22 23 17 18 19 20 21 21 22 22 24 25 17 18 19 20 21 21 22 22 24 25 25 17 18 19 20 21 21 22 22 25 24 23 24 17 18 19 20 21 21 22 22 25 24 24 23 25
0 1 2 3 4 5 6 7 8 9 10 11 12 13 14 10 11 12 13 14 15 16 17 18 19 20 21 21 16 17 18 19 20 21 21 22 16 17 18 19 20 21 21 23 24 16 17 18 19 20 21 21 24 23 22 25 26 27 28 29 30 30 31 31 31 31 25 26 27 28 29 30 30 31 31 31 31 32 25 26 27 28 29 30 30 31 31 31 31 32 32
0 1 2 3 4 5 6 7 8 9 10 11 12 13 14 10 11 12 13 14 15 16 17 18 19 20 21 21 16 17 18 19 20 21 21 22 23 24 25 26 27 28 28 29 29 23 24 25 26 27 28 28 29 29 30 31 32 33 34 35 36 36 37 37 38 38 31 32 33 34 35 36 36 37 37 38 38 39 31 32 33 34 35 36 36 37 37 38 38 39 39
0 1 2 3 4 5 6 7 8 9 10 11 12 13 14 15 16 17 18 19 20 15 16 17 18 19 20 21 15 16 17 18 19 20 22 23 15 16 17 18 19 20 22 23 23 15 16 17 18 19 20 22 23 23 23 15 16 17 18 19 20 23 22 21 22 22 15 16 17 18 19 20 23 22 22 21 22 23 15 16 17 18 19 20 23 22 22 22 21 23 23
0 1 2 3 4 5 6 7 8 9 10 11 12 13 14 15 16 17 18 19 20 21 22 23 24 25 26 27 21 22 23 24 25 26 27 28 21 22 23 24 25 26 27 29 29 21 22 23 24 25 26 27 29 29 28 30 31 32 33 34 35 36 37 37 37 37 30 31 32 33 34 35 36 37 37 37 37 38 30 31 32 33 34 35 36 37 37 37 37 38 38
0 1 2 3 4 5 6 7 8 9 10 11 12 13 14 15 16 17 18 19 20 21 22 23 24 25 26 27 28 29 30 31 32 33 34 35 28 29 30 31 32 33 34 35 36 28 29 30 31 32 33 34 35 37 37 28 29 30 31 32 33 34 35 37 37 36 28 29 30 31 32 33 34 35 37 37 37 37 28 29 30 31 32 33 34 35 37 37 37 37 36
0 1 2 3 4 5 6 7 8 9 10 11 12 13 14 15 16 17 18 19 20 21 22 23 24 25 26 27 28 29 30 31 32 33 34 35 28 29 30 31 32 33 34 35 36 37 38 39 40 41 42 43 44 45 45 37 38 39 40 41 42 43 44 45 45 46 37 38 39 40 41 42 43 44 45 45 46 46 37 38 39 40 41 42 43 44 45 45 46 46 46
--- order 52 (x1) ---
0 0 1 0 1 2 0 1 3 3 0 1 3 3 2 0 2 1 2 2 3 0 2 2 1 3 2 3 0 2 2 3 2 1 1 1 0 2 3 2 1 2 1 1 3 0 3 1 2 3 1 3 2 3 1 0 3 1 3 1 2 3 1 2 3 2 0 3 2 1 1 3 2 3 1 3 1 2 0 3 3 1 2 1 1 3 3 2 2 1 2
--- order 56 (x4) ---
0 0 1 2 3 3 2 3 3 4 2 3 3 4 5 2 3 3 6 6 5 2 3 3 6 5 6 4 2 3 3 5 4 6 5 4 2 3 3 5 6 4 4 5 6 7 8 9 10 10 10 10 10 10 10 7 8 9 10 10 10 10 10 10 10 11 7 9 8 10 10 10 10 10 10 10 12 13 7 9 8 10 10 10 10 10 10 10 13 12 11
0 0 1 2 3 4 2 4 3 5 6 7 7 8 8 6 7 7 8 8 9 6 7 7 8 8 9 10 6 7 7 8 8 11 11 10 6 7 7 8 8 11 10 11 9 6 7 7 8 8 10 9 11 10 9 6 7 7 8 8 10 11 9 9 10 11 12 13 13 14 14 15 15 15 15 15 15 15 12 13 13 14 14 15 15 15 15 15 15 15 16
0 1 2 3 4 5 3 4 5 6 3 4 5 6 7 3 4 5 8 8 7 3 4 5 8 7 8 6 3 4 5 7 6 8 7 6 3 4 5 7 8 6 6 7 8 9 10 11 12 12 12 12 12 12 12 9 10 11 12 12 12 12 12 12 12 13 9 10 11 12 12 12 12 12 12 12 14 15 9 10 11 12 12 12 12 12 12 12 15 14 13
0 1 2 3 4 5 3 4 5 6 7 8 9 10 10 7 8 9 10 10 11 7 8 9 10 10 11 12 7 8 9 10 10 13 13 12 7 8 9 10 10 13 12 13 11 7 8 9 10 10 12 11 13 12 11 7 8 9 10 10 12 13 11 11 12 13 14 15 16 17 17 18 18 18 18 18 18 18 14 15 16 17 17 18 18 18 18 18 18 18 19
--- order 60 (x10) ---
0 0 0 1 1 1 1 1 1 2 1 1 1 2 3 1 1 1 3 2 3 1 1 1 3 3 2 2 4 5 6 7 7 7 7 7 4 5 6 7 7 7 7 7 8 5 6 4 7 7 7 7 7 9 10 5 6 4 7 7 7 7 7 10 9 8 6 4 5 7 7 7 7 7 9 10 10 9 6 4 5 7 7 7 7 7 10 9 9 10 8
0 0 0 1 1 1 1 1 1 2 1 1 1 2 3 1 1 1 3 2 3 1 1 1 3 3 2 2 4 5 6 7 7 7 7 7 4 6 5 7 7 7 7 7 8 5 4 6 7 7 7 7 7 9 10 5 6 4 7 7 7 7 7 10 9 11 6 4 5 7 7 7 7 7 10 11 8 10 6 5 4 7 7 7 7 7 11 10 10 8 9
0 0 0 1 1 2 1 2 1 3 2 1 1 3 3 4 4 4 5 5 5 4 4 4 5 5 5 6 4 4 4 5 5 5 6 7 4 4 4 5 5 5 7 6 7 4 4 4 5 5 5 7 7 6 6 8 9 9 10 10 11 12 12 12 12 12 9 8 9 10 11 10 12 12 12 12 12 13 9 9 8 11 10 10 12 12 12 12 12 13 13
0 0 1 0 1 1 2 3 3 3 2 3 3 3 4 5 6 6 6 7 7 5 6 6 6 7 7 8 5 6 6 6 7 7 8 9 5 6 6 6 7 7 9 8 9 5 6 6 6 7 7 9 9 8 8 10 11 12 13 14 14 15 15 15 15 15 10 12 13 11 14 14 15 15 15 15 15 16 10 13 11 12 14 14 15 15 15 15 15 16 16
0 0 1 0 1 1 2 3 3 3 4 5 5 5 6 7 8 8 8 9 10 7 8 8 8 9 10 11 7 8 8 8 9 10 11 12 7 8 8 8 9 10 12 11 12 7 8 8 8 9 10 12 12 11 11 13 14 15 15 16 17 18 18 18 18 18 13 15 14 15 16 17 18 18 18 18 18 19 13 15 15 14 16 17 18 18 18 18 18 19 19
0 0 1 0 1 2 0 2 1 2 0 2 2 1 1 3 4 5 5 6 6 3 6 6 5 5 4 7 3 6 5 6 4 5 7 8 3 5 4 6 5 6 8 7 8 3 5 6 4 6 5 8 8 7 7 9 10 10 10 10 10 11 11 11 11 11 9 10 10 10 10 10 11 11 11 11 11 12 9 10 10 10 10 10 11 11 11 11 11 12 12
0 0 1 0 2 3 0 4 3 5 0 6 5 3 5 0 7 5 5 3 3 0 5 6 7 2 4 1 0 5 7 4 6 1 2 3 0 3 2 6 1 7 4 3 5 0 3 4 1 7 2 6 5 3 5 8 9 9 9 9 9 9 9 9 9 9 8 9 9 9 9 9 9 9 9 9 9 10 8 9 9 9 9 9 9 9 9 9 9 10 10
0 0 1 2 3 3 2 3 3 4 2 3 3 4 5 2 3 3 5 4 5 2 3 3 5 5 4 4 6 7 8 9 9 9 9 9 6 7 8 9 9 9 9 9 10 6 7 8 9 9 9 9 9 10 10 6 8 7 9 9 9 9 9 11 12 13 6 8 7 9 9 9 9 9 12 13 11 10 6 8 7 9 9 9 9 9 13 11 12 10 10
0 1 2 3 4 5 3 4 5 6 3 4 5 6 7 3 4 5 7 6 7 3 4 5 7 7 6 6 8 9 10 11 11 11 11 11 8 9 10 11 11 11 11 11 12 8 9 10 11 11 11 11 11 13 14 8 9 10 11 11 11 11 11 15 14 14 8 9 10 11 11 11 11 11 14 13 15 12 8 9 10 11 11 11 11 11 14 15 12 13 14
0 1 2 3 4 5 6 7 8 9 10 11 12 13 14 15 16 17 18 19 20 15 16 17 18 19 20 21 15 16 17 18 19 20 21 22 15 16 17 18 19 20 22 21 22 15 16 17 18 19 20 22 22 21 21 23 24 25 26 27 28 29 29 29 29 29 23 24 25 26 27 28 29 29 29 29 29 30 23 24 25 26 27 28 29 29 29 29 29 30 30
--- order 64 (x138) ---
0 0 1 0 1 2 0 2 1 1 3 4 4 4 4 3 4 4 4 4 5 6 7 7 7 7 8 8 9 10 11 11 10 12 12 13 9 10 11 11 10 12 12 13 14 9 11 10 10 11 12 12 13 15 15 9 11 10 10 11 12 12 13 15 15 14 16 17 17 17 17 18 19 20 21 21 21 21 16 17 17 17 17 19 18 20 21 21 21 21 22
0 0 1 0 1 2 0 2 1 1 3 4 4 4 4 5 6 6 6 6 7 8 9 9 9 9 10 11 12 13 14 14 13 15 16 17 12 13 14 14 13 15 16 17 18 12 14 13 13 14 15 16 17 19 19 12 14 13 13 14 15 16 17 19 19 18 20 21 21 21 21 22 23 24 25 25 25 25 20 21 21 21 21 22 23 24 25 25 25 25 26
0 0 1 0 1 2 0 2 1 1 3 4 5 5 4 3 4 5 5 4 6 3 4 5 5 4 7 7 3 4 5 5 4 7 7 6 3 5 4 4 5 8 9 8 9 3 5 4 4 5 8 9 9 8 7 3 5 4 4 5 9 8 8 9 7 6 3 5 4 4 5 9 8 9 8 6 7 7 10 11 11 11 11 12 12 12 12 12 12 12 12
0 0 1 0 1 2 0 2 1 1 3 4 5 5 4 3 4 5 5 4 6 3 4 5 5 4 7 7 3 4 5 5 4 7 7 6 3 5 4 4 5 8 9 10 10 3 5 4 4 5 10 10 8 9 7 3 5 4 4 5 10 10 9 8 7 6 3 5 4 4 5 9 8 10 10 6 7 7 11 12 12 12 12 13 13 13 13 13 13 13 13
0 0 1 0 1 2 0 2 1 1 3 4 5 5 4 3 4 5 5 4 6 3 4 5 5 4 7 8 3 4 5 5 4 8 7 6 3 5 4 4 5 9 10 10 9 3 5 4 4 5 9 10 10 9 8 3 5 4 4 5 10 9 9 10 6 7 3 5 4 4 5 10 9 9 10 7 6 8 11 12 12 12 12 13 13 13 13 13 13 13 13
0 0 1 0 2 2 0 2 2 1 3 4 4 4 4 5 6 7 6 7 8 5 6 7 7 6 8 9 5 7 6 6 7 8 9 10 5 7 6 7 6 8 10 9 9 11 12 12 12 12 13 14 14 14 14 11 12 12 12 12 13 14 14 14 14 15 11 12 12 12 12 13 14 14 14 14 16 16 11 12 12 12 12 13 14 14 14 14 16 16 15
0 0 1 0 2 2 0 2 2 1 3 4 4 4 4 5 6 7 8 8 9 5 8 8 6 7 9 10 5 8 8 7 6 9 10 11 5 7 6 8 8 9 11 10 10 12 13 13 13 13 14 15 15 15 15 12 13 13 13 13 14 15 15 15 15 16 12 13 13 13 13 14 15 15 15 15 17 17 12 13 13 13 13 14 15 15 15 15 17 17 16
0 0 1 0 2 2 0 2 2 1 3 4 5 6 7 3 4 5 6 7 8 3 6 7 5 4 9 9 3 6 7 5 4 9 9 8 3 7 6 4 5 9 9 10 10 3 7 6 4 5 9 9 10 10 8 3 5 4 7 6 10 10 9 9 9 9 3 5 4 7 6 10 10 9 9 9 9 8 11 12 12 12 12 13 13 13 13 13 13 13 13
0 0 1 0 2 3 0 3 2 1 4 5 5 5 5 6 7 7 7 7 8 6 7 7 7 7 8 9 6 7 7 7 7 8 10 11 6 7 7 7 7 8 11 10 9 12 13 14 14 13 15 16 16 16 16 12 13 14 14 13 15 16 16 16 16 17 12 14 13 13 14 15 16 16 16 16 18 18 12 14 13 13 14 15 16 16 16 16 18 18 17
0 0 1 0 2 3 0 3 2 1 4 5 5 5 5 6 7 7 7 7 8 6 7 7 7 7 8 9 10 11 12 12 11 13 14 14 10 11 12 12 11 13 14 14 15 10 12 11 11 12 13 14 14 16 16 10 12 11 11 12 13 14 14 16 16 15 17 18 18 18 18 19 20 20 21 21 21 21 17 18 18 18 18 19 20 20 21 21 21 21 22
0 0 1 0 2 3 0 3 2 1 4 5 5 5 5 6 7 8 8 7 9 6 7 8 8 7 9 10 6 8 7 7 8 9 11 11 6 8 7 7 8 9 11 11 10 12 13 14 13 14 15 16 16 16 16 12 13 14 13 14 15 16 16 16 16 17 12 14 13 14 13 15 16 16 16 16 18 18 12 14 13 14 13 15 16 16 16 16 18 18 17
0 0 1 0 2 3 0 3 2 1 4 5 5 5 5 6 7 8 8 7 9 6 7 8 8 7 9 10 6 8 7 7 8 9 11 12 6 8 7 7 8 9 12 11 10 13 14 14 14 14 15 16 16 16 16 13 14 14 14 14 15 16 16 16 16 17 13 14 14 14 14 15 16 16 16 16 18 18 13 14 14 14 14 15 16 16 16 16 18 18 17
0 0 1 0 2 3 0 3 2 1 4 5 6 6 5 4 5 6 6 5 7 4 5 6 6 5 8 9 4 5 6 6 5 9 8 7 4 6 5 5 6 10 10 10 10 4 6 5 5 6 10 10 10 10 7 4 6 5 5 6 10 10 10 10 8 9 4 6 5 5 6 10 10 10 10 9 8 7 11 12 12 12 12 13 13 13 13 13 13 13 13
0 0 1 0 2 3 0 3 2 1 4 5 6 6 5 4 5 6 6 5 7 4 6 5 5 6 8 8 4 6 5 5 6 8 8 7 9 10 11 11 10 12 12 13 13 9 10 11 11 10 12 12 13 13 14 9 11 10 10 11 13 13 12 12 15 15 9 11 10 10 11 13 13 12 12 15 15 14 16 17 17 17 17 18 18 18 18 19 19 19 19
0 0 1 0 2 3 0 3 2 1 4 5 6 7 8 4 5 6 7 8 9 4 8 7 6 5 10 10 4 8 7 6 5 10 10 9 4 7 8 5 6 11 11 12 12 4 7 8 5 6 11 11 12 12 9 4 6 5 8 7 12 12 11 11 10 10 4 6 5 8 7 12 12 11 11 10 10 9 13 14 14 14 14 15 15 15 15 15 15 15 15
0 0 1 1 0 0 2 2 2 2 2 2 2 2 3 4 4 4 4 5 6 4 4 4 4 6 5 7 8 9 9 8 10 10 11 11 8 9 9 8 10 10 11 11 12 9 8 8 9 10 10 11 11 13 13 9 8 8 9 10 10 11 11 13 13 12 14 14 14 14 15 16 17 18 19 19 19 19 14 14 14 14 16 15 18 17 19 19 19 19 20
0 0 1 1 0 0 2 2 2 2 2 2 2 2 3 4 5 5 4 6 6 4 5 5 4 6 6 7 5 4 4 5 6 6 8 8 5 4 4 5 6 6 8 8 7 9 9 10 10 11 11 12 12 12 12 9 10 9 10 11 11 12 12 12 12 13 10 9 10 9 11 11 12 12 12 12 13 14 10 10 9 9 11 11 12 12 12 12 14 13 13
0 0 1 1 0 0 2 3 3 2 2 3 3 2 4 2 3 3 2 5 5 2 3 3 2 5 5 4 3 2 2 3 6 7 8 9 3 2 2 3 8 9 7 6 5 3 2 2 3 9 8 6 7 5 4 3 2 2 3 7 6 9 8 4 5 5 10 10 10 10 11 11 11 11 11 11 11 11 10 10 10 10 11 11 11 11 11 11 11 11 12
0 0 1 1 0 0 2 3 3 2 2 3 3 2 4 2 3 3 2 5 6 2 3 3 2 6 5 4 3 2 2 3 7 8 8 9 3 2 2 3 9 8 8 7 6 3 2 2 3 8 7 9 8 5 4 3 2 2 3 8 9 7 8 4 5 6 10 10 10 10 11 11 11 11 11 11 11 11 10 10 10 10 11 11 11 11 11 11 11 11 12
0 0 1 1 0 0 2 3 3 4 4 3 3 2 5 3 2 4 3 6 6 3 4 2 3 6 6 5 7 8 8 7 9 9 10 10 7 8 8 7 9 9 10 10 11 8 7 7 8 10 10 9 9 12 12 8 7 7 8 10 10 9 9 12 12 11 13 13 13 13 14 14 14 14 15 15 15 15 13 13 13 13 14 14 14 14 15 15 15 15 16
0 0 1 2 3 3 2 3 3 4 5 6 6 7 7 8 9 9 10 11 12 8 9 9 10 11 12 13 8 9 9 11 10 12 14 14 8 9 9 11 10 12 14 14 13 15 16 17 18 18 19 20 20 20 20 15 16 17 18 18 19 20 20 20 20 21 15 17 16 18 18 19 20 20 20 20 22 22 15 17 16 18 18 19 20 20 20 20 22 22 21
0 0 1 2 3 3 2 3 3 4 5 6 7 8 9 5 6 7 8 9 10 5 6 7 9 8 11 11 5 6 7 9 8 11 11 10 5 7 6 8 9 12 12 13 13 5 7 6 8 9 12 12 13 13 10 5 7 6 9 8 13 13 12 12 11 11 5 7 6 9 8 13 13 12 12 11 11 10 14 15 15 16 16 17 17 17 17 17 17 17 17
0 0 1 2 3 3 4 3 3 1 3 2 4 0 0 3 4 2 0 0 1 1 0 0 4 2 3 3 5 6 6 5 5 6 6 5 5 6 6 5 5 6 6 5 7 6 5 5 6 6 5 5 6 8 8 6 5 5 6 6 5 5 6 8 8 7 9 10 10 10 10 9 9 9 11 11 11 11 10 9 9 9 9 10 10 10 11 11 11 11 12
0 0 1 2 3 3 4 5 5 6 4 5 5 6 7 4 5 5 6 8 9 4 5 5 6 9 8 7 4 5 5 6 10 10 10 10 4 5 5 6 10 10 10 10 7 4 5 5 6 10 10 10 10 8 9 4 5 5 6 10 10 10 10 9 8 7 11 12 13 14 15 15 15 15 15 15 15 15 11 13 12 14 15 15 15 15 15 15 15 15 16
0 0 1 2 3 3 4 5 5 6 4 5 5 6 7 8 9 9 10 11 11 8 9 9 10 11 11 12 8 9 9 10 11 11 13 14 8 9 9 10 11 11 14 13 12 15 16 17 18 19 19 20 20 20 20 15 16 17 18 19 19 20 20 20 20 21 15 17 16 18 19 19 20 20 20 20 22 22 15 17 16 18 19 19 20 20 20 20 22 22 21
0 0 1 2 3 3 4 5 5 6 4 5 5 6 7 8 9 9 10 11 11 8 9 9 10 11 11 12 13 14 15 16 17 17 18 18 13 14 15 16 17 17 18 18 19 13 15 14 16 17 17 18 18 20 20 13 15 14 16 17 17 18 18 20 20 19 21 22 22 23 24 24 25 25 26 26 26 26 21 22 22 23 24 24 25 25 26 26 26 26 27
0 0 1 2 3 3 4 5 5 6 4 5 5 6 7 8 9 10 11 12 12 8 9 10 11 12 12 13 8 10 9 11 12 12 14 15 8 10 9 11 12 12 15 14 13 16 17 17 18 19 19 20 20 20 20 16 17 17 18 19 19 20 20 20 20 21 16 17 17 18 19 19 20 20 20 20 22 22 16 17 17 18 19 19 20 20 20 20 22 22 21
0 0 1 2 3 3 4 5 5 6 7 8 8 9 10 11 12 13 14 15 16 11 12 13 14 15 16 17 11 13 12 14 15 16 18 18 11 13 12 14 15 16 18 18 17 19 20 20 21 22 23 24 24 24 24 19 20 20 21 22 23 24 24 24 24 25 19 20 20 21 22 23 24 24 24 24 26 26 19 20 20 21 22 23 24 24 24 24 26 26 25
0 0 1 2 3 3 4 5 5 6 7 8 9 10 11 7 8 9 10 11 12 7 8 9 10 11 13 13 7 8 9 10 11 13 13 12 7 9 8 10 11 14 14 15 15 7 9 8 10 11 14 14 15 15 12 7 9 8 10 11 15 15 14 14 13 13 7 9 8 10 11 15 15 14 14 13 13 12 16 17 17 18 19 20 20 20 20 20 20 20 20
0 0 1 2 3 3 4 5 6 7 4 5 6 7 8 4 5 6 7 9 10 4 5 6 7 10 9 8 4 6 5 7 11 11 11 11 4 6 5 7 11 11 11 11 8 4 6 5 7 11 11 11 11 9 10 4 6 5 7 11 11 11 11 10 9 8 12 13 13 14 15 15 15 15 15 15 15 15 12 13 13 14 15 15 15 15 15 15 15 15 16
0 0 1 2 3 3 4 5 6 7 4 6 5 7 8 9 10 10 11 12 12 9 10 10 11 12 12 13 9 10 10 11 12 12 14 15 9 10 10 11 12 12 15 14 13 16 17 17 18 19 19 20 20 20 20 16 17 17 18 19 19 20 20 20 20 21 16 17 17 18 19 19 20 20 20 20 22 22 16 17 17 18 19 19 20 20 20 20 22 22 21
0 0 1 2 3 3 4 5 6 7 4 6 5 7 8 9 10 10 11 12 12 9 10 10 11 12 12 13 14 15 15 16 17 17 18 18 14 15 15 16 17 17 18 18 19 14 15 15 16 17 17 18 18 20 20 14 15 15 16 17 17 18 18 20 20 19 21 22 22 23 24 24 25 25 26 26 26 26 21 22 22 23 24 24 25 25 26 26 26 26 27
0 0 1 2 3 4 2 3 4 5 2 4 3 6 6 2 4 3 6 6 5 7 8 8 9 9 9 9 10 11 12 13 13 14 14 15 10 11 12 13 13 14 14 15 16 10 12 11 14 14 13 13 15 17 17 10 12 11 14 14 13 13 15 17 17 16 18 19 19 20 20 20 20 21 22 22 22 22 18 19 19 20 20 20 20 21 22 22 22 22 23
0 0 1 2 3 4 2 4 3 5 6 7 7 8 8 9 10 11 12 13 14 9 10 11 12 13 14 15 9 11 10 13 12 14 16 16 9 11 10 13 12 14 16 16 15 17 18 18 19 19 20 21 21 21 21 17 18 18 19 19 20 21 21 21 21 22 17 18 18 19 19 20 21 21 21 21 23 23 17 18 18 19 19 20 21 21 21 21 23 23 22
0 0 1 2 3 4 2 4 3 5 6 7 8 9 10 6 7 8 9 10 11 6 7 8 9 10 12 12 6 7 8 9 10 12 12 11 6 8 7 10 9 13 13 14 14 6 8 7 10 9 13 13 14 14 11 6 8 7 10 9 14 14 13 13 12 12 6 8 7 10 9 14 14 13 13 12 12 11 15 16 16 17 17 18 18 18 18 18 18 18 18
0 1 1 1 1 0 2 2 2 2 2 2 2 2 3 4 4 4 4 5 5 4 4 4 4 5 5 6 4 4 4 4 5 5 7 8 4 4 4 4 5 5 8 7 6 9 10 9 10 11 11 12 12 12 12 9 10 10 9 11 11 12 12 12 12 13 10 9 9 10 11 11 12 12 12 12 13 14 10 9 10 9 11 11 12 12 12 12 14 13 13
0 1 1 1 1 0 2 2 2 2 2 2 2 2 3 4 4 4 4 5 5 4 4 4 4 5 5 6 4 4 4 4 5 5 7 8 4 4 4 4 5 5 8 7 6 9 10 11 11 12 12 13 13 13 13 11 11 9 10 12 12 13 13 13 13 14 11 11 10 9 12 12 13 13 13 13 14 15 10 9 11 11 12 12 13 13 13 13 15 14 14
0 1 1 1 1 0 2 2 2 2 2 2 2 2 3 4 4 4 4 5 5 4 4 4 4 5 5 6 7 8 7 8 9 9 10 10 7 8 8 7 9 9 10 10 11 8 7 7 8 9 9 10 10 11 12 8 7 8 7 9 9 10 10 12 11 11 13 13 13 13 14 14 15 15 16 16 16 16 13 13 13 13 14 14 15 15 16 16 16 16 17
0 1 1 1 1 0 2 2 2 2 2 2 2 2 3 4 4 4 4 5 5 4 4 4 4 5 5 6 7 8 9 9 10 10 11 11 9 9 7 8 10 10 11 11 12 9 9 8 7 10 10 11 11 12 13 8 7 9 9 10 10 11 11 13 12 12 14 14 14 14 15 15 16 16 17 17 17 17 14 14 14 14 15 15 16 16 17 17 17 17 18
0 1 1 1 1 0 2 2 2 2 2 2 2 2 3 4 4 4 4 5 6 4 4 4 4 5 6 7 4 4 4 4 6 5 8 8 4 4 4 4 6 5 8 8 7 9 10 11 11 12 12 13 13 13 13 11 11 9 10 12 12 13 13 13 13 14 11 11 10 9 12 12 13 13 13 13 14 15 10 9 11 11 12 12 13 13 13 13 15 14 14
0 1 1 1 1 0 2 2 2 2 2 2 2 2 3 4 5 6 7 8 8 6 7 5 4 8 8 9 7 6 4 5 8 8 9 10 5 4 7 6 8 8 10 9 9 11 11 11 11 12 12 13 13 13 13 11 11 11 11 12 12 13 13 13 13 14 11 11 11 11 12 12 13 13 13 13 15 15 11 11 11 11 12 12 13 13 13 13 15 15 14
0 1 1 1 1 0 2 2 3 3 3 3 2 2 4 5 6 5 6 7 7 5 6 6 5 7 7 8 6 5 5 6 7 7 8 9 6 5 6 5 7 7 9 8 8 10 10 10 10 11 11 12 12 12 12 10 10 10 10 11 11 12 12 12 12 13 10 10 10 10 11 11 12 12 12 12 14 14 10 10 10 10 11 11 12 12 12 12 14 14 13
0 1 1 1 1 0 2 2 3 3 3 3 2 2 4 5 6 7 7 8 9 7 7 5 6 9 8 10 7 7 6 5 9 8 10 11 6 5 7 7 8 9 11 10 10 12 12 12 12 13 13 14 14 14 14 12 12 12 12 13 13 14 14 14 14 15 12 12 12 12 13 13 14 14 14 14 16 16 12 12 12 12 13 13 14 14 14 14 16 16 15
0 1 1 1 1 0 2 2 3 3 3 3 2 2 4 5 6 7 8 9 10 5 6 7 8 9 10 11 7 8 6 5 10 9 12 12 7 8 6 5 10 9 12 12 11 8 7 5 6 10 9 12 12 13 13 8 7 5 6 10 9 12 12 13 13 11 6 5 8 7 9 10 13 13 12 12 12 12 6 5 8 7 9 10 13 13 12 12 12 12 11
0 1 1 1 1 0 2 3 2 3 2 3 2 3 4 2 3 3 2 5 5 2 3 3 2 5 5 4 3 2 2 3 5 5 6 7 3 2 2 3 5 5 7 6 4 3 2 3 2 6 7 5 5 5 5 3 2 3 2 7 6 5 5 5 5 4 8 8 8 8 9 9 9 9 9 9 9 9 8 8 8 8 9 9 9 9 9 9 9 9 10
0 1 1 1 1 0 2 3 4 4 2 3 4 4 5 4 4 2 3 6 6 4 4 2 3 6 6 5 4 4 3 2 6 6 7 8 4 4 3 2 6 6 8 7 5 3 2 4 4 7 8 6 6 6 6 3 2 4 4 8 7 6 6 6 6 5 9 9 9 9 10 10 10 10 10 10 10 10 9 9 9 9 10 10 10 10 10 10 10 10 11
0 1 1 1 1 2 1 1 2 3 1 1 4 5 3 1 1 4 3 5 3 1 1 5 4 4 2 2 1 1 3 2 4 4 2 3 1 1 3 4 2 2 4 3 5 6 7 8 8 8 8 8 8 8 8 6 7 8 8 8 8 8 8 8 8 9 7 6 8 8 8 8 8 8 8 8 10 11 7 6 8 8 8 8 8 8 8 8 11 10 9
0 1 1 1 1 2 1 1 3 3 1 1 3 3 2 4 4 5 6 5 6 4 4 5 6 6 5 7 4 4 6 5 5 6 7 8 4 4 6 5 6 5 8 7 7 9 10 11 11 11 11 12 12 12 12 9 10 11 11 11 11 12 12 12 12 13 10 9 11 11 11 11 12 12 12 12 14 14 10 9 11 11 11 11 12 12 12 12 14 14 13
0 1 1 1 1 2 1 1 3 4 1 1 3 4 5 1 1 6 5 4 4 1 1 5 6 3 3 2 1 1 4 3 2 6 3 4 1 1 4 3 6 2 3 4 5 7 8 9 9 9 9 9 9 9 9 7 8 9 9 9 9 9 9 9 9 10 8 7 9 9 9 9 9 9 9 9 11 12 8 7 9 9 9 9 9 9 9 9 12 11 10
0 1 1 1 1 2 1 1 3 4 1 1 4 3 2 5 5 6 7 7 6 5 5 6 7 7 6 8 5 5 7 6 6 7 9 10 5 5 7 6 6 7 10 9 8 11 12 13 13 13 13 14 14 14 14 11 12 13 13 13 13 14 14 14 14 15 12 11 13 13 13 13 14 14 14 14 16 16 12 11 13 13 13 13 14 14 14 14 16 16 15
0 1 1 1 1 2 1 1 3 4 1 1 5 4 6 1 1 7 6 4 4 1 1 6 7 5 3 2 1 1 4 3 7 2 5 4 1 1 4 5 2 7 3 4 6 8 8 9 9 9 9 9 9 9 9 8 8 9 9 9 9 9 9 9 9 10 8 8 9 9 9 9 9 9 9 9 11 12 8 8 9 9 9 9 9 9 9 9 12 11 10
0 1 1 1 1 2 1 1 3 4 1 1 5 4 6 1 1 7 6 4 4 1 1 6 7 5 3 2 1 1 4 3 7 2 5 4 1 1 4 5 2 7 3 4 6 8 9 10 10 10 10 10 10 10 10 8 9 10 10 10 10 10 10 10 10 11 9 8 10 10 10 10 10 10 10 10 12 12 9 8 10 10 10 10 10 10 10 10 12 12 11
0 1 1 1 1 2 1 1 3 4 1 1 5 6 7 1 1 8 7 6 4 1 1 7 8 5 3 2 1 1 6 5 8 2 3 4 1 1 4 3 2 8 5 6 7 9 9 10 10 10 10 10 10 10 10 9 9 10 10 10 10 10 10 10 10 11 9 9 10 10 10 10 10 10 10 10 12 13 9 9 10 10 10 10 10 10 10 10 13 12 11
0 1 1 1 1 2 1 1 3 4 1 1 5 6 7 1 1 8 7 6 4 1 1 7 8 5 3 2 1 1 6 5 8 2 3 4 1 1 4 3 2 8 5 6 7 9 10 11 11 11 11 11 11 11 11 9 10 11 11 11 11 11 11 11 11 12 10 9 11 11 11 11 11 11 11 11 13 13 10 9 11 11 11 11 11 11 11 11 13 13 12
0 1 1 1 1 2 3 3 4 4 3 3 4 4 5 3 3 4 4 6 7 3 3 4 4 8 7 9 3 3 4 4 10 9 7 7 3 3 4 4 9 10 8 6 5 3 3 4 4 7 6 10 5 8 7 3 3 4 4 7 8 5 10 6 7 9 11 11 12 12 13 13 13 13 13 13 13 13 11 11 12 12 13 13 13 13 13 13 13 13 14
0 1 1 1 1 2 3 3 4 4 3 3 4 4 5 3 3 4 4 6 7 3 3 4 4 8 9 10 3 3 4 4 11 10 9 7 3 3 4 4 10 11 8 6 5 3 3 4 4 9 8 11 5 6 7 3 3 4 4 7 6 5 11 8 9 10 12 12 13 13 14 14 14 14 14 14 14 14 12 12 13 13 14 14 14 14 14 14 14 14 15
0 1 1 1 1 2 3 3 4 4 3 3 4 4 5 6 6 7 7 8 8 6 6 7 7 8 8 9 10 11 12 12 13 13 14 14 10 11 12 12 13 13 14 14 15 11 10 12 12 13 13 14 14 16 17 11 10 12 12 13 13 14 14 17 16 15 18 18 19 19 20 20 21 21 22 22 22 22 18 18 19 19 20 20 21 21 22 22 22 22 23
0 1 1 1 1 2 3 3 4 4 3 3 4 4 5 6 6 7 8 9 9 6 6 7 8 9 9 10 6 6 8 7 9 9 11 12 6 6 8 7 9 9 12 11 10 13 14 15 15 16 16 17 17 17 17 13 14 15 15 16 16 17 17 17 17 18 14 13 15 15 16 16 17 17 17 17 19 19 14 13 15 15 16 16 17 17 17 17 19 19 18
0 1 1 1 1 2 3 3 4 4 3 3 4 4 5 6 7 8 8 9 9 6 7 8 8 9 9 10 7 6 8 8 9 9 11 12 7 6 8 8 9 9 12 11 10 13 13 14 14 15 15 16 16 16 16 13 13 14 14 15 15 16 16 16 16 17 13 13 14 14 15 15 16 16 16 16 18 19 13 13 14 14 15 15 16 16 16 16 19 18 17
0 1 1 1 1 2 3 3 4 4 3 3 4 4 5 6 7 8 9 10 10 6 7 9 8 10 10 11 7 6 8 9 10 10 12 13 7 6 9 8 10 10 13 12 11 14 14 15 15 16 16 17 17 17 17 14 14 15 15 16 16 17 17 17 17 18 14 14 15 15 16 16 17 17 17 17 19 19 14 14 15 15 16 16 17 17 17 17 19 19 18
0 1 1 1 1 2 3 3 4 5 3 3 5 4 6 7 7 8 8 9 9 7 7 8 8 9 9 10 7 7 8 8 9 9 11 12 7 7 8 8 9 9 12 11 10 13 14 15 15 16 16 17 17 17 17 13 14 15 15 16 16 17 17 17 17 18 14 13 15 15 16 16 17 17 17 17 19 19 14 13 15 15 16 16 17 17 17 17 19 19 18
0 1 1 1 1 2 3 3 4 5 3 3 5 4 6 7 7 8 8 9 9 7 7 8 8 9 9 10 11 12 13 13 14 14 15 15 11 12 13 13 14 14 15 15 16 12 11 13 13 14 14 15 15 17 17 12 11 13 13 14 14 15 15 17 17 16 18 18 19 19 20 20 21 21 22 22 22 22 18 18 19 19 20 20 21 21 22 22 22 22 23
0 1 1 1 1 2 3 3 4 5 3 3 5 4 6 7 7 8 9 10 11 7 7 8 9 10 11 12 7 7 9 8 11 10 13 13 7 7 9 8 11 10 13 13 12 14 15 16 16 17 17 18 18 18 18 14 15 16 16 17 17 18 18 18 18 19 15 14 16 16 17 17 18 18 18 18 20 20 15 14 16 16 17 17 18 18 18 18 20 20 19
0 1 1 1 1 2 3 3 4 5 3 3 5 4 6 7 8 9 9 10 10 7 8 9 9 10 10 11 8 7 9 9 10 10 12 13 8 7 9 9 10 10 13 12 11 14 14 15 15 16 16 17 17 17 17 14 14 15 15 16 16 17 17 17 17 18 14 14 15 15 16 16 17 17 17 17 19 19 14 14 15 15 16 16 17 17 17 17 19 19 18
0 1 1 1 1 2 3 3 4 5 3 3 5 4 6 7 8 9 9 10 10 8 7 9 9 10 10 11 12 12 13 13 14 14 15 15 12 12 13 13 14 14 15 15 16 12 12 13 13 14 14 15 15 17 17 12 12 13 13 14 14 15 15 17 17 16 18 18 19 19 20 20 21 21 22 22 22 22 18 18 19 19 20 20 21 21 22 22 22 22 23
0 1 1 1 1 2 3 4 5 5 3 4 5 5 6 3 4 5 5 7 7 3 4 5 5 7 7 6 4 3 5 5 8 9 8 9 4 3 5 5 8 9 9 8 7 4 3 5 5 9 8 8 9 7 6 4 3 5 5 9 8 9 8 6 7 7 10 10 11 11 12 12 12 12 12 12 12 12 10 10 11 11 12 12 12 12 12 12 12 12 13
0 1 1 1 1 2 3 4 5 5 3 4 5 5 6 3 4 5 5 7 7 3 4 5 5 7 7 6 4 3 5 5 8 9 10 10 4 3 5 5 10 10 8 9 7 4 3 5 5 10 10 9 8 7 6 4 3 5 5 9 8 10 10 6 7 7 11 11 12 12 13 13 13 13 13 13 13 13 11 11 12 12 13 13 13 13 13 13 13 13 14
0 1 1 1 1 2 3 4 5 5 3 4 5 5 6 3 4 5 5 7 8 3 4 5 5 8 7 6 4 3 5 5 9 9 9 9 4 3 5 5 9 9 9 9 6 4 3 5 5 9 9 9 9 7 8 4 3 5 5 9 9 9 9 8 7 6 10 10 11 12 13 13 13 13 13 13 13 13 10 10 12 11 13 13 13 13 13 13 13 13 14
0 1 1 1 1 2 3 4 5 5 3 4 5 5 6 3 4 5 5 7 8 3 4 5 5 8 7 6 4 3 5 5 9 10 10 9 4 3 5 5 9 10 10 9 8 4 3 5 5 10 9 9 10 6 7 4 3 5 5 10 9 9 10 7 6 8 11 11 12 12 13 13 13 13 13 13 13 13 11 11 12 12 13 13 13 13 13 13 13 13 14
0 1 1 1 1 2 3 4 5 6 3 4 5 6 7 3 4 6 5 8 8 3 4 6 5 8 8 7 4 3 5 6 9 9 10 10 4 3 5 6 9 9 10 10 7 4 3 6 5 10 10 9 9 8 8 4 3 6 5 10 10 9 9 8 8 7 11 11 12 12 13 13 14 14 14 14 13 13 11 11 12 12 14 14 13 13 13 13 14 14 15
0 1 1 1 1 2 3 4 5 6 3 4 5 6 7 3 4 6 5 8 8 3 4 6 5 8 8 7 4 3 5 6 9 9 10 10 4 3 5 6 9 9 10 10 7 4 3 6 5 10 10 9 9 8 8 4 3 6 5 10 10 9 9 8 8 7 11 11 12 13 14 14 15 15 14 14 15 15 11 11 13 12 15 15 14 14 15 15 14 14 16
0 1 2 1 2 3 1 2 3 4 1 2 4 3 3 2 1 5 6 6 7 2 1 7 6 6 5 4 2 1 6 5 7 6 3 3 2 1 6 7 5 6 3 3 4 8 8 9 10 10 9 10 10 9 9 8 8 9 10 10 9 10 10 9 9 11 8 8 10 9 9 10 9 9 10 10 12 12 8 8 10 9 9 10 9 9 10 10 12 12 11
0 1 2 1 2 3 1 2 3 4 1 2 5 6 4 1 2 5 4 6 4 1 2 6 5 5 3 3 1 2 4 3 5 5 3 4 1 2 4 5 3 3 5 4 6 7 8 9 9 9 9 9 9 9 9 7 8 9 9 9 9 9 9 9 9 10 7 8 9 9 9 9 9 9 9 9 11 12 7 8 9 9 9 9 9 9 9 9 12 11 10
0 1 2 1 2 3 1 2 4 4 1 2 4 4 3 2 1 5 6 5 6 2 1 5 6 6 5 4 2 1 6 5 5 6 4 3 2 1 6 5 6 5 3 4 4 7 7 8 8 8 8 8 8 8 8 7 7 8 8 8 8 8 8 8 8 9 7 7 8 8 8 8 8 8 8 8 10 11 7 7 8 8 8 8 8 8 8 8 11 10 9
0 1 2 1 2 3 1 2 4 4 1 2 4 4 3 2 1 5 6 5 6 2 1 5 6 6 5 4 2 1 6 5 5 6 4 3 2 1 6 5 6 5 3 4 4 7 8 9 9 9 9 10 10 10 10 7 8 9 9 9 9 10 10 10 10 11 8 7 10 10 10 10 9 9 9 9 12 12 8 7 10 10 10 10 9 9 9 9 12 12 11
0 1 2 1 2 3 1 2 4 4 1 2 4 4 3 2 1 5 6 7 7 2 1 7 7 5 6 4 2 1 7 7 6 5 4 3 2 1 6 5 7 7 3 4 4 8 8 9 9 9 9 9 9 9 9 8 8 9 9 9 9 9 9 9 9 10 8 8 9 9 9 9 9 9 9 9 11 12 8 8 9 9 9 9 9 9 9 9 12 11 10
0 1 2 1 2 3 1 2 4 4 1 2 4 4 3 2 1 5 6 7 7 2 1 7 7 5 6 4 2 1 7 7 6 5 4 3 2 1 6 5 7 7 3 4 4 8 9 10 10 10 10 11 11 11 11 8 9 10 10 10 10 11 11 11 11 12 9 8 11 11 11 11 10 10 10 10 13 13 9 8 11 11 11 11 10 10 10 10 13 13 12
0 1 2 1 2 3 1 2 4 4 1 2 4 4 3 2 1 5 6 7 8 2 1 7 8 6 5 4 2 1 8 7 5 6 4 3 2 1 6 5 8 7 3 4 4 9 9 10 10 10 10 10 10 10 10 9 9 10 10 10 10 10 10 10 10 11 9 9 10 10 10 10 10 10 10 10 12 12 9 9 10 10 10 10 10 10 10 10 12 12 11
0 1 2 1 2 3 1 2 4 5 1 2 4 5 6 1 2 7 6 5 5 1 2 6 7 4 4 3 1 2 5 4 3 7 4 5 1 2 5 4 7 3 4 5 6 8 9 10 10 10 10 10 10 10 10 8 9 10 10 10 10 10 10 10 10 11 8 9 10 10 10 10 10 10 10 10 12 13 8 9 10 10 10 10 10 10 10 10 13 12 11
0 1 2 1 2 3 1 2 4 5 1 2 5 4 3 2 1 6 7 7 6 2 1 6 7 7 6 5 2 1 7 6 6 7 3 4 2 1 7 6 6 7 4 3 5 8 8 9 9 9 9 9 9 9 9 8 8 9 9 9 9 9 9 9 9 10 8 8 9 9 9 9 9 9 9 9 11 12 8 8 9 9 9 9 9 9 9 9 12 11 10
0 1 2 1 2 3 1 2 4 5 1 2 5 4 3 2 1 6 7 7 6 2 1 6 7 7 6 5 2 1 7 6 6 7 3 4 2 1 7 6 6 7 4 3 5 8 8 9 10 10 9 10 10 9 9 8 8 9 10 10 9 10 10 9 9 11 8 8 10 9 9 10 9 9 10 10 12 12 8 8 10 9 9 10 9 9 10 10 12 12 11
0 1 2 1 2 3 1 2 4 5 1 2 5 4 3 2 1 6 7 7 6 2 1 6 7 7 6 5 2 1 7 6 6 7 3 4 2 1 7 6 6 7 4 3 5 8 9 10 10 10 10 11 11 11 11 8 9 10 10 10 10 11 11 11 11 12 9 8 11 11 11 11 10 10 10 10 13 13 9 8 11 11 11 11 10 10 10 10 13 13 12
0 1 2 1 2 3 1 2 4 5 1 2 5 4 3 2 1 6 7 7 8 2 1 8 7 7 6 5 2 1 7 6 8 7 4 3 2 1 7 8 6 7 3 4 5 9 9 10 10 10 10 10 10 10 10 9 9 10 10 10 10 10 10 10 10 11 9 9 10 10 10 10 10 10 10 10 12 12 9 9 10 10 10 10 10 10 10 10 12 12 11
0 1 2 1 2 3 1 2 4 5 1 2 5 4 3 2 1 6 7 8 9 2 1 9 8 7 6 5 2 1 8 9 6 7 4 3 2 1 7 6 9 8 3 4 5 10 10 11 11 11 11 11 11 11 11 10 10 11 11 11 11 11 11 11 11 12 10 10 11 11 11 11 11 11 11 11 13 13 10 10 11 11 11 11 11 11 11 11 13 13 12
0 1 2 1 2 3 1 2 4 5 1 2 5 4 3 6 7 8 8 8 8 6 7 8 8 8 8 9 6 7 8 8 8 8 10 11 6 7 8 8 8 8 11 10 9 12 13 14 14 14 14 15 15 15 15 12 13 14 14 14 14 15 15 15 15 16 12 13 14 14 14 14 15 15 15 15 17 18 12 13 14 14 14 14 15 15 15 15 18 17 16
0 1 2 1 2 3 1 2 4 5 1 2 6 5 7 1 2 8 7 5 5 1 2 7 8 6 4 3 1 2 5 4 8 3 6 5 1 2 5 6 3 8 4 5 7 9 10 11 11 11 11 11 11 11 11 9 10 11 11 11 11 11 11 11 11 12 9 10 11 11 11 11 11 11 11 11 13 13 9 10 11 11 11 11 11 11 11 11 13 13 12
0 1 2 1 2 3 1 2 4 5 1 2 6 7 8 1 2 9 8 7 5 1 2 8 9 6 4 3 1 2 7 6 9 3 4 5 1 2 5 4 3 9 6 7 8 10 11 12 12 12 12 12 12 12 12 10 11 12 12 12 12 12 12 12 12 13 10 11 12 12 12 12 12 12 12 12 14 14 10 11 12 12 12 12 12 12 12 12 14 14 13
0 1 2 1 2 3 2 1 4 4 2 1 4 4 3 5 5 6 6 6 6 5 5 6 6 6 6 7 8 9 10 10 11 11 12 12 8 9 10 10 11 11 12 12 13 9 8 11 11 10 10 12 12 14 14 9 8 11 11 10 10 12 12 14 14 13 15 15 16 16 16 16 17 18 19 19 19 19 15 15 16 16 16 16 18 17 19 19 19 19 20
0 1 2 1 2 3 2 1 4 5 2 1 5 4 3 6 6 7 7 7 7 6 6 7 7 7 7 8 6 6 7 7 7 7 9 10 6 6 7 7 7 7 10 9 8 11 11 12 12 12 12 13 13 13 13 11 11 12 12 12 12 13 13 13 13 14 11 11 12 12 12 12 13 13 13 13 15 16 11 11 12 12 12 12 13 13 13 13 16 15 14
0 1 2 1 2 3 2 1 4 5 2 1 5 4 3 6 6 7 7 7 7 6 6 7 7 7 7 8 6 6 7 7 7 7 9 10 6 6 7 7 7 7 10 9 8 11 12 13 13 14 14 15 15 15 15 11 12 13 13 14 14 15 15 15 15 16 12 11 14 14 13 13 15 15 15 15 17 17 12 11 14 14 13 13 15 15 15 15 17 17 16
0 1 2 1 2 3 2 1 4 5 2 1 5 4 3 6 6 7 7 7 7 6 6 7 7 7 7 8 9 10 11 11 12 12 13 13 9 10 11 11 12 12 13 13 14 10 9 12 12 11 11 13 13 15 15 10 9 12 12 11 11 13 13 15 15 14 16 16 17 17 17 17 18 18 19 19 19 19 16 16 17 17 17 17 18 18 19 19 19 19 20
0 1 2 1 2 3 2 1 4 5 2 1 5 4 3 6 7 8 8 9 9 6 7 8 8 9 9 10 6 7 8 8 9 9 11 12 6 7 8 8 9 9 12 11 10 7 6 9 9 8 8 13 13 13 13 7 6 9 9 8 8 13 13 13 13 10 7 6 9 9 8 8 13 13 13 13 11 12 7 6 9 9 8 8 13 13 13 13 12 11 10
0 1 2 1 2 3 2 1 4 5 2 1 5 4 3 6 7 8 8 9 9 6 7 8 8 9 9 10 7 6 9 9 8 8 11 11 7 6 9 9 8 8 11 11 10 12 13 14 14 15 15 16 16 17 17 12 13 14 14 15 15 16 16 17 17 18 13 12 15 15 14 14 17 17 16 16 19 19 13 12 15 15 14 14 17 17 16 16 19 19 18
0 1 2 1 2 3 2 1 4 5 2 1 5 4 3 6 7 8 8 9 9 6 7 8 8 9 9 10 7 6 9 9 8 8 11 12 7 6 9 9 8 8 12 11 10 13 13 14 14 14 14 15 15 15 15 13 13 14 14 14 14 15 15 15 15 16 13 13 14 14 14 14 15 15 15 15 17 17 13 13 14 14 14 14 15 15 15 15 17 17 16
0 1 2 1 2 3 4 5 6 6 4 5 6 6 7 4 5 6 6 7 8 4 5 6 6 9 10 8 4 5 6 6 9 8 10 8 4 5 6 6 10 9 9 7 7 4 5 6 6 8 7 9 9 7 8 4 5 6 6 8 9 7 7 9 8 10 11 12 13 13 14 14 14 14 14 14 14 14 11 12 13 13 14 14 14 14 14 14 14 14 15
0 1 2 1 2 3 4 5 6 6 4 5 6 6 7 4 5 6 6 8 9 4 5 6 6 8 9 10 4 5 6 6 11 10 9 9 4 5 6 6 10 11 8 8 7 4 5 6 6 9 8 7 11 8 9 4 5 6 6 9 8 11 7 8 9 10 12 13 14 14 15 15 15 15 15 15 15 15 12 13 14 14 15 15 15 15 15 15 15 15 16
0 1 2 1 2 3 4 5 6 6 4 5 6 6 7 8 9 10 10 11 11 8 9 10 10 11 11 12 8 9 10 10 11 11 13 14 8 9 10 10 11 11 14 13 12 15 16 17 17 18 18 19 19 19 19 15 16 17 17 18 18 19 19 19 19 20 15 16 17 17 18 18 19 19 19 19 21 22 15 16 17 17 18 18 19 19 19 19 22 21 20
0 1 2 1 2 3 4 5 6 6 4 5 6 6 7 8 9 10 10 11 11 8 9 10 10 11 11 12 13 14 15 15 16 16 17 17 13 14 15 15 16 16 17 17 18 13 14 15 15 16 16 17 17 19 20 13 14 15 15 16 16 17 17 20 19 18 21 22 23 23 24 24 25 25 26 26 26 26 21 22 23 23 24 24 25 25 26 26 26 26 27
0 1 2 1 2 3 4 5 6 6 4 5 6 6 7 8 9 10 10 11 11 8 9 10 10 11 11 12 13 14 15 15 16 16 17 17 13 14 15 15 16 16 17 17 18 19 20 21 21 22 22 23 23 24 24 19 20 21 21 22 22 23 23 24 24 25 26 27 28 28 29 29 30 30 31 31 32 32 26 27 28 28 29 29 30 30 31 31 32 32 33
0 1 2 2 1 0 3 3 3 3 3 3 3 3 4 5 5 5 5 6 6 5 5 5 5 6 6 7 8 9 9 8 10 10 11 11 8 9 9 8 10 10 11 11 12 9 8 8 9 10 10 11 11 13 14 9 8 8 9 10 10 11 11 14 13 12 15 15 15 15 16 16 17 17 18 18 18 18 15 15 15 15 16 16 17 17 18 18 18 18 19
0 1 2 2 1 0 3 3 3 3 3 3 3 3 4 5 5 5 5 6 7 5 5 5 5 6 7 8 5 5 5 5 7 6 9 10 5 5 5 5 7 6 10 9 8 11 12 12 11 13 13 14 14 14 14 11 12 12 11 13 13 14 14 14 14 15 12 11 11 12 13 13 14 14 14 14 16 16 12 11 11 12 13 13 14 14 14 14 16 16 15
0 1 2 2 1 0 3 3 3 3 3 3 3 3 4 5 5 5 5 6 7 5 5 5 5 7 6 8 9 10 10 9 11 11 12 12 9 10 10 9 11 11 12 12 13 10 9 9 10 11 11 12 12 14 14 10 9 9 10 11 11 12 12 14 14 13 15 15 15 15 16 16 17 17 18 18 18 18 15 15 15 15 16 16 17 17 18 18 18 18 19
0 1 2 2 1 0 3 3 3 3 3 3 3 3 4 5 6 6 5 7 7 5 6 6 5 7 7 8 6 5 5 6 7 7 9 10 6 5 5 6 7 7 10 9 8 11 11 11 11 12 12 13 13 13 13 11 11 11 11 12 12 13 13 13 13 14 11 11 11 11 12 12 13 13 13 13 15 16 11 11 11 11 12 12 13 13 13 13 16 15 14
0 1 2 2 1 0 3 3 3 3 3 3 3 3 4 5 6 6 5 7 7 5 6 6 5 7 7 8 6 5 5 6 7 7 9 10 6 5 5 6 7 7 10 9 8 11 12 11 12 13 13 14 14 14 14 11 12 11 12 13 13 14 14 14 14 15 12 11 12 11 13 13 14 14 14 14 16 16 12 11 12 11 13 13 14 14 14 14 16 16 15
0 1 2 2 1 0 3 3 3 3 3 3 3 3 4 5 6 7 8 9 9 8 7 6 5 9 9 10 7 8 5 6 9 9 11 12 6 5 8 7 9 9 12 11 10 13 13 13 13 14 14 15 15 15 15 13 13 13 13 14 14 15 15 15 15 16 13 13 13 13 14 14 15 15 15 15 17 17 13 13 13 13 14 14 15 15 15 15 17 17 16
0 1 2 2 1 0 3 3 4 4 4 4 3 3 5 6 7 7 6 8 8 6 7 7 6 8 8 9 7 6 6 7 8 8 10 10 7 6 6 7 8 8 10 10 9 11 12 11 12 13 13 14 14 14 14 11 12 11 12 13 13 14 14 14 14 15 12 11 12 11 13 13 14 14 14 14 16 16 12 11 12 11 13 13 14 14 14 14 16 16 15
0 1 2 2 1 0 3 4 3 4 3 4 3 4 5 3 4 3 4 6 7 3 4 3 4 7 6 5 4 3 4 3 8 8 8 8 4 3 4 3 8 8 8 8 5 4 3 4 3 8 8 8 8 6 7 4 3 4 3 8 8 8 8 7 6 5 9 10 10 9 11 11 11 11 11 11 11 11 10 9 9 10 11 11 11 11 11 11 11 11 12
0 1 2 2 1 0 3 4 3 4 3 4 3 4 5 4 3 4 3 6 6 4 3 4 3 6 6 5 7 8 7 8 9 9 10 10 7 8 7 8 9 9 10 10 11 8 7 8 7 10 10 9 9 12 12 8 7 8 7 10 10 9 9 12 12 11 13 14 14 13 15 15 15 15 16 16 16 16 14 13 13 14 15 15 15 15 16 16 16 16 17
0 1 2 2 1 0 3 4 3 4 4 3 4 3 5 6 6 6 6 7 7 6 6 6 6 7 7 8 6 6 6 6 7 7 9 10 6 6 6 6 7 7 10 9 8 11 12 12 11 13 13 14 14 14 14 11 12 12 11 13 13 14 14 14 14 15 12 11 11 12 13 13 14 14 14 14 16 16 12 11 11 12 13 13 14 14 14 14 16 16 15
0 1 2 2 1 0 3 4 3 4 4 3 4 3 5 6 6 6 6 7 7 6 6 6 6 7 7 8 9 10 10 9 11 11 12 12 9 10 10 9 11 11 12 12 13 10 9 9 10 11 11 12 12 14 14 10 9 9 10 11 11 12 12 14 14 13 15 15 15 15 16 16 17 17 18 18 18 18 15 15 15 15 16 16 17 17 18 18 18 18 19
0 1 2 2 1 0 3 4 3 4 4 3 4 3 5 6 7 7 6 8 8 6 7 7 6 8 8 9 7 6 6 7 8 8 10 11 7 6 6 7 8 8 11 10 9 12 12 12 12 13 13 14 14 14 14 12 12 12 12 13 13 14 14 14 14 15 12 12 12 12 13 13 14 14 14 14 16 16 12 12 12 12 13 13 14 14 14 14 16 16 15
0 1 2 2 1 0 3 4 4 3 3 4 4 3 5 3 4 4 3 6 6 3 4 4 3 6 6 5 4 3 3 4 7 8 7 8 4 3 3 4 7 8 8 7 6 4 3 3 4 8 7 7 8 6 5 4 3 3 4 8 7 8 7 5 6 6 9 9 9 9 10 10 10 10 10 10 10 10 9 9 9 9 10 10 10 10 10 10 10 10 11
0 1 2 2 1 0 3 4 4 3 3 4 4 3 5 3 4 4 3 6 6 3 4 4 3 6 6 5 4 3 3 4 7 8 9 9 4 3 3 4 9 9 7 8 6 4 3 3 4 9 9 8 7 6 5 4 3 3 4 8 7 9 9 5 6 6 10 10 10 10 11 11 11 11 11 11 11 11 10 10 10 10 11 11 11 11 11 11 11 11 12
0 1 2 2 1 0 3 4 4 3 3 4 4 3 5 3 4 4 3 6 7 3 4 4 3 7 6 5 4 3 3 4 8 9 9 8 4 3 3 4 8 9 9 8 7 4 3 3 4 9 8 8 9 5 6 4 3 3 4 9 8 8 9 6 5 7 10 10 10 10 11 11 11 11 11 11 11 11 10 10 10 10 11 11 11 11 11 11 11 11 12
0 1 2 2 1 0 3 4 4 3 3 4 4 3 5 4 3 3 4 6 7 4 3 3 4 7 6 5 8 9 9 8 10 10 11 11 8 9 9 8 10 10 11 11 12 9 8 8 9 11 11 10 10 13 13 9 8 8 9 11 11 10 10 13 13 12 14 14 14 14 15 15 15 15 16 16 16 16 14 14 14 14 15 15 15 15 16 16 16 16 17
0 1 2 2 1 0 3 4 4 3 4 3 3 4 5 6 7 7 6 8 9 6 7 7 6 8 9 10 7 6 6 7 9 8 11 11 7 6 6 7 9 8 11 11 10 12 13 12 13 14 14 15 15 15 15 12 13 12 13 14 14 15 15 15 15 16 13 12 13 12 14 14 15 15 15 15 17 17 13 12 13 12 14 14 15 15 15 15 17 17 16
0 1 2 2 1 0 3 4 5 6 3 4 5 6 7 6 5 4 3 8 8 6 5 4 3 8 8 7 5 6 3 4 9 9 10 10 5 6 3 4 9 9 10 10 7 4 3 6 5 10 10 9 9 8 8 4 3 6 5 10 10 9 9 8 8 7 11 12 12 11 13 13 13 13 14 14 14 14 12 11 11 12 14 14 14 14 13 13 13 13 15
0 1 2 2 1 3 4 4 5 5 4 4 5 5 6 4 4 5 5 6 7 4 4 5 5 8 9 7 4 4 5 5 8 7 9 7 4 4 5 5 9 8 8 6 6 4 4 5 5 7 6 8 8 6 7 4 4 5 5 7 8 6 6 8 7 9 10 10 11 11 12 12 12 12 12 12 12 12 10 10 11 11 12 12 12 12 12 12 12 12 13
0 1 2 2 1 3 4 4 5 5 4 4 5 5 6 4 4 5 5 7 8 4 4 5 5 7 8 9 4 4 5 5 10 9 8 8 4 4 5 5 9 10 7 7 6 4 4 5 5 8 7 6 10 7 8 4 4 5 5 8 7 10 6 7 8 9 11 11 12 12 13 13 13 13 13 13 13 13 11 11 12 12 13 13 13 13 13 13 13 13 14
0 1 2 2 1 3 4 4 5 5 4 4 5 5 6 4 4 5 5 7 8 4 4 5 5 8 7 6 4 4 5 5 9 9 9 9 4 4 5 5 9 9 9 9 6 4 4 5 5 9 9 9 9 7 8 4 4 5 5 9 9 9 9 8 7 6 10 11 12 13 14 14 14 14 14 14 14 14 11 10 13 12 14 14 14 14 14 14 14 14 15
0 1 2 2 1 3 4 4 5 5 4 4 5 5 6 7 7 8 8 9 9 7 7 8 8 9 9 10 7 7 8 8 9 9 11 12 7 7 8 8 9 9 12 11 10 13 13 14 14 15 15 16 16 16 16 13 13 14 14 15 15 16 16 16 16 17 13 13 14 14 15 15 16 16 16 16 18 19 13 13 14 14 15 15 16 16 16 16 19 18 17
0 1 2 2 1 3 4 4 5 5 4 4 5 5 6 7 7 8 8 9 9 7 7 8 8 9 9 10 7 7 8 8 9 9 11 12 7 7 8 8 9 9 12 11 10 13 14 15 16 17 17 18 18 18 18 13 14 15 16 17 17 18 18 18 18 19 14 13 16 15 17 17 18 18 18 18 20 20 14 13 16 15 17 17 18 18 18 18 20 20 19
0 1 2 2 1 3 4 4 5 5 4 4 5 5 6 7 7 8 8 9 9 7 7 8 8 9 9 10 11 11 12 12 13 13 14 14 11 11 12 12 13 13 14 14 15 11 11 12 12 13 13 14 14 16 17 11 11 12 12 13 13 14 14 17 16 15 18 18 19 19 20 20 21 21 22 22 22 22 18 18 19 19 20 20 21 21 22 22 22 22 23
0 1 2 2 1 3 4 4 5 5 4 4 5 5 6 7 7 8 8 9 9 7 7 8 8 9 9 10 11 11 12 12 13 13 14 14 11 11 12 12 13 13 14 14 15 16 16 17 17 18 18 19 19 20 20 16 16 17 17 18 18 19 19 20 20 21 22 22 23 23 24 24 25 25 26 26 27 27 22 22 23 23 24 24 25 25 26 26 27 27 28
0 1 2 2 1 3 4 4 5 5 4 4 5 5 6 7 7 8 8 9 9 7 7 8 8 9 9 10 11 12 13 14 15 15 16 16 11 12 13 14 15 15 16 16 17 12 11 14 13 15 15 16 16 18 18 12 11 14 13 15 15 16 16 18 18 17 19 19 20 20 21 21 22 22 23 23 23 23 19 19 20 20 21 21 22 22 23 23 23 23 24
0 1 2 2 1 3 4 4 5 5 4 4 5 5 6 7 8 9 10 11 11 7 8 9 10 11 11 12 8 7 10 9 11 11 13 14 8 7 10 9 11 11 14 13 12 15 15 16 16 17 17 18 18 18 18 15 15 16 16 17 17 18 18 18 18 19 15 15 16 16 17 17 18 18 18 18 20 20 15 15 16 16 17 17 18 18 18 18 20 20 19
0 1 2 2 1 3 4 5 6 7 4 5 6 7 8 4 5 6 7 9 9 4 5 6 7 9 9 8 5 4 7 6 10 10 11 11 5 4 7 6 10 10 11 11 8 5 4 7 6 11 11 10 10 9 9 5 4 7 6 11 11 10 10 9 9 8 12 13 14 15 16 16 16 16 17 17 17 17 13 12 15 14 17 17 17 17 16 16 16 16 18
0 1 2 2 1 3 4 5 6 7 4 5 6 7 8 4 5 6 7 9 10 4 5 6 7 10 9 8 5 4 7 6 11 11 11 11 5 4 7 6 11 11 11 11 8 5 4 7 6 11 11 11 11 9 10 5 4 7 6 11 11 11 11 10 9 8 12 12 13 13 14 14 14 14 14 14 14 14 12 12 13 13 14 14 14 14 14 14 14 14 15
0 1 2 2 1 3 4 5 6 7 4 5 6 7 8 5 4 7 6 9 9 5 4 7 6 9 9 8 10 11 12 13 14 14 15 15 10 11 12 13 14 14 15 15 16 11 10 13 12 15 15 14 14 17 17 11 10 13 12 15 15 14 14 17 17 16 18 18 19 19 20 20 20 20 21 21 21 21 18 18 19 19 20 20 20 20 21 21 21 21 22
0 1 2 2 1 3 4 5 6 7 5 4 7 6 8 9 9 10 10 11 11 9 9 10 10 11 11 12 9 9 10 10 11 11 13 14 9 9 10 10 11 11 14 13 12 15 15 16 16 17 17 18 18 18 18 15 15 16 16 17 17 18 18 18 18 19 15 15 16 16 17 17 18 18 18 18 20 20 15 15 16 16 17 17 18 18 18 18 20 20 19
0 1 2 2 1 3 4 5 6 7 5 4 7 6 8 9 9 10 10 11 11 9 9 10 10 11 11 12 13 13 14 14 15 15 16 16 13 13 14 14 15 15 16 16 17 13 13 14 14 15 15 16 16 18 18 13 13 14 14 15 15 16 16 18 18 17 19 19 20 20 21 21 22 22 23 23 23 23 19 19 20 20 21 21 22 22 23 23 23 23 24
0 1 2 2 1 3 4 5 6 7 5 4 7 6 8 9 10 11 12 13 14 9 10 11 12 13 14 15 10 9 12 11 14 13 16 16 10 9 12 11 14 13 16 16 15 17 17 18 18 19 19 20 20 20 20 17 17 18 18 19 19 20 20 20 20 21 17 17 18 18 19 19 20 20 20 20 22 22 17 17 18 18 19 19 20 20 20 20 22 22 21
0 1 2 3 4 5 6 5 4 2 5 6 3 1 0 4 3 6 0 1 2 2 1 0 6 3 4 5 7 8 8 8 8 7 7 7 7 8 8 8 8 7 7 7 9 8 7 7 7 7 8 8 8 10 10 8 7 7 7 7 8 8 8 10 10 9 11 11 11 11 11 11 11 11 12 12 12 12 11 11 11 11 11 11 11 11 12 12 12 12 13
0 1 2 3 4 5 6 7 8 9 6 7 8 9 10 6 7 8 9 11 12 6 7 8 9 12 11 10 6 7 8 9 13 13 13 13 6 7 8 9 13 13 13 13 10 6 7 8 9 13 13 13 13 11 12 6 7 8 9 13 13 13 13 12 11 10 14 15 16 17 18 18 18 18 18 18 18 18 14 15 16 17 18 18 18 18 18 18 18 18 19
0 1 2 3 4 5 6 7 8 9 6 7 8 9 10 11 12 13 14 15 15 11 12 13 14 15 15 16 11 12 13 14 15 15 17 18 11 12 13 14 15 15 18 17 16 19 20 21 22 23 23 24 24 24 24 19 20 21 22 23 23 24 24 24 24 25 19 20 21 22 23 23 24 24 24 24 26 26 19 20 21 22 23 23 24 24 24 24 26 26 25
0 1 2 3 4 5 6 7 8 9 6 7 8 9 10 11 12 13 14 15 15 11 12 13 14 15 15 16 17 18 19 20 21 21 22 22 17 18 19 20 21 21 22 22 23 17 18 19 20 21 21 22 22 24 24 17 18 19 20 21 21 22 22 24 24 23 25 26 27 28 29 29 30 30 31 31 31 31 25 26 27 28 29 29 30 30 31 31 31 31 32
0 1 2 3 4 5 6 7 8 9 10 11 12 13 14 10 11 12 13 14 15 10 11 12 13 14 15 16 10 11 12 13 14 17 18 18 10 11 12 13 14 17 18 18 16 10 11 12 13 14 16 15 15 17 17 10 11 12 13 14 18 17 17 15 15 18 10 11 12 13 14 18 17 17 15 15 18 16 19 20 21 22 23 24 24 24 24 24 24 24 24
0 1 2 3 4 5 6 7 8 9 10 11 12 13 14 15 16 17 18 19 20 15 16 17 18 19 20 21 15 16 17 18 19 20 22 22 15 16 17 18 19 20 22 22 21 23 24 25 26 27 28 29 29 29 29 23 24 25 26 27 28 29 29 29 29 30 23 24 25 26 27 28 29 29 29 29 31 31 23 24 25 26 27 28 29 29 29 29 31 31 30
--- order 72 (x53) ---
0 0 0 0 0 0 1 1 1 1 1 1 1 1 2 1 1 1 1 2 2 3 3 3 3 4 5 6 3 3 3 3 5 6 4 7 3 3 3 3 6 4 5 7 7 8 9 9 9 10 10 10 11 11 11 9 8 9 9 10 10 10 11 11 11 12 9 9 8 9 10 10 10 11 11 11 12 12 9 9 9 8 10 10 10 11 11 11 12 12 12
0 0 0 1 1 1 1 1 1 2 1 1 1 2 2 3 3 3 4 4 4 3 3 3 4 4 4 5 6 6 6 7 8 8 9 9 6 6 6 8 7 8 9 9 10 6 6 6 8 8 7 9 9 10 10 11 12 12 13 13 13 14 14 15 15 15 12 11 12 13 13 13 14 14 15 15 15 16 12 12 11 13 13 13 14 14 15 15 15 16 16
0 0 0 1 1 1 1 1 1 2 3 3 3 4 4 3 3 3 4 4 5 3 3 3 4 4 6 7 3 3 3 4 4 6 7 7 3 3 3 4 4 7 6 5 6 3 3 3 4 4 7 6 6 5 7 8 9 10 11 11 12 12 12 12 12 12 9 10 8 11 11 12 12 12 12 12 12 13 10 8 9 11 11 12 12 12 12 12 12 13 13
0 0 0 1 1 1 1 1 1 2 3 3 3 4 4 3 3 3 4 4 5 3 3 3 4 4 6 7 3 3 3 4 4 8 7 7 3 3 3 4 4 7 6 8 5 3 3 3 4 4 7 8 5 6 7 9 10 10 11 11 12 12 12 12 12 12 10 9 10 11 11 12 12 12 12 12 12 13 10 10 9 11 11 12 12 12 12 12 12 13 13
0 0 0 1 1 1 1 1 1 2 3 3 3 4 5 3 3 3 4 5 6 3 3 3 4 5 6 6 3 3 3 5 4 7 8 8 3 3 3 5 4 8 7 8 6 3 3 3 5 4 8 8 7 6 6 9 10 10 11 11 12 12 12 12 12 12 10 9 10 11 11 12 12 12 12 12 12 13 10 10 9 11 11 12 12 12 12 12 12 13 13
0 0 0 1 1 1 1 1 1 2 3 4 4 5 5 3 4 4 5 5 6 3 4 4 5 5 6 6 4 3 4 5 5 7 8 8 4 3 4 5 5 8 7 8 6 4 3 4 5 5 8 8 7 6 6 4 4 3 5 5 7 8 8 7 8 8 4 4 3 5 5 8 7 8 8 7 8 6 4 4 3 5 5 8 8 7 8 8 7 6 6
0 0 0 1 1 1 1 1 1 2 3 4 4 5 6 3 4 4 6 5 7 4 3 4 5 6 8 9 4 3 4 6 5 9 8 7 4 4 3 5 6 8 9 8 9 4 4 3 6 5 9 8 9 8 7 10 10 10 11 11 12 12 12 12 12 12 10 10 10 11 11 12 12 12 12 12 12 13 10 10 10 11 11 12 12 12 12 12 12 13 13
0 0 0 1 1 1 1 1 1 2 3 4 5 6 6 3 4 5 6 6 7 4 5 3 6 6 8 9 4 5 3 6 6 9 8 7 5 3 4 6 6 8 9 9 8 5 3 4 6 6 9 8 8 9 7 10 10 10 11 11 12 12 12 12 12 12 10 10 10 11 11 12 12 12 12 12 12 13 10 10 10 11 11 12 12 12 12 12 12 13 13
0 0 0 1 1 1 1 1 1 2 3 4 5 6 6 3 5 4 6 6 7 4 3 5 6 6 8 9 4 5 3 6 6 9 8 10 5 3 4 6 6 9 10 7 9 5 4 3 6 6 10 9 9 7 8 11 11 11 12 12 13 13 13 13 13 13 11 11 11 12 12 13 13 13 13 13 13 14 11 11 11 12 12 13 13 13 13 13 13 14 14
0 0 0 1 1 2 1 2 1 3 2 1 1 3 3 4 4 4 5 5 5 4 4 4 5 5 5 6 7 8 8 9 9 10 11 11 8 7 8 9 10 9 11 11 12 8 8 7 10 9 9 11 11 12 12 13 13 13 14 14 14 15 15 16 16 16 13 13 13 14 14 14 15 15 16 16 16 17 13 13 13 14 14 14 15 15 16 16 16 17 17
0 0 1 0 1 1 1 0 0 0 1 0 0 0 1 2 3 3 3 2 2 3 2 2 2 3 3 4 5 6 6 6 7 7 8 9 7 6 6 6 5 7 8 9 10 7 6 6 6 7 5 8 9 10 10 6 5 7 7 6 6 9 8 11 11 11 6 7 5 7 6 6 9 8 11 11 11 10 6 7 7 5 6 6 9 8 11 11 11 10 10
0 0 1 0 1 1 2 3 3 3 2 3 3 3 4 2 3 3 3 5 6 2 3 3 3 6 5 4 7 8 9 10 11 11 11 11 7 9 10 8 11 11 11 11 12 7 10 8 9 11 11 11 11 12 12 13 14 14 14 15 15 15 15 16 16 16 13 14 14 14 15 15 15 15 16 16 16 17 13 14 14 14 15 15 15 15 16 16 16 17 17
0 0 1 0 1 1 2 3 3 3 2 3 3 3 4 5 6 6 6 7 7 5 6 6 6 7 7 8 9 10 11 12 13 13 14 14 9 11 12 10 13 13 14 14 15 9 12 10 11 13 13 14 14 15 15 16 17 17 17 18 18 19 19 20 20 20 16 17 17 17 18 18 19 19 20 20 20 21 16 17 17 17 18 18 19 19 20 20 20 21 21
0 0 1 0 1 1 2 3 3 3 2 3 3 3 4 5 6 6 6 7 8 5 6 6 6 8 7 9 10 11 12 12 13 13 14 14 10 12 11 12 13 13 14 14 15 10 12 12 11 13 13 14 14 15 15 16 17 17 17 18 18 19 19 20 20 20 16 17 17 17 18 18 19 19 20 20 20 21 16 17 17 17 18 18 19 19 20 20 20 21 21
0 0 1 0 1 1 2 3 3 3 4 5 5 5 6 4 5 5 5 6 7 4 5 5 5 6 8 9 4 5 5 5 6 8 9 9 4 5 5 5 6 9 8 7 8 4 5 5 5 6 9 8 8 7 9 10 11 12 12 13 14 14 14 14 14 14 10 12 11 12 13 14 14 14 14 14 14 15 10 12 12 11 13 14 14 14 14 14 14 15 15
0 0 1 0 1 1 2 3 3 3 4 5 5 5 6 7 8 8 8 9 10 7 8 8 8 9 10 11 12 13 14 14 15 16 17 17 12 14 13 14 15 16 17 17 18 12 14 14 13 15 16 17 17 18 18 19 20 20 20 21 22 23 23 24 24 24 19 20 20 20 21 22 23 23 24 24 24 25 19 20 20 20 21 22 23 23 24 24 24 25 25
0 0 1 0 1 1 2 3 3 3 4 5 5 5 6 7 8 8 8 9 10 11 12 13 14 15 16 17 11 13 14 12 15 16 17 18 11 14 12 13 15 16 17 18 18 19 20 20 20 21 22 23 24 24 24 19 20 20 20 21 22 23 24 24 24 25 19 20 20 20 21 22 23 24 24 24 25 25 19 20 20 20 21 22 23 24 24 24 25 25 25
0 0 1 0 1 1 2 3 3 3 4 5 6 6 7 4 5 6 6 7 8 4 6 5 6 7 9 10 4 6 5 6 7 10 9 8 4 6 6 5 7 9 10 10 9 4 6 6 5 7 10 9 9 10 8 11 12 12 12 13 14 14 14 14 14 14 11 12 12 12 13 14 14 14 14 14 14 15 11 12 12 12 13 14 14 14 14 14 14 15 15
0 0 1 0 1 1 2 3 4 5 2 4 5 3 6 2 5 3 4 6 6 7 8 9 10 11 12 13 7 10 8 9 12 13 11 14 7 9 10 8 13 11 12 14 14 15 16 16 16 17 17 17 18 18 18 15 16 16 16 17 17 17 18 18 18 19 15 16 16 16 17 17 17 18 18 18 19 19 15 16 16 16 17 17 17 18 18 18 19 19 19
0 0 1 0 1 2 0 1 2 2 0 2 1 1 1 0 2 1 1 1 2 3 4 4 4 4 4 4 5 6 7 7 7 8 8 9 5 8 7 7 7 6 8 9 10 5 8 7 7 7 8 6 9 10 10 5 7 6 8 8 7 7 9 11 11 11 5 7 8 6 8 7 7 9 11 11 11 10 5 7 8 8 6 7 7 9 11 11 11 10 10
0 0 1 0 2 3 0 3 2 1 4 5 5 5 5 4 5 5 5 5 6 4 5 5 5 5 6 6 4 5 5 5 5 7 8 9 4 5 5 5 5 7 9 8 7 4 5 5 5 5 8 7 9 9 6 4 5 5 5 5 8 9 7 6 9 8 4 5 5 5 5 9 7 8 6 8 7 6 4 5 5 5 5 9 8 7 8 6 6 7 9
0 0 1 0 2 3 0 3 2 1 4 5 5 5 5 4 5 5 5 5 6 4 5 5 5 5 6 7 4 5 5 5 5 8 8 9 4 5 5 5 5 8 9 8 6 4 5 5 5 5 7 6 9 9 7 4 5 5 5 5 7 9 6 7 9 8 4 5 5 5 5 9 8 7 6 7 8 6 4 5 5 5 5 9 7 8 7 6 6 8 9
0 0 1 0 2 3 0 3 2 1 4 5 6 6 5 4 5 6 6 5 7 4 5 6 6 5 7 7 4 6 5 5 6 8 9 10 4 6 5 5 6 9 10 8 7 4 6 5 5 6 10 8 9 7 7 11 12 12 12 12 13 13 13 13 13 13 11 12 12 12 12 13 13 13 13 13 13 14 11 12 12 12 12 13 13 13 13 13 13 14 14
0 0 1 2 3 3 2 3 3 4 5 6 6 7 7 5 6 6 7 7 8 5 6 6 7 7 8 8 5 6 6 7 7 9 10 11 5 6 6 7 7 9 11 10 9 5 6 6 7 7 10 9 11 11 8 5 6 6 7 7 10 11 9 8 11 10 5 6 6 7 7 11 9 10 8 10 9 8 5 6 6 7 7 11 10 9 10 8 8 9 11
0 0 1 2 3 3 2 3 3 4 5 6 6 7 7 5 6 6 7 7 8 5 6 6 7 7 8 9 5 6 6 7 7 10 10 11 5 6 6 7 7 10 11 10 8 5 6 6 7 7 9 8 11 11 9 5 6 6 7 7 9 11 8 9 11 10 5 6 6 7 7 11 10 9 8 9 10 8 5 6 6 7 7 11 9 10 9 8 8 10 11
0 0 1 2 3 3 2 3 3 4 5 6 7 8 8 5 6 7 8 8 9 5 6 7 8 8 9 9 5 7 6 8 8 10 11 12 5 7 6 8 8 11 12 10 9 5 7 6 8 8 12 10 11 9 9 13 14 14 15 15 16 16 16 16 16 16 13 14 14 15 15 16 16 16 16 16 16 17 13 14 14 15 15 16 16 16 16 16 16 17 17
0 0 1 2 3 3 4 5 5 6 7 8 8 9 10 11 12 12 13 14 15 16 17 17 18 19 20 21 22 23 24 25 26 27 28 29 22 23 24 25 26 27 28 29 30 22 23 24 25 26 27 28 29 30 30 22 24 23 25 26 27 28 29 31 31 31 22 24 23 25 26 27 28 29 31 31 31 30 22 24 23 25 26 27 28 29 31 31 31 30 30
0 0 1 2 3 3 4 5 5 6 7 8 8 9 10 11 12 13 14 15 16 11 13 12 14 15 16 17 18 19 19 20 21 22 23 23 18 19 19 20 21 22 23 23 24 18 19 19 20 21 22 23 23 24 24 25 26 26 27 28 29 30 30 31 31 31 25 26 26 27 28 29 30 30 31 31 31 32 25 26 26 27 28 29 30 30 31 31 31 32 32
0 0 1 2 3 3 4 5 5 6 7 8 9 10 11 7 8 9 10 11 12 7 8 9 10 11 12 12 7 9 8 10 11 13 14 14 7 9 8 10 11 14 13 14 12 7 9 8 10 11 14 14 13 12 12 15 16 16 17 18 19 19 19 19 19 19 15 16 16 17 18 19 19 19 19 19 19 20 15 16 16 17 18 19 19 19 19 19 19 20 20
0 0 1 2 3 4 2 4 3 5 6 7 7 8 8 6 7 7 8 8 9 6 7 7 8 8 9 9 6 7 7 8 8 10 11 11 6 7 7 8 8 10 11 11 10 6 7 7 8 8 11 10 11 9 11 6 7 7 8 8 11 10 11 11 9 10 6 7 7 8 8 11 11 10 9 11 9 11 6 7 7 8 8 11 11 10 11 9 11 9 10
0 0 1 2 3 4 2 4 3 5 6 7 7 8 8 6 7 7 8 8 9 6 7 7 8 8 10 11 6 7 7 8 8 12 11 11 6 7 7 8 8 11 10 12 9 6 7 7 8 8 11 12 9 10 11 13 14 14 15 15 16 16 16 16 16 16 13 14 14 15 15 16 16 16 16 16 16 17 13 14 14 15 15 16 16 16 16 16 16 17 17
0 0 1 2 3 4 2 4 3 5 6 7 7 8 8 9 10 10 11 11 12 13 14 14 15 15 16 17 18 19 20 21 22 23 24 25 18 19 20 21 22 23 24 25 26 18 19 20 21 22 23 24 25 26 26 18 20 19 22 21 23 24 25 27 27 27 18 20 19 22 21 23 24 25 27 27 27 26 18 20 19 22 21 23 24 25 27 27 27 26 26
0 0 1 2 3 4 2 4 3 5 6 7 7 8 8 9 10 11 12 13 14 9 11 10 13 12 14 15 16 17 17 18 18 19 20 20 16 17 17 18 18 19 20 20 21 16 17 17 18 18 19 20 20 21 21 22 23 23 24 24 25 26 26 27 27 27 22 23 23 24 24 25 26 26 27 27 27 28 22 23 23 24 24 25 26 26 27 27 27 28 28
0 0 1 2 3 4 2 4 3 5 6 7 8 9 10 6 7 8 9 10 11 6 7 8 9 10 11 11 6 8 7 10 9 12 13 13 6 8 7 10 9 13 12 13 11 6 8 7 10 9 13 13 12 11 11 14 15 15 16 16 17 17 17 17 17 17 14 15 15 16 16 17 17 17 17 17 17 18 14 15 15 16 16 17 17 17 17 17 17 18 18
0 0 1 2 3 4 2 4 3 5 6 7 8 9 10 6 8 7 10 9 11 12 13 13 14 14 15 15 16 17 18 19 20 21 22 23 16 17 18 19 20 21 22 23 24 16 17 18 19 20 21 22 23 24 24 16 18 17 20 19 22 21 23 25 25 25 16 18 17 20 19 22 21 23 25 25 25 24 16 18 17 20 19 22 21 23 25 25 25 24 24
0 1 1 1 1 2 1 1 3 4 1 1 3 4 4 1 1 4 3 2 3 1 1 4 3 3 2 4 5 5 6 7 7 7 6 6 5 5 6 7 7 7 6 6 8 5 5 6 7 7 7 6 6 8 8 5 5 7 6 6 6 7 7 9 10 11 5 5 7 6 6 6 7 7 10 11 9 8 5 5 7 6 6 6 7 7 11 9 10 8 8
0 1 1 1 1 2 1 1 3 4 1 1 3 4 4 1 1 4 3 2 3 1 1 4 3 3 2 4 5 6 7 7 7 7 7 7 5 6 7 7 7 7 7 7 8 5 6 7 7 7 7 7 7 8 8 6 5 7 7 7 7 7 7 9 10 11 6 5 7 7 7 7 7 7 10 11 9 8 6 5 7 7 7 7 7 7 11 9 10 8 8
0 1 1 1 1 2 1 1 3 4 1 1 5 4 4 1 1 4 3 5 2 1 1 4 5 2 3 4 6 6 7 7 7 7 7 7 6 6 7 7 7 7 7 7 8 6 6 7 7 7 7 7 7 9 10 6 6 7 7 7 7 7 7 11 10 10 6 6 7 7 7 7 7 7 10 9 11 8 6 6 7 7 7 7 7 7 10 11 8 9 10
0 1 1 1 1 2 1 1 3 4 1 1 5 4 4 1 1 6 7 7 7 1 1 6 7 7 7 4 1 1 6 7 7 7 4 4 1 1 7 6 6 6 2 3 5 1 1 7 6 6 6 3 5 2 4 1 1 7 6 6 6 5 2 3 4 4 1 1 4 3 5 2 6 6 6 7 7 7 1 1 4 5 2 3 6 6 6 7 7 7 4
0 1 2 1 2 3 1 2 3 3 2 1 4 5 5 2 1 5 4 5 3 2 1 5 5 4 3 3 6 6 7 7 7 7 7 7 6 6 7 7 7 7 7 7 8 6 6 7 7 7 7 7 7 9 10 6 6 7 7 7 7 7 7 11 10 10 6 6 7 7 7 7 7 7 10 9 11 8 6 6 7 7 7 7 7 7 10 11 8 9 10
0 1 2 1 2 3 1 2 3 3 2 1 4 5 5 2 1 5 4 5 3 2 1 5 5 4 3 3 6 7 8 8 8 9 9 9 6 7 8 8 8 9 9 9 10 6 7 8 8 8 9 9 9 10 10 7 6 9 9 9 8 8 8 11 12 12 7 6 9 9 9 8 8 8 12 11 12 10 7 6 9 9 9 8 8 8 12 12 11 10 10
0 1 2 1 2 3 1 2 4 5 1 2 4 5 5 1 2 5 4 3 4 1 2 5 4 4 3 5 6 7 8 8 8 8 8 8 6 7 8 8 8 8 8 8 9 6 7 8 8 8 8 8 8 10 11 6 7 8 8 8 8 8 8 12 11 11 6 7 8 8 8 8 8 8 11 10 12 9 6 7 8 8 8 8 8 8 11 12 9 10 11
0 1 2 1 2 3 1 2 4 5 1 2 4 5 5 1 2 5 4 3 4 1 2 5 4 4 3 5 6 7 8 9 9 9 8 8 6 7 8 9 9 9 8 8 10 6 7 8 9 9 9 8 8 10 10 6 7 9 8 8 8 9 9 11 12 12 6 7 9 8 8 8 9 9 12 11 12 10 6 7 9 8 8 8 9 9 12 12 11 10 10
0 1 2 1 2 3 1 2 4 5 1 2 6 5 5 1 2 5 4 6 3 1 2 5 6 3 4 5 2 1 7 7 7 7 7 7 2 1 7 7 7 7 7 7 3 2 1 7 7 7 7 7 7 4 5 2 1 7 7 7 7 7 7 6 5 5 2 1 7 7 7 7 7 7 5 4 6 3 2 1 7 7 7 7 7 7 5 6 3 4 5
0 1 2 1 2 3 1 2 4 5 1 2 6 5 5 1 2 7 7 7 7 1 2 7 7 7 7 3 1 2 7 7 7 7 4 5 1 2 7 7 7 7 6 5 5 1 2 7 7 7 7 5 4 6 3 1 2 7 7 7 7 5 6 3 4 5 1 2 5 4 6 3 7 7 7 7 7 7 1 2 5 6 3 4 7 7 7 7 7 7 5
0 1 2 2 1 3 4 5 6 7 5 4 7 6 8 9 10 11 12 13 14 10 9 12 11 14 13 15 16 16 17 17 18 18 19 19 16 16 17 17 18 18 19 19 20 16 16 17 17 18 18 19 19 20 20 21 21 22 22 23 23 24 24 25 25 25 21 21 22 22 23 23 24 24 25 25 25 26 21 21 22 22 23 23 24 24 25 25 25 26 26
0 1 2 2 1 3 4 5 6 7 5 4 7 6 8 9 10 11 12 13 14 10 9 12 11 14 13 15 16 17 18 19 20 21 22 23 16 17 18 19 20 21 22 23 24 16 17 18 19 20 21 22 23 24 24 17 16 19 18 21 20 23 22 25 25 25 17 16 19 18 21 20 23 22 25 25 25 24 17 16 19 18 21 20 23 22 25 25 25 24 24
0 1 2 3 4 5 3 4 5 6 7 8 9 10 10 7 8 9 10 10 11 7 8 9 10 10 11 11 7 8 9 10 10 12 13 13 7 8 9 10 10 12 13 13 12 7 8 9 10 10 13 12 13 11 13 7 8 9 10 10 13 12 13 13 11 12 7 8 9 10 10 13 13 12 11 13 11 13 7 8 9 10 10 13 13 12 13 11 13 11 12
0 1 2 3 4 5 3 4 5 6 7 8 9 10 10 7 8 9 10 10 11 7 8 9 10 10 12 13 7 8 9 10 10 14 13 13 7 8 9 10 10 13 12 14 11 7 8 9 10 10 13 14 11 12 13 15 16 17 18 18 19 19 19 19 19 19 15 16 17 18 18 19 19 19 19 19 19 20 15 16 17 18 18 19 19 19 19 19 19 20 20
0 1 2 3 4 5 6 7 8 9 10 11 12 13 14 10 11 12 13 14 15 10 11 12 13 14 15 15 10 11 12 13 14 15 16 16 10 11 12 13 14 15 16 16 15 10 11 12 13 14 16 15 16 15 16 10 11 12 13 14 16 15 16 16 15 15 10 11 12 13 14 16 16 15 15 16 15 16 10 11 12 13 14 16 16 15 16 15 16 15 15
0 1 2 3 4 5 6 7 8 9 10 11 12 13 14 10 11 12 13 14 15 10 11 12 13 14 16 17 10 11 12 13 14 16 17 17 10 11 12 13 14 17 16 15 16 10 11 12 13 14 17 16 16 15 17 18 19 20 21 22 23 23 23 23 23 23 18 19 20 21 22 23 23 23 23 23 23 24 18 19 20 21 22 23 23 23 23 23 23 24 24
0 1 2 3 4 5 6 7 8 9 10 11 12 13 14 15 16 17 18 19 20 15 16 17 18 19 20 21 22 23 24 25 26 27 28 28 22 23 24 25 26 27 28 28 29 22 23 24 25 26 27 28 28 29 29 30 31 32 33 34 35 36 36 37 37 37 30 31 32 33 34 35 36 36 37 37 37 38 30 31 32 33 34 35 36 36 37 37 37 38 38
0 1 2 3 4 5 6 7 8 9 10 11 12 13 14 15 16 17 18 19 20 21 22 23 24 25 26 27 28 29 30 31 32 33 34 35 28 29 30 31 32 33 34 35 36 28 29 30 31 32 33 34 35 36 37 28 29 30 31 32 33 34 35 36 37 37 28 29 30 31 32 33 34 35 37 36 36 36 28 29 30 31 32 33 34 35 37 36 36 36 37
--- order 78 (x1) ---
0 0 1 0 1 1 0 1 1 2 0 1 2 1 2 0 1 2 2 1 2 0 1 2 2 2 1 1 0 2 1 2 1 1 2 2 0 2 1 1 2 2 2 1 2 0 2 1 2 2 2 1 1 1 1 0 2 2 1 1 2 1 2 2 1 2 0 2 2 1 2 1 1 2 1 2 1 1 0 2 2 2 1 1 2 1 1 1 2 1 2
--- order 80 (x21) ---
0 0 1 0 2 2 0 2 2 1 3 4 4 4 4 3 4 4 4 4 5 3 4 4 4 4 5 6 3 4 4 4 4 6 5 6 3 4 4 4 4 6 6 5 5 7 8 9 8 9 10 10 10 10 10 7 8 9 9 8 10 10 10 10 10 11 7 9 8 8 9 10 10 10 10 10 11 12 7 9 8 9 8 10 10 10 10 10 12 11 11
0 0 1 0 2 2 0 2 2 1 3 4 4 4 4 3 4 4 4 4 5 3 4 4 4 4 5 6 3 4 4 4 4 6 5 6 3 4 4 4 4 6 6 5 5 7 8 9 10 10 11 11 11 11 11 7 10 10 8 9 11 11 11 11 11 12 7 10 10 9 8 11 11 11 11 11 12 13 7 9 8 10 10 11 11 11 11 11 13 12 12
0 0 1 0 2 3 0 3 2 1 4 5 5 5 5 4 5 5 5 5 6 4 5 5 5 5 6 7 4 5 5 5 5 7 6 7 4 5 5 5 5 7 7 6 6 8 9 10 10 9 11 11 11 11 11 8 9 10 10 9 11 11 11 11 11 12 8 10 9 9 10 11 11 11 11 11 13 14 8 10 9 9 10 11 11 11 11 11 14 13 12
0 0 1 0 2 3 0 4 3 5 0 6 5 3 3 0 5 6 4 2 1 0 3 2 6 1 4 3 0 3 4 1 6 2 3 5 7 8 8 8 8 8 8 8 8 7 8 8 8 8 8 8 8 8 9 7 8 8 8 8 8 8 8 8 9 10 7 8 8 8 8 8 8 8 8 10 9 10 7 8 8 8 8 8 8 8 8 10 10 9 9
0 0 1 0 2 3 0 4 5 6 0 7 6 5 3 0 6 7 4 2 1 0 5 4 7 1 2 3 0 3 2 1 7 4 5 6 8 9 9 9 9 9 9 9 9 8 9 9 9 9 9 9 9 9 10 8 9 9 9 9 9 9 9 9 10 11 8 9 9 9 9 9 9 9 9 11 10 11 8 9 9 9 9 9 9 9 9 11 11 10 10
0 0 1 1 0 1 1 1 0 0 2 3 3 4 4 4 4 3 3 2 5 4 3 4 2 3 5 6 3 2 4 3 4 6 5 6 3 4 2 4 3 6 6 5 5 7 7 7 7 7 8 8 8 8 8 7 7 7 7 7 8 8 8 8 8 9 7 7 7 7 7 8 8 8 8 8 10 10 7 7 7 7 7 8 8 8 8 8 10 10 9
0 0 1 2 3 3 2 3 3 4 5 6 6 7 7 5 6 6 7 7 8 5 6 6 7 7 8 9 5 6 6 7 7 9 8 9 5 6 6 7 7 9 9 8 8 10 11 12 13 13 14 14 14 14 14 10 11 12 13 13 14 14 14 14 14 15 10 12 11 13 13 14 14 14 14 14 16 17 10 12 11 13 13 14 14 14 14 14 17 16 15
0 0 1 2 3 3 4 5 5 6 7 8 8 9 10 7 8 8 9 10 11 7 8 8 9 10 11 12 7 8 8 9 10 12 11 12 7 8 8 9 10 12 12 11 11 13 14 15 16 17 18 18 18 18 18 13 14 15 16 17 18 18 18 18 18 19 13 15 14 16 17 18 18 18 18 18 20 20 13 15 14 16 17 18 18 18 18 18 20 20 19
0 0 1 2 3 4 2 4 3 5 6 7 7 8 8 6 7 7 8 8 9 6 7 7 8 8 9 10 6 7 7 8 8 10 9 10 6 7 7 8 8 10 10 9 9 11 12 12 13 13 14 14 14 14 14 11 12 12 13 13 14 14 14 14 14 15 11 12 12 13 13 14 14 14 14 14 16 17 11 12 12 13 13 14 14 14 14 14 17 16 15
0 0 1 2 3 4 2 4 3 5 6 7 7 8 8 6 7 7 8 8 9 6 7 7 8 8 9 10 6 7 7 8 8 10 9 10 6 7 7 8 8 10 10 9 9 11 12 13 14 15 16 16 16 16 16 11 12 13 14 15 16 16 16 16 16 17 11 13 12 15 14 16 16 16 16 16 18 18 11 13 12 15 14 16 16 16 16 16 18 18 17
0 0 1 2 3 4 2 4 3 5 6 7 7 8 8 6 7 7 8 8 9 10 11 11 12 12 13 13 10 11 11 12 12 13 13 14 10 11 11 12 12 13 13 14 15 10 11 11 12 12 13 13 15 14 15 10 11 11 12 12 13 13 15 15 14 14 16 17 17 18 18 19 19 20 20 20 20 20 16 17 17 18 18 19 19 20 20 20 20 20 21
0 1 1 1 1 2 1 1 3 4 1 1 3 4 5 1 1 5 4 3 5 1 1 5 4 5 3 3 1 1 4 3 4 4 2 4 1 1 4 3 4 4 4 2 5 1 1 4 5 2 4 4 4 5 3 1 1 4 5 4 2 4 4 3 5 3 6 6 7 7 7 7 7 7 7 7 7 7 6 6 7 7 7 7 7 7 7 7 7 7 8
0 1 1 1 1 2 1 1 3 4 1 1 3 4 5 1 1 6 5 5 4 1 1 6 5 4 5 4 1 1 5 6 3 6 3 2 1 1 5 6 6 3 2 3 4 1 1 4 3 2 6 6 3 4 5 1 1 4 3 6 2 3 6 5 4 5 7 7 8 8 8 8 8 8 8 8 8 8 7 7 8 8 8 8 8 8 8 8 8 8 9
0 1 2 1 2 3 1 3 2 3 1 3 3 2 2 2 1 1 1 0 1 2 1 1 1 1 0 3 3 1 0 1 1 1 3 2 3 1 1 0 1 1 2 3 2 4 5 5 5 5 5 4 4 4 4 4 5 5 5 5 5 4 4 4 4 6 5 4 4 4 4 4 5 5 5 5 7 7 5 4 4 4 4 4 5 5 5 5 7 7 6
0 1 2 1 2 3 3 2 1 3 3 2 3 1 1 2 1 2 2 0 2 2 1 2 2 2 0 3 2 3 0 2 2 2 3 1 2 3 2 0 2 2 1 3 1 4 4 4 4 4 4 4 4 4 4 4 4 4 4 4 4 4 4 4 4 5 4 4 4 4 4 4 4 4 4 4 6 7 4 4 4 4 4 4 4 4 4 4 7 6 5
0 1 2 1 2 3 4 3 3 2 4 3 2 3 2 3 4 1 4 1 0 3 4 4 1 0 1 2 2 1 0 4 4 1 2 3 2 1 4 0 1 4 3 2 3 5 5 5 5 5 5 5 5 5 5 5 5 5 5 5 5 5 5 5 5 6 5 5 5 5 5 5 5 5 5 5 7 8 5 5 5 5 5 5 5 5 5 5 8 7 6
0 1 2 1 2 3 4 3 3 2 4 3 2 3 2 3 4 1 4 1 0 3 4 4 1 0 1 2 2 1 0 4 4 1 2 3 2 1 4 0 1 4 3 2 3 5 6 6 6 6 6 5 5 5 5 5 6 6 6 6 6 5 5 5 5 7 6 5 5 5 5 5 6 6 6 6 8 8 6 5 5 5 5 5 6 6 6 6 8 8 7
0 1 2 3 2 4 5 4 2 4 6 4 4 2 2 4 5 6 1 3 0 4 6 3 5 0 1 2 2 1 5 0 6 3 2 4 2 3 0 6 1 5 4 2 4 7 7 7 7 7 7 7 7 7 7 7 7 7 7 7 7 7 7 7 7 8 7 7 7 7 7 7 7 7 7 7 9 9 7 7 7 7 7 7 7 7 7 7 9 9 8
0 1 2 3 4 5 3 4 5 6 7 8 9 10 10 7 8 9 10 10 11 7 8 9 10 10 11 12 7 8 9 10 10 12 11 12 7 8 9 10 10 12 12 11 11 13 14 15 16 16 17 17 17 17 17 13 14 15 16 16 17 17 17 17 17 18 13 14 15 16 16 17 17 17 17 17 19 20 13 14 15 16 16 17 17 17 17 17 20 19 18
0 1 2 3 4 5 3 4 5 6 7 8 9 10 10 7 8 9 10 10 11 12 13 14 15 15 16 16 12 13 14 15 15 16 16 17 12 13 14 15 15 16 16 17 18 12 13 14 15 15 16 16 18 17 18 12 13 14 15 15 16 16 18 18 17 17 19 20 21 22 22 23 23 24 24 24 24 24 19 20 21 22 22 23 23 24 24 24 24 24 25
0 1 2 3 4 5 6 7 8 9 10 11 12 13 14 10 11 12 13 14 15 10 11 12 13 14 15 16 10 11 12 13 14 16 15 16 10 11 12 13 14 16 16 15 15 17 18 19 20 21 22 22 22 22 22 17 18 19 20 21 22 22 22 22 22 23 17 18 19 20 21 22 22 22 22 22 24 24 17 18 19 20 21 22 22 22 22 22 24 24 23
--- order 84 (x3) ---
0 0 1 0 1 1 2 3 3 3 2 3 3 3 4 2 3 3 3 4 5 2 3 3 3 6 6 5 2 3 3 3 6 5 6 4 2 3 3 3 5 4 6 5 4 2 3 3 3 5 6 4 4 5 6 7 8 9 9 10 10 10 10 10 10 10 7 9 8 9 10 10 10 10 10 10 10 11 7 9 9 8 10 10 10 10 10 10 10 11 11
0 0 1 0 1 2 0 3 3 2 0 3 2 3 1 0 2 1 3 2 1 0 2 3 1 1 2 3 4 5 5 5 5 5 5 5 4 5 5 5 5 5 5 5 6 4 5 5 5 5 5 5 5 7 8 4 5 5 5 5 5 5 5 9 8 8 4 5 5 5 5 5 5 5 8 7 9 6 4 5 5 5 5 5 5 5 8 9 6 7 8
0 1 2 3 4 5 6 7 8 9 6 7 8 9 10 6 7 8 9 10 11 6 7 8 9 12 12 11 6 7 8 9 12 11 12 10 6 7 8 9 11 10 12 11 10 6 7 8 9 11 12 10 10 11 12 13 14 15 16 17 17 17 17 17 17 17 13 14 15 16 17 17 17 17 17 17 17 18 13 14 15 16 17 17 17 17 17 17 17 18 18
--- order 96 (x135) ---
0 0 0 0 0 0 1 1 1 1 1 1 1 1 2 3 3 3 3 4 5 3 3 3 3 4 5 6 3 3 3 3 5 4 7 8 3 3 3 3 5 4 8 7 6 9 10 10 10 11 11 12 12 12 12 10 9 10 10 11 11 12 12 12 12 13 10 10 9 10 11 11 12 12 12 12 13 13 10 10 10 9 11 11 12 12 12 12 13 13 13
0 0 0 0 0 0 1 1 1 1 1 1 1 1 2 3 3 3 3 4 5 3 3 3 3 5 4 6 7 7 7 7 8 8 9 9 7 7 7 7 8 8 9 9 10 11 12 12 12 13 13 14 14 15 15 12 11 12 12 13 13 14 14 15 15 16 12 12 11 12 13 13 14 14 15 15 16 16 12 12 12 11 13 13 14 14 15 15 16 16 16
0 0 0 0 0 0 1 1 1 1 1 1 1 1 2 3 4 4 4 5 5 3 4 4 4 5 5 6 4 3 4 4 5 5 7 8 4 3 4 4 5 5 8 7 6 4 4 3 4 5 5 7 8 8 7 4 4 3 4 5 5 8 7 7 8 6 4 4 4 3 5 5 7 8 8 7 8 7 4 4 4 3 5 5 8 7 7 8 7 8 6
0 0 0 0 0 1 0 1 0 0 1 0 0 0 0 2 2 2 2 2 2 2 2 2 2 2 2 3 4 5 5 5 5 6 7 7 6 5 5 5 5 4 7 7 8 5 4 5 5 6 5 7 7 9 9 5 6 5 5 4 5 7 7 9 9 8 5 5 4 6 5 5 7 7 9 9 9 9 5 5 6 4 5 5 7 7 9 9 9 9 8
0 0 0 1 1 1 1 1 1 2 1 1 1 2 3 1 1 1 3 2 2 4 4 4 5 6 6 5 4 4 4 5 6 6 5 7 4 4 4 6 5 5 6 8 8 4 4 4 6 5 5 6 8 8 7 9 10 11 12 12 12 12 13 13 13 13 10 11 9 12 12 12 12 13 13 13 13 14 11 9 10 12 12 12 12 13 13 13 13 14 14
0 0 0 1 1 1 1 1 1 2 1 1 1 2 3 1 1 1 4 5 3 1 1 1 4 3 5 3 1 1 1 5 4 4 2 2 1 1 1 3 2 4 4 2 3 1 1 1 3 4 2 2 4 3 5 6 7 7 8 8 8 8 8 8 8 8 7 6 7 8 8 8 8 8 8 8 8 9 7 7 6 8 8 8 8 8 8 8 8 9 9
0 0 0 1 1 1 1 1 1 2 1 1 1 3 4 1 1 1 3 4 5 1 1 1 6 5 4 4 1 1 1 5 6 3 3 2 1 1 1 4 3 2 6 3 4 1 1 1 4 3 6 2 3 4 5 7 8 8 9 9 9 9 9 9 9 9 8 7 8 9 9 9 9 9 9 9 9 10 8 8 7 9 9 9 9 9 9 9 9 10 10
0 0 0 1 1 1 1 1 1 2 1 1 1 3 4 1 1 1 4 3 2 1 1 1 5 5 5 5 1 1 1 5 5 5 5 2 1 1 1 5 5 5 5 3 4 1 1 1 5 5 5 5 4 3 2 6 7 8 9 9 9 9 9 9 9 9 7 8 6 9 9 9 9 9 9 9 9 10 8 6 7 9 9 9 9 9 9 9 9 10 10
0 0 0 1 1 1 1 1 1 2 1 1 1 3 4 1 1 1 4 3 2 5 5 5 6 6 6 6 5 5 5 6 6 6 6 7 5 5 5 6 6 6 6 8 8 5 5 5 6 6 6 6 8 8 7 9 10 11 12 12 12 12 13 13 13 13 10 11 9 12 12 12 12 13 13 13 13 14 11 9 10 12 12 12 12 13 13 13 13 14 14
0 0 0 1 1 1 1 1 1 2 1 1 1 3 4 1 1 1 4 3 2 5 5 5 6 6 6 6 5 5 5 6 6 6 6 7 5 5 5 6 6 6 6 8 9 5 5 5 6 6 6 6 9 8 7 10 11 11 12 12 12 12 13 13 13 13 11 10 11 12 12 12 12 13 13 13 13 14 11 11 10 12 12 12 12 13 13 13 13 14 14
0 0 0 1 1 1 1 1 1 2 1 1 1 3 4 1 1 1 4 3 2 5 5 5 6 7 7 6 5 5 5 6 7 7 6 8 5 5 5 7 6 6 7 9 9 5 5 5 7 6 6 7 9 9 8 10 11 11 12 12 12 12 13 13 13 13 11 10 11 12 12 12 12 13 13 13 13 14 11 11 10 12 12 12 12 13 13 13 13 14 14
0 0 0 1 1 1 1 1 1 2 3 3 3 4 4 3 3 3 4 4 5 6 6 6 7 7 8 8 6 6 6 7 7 8 8 9 6 6 6 7 7 8 8 10 10 6 6 6 7 7 8 8 10 10 9 11 12 13 14 14 15 15 16 16 16 16 12 13 11 14 14 15 15 16 16 16 16 17 13 11 12 14 14 15 15 16 16 16 16 17 17
0 0 0 1 1 1 1 1 1 2 3 3 3 4 4 3 3 3 4 4 5 6 6 6 7 7 8 8 6 6 6 7 7 8 8 9 6 6 6 7 7 8 8 10 11 6 6 6 7 7 8 8 11 10 9 12 13 13 14 14 15 15 16 16 16 16 13 12 13 14 14 15 15 16 16 16 16 17 13 13 12 14 14 15 15 16 16 16 16 17 17
0 0 0 1 1 1 1 1 1 2 3 3 3 4 4 3 3 3 4 4 5 6 6 6 7 7 8 8 6 6 6 7 7 8 8 9 10 10 10 11 11 12 12 13 13 10 10 10 11 11 12 12 13 13 14 15 16 16 17 17 18 18 19 19 20 20 16 15 16 17 17 18 18 19 19 20 20 21 16 16 15 17 17 18 18 19 19 20 20 21 21
0 0 0 1 1 1 1 1 1 2 3 3 3 4 4 3 3 3 4 4 5 6 6 6 7 8 9 9 6 6 6 7 8 9 9 10 6 6 6 8 7 9 9 11 11 6 6 6 8 7 9 9 11 11 10 12 13 13 14 14 15 15 16 16 16 16 13 12 13 14 14 15 15 16 16 16 16 17 13 13 12 14 14 15 15 16 16 16 16 17 17
0 0 0 1 1 1 1 1 1 2 3 3 3 4 5 3 3 3 5 4 6 7 7 7 8 8 9 9 7 7 7 8 8 9 9 10 7 7 7 8 8 9 9 11 11 7 7 7 8 8 9 9 11 11 10 12 13 13 14 14 15 15 16 16 16 16 13 12 13 14 14 15 15 16 16 16 16 17 13 13 12 14 14 15 15 16 16 16 16 17 17
0 0 0 1 1 2 1 2 1 3 2 1 1 3 3 4 4 4 5 5 5 4 4 4 5 5 5 6 7 8 8 9 9 10 11 11 7 8 8 9 9 10 11 11 12 8 7 8 9 10 9 11 11 13 13 8 7 8 9 10 9 11 11 13 13 12 8 8 7 10 9 9 11 11 13 13 13 13 8 8 7 10 9 9 11 11 13 13 13 13 12
0 0 1 0 1 1 0 1 1 1 2 3 3 3 3 4 5 5 5 5 6 4 5 5 5 5 6 7 4 5 5 5 5 6 8 9 4 5 5 5 5 6 9 8 7 10 11 12 12 12 13 14 14 14 14 10 12 11 12 12 13 14 14 14 14 15 10 12 12 11 12 13 14 14 14 14 15 15 10 12 12 12 11 13 14 14 14 14 15 15 15
0 0 1 0 1 1 0 1 1 1 2 3 3 3 3 4 5 5 5 5 6 4 5 5 5 5 6 7 8 9 9 9 9 10 11 11 8 9 9 9 9 10 11 11 12 13 14 15 15 15 16 17 17 18 18 13 15 14 15 15 16 17 17 18 18 19 13 15 15 14 15 16 17 17 18 18 19 19 13 15 15 15 14 16 17 17 18 18 19 19 19
0 0 1 0 1 1 2 3 3 3 2 3 3 3 4 2 3 3 3 5 5 2 3 3 3 5 5 4 6 7 8 8 9 9 9 9 6 7 8 8 9 9 9 9 10 6 8 7 8 9 9 9 9 11 12 6 8 7 8 9 9 9 9 12 11 10 6 8 8 7 9 9 9 9 11 12 12 11 6 8 8 7 9 9 9 9 12 11 11 12 10
0 0 1 0 1 1 2 3 3 3 2 3 3 3 4 2 3 3 3 5 6 2 3 3 3 6 5 4 7 8 9 10 11 11 11 11 7 8 9 10 11 11 11 11 12 7 9 10 8 11 11 11 11 13 13 7 9 10 8 11 11 11 11 13 13 12 7 10 8 9 11 11 11 11 13 13 13 13 7 10 8 9 11 11 11 11 13 13 13 13 12
0 0 1 0 1 1 2 3 3 3 2 3 3 3 4 5 6 6 6 7 7 5 6 6 6 7 7 8 9 10 11 12 13 13 14 14 9 10 11 12 13 13 14 14 15 9 11 12 10 13 13 14 14 16 16 9 11 12 10 13 13 14 14 16 16 15 9 12 10 11 13 13 14 14 16 16 16 16 9 12 10 11 13 13 14 14 16 16 16 16 15
0 0 1 0 1 1 2 3 3 3 2 3 3 3 4 5 6 6 6 7 8 5 6 6 6 8 7 9 10 11 12 12 13 13 14 14 10 11 12 12 13 13 14 14 15 10 12 11 12 13 13 14 14 16 16 10 12 11 12 13 13 14 14 16 16 15 10 12 12 11 13 13 14 14 16 16 16 16 10 12 12 11 13 13 14 14 16 16 16 16 15
0 0 1 0 1 1 2 3 3 3 4 5 5 5 6 4 5 5 5 6 7 8 9 9 9 10 11 11 8 9 9 9 10 11 11 12 8 9 9 9 10 11 11 13 13 8 9 9 9 10 11 11 13 13 12 14 15 16 16 17 18 18 19 19 19 19 14 16 15 16 17 18 18 19 19 19 19 20 14 16 16 15 17 18 18 19 19 19 19 20 20
0 0 1 0 1 1 2 3 3 3 4 5 5 5 6 7 8 8 8 9 10 7 8 8 8 9 10 11 12 13 14 14 15 16 17 17 12 13 14 14 15 16 17 17 18 12 14 13 14 15 16 17 17 19 19 12 14 13 14 15 16 17 17 19 19 18 12 14 14 13 15 16 17 17 19 19 19 19 12 14 14 13 15 16 17 17 19 19 19 19 18
0 0 1 0 1 2 0 2 1 3 0 2 3 1 2 0 3 2 2 1 1 4 5 5 5 5 5 5 6 7 8 8 8 8 7 9 6 7 8 8 8 8 7 9 10 6 8 7 8 8 7 8 9 11 11 6 8 7 8 8 7 8 9 11 11 10 6 8 8 7 7 8 8 9 11 11 11 11 6 8 8 7 7 8 8 9 11 11 11 11 10
0 0 1 0 2 2 0 2 2 1 3 4 4 4 4 3 4 4 4 4 5 6 7 8 7 8 9 9 6 7 8 8 7 9 9 10 6 8 7 7 8 9 9 10 11 6 8 7 8 7 9 9 11 10 10 12 13 13 13 13 14 14 15 15 15 15 12 13 13 13 13 14 14 15 15 15 15 16 12 13 13 13 13 14 14 15 15 15 15 16 16
0 0 1 0 2 2 0 2 2 1 3 4 4 4 4 3 4 4 4 4 5 6 7 8 9 9 10 10 6 9 9 7 8 10 10 11 6 9 9 8 7 10 10 11 12 6 8 7 9 9 10 10 12 11 11 13 14 14 14 14 15 15 16 16 16 16 13 14 14 14 14 15 15 16 16 16 16 17 13 14 14 14 14 15 15 16 16 16 16 17 17
0 0 1 0 2 2 0 2 2 1 3 4 4 4 4 5 6 7 8 9 10 5 8 9 7 6 10 11 5 9 8 6 7 10 11 12 5 7 6 9 8 10 12 11 11 13 14 14 14 14 15 16 16 16 16 13 14 14 14 14 15 16 16 16 16 17 13 14 14 14 14 15 16 16 16 16 17 17 13 14 14 14 14 15 16 16 16 16 17 17 17
0 0 1 0 2 3 0 3 2 1 1 0 0 0 0 2 0 0 0 0 3 3 0 0 0 0 2 1 4 5 5 5 5 4 4 4 4 5 5 5 5 4 4 4 6 4 5 5 5 5 4 4 4 6 6 5 4 4 4 4 5 5 5 7 8 9 5 4 4 4 4 5 5 5 8 9 7 6 5 4 4 4 4 5 5 5 9 7 8 6 6
0 0 1 0 2 3 0 3 2 1 4 5 5 5 5 4 5 5 5 5 6 7 8 9 9 8 10 10 7 8 9 9 8 10 10 11 7 9 8 8 9 10 10 12 13 7 9 8 8 9 10 10 13 12 11 14 15 15 15 15 16 16 17 17 17 17 14 15 15 15 15 16 16 17 17 17 17 18 14 15 15 15 15 16 16 17 17 17 17 18 18
0 0 1 0 2 3 0 3 2 1 4 5 5 5 5 6 7 7 7 7 8 9 10 11 11 10 12 13 9 10 11 11 10 12 13 14 9 11 10 10 11 12 13 15 15 9 11 10 10 11 12 13 15 15 14 16 17 17 17 17 18 19 20 20 20 20 16 17 17 17 17 18 19 20 20 20 20 21 16 17 17 17 17 18 19 20 20 20 20 21 21
0 0 1 0 2 3 0 3 2 1 4 5 5 5 5 6 7 8 9 10 11 6 10 9 8 7 11 12 6 9 10 7 8 11 13 14 6 8 7 10 9 11 14 13 12 15 16 16 16 16 17 18 18 18 18 15 16 16 16 16 17 18 18 18 18 19 15 16 16 16 16 17 18 18 18 18 19 19 15 16 16 16 16 17 18 18 18 18 19 19 19
0 0 1 0 2 3 0 3 2 1 4 5 6 5 6 4 6 5 6 5 7 8 9 10 10 9 11 11 8 9 10 10 9 11 11 12 8 10 9 9 10 11 11 13 13 8 10 9 9 10 11 11 13 13 12 14 15 15 15 15 16 16 17 17 17 17 14 15 15 15 15 16 16 17 17 17 17 18 14 15 15 15 15 16 16 17 17 17 17 18 18
0 0 1 1 0 0 2 2 2 2 2 2 2 2 3 2 2 2 2 4 5 2 2 2 2 5 4 3 6 7 7 6 8 8 8 8 6 7 7 6 8 8 8 8 9 6 7 7 6 8 8 8 8 9 9 7 6 6 7 8 8 8 8 10 11 12 7 6 6 7 8 8 8 8 11 12 10 9 7 6 6 7 8 8 8 8 12 10 11 9 9
0 0 1 1 0 0 2 3 3 2 2 3 3 2 4 3 2 2 3 5 5 3 2 2 3 5 5 4 6 7 7 6 8 8 9 9 6 7 7 6 8 8 9 9 10 6 7 7 6 8 8 9 9 10 10 7 6 6 7 9 9 8 8 11 12 13 7 6 6 7 9 9 8 8 12 13 11 10 7 6 6 7 9 9 8 8 13 11 12 10 10
0 0 1 1 0 2 1 2 0 1 2 1 1 0 0 3 4 4 3 3 4 4 3 3 4 4 3 5 6 7 7 7 7 6 8 8 6 7 7 7 7 6 8 8 9 7 6 7 7 6 7 8 8 10 10 7 6 7 7 6 7 8 8 10 10 9 7 7 6 6 7 7 8 8 10 10 10 10 7 7 6 6 7 7 8 8 10 10 10 10 9
0 0 1 1 2 0 1 0 2 1 2 1 1 0 0 3 3 3 3 3 3 3 3 3 3 3 3 4 5 6 7 6 7 5 8 8 5 6 7 6 7 5 8 8 9 6 7 5 7 5 6 8 8 10 10 6 7 5 7 5 6 8 8 10 10 9 7 5 6 5 6 7 8 8 10 10 10 10 7 5 6 5 6 7 8 8 10 10 10 10 9
0 0 1 2 3 1 2 1 3 1 3 2 2 0 0 1 0 2 2 0 1 1 2 0 0 2 1 3 4 4 4 4 4 4 4 4 4 4 4 4 4 4 4 4 5 4 4 4 4 4 4 4 4 6 7 4 4 4 4 4 4 4 4 8 7 7 4 4 4 4 4 4 4 4 7 6 8 5 4 4 4 4 4 4 4 4 7 8 5 6 7
0 0 1 2 3 1 2 1 3 1 3 2 2 0 0 1 0 2 2 0 1 1 2 0 0 2 1 3 4 5 5 5 5 4 4 4 4 5 5 5 5 4 4 4 6 4 5 5 5 5 4 4 4 6 6 5 4 4 4 4 5 5 5 7 8 8 5 4 4 4 4 5 5 5 8 7 8 6 5 4 4 4 4 5 5 5 8 8 7 6 6
0 0 1 2 3 3 2 3 3 4 2 3 3 5 6 2 3 3 7 6 8 2 3 3 9 8 6 6 2 3 3 8 9 7 5 4 2 3 3 6 5 9 4 7 6 2 3 3 6 7 4 9 5 6 8 10 11 11 12 12 12 12 12 12 12 12 10 11 11 12 12 12 12 12 12 12 12 13 10 11 11 12 12 12 12 12 12 12 12 13 13
0 0 1 2 3 3 2 3 3 4 2 3 3 5 6 2 3 3 7 8 9 2 3 3 10 9 8 6 2 3 3 9 10 7 5 4 2 3 3 8 7 10 4 5 6 2 3 3 6 5 4 10 7 8 9 11 12 12 13 13 13 13 13 13 13 13 11 12 12 13 13 13 13 13 13 13 13 14 11 12 12 13 13 13 13 13 13 13 13 14 14
0 0 1 2 3 3 2 3 3 4 5 6 6 7 7 5 6 6 7 7 8 9 10 11 12 12 13 13 9 10 11 12 12 13 13 14 9 11 10 12 12 13 13 15 16 9 11 10 12 12 13 13 16 15 14 17 18 18 19 19 20 20 21 21 21 21 17 18 18 19 19 20 20 21 21 21 21 22 17 18 18 19 19 20 20 21 21 21 21 22 22
0 0 1 2 3 3 2 3 3 4 5 6 6 7 7 8 9 9 10 11 12 8 9 9 11 10 12 13 14 15 16 17 17 18 19 19 14 16 15 17 17 18 19 19 20 21 22 22 23 23 24 25 25 26 26 21 22 22 23 23 24 25 25 26 26 27 21 22 22 23 23 24 25 25 26 26 27 27 21 22 22 23 23 24 25 25 26 26 27 27 27
0 0 1 2 3 3 2 3 3 4 5 6 6 7 7 8 9 10 11 12 13 8 9 10 12 11 13 14 8 10 9 11 12 13 15 16 8 10 9 12 11 13 16 15 14 17 18 18 19 19 20 21 21 21 21 17 18 18 19 19 20 21 21 21 21 22 17 18 18 19 19 20 21 21 21 21 22 22 17 18 18 19 19 20 21 21 21 21 22 22 22
0 0 1 2 3 3 2 3 3 4 5 6 6 7 8 5 6 6 8 7 9 10 11 12 13 13 14 14 10 11 12 13 13 14 14 15 10 12 11 13 13 14 14 16 16 10 12 11 13 13 14 14 16 16 15 17 18 18 19 19 20 20 21 21 21 21 17 18 18 19 19 20 20 21 21 21 21 22 17 18 18 19 19 20 20 21 21 21 21 22 22
0 0 1 2 3 3 4 5 5 6 7 8 8 9 10 7 8 8 9 10 11 12 13 14 15 16 17 17 12 13 14 15 16 17 17 18 12 14 13 15 16 17 17 19 19 12 14 13 15 16 17 17 19 19 18 20 21 21 22 23 24 24 25 25 25 25 20 21 21 22 23 24 24 25 25 25 25 26 20 21 21 22 23 24 24 25 25 25 25 26 26
0 0 1 2 3 3 4 5 5 6 7 8 8 9 10 11 12 13 14 15 16 11 12 13 14 15 16 17 11 13 12 14 15 16 18 19 11 13 12 14 15 16 19 18 17 20 21 21 22 23 24 25 25 25 25 20 21 21 22 23 24 25 25 25 25 26 20 21 21 22 23 24 25 25 25 25 26 26 20 21 21 22 23 24 25 25 25 25 26 26 26
0 0 1 2 3 3 4 5 5 6 7 8 8 9 10 11 12 13 14 15 16 11 13 12 14 15 16 17 18 19 19 20 21 22 23 23 18 19 19 20 21 22 23 23 24 18 19 19 20 21 22 23 23 25 25 18 19 19 20 21 22 23 23 25 25 24 18 19 19 20 21 22 23 23 25 25 25 25 18 19 19 20 21 22 23 23 25 25 25 25 24
0 0 1 2 3 3 4 5 5 6 7 8 8 9 10 11 12 13 14 15 16 11 13 12 14 15 16 17 18 19 19 20 21 22 23 23 18 19 19 20 21 22 23 23 24 25 26 26 27 28 29 30 30 31 31 25 26 26 27 28 29 30 30 31 31 32 25 26 26 27 28 29 30 30 31 31 32 32 25 26 26 27 28 29 30 30 31 31 32 32 32
0 0 1 2 3 3 4 5 5 6 7 8 9 10 11 7 9 8 10 11 12 13 14 14 15 16 17 17 13 14 14 15 16 17 17 18 13 14 14 15 16 17 17 19 19 13 14 14 15 16 17 17 19 19 18 20 21 21 22 23 24 24 25 25 25 25 20 21 21 22 23 24 24 25 25 25 25 26 20 21 21 22 23 24 24 25 25 25 25 26 26
0 0 1 2 3 3 4 5 6 7 4 5 6 7 8 4 6 5 7 9 9 4 6 5 7 9 9 8 10 11 11 12 13 13 13 13 10 11 11 12 13 13 13 13 14 10 11 11 12 13 13 13 13 15 16 10 11 11 12 13 13 13 13 15 16 16 10 11 11 12 13 13 13 13 16 15 14 15 10 11 11 12 13 13 13 13 16 15 15 14 16
0 0 1 2 3 3 4 5 6 7 4 6 5 7 8 9 10 10 11 12 12 9 10 10 11 12 12 13 9 10 10 11 12 12 14 15 9 10 10 11 12 12 14 15 15 9 10 10 11 12 12 14 15 15 15 9 10 10 11 12 12 15 14 13 14 14 9 10 10 11 12 12 15 14 14 13 14 15 9 10 10 11 12 12 15 14 14 14 13 15 15
0 0 1 2 3 4 2 3 4 5 2 3 4 6 6 2 3 4 6 6 5 2 4 3 7 8 7 8 2 4 3 7 8 8 7 6 2 4 3 8 7 7 8 6 5 2 4 3 8 7 8 7 5 6 6 9 10 10 11 11 11 11 11 11 11 11 9 10 10 11 11 11 11 11 11 11 11 12 9 10 10 11 11 11 11 11 11 11 11 12 12
0 0 1 2 3 4 2 3 4 5 2 3 4 6 6 2 3 4 6 6 5 2 4 3 7 8 9 9 2 4 3 9 9 7 8 6 2 4 3 9 9 8 7 6 5 2 4 3 8 7 9 9 5 6 6 10 11 11 12 12 12 12 12 12 12 12 10 11 11 12 12 12 12 12 12 12 12 13 10 11 11 12 12 12 12 12 12 12 12 13 13
0 0 1 2 3 4 2 3 4 5 2 3 4 6 7 2 3 4 7 6 5 2 4 3 8 9 9 8 2 4 3 8 9 9 8 7 2 4 3 9 8 8 9 5 6 2 4 3 9 8 8 9 6 5 7 10 11 11 12 12 12 12 12 12 12 12 10 11 11 12 12 12 12 12 12 12 12 13 10 11 11 12 12 12 12 12 12 12 12 13 13
0 0 1 2 3 4 2 3 4 5 2 4 3 6 7 2 4 3 7 6 5 8 9 9 10 10 10 10 8 9 9 10 10 10 10 11 8 9 9 10 10 10 10 12 13 8 9 9 10 10 10 10 13 12 11 14 15 15 16 16 16 16 17 17 17 17 14 15 15 16 16 16 16 17 17 17 17 18 14 15 15 16 16 16 16 17 17 17 17 18 18
0 0 1 2 3 4 2 3 4 5 2 4 3 6 7 2 4 3 7 6 5 8 9 10 11 11 12 12 8 9 10 11 11 12 12 13 8 10 9 12 12 11 11 14 14 8 10 9 12 12 11 11 14 14 13 15 16 16 17 17 17 17 18 18 18 18 15 16 16 17 17 17 17 18 18 18 18 19 15 16 16 17 17 17 17 18 18 18 18 19 19
0 0 1 2 3 4 2 4 3 1 3 2 2 0 0 4 2 2 0 0 1 1 0 0 2 2 4 3 5 6 6 6 6 5 5 5 5 6 6 6 6 5 5 5 7 5 6 6 6 6 5 5 5 7 7 6 5 5 5 5 6 6 6 8 9 9 6 5 5 5 5 6 6 6 9 8 9 7 6 5 5 5 5 6 6 6 9 9 8 7 7
0 0 1 2 3 4 2 4 3 5 6 7 7 8 8 6 7 7 8 8 9 10 11 11 12 12 13 13 10 11 11 12 12 13 13 14 10 11 11 12 12 13 13 15 16 10 11 11 12 12 13 13 16 15 14 17 18 18 19 19 20 20 21 21 21 21 17 18 18 19 19 20 20 21 21 21 21 22 17 18 18 19 19 20 20 21 21 21 21 22 22
0 0 1 2 3 4 2 4 3 5 6 7 7 8 8 6 7 7 8 8 9 10 11 11 12 12 13 13 10 11 11 12 12 13 13 14 15 16 16 17 17 18 18 19 19 15 16 16 17 17 18 18 19 19 20 21 22 22 23 23 24 24 25 25 26 26 21 22 22 23 23 24 24 25 25 26 26 27 21 22 22 23 23 24 24 25 25 26 26 27 27
0 0 1 2 3 4 2 4 3 5 6 7 7 8 8 6 7 7 8 8 9 10 11 12 13 14 15 15 10 11 12 13 14 15 15 16 10 12 11 14 13 15 15 17 17 10 12 11 14 13 15 15 17 17 16 18 19 19 20 20 21 21 22 22 22 22 18 19 19 20 20 21 21 22 22 22 22 23 18 19 19 20 20 21 21 22 22 22 22 23 23
0 0 1 2 3 4 2 4 3 5 6 7 7 8 8 9 10 11 12 13 14 9 10 11 12 13 14 15 9 11 10 13 12 14 16 17 9 11 10 13 12 14 17 16 15 18 19 19 20 20 21 22 22 22 22 18 19 19 20 20 21 22 22 22 22 23 18 19 19 20 20 21 22 22 22 22 23 23 18 19 19 20 20 21 22 22 22 22 23 23 23
0 0 1 2 3 4 2 4 3 5 6 7 7 8 8 9 10 11 12 13 14 9 11 10 13 12 14 15 16 17 17 18 18 19 20 20 16 17 17 18 18 19 20 20 21 16 17 17 18 18 19 20 20 22 22 16 17 17 18 18 19 20 20 22 22 21 16 17 17 18 18 19 20 20 22 22 22 22 16 17 17 18 18 19 20 20 22 22 22 22 21
0 0 1 2 3 4 2 4 3 5 6 7 7 8 8 9 10 11 12 13 14 9 11 10 13 12 14 15 16 17 17 18 18 19 20 20 16 17 17 18 18 19 20 20 21 22 23 23 24 24 25 26 26 27 27 22 23 23 24 24 25 26 26 27 27 28 22 23 23 24 24 25 26 26 27 27 28 28 22 23 23 24 24 25 26 26 27 27 28 28 28
0 0 1 2 3 4 2 4 3 5 6 7 8 9 10 6 8 7 10 9 11 12 13 13 14 14 15 15 12 13 13 14 14 15 15 16 12 13 13 14 14 15 15 17 17 12 13 13 14 14 15 15 17 17 16 18 19 19 20 20 21 21 22 22 22 22 18 19 19 20 20 21 21 22 22 22 22 23 18 19 19 20 20 21 21 22 22 22 22 23 23
0 1 1 1 1 0 1 1 1 1 1 1 1 1 0 2 2 2 2 2 2 2 2 2 2 2 2 3 2 2 2 2 2 2 4 5 2 2 2 2 2 2 5 4 3 6 7 6 7 6 7 8 8 8 8 6 7 7 6 7 6 8 8 8 8 9 7 6 6 7 7 6 8 8 8 8 9 9 7 6 7 6 6 7 8 8 8 8 9 9 9
0 1 1 1 1 0 1 1 1 1 1 1 1 1 0 2 2 2 2 2 2 2 2 2 2 2 2 3 4 4 4 4 4 4 5 5 4 4 4 4 4 4 5 5 6 7 8 7 8 7 8 9 9 10 10 7 8 8 7 8 7 9 9 10 10 11 8 7 7 8 8 7 9 9 10 10 11 11 8 7 8 7 7 8 9 9 10 10 11 11 11
0 1 1 1 1 0 2 2 3 3 3 3 2 2 4 5 6 7 8 9 10 7 8 6 5 10 9 11 8 7 5 6 10 9 11 12 6 5 8 7 9 10 12 11 11 13 13 13 13 14 14 15 15 15 15 13 13 13 13 14 14 15 15 15 15 16 13 13 13 13 14 14 15 15 15 15 16 16 13 13 13 13 14 14 15 15 15 15 16 16 16
0 1 1 1 1 0 2 3 2 3 2 3 3 2 4 3 2 2 3 4 5 3 2 3 2 5 4 4 6 6 6 6 7 7 7 7 6 6 6 6 7 7 7 7 8 6 6 6 6 7 7 7 7 9 10 6 6 6 6 7 7 7 7 9 10 10 6 6 6 6 7 7 7 7 10 9 8 9 6 6 6 6 7 7 7 7 10 9 9 8 10
0 1 1 1 1 0 2 3 4 4 4 4 2 3 5 4 4 3 2 5 6 3 2 4 4 6 5 5 7 7 7 7 8 8 8 8 7 7 7 7 8 8 8 8 9 7 7 7 7 8 8 8 8 10 11 7 7 7 7 8 8 8 8 10 11 11 7 7 7 7 8 8 8 8 11 10 9 10 7 7 7 7 8 8 8 8 11 10 10 9 11
0 1 1 1 1 2 1 1 2 3 1 1 4 3 3 1 1 5 6 6 5 1 1 5 6 6 5 4 1 1 6 5 6 6 2 3 1 1 6 5 6 6 3 2 4 1 1 6 6 5 6 2 3 3 2 1 1 6 6 5 6 3 2 2 3 4 1 1 3 2 4 2 6 6 6 6 5 5 1 1 3 4 2 2 6 6 5 5 6 6 3
0 1 1 1 1 2 1 1 3 4 1 1 3 4 3 1 1 3 4 5 4 1 1 3 4 4 5 3 1 1 5 5 3 4 3 4 1 1 5 5 4 3 4 3 2 1 1 4 3 2 4 5 3 4 3 1 1 4 3 3 5 4 2 3 4 4 1 1 4 3 5 3 2 4 4 3 5 3 1 1 4 3 4 2 3 5 3 4 3 5 4
0 1 1 1 1 2 1 1 3 4 1 1 3 4 5 1 1 6 4 4 4 1 1 6 4 4 4 5 1 1 7 5 4 4 4 4 1 1 5 7 3 3 6 6 2 1 1 4 3 6 6 2 7 3 4 1 1 4 3 6 6 7 2 3 4 5 1 1 4 6 2 7 3 3 6 4 4 4 1 1 4 6 7 2 3 3 6 4 4 4 5
0 1 1 1 1 2 1 1 3 4 1 1 4 3 2 5 5 6 6 6 6 5 5 6 6 6 6 7 8 8 9 10 10 9 11 11 8 8 9 10 10 9 11 11 12 8 8 9 10 10 9 11 11 12 12 8 8 10 9 9 10 11 11 13 14 14 8 8 10 9 9 10 11 11 14 13 14 12 8 8 10 9 9 10 11 11 14 14 13 12 12
0 1 1 1 1 2 3 3 4 4 3 3 4 4 5 3 3 4 4 5 6 3 3 4 4 6 5 5 7 7 8 8 9 10 10 9 7 7 8 8 9 10 10 9 11 7 7 8 8 9 10 10 9 11 11 7 7 8 8 10 9 9 10 12 13 14 7 7 8 8 10 9 9 10 13 14 12 11 7 7 8 8 10 9 9 10 14 12 13 11 11
0 1 1 1 1 2 3 3 4 4 3 3 4 4 5 3 3 4 4 6 6 3 3 4 4 6 6 5 7 8 9 9 10 10 10 10 7 8 9 9 10 10 10 10 11 7 8 9 9 10 10 10 10 11 11 8 7 9 9 10 10 10 10 12 13 14 8 7 9 9 10 10 10 10 13 14 12 11 8 7 9 9 10 10 10 10 14 12 13 11 11
0 1 1 1 1 2 3 3 4 4 3 3 4 4 5 3 3 4 4 6 7 3 3 4 4 7 6 5 8 8 9 9 10 10 10 10 8 8 9 9 10 10 10 10 11 8 8 9 9 10 10 10 10 12 13 8 8 9 9 10 10 10 10 14 13 13 8 8 9 9 10 10 10 10 13 12 14 11 8 8 9 9 10 10 10 10 13 14 11 12 13
0 1 1 1 1 2 3 3 4 4 3 3 4 4 5 3 3 4 4 6 7 3 3 4 4 7 6 5 8 9 10 10 11 11 11 11 8 9 10 10 11 11 11 11 12 8 9 10 10 11 11 11 11 12 12 9 8 10 10 11 11 11 11 13 14 14 9 8 10 10 11 11 11 11 14 13 14 12 9 8 10 10 11 11 11 11 14 14 13 12 12
0 1 1 1 1 2 3 3 4 4 3 3 4 4 5 6 6 7 7 8 8 6 6 7 7 8 8 9 10 10 11 11 12 12 13 13 10 10 11 11 12 12 13 13 14 10 10 11 11 12 12 13 13 15 16 10 10 11 11 12 12 13 13 17 16 16 10 10 11 11 12 12 13 13 16 15 17 14 10 10 11 11 12 12 13 13 16 17 14 15 16
0 1 1 1 1 2 3 3 4 4 3 3 4 4 5 6 6 7 7 8 8 6 6 7 7 8 8 9 10 11 12 12 13 13 14 14 10 11 12 12 13 13 14 14 15 10 11 12 12 13 13 14 14 15 15 11 10 12 12 13 13 14 14 16 17 17 11 10 12 12 13 13 14 14 17 16 17 15 11 10 12 12 13 13 14 14 17 17 16 15 15
0 1 1 1 1 2 3 3 4 4 3 3 4 4 5 6 7 8 9 10 11 6 7 9 8 11 10 12 7 6 8 9 11 10 13 14 7 6 9 8 10 11 14 13 12 15 15 16 16 17 17 18 18 18 18 15 15 16 16 17 17 18 18 18 18 19 15 15 16 16 17 17 18 18 18 18 19 19 15 15 16 16 17 17 18 18 18 18 19 19 19
0 1 1 1 1 2 3 3 4 5 3 3 5 4 6 7 7 8 9 10 11 7 7 9 8 11 10 12 13 14 15 15 16 16 17 17 14 13 15 15 16 16 17 17 18 19 19 20 20 21 21 22 22 23 23 19 19 20 20 21 21 22 22 23 23 24 19 19 20 20 21 21 22 22 23 23 24 24 19 19 20 20 21 21 22 22 23 23 24 24 24
0 1 1 1 1 2 3 3 4 5 3 3 5 4 6 7 8 9 10 11 12 7 8 10 9 12 11 13 8 7 9 10 11 12 14 15 8 7 10 9 12 11 15 14 13 16 16 17 17 18 18 19 19 19 19 16 16 17 17 18 18 19 19 19 19 20 16 16 17 17 18 18 19 19 19 19 20 20 16 16 17 17 18 18 19 19 19 19 20 20 20
0 1 1 1 1 2 3 4 5 5 3 4 5 5 6 4 3 5 5 7 7 4 3 5 5 7 7 6 8 8 9 9 10 10 10 10 8 8 9 9 10 10 10 10 11 8 8 9 9 10 10 10 10 12 13 8 8 9 9 10 10 10 10 14 13 13 8 8 9 9 10 10 10 10 13 12 14 11 8 8 9 9 10 10 10 10 13 14 11 12 13
0 1 1 1 1 2 3 4 5 5 3 4 5 5 6 4 3 5 5 7 7 4 3 5 5 7 7 6 8 8 9 10 11 11 11 11 8 8 9 10 11 11 11 11 12 8 8 9 10 11 11 11 11 12 12 8 8 10 9 11 11 11 11 13 14 14 8 8 10 9 11 11 11 11 14 13 14 12 8 8 10 9 11 11 11 11 14 14 13 12 12
0 1 1 1 1 2 3 4 5 5 3 4 5 5 6 4 3 5 5 7 7 4 3 5 5 7 7 6 8 9 10 10 11 11 12 12 8 9 10 10 11 11 12 12 13 8 9 10 10 11 11 12 12 13 13 9 8 10 10 12 12 11 11 14 15 15 9 8 10 10 12 12 11 11 15 14 15 13 9 8 10 10 12 12 11 11 15 15 14 13 13
0 1 1 1 1 2 3 4 5 5 3 4 5 5 6 4 3 5 5 7 8 4 3 5 5 8 7 6 9 9 10 10 11 11 11 11 9 9 10 10 11 11 11 11 12 9 9 10 10 11 11 11 11 13 14 9 9 10 10 11 11 11 11 13 14 14 9 9 10 10 11 11 11 11 14 13 12 13 9 9 10 10 11 11 11 11 14 13 13 12 14
0 1 1 1 1 2 3 4 5 5 4 3 5 5 6 7 7 8 9 10 10 7 7 8 9 10 10 11 7 7 8 9 10 10 11 11 7 7 8 9 10 10 11 11 11 7 7 9 8 10 10 12 13 13 13 7 7 9 8 10 10 13 12 13 13 11 7 7 9 8 10 10 13 13 12 13 11 11 7 7 9 8 10 10 13 13 13 12 11 11 11
0 1 2 1 2 3 1 2 4 4 1 2 4 4 3 1 2 4 4 4 4 1 2 4 4 4 4 3 2 1 5 6 7 7 7 7 2 1 6 5 7 7 7 7 3 2 1 7 7 5 6 7 7 4 4 2 1 7 7 6 5 7 7 4 4 3 2 1 7 7 7 7 5 6 4 4 4 4 2 1 7 7 7 7 6 5 4 4 4 4 3
0 1 2 1 2 3 1 2 4 5 1 2 5 4 3 6 7 8 9 9 8 6 7 8 9 9 8 10 6 7 8 9 9 8 10 10 6 7 8 9 9 8 10 10 10 6 7 9 8 8 9 11 12 12 12 6 7 9 8 8 9 12 11 12 12 10 6 7 9 8 8 9 12 12 11 12 10 10 6 7 9 8 8 9 12 12 12 11 10 10 10
0 1 2 1 2 3 1 2 4 5 1 2 6 7 7 1 2 6 7 7 5 1 2 6 7 7 7 7 1 2 6 7 7 7 7 5 1 2 5 4 3 6 6 6 6 1 2 7 6 6 3 4 6 6 7 1 2 7 6 6 4 3 6 6 7 5 1 2 7 6 6 6 6 3 4 7 7 7 1 2 7 6 6 6 6 4 3 7 7 7 5
0 1 2 1 2 3 2 1 4 5 2 1 5 4 3 6 6 7 8 8 7 6 6 7 8 8 7 9 6 6 7 8 8 7 9 9 6 6 7 8 8 7 9 9 9 6 6 8 7 7 8 10 11 11 11 6 6 8 7 7 8 11 10 11 11 9 6 6 8 7 7 8 11 11 10 11 9 9 6 6 8 7 7 8 11 11 11 10 9 9 9
0 1 2 1 2 3 2 1 4 5 2 1 5 4 3 6 7 8 8 9 9 6 7 8 8 9 9 10 6 7 8 8 9 9 10 10 6 7 8 8 9 9 10 10 10 7 6 9 9 8 8 11 12 12 12 7 6 9 9 8 8 12 11 12 12 10 7 6 9 9 8 8 12 12 11 12 10 10 7 6 9 9 8 8 12 12 12 11 10 10 10
0 1 2 1 2 3 4 3 2 2 3 4 1 1 0 2 1 0 4 1 2 2 1 4 0 1 2 3 5 5 5 5 5 5 5 5 5 5 5 5 5 5 5 5 6 5 5 5 5 5 5 5 5 7 8 5 5 5 5 5 5 5 5 9 8 8 5 5 5 5 5 5 5 5 8 7 9 6 5 5 5 5 5 5 5 5 8 9 6 7 8
0 1 2 1 2 3 4 3 2 2 3 4 1 1 0 2 1 0 4 1 2 2 1 4 0 1 2 3 5 6 6 6 6 5 5 5 5 6 6 6 6 5 5 5 7 5 6 6 6 6 5 5 5 7 7 6 5 5 5 5 6 6 6 8 9 9 6 5 5 5 5 6 6 6 9 8 9 7 6 5 5 5 5 6 6 6 9 9 8 7 7
0 1 2 1 2 3 4 5 6 6 4 5 6 6 7 4 5 6 6 7 8 4 5 6 6 8 7 7 9 10 11 11 12 13 13 12 9 10 11 11 12 13 13 12 14 9 10 11 11 12 13 13 12 14 14 9 10 11 11 13 12 12 13 15 16 16 9 10 11 11 13 12 12 13 16 15 16 14 9 10 11 11 13 12 12 13 16 16 15 14 14
0 1 2 1 2 3 4 5 6 6 4 5 6 6 7 4 5 6 6 8 8 4 5 6 6 8 8 7 9 10 11 11 12 12 12 12 9 10 11 11 12 12 12 12 13 9 10 11 11 12 12 12 12 14 15 9 10 11 11 12 12 12 12 16 15 15 9 10 11 11 12 12 12 12 15 14 16 13 9 10 11 11 12 12 12 12 15 16 13 14 15
0 1 2 1 2 3 4 5 6 6 4 5 6 6 7 4 5 6 6 8 8 4 5 6 6 8 8 7 9 10 11 12 13 13 13 13 9 10 11 12 13 13 13 13 14 9 10 11 12 13 13 13 13 14 14 9 10 12 11 13 13 13 13 15 16 16 9 10 12 11 13 13 13 13 16 15 16 14 9 10 12 11 13 13 13 13 16 16 15 14 14
0 1 2 1 2 3 4 5 6 6 4 5 6 6 7 4 5 6 6 8 9 4 5 6 6 9 8 7 10 11 12 12 13 13 13 13 10 11 12 12 13 13 13 13 14 10 11 12 12 13 13 13 13 15 16 10 11 12 12 13 13 13 13 15 16 16 10 11 12 12 13 13 13 13 16 15 14 15 10 11 12 12 13 13 13 13 16 15 15 14 16
0 1 2 1 2 3 4 5 6 6 4 5 6 6 7 8 9 10 10 11 11 8 9 10 10 11 11 12 13 14 15 15 16 16 17 17 13 14 15 15 16 16 17 17 18 13 14 15 15 16 16 17 17 19 20 13 14 15 15 16 16 17 17 19 20 20 13 14 15 15 16 16 17 17 20 19 18 19 13 14 15 15 16 16 17 17 20 19 19 18 20
0 1 2 1 2 3 4 5 6 6 4 5 6 6 7 8 9 10 11 12 12 8 9 10 11 12 12 13 8 9 10 11 12 12 13 13 8 9 10 11 12 12 13 13 13 8 9 11 10 12 12 14 15 15 15 8 9 11 10 12 12 15 14 15 15 13 8 9 11 10 12 12 15 15 14 15 13 13 8 9 11 10 12 12 15 15 15 14 13 13 13
0 1 2 1 3 1 2 1 3 0 3 1 0 2 1 4 4 4 4 4 4 4 4 4 4 4 4 5 6 7 8 7 6 8 9 9 6 7 8 7 6 8 9 9 10 8 8 7 6 7 6 9 9 11 11 8 8 7 6 7 6 9 9 11 11 10 7 6 6 8 8 7 9 9 11 11 11 11 7 6 6 8 8 7 9 9 11 11 11 11 10
0 1 2 2 1 0 3 3 3 3 3 3 3 3 4 3 3 3 3 5 5 3 3 3 3 5 5 4 6 7 7 6 8 8 8 8 6 7 7 6 8 8 8 8 9 6 7 7 6 8 8 8 8 9 9 7 6 6 7 8 8 8 8 10 11 12 7 6 6 7 8 8 8 8 11 12 10 9 7 6 6 7 8 8 8 8 12 10 11 9 9
0 1 2 2 1 0 3 3 3 3 3 3 3 3 4 3 3 3 3 5 6 3 3 3 3 6 5 4 7 7 7 7 8 8 8 8 7 7 7 7 8 8 8 8 9 7 7 7 7 8 8 8 8 10 11 7 7 7 7 8 8 8 8 12 11 11 7 7 7 7 8 8 8 8 11 10 12 9 7 7 7 7 8 8 8 8 11 12 9 10 11
0 1 2 2 1 0 3 3 3 3 3 3 3 3 4 3 3 3 3 5 6 3 3 3 3 6 5 4 7 8 8 7 9 9 9 9 7 8 8 7 9 9 9 9 10 7 8 8 7 9 9 9 9 10 10 8 7 7 8 9 9 9 9 11 12 12 8 7 7 8 9 9 9 9 12 11 12 10 8 7 7 8 9 9 9 9 12 12 11 10 10
0 1 2 2 1 0 3 4 3 4 3 4 3 4 5 4 3 4 3 6 6 4 3 4 3 6 6 5 7 8 8 7 9 9 9 9 7 8 8 7 9 9 9 9 10 7 8 8 7 9 9 9 9 10 10 8 7 7 8 9 9 9 9 11 12 12 8 7 7 8 9 9 9 9 12 11 12 10 8 7 7 8 9 9 9 9 12 12 11 10 10
0 1 2 2 1 0 3 4 4 3 3 4 4 3 5 4 3 3 4 6 6 4 3 3 4 6 6 5 7 7 7 7 8 8 8 8 7 7 7 7 8 8 8 8 9 7 7 7 7 8 8 8 8 10 11 7 7 7 7 8 8 8 8 12 11 11 7 7 7 7 8 8 8 8 11 10 12 9 7 7 7 7 8 8 8 8 11 12 9 10 11
0 1 2 2 1 0 3 4 4 3 3 4 4 3 5 4 3 3 4 6 6 4 3 3 4 6 6 5 7 8 8 7 9 9 10 10 7 8 8 7 9 9 10 10 11 7 8 8 7 9 9 10 10 11 11 8 7 7 8 10 10 9 9 12 13 13 8 7 7 8 10 10 9 9 13 12 13 11 8 7 7 8 10 10 9 9 13 13 12 11 11
0 1 2 2 1 0 3 4 4 3 3 4 4 3 5 4 3 3 4 6 7 4 3 3 4 7 6 5 8 8 8 8 9 9 9 9 8 8 8 8 9 9 9 9 10 8 8 8 8 9 9 9 9 11 12 8 8 8 8 9 9 9 9 11 12 12 8 8 8 8 9 9 9 9 12 11 10 11 8 8 8 8 9 9 9 9 12 11 11 10 12
0 1 2 2 1 0 3 4 4 3 4 3 3 4 5 6 7 8 9 10 11 9 8 7 6 10 11 12 8 9 6 7 11 10 13 14 7 6 9 8 11 10 14 13 12 15 15 15 15 16 16 17 17 17 17 15 15 15 15 16 16 17 17 17 17 18 15 15 15 15 16 16 17 17 17 17 18 18 15 15 15 15 16 16 17 17 17 17 18 18 18
0 1 2 2 1 3 4 4 5 5 4 4 5 5 6 4 4 5 5 6 7 4 4 5 5 7 6 6 8 8 9 9 10 11 11 10 8 8 9 9 10 11 11 10 12 8 8 9 9 10 11 11 10 12 12 8 8 9 9 11 10 10 11 13 14 14 8 8 9 9 11 10 10 11 14 13 14 12 8 8 9 9 11 10 10 11 14 14 13 12 12
0 1 2 2 1 3 4 4 5 5 4 4 5 5 6 4 4 5 5 7 7 4 4 5 5 7 7 6 8 8 9 9 10 10 10 10 8 8 9 9 10 10 10 10 11 8 8 9 9 10 10 10 10 12 13 8 8 9 9 10 10 10 10 14 13 13 8 8 9 9 10 10 10 10 13 12 14 11 8 8 9 9 10 10 10 10 13 14 11 12 13
0 1 2 2 1 3 4 4 5 5 4 4 5 5 6 4 4 5 5 7 7 4 4 5 5 7 7 6 8 9 10 11 12 12 12 12 8 9 10 11 12 12 12 12 13 8 9 10 11 12 12 12 12 13 13 9 8 11 10 12 12 12 12 14 15 15 9 8 11 10 12 12 12 12 15 14 15 13 9 8 11 10 12 12 12 12 15 15 14 13 13
0 1 2 2 1 3 4 4 5 5 4 4 5 5 6 4 4 5 5 7 8 4 4 5 5 8 7 6 9 9 10 10 11 11 11 11 9 9 10 10 11 11 11 11 12 9 9 10 10 11 11 11 11 13 14 9 9 10 10 11 11 11 11 13 14 14 9 9 10 10 11 11 11 11 14 13 12 13 9 9 10 10 11 11 11 11 14 13 13 12 14
0 1 2 2 1 3 4 4 5 5 4 4 5 5 6 7 7 8 8 9 9 7 7 8 8 9 9 10 11 11 12 12 13 13 14 14 11 11 12 12 13 13 14 14 15 11 11 12 12 13 13 14 14 16 17 11 11 12 12 13 13 14 14 16 17 17 11 11 12 12 13 13 14 14 17 16 15 16 11 11 12 12 13 13 14 14 17 16 16 15 17
0 1 2 2 1 3 4 4 5 5 4 4 5 5 6 7 8 9 10 11 11 7 8 9 10 11 11 12 7 8 9 10 11 11 12 12 7 8 9 10 11 11 12 12 12 8 7 10 9 11 11 13 14 14 14 8 7 10 9 11 11 14 13 14 14 12 8 7 10 9 11 11 14 14 13 14 12 12 8 7 10 9 11 11 14 14 14 13 12 12 12
0 1 2 2 1 3 4 5 6 7 4 5 6 7 8 5 4 7 6 9 9 5 4 7 6 9 9 8 10 10 11 11 12 12 12 12 10 10 11 11 12 12 12 12 13 10 10 11 11 12 12 12 12 14 15 10 10 11 11 12 12 12 12 14 15 15 10 10 11 11 12 12 12 12 15 14 13 14 10 10 11 11 12 12 12 12 15 14 14 13 15
0 1 2 2 1 3 4 5 6 7 5 4 7 6 8 9 9 10 10 11 11 9 9 10 10 11 11 12 9 9 10 10 11 11 13 14 9 9 10 10 11 11 13 14 14 9 9 10 10 11 11 13 14 14 14 9 9 10 10 11 11 14 13 12 13 13 9 9 10 10 11 11 14 13 13 12 13 14 9 9 10 10 11 11 14 13 13 13 12 14 14
0 1 2 2 1 3 4 5 6 7 5 4 7 6 8 9 10 11 12 13 14 9 10 11 12 13 14 15 10 9 12 11 14 13 16 17 10 9 12 11 14 13 17 16 15 18 18 19 19 20 20 21 21 21 21 18 18 19 19 20 20 21 21 21 21 22 18 18 19 19 20 20 21 21 21 21 22 22 18 18 19 19 20 20 21 21 21 21 22 22 22
0 1 2 2 1 3 4 5 6 7 5 4 7 6 8 9 10 11 12 13 14 10 9 12 11 14 13 15 16 16 17 17 18 18 19 19 16 16 17 17 18 18 19 19 20 16 16 17 17 18 18 19 19 21 21 16 16 17 17 18 18 19 19 21 21 20 16 16 17 17 18 18 19 19 21 21 21 21 16 16 17 17 18 18 19 19 21 21 21 21 20
0 1 2 2 1 3 4 5 6 7 5 4 7 6 8 9 10 11 12 13 14 10 9 12 11 14 13 15 16 16 17 17 18 18 19 19 16 16 17 17 18 18 19 19 20 21 21 22 22 23 23 24 24 25 25 21 21 22 22 23 23 24 24 25 25 26 21 21 22 22 23 23 24 24 25 25 26 26 21 21 22 22 23 23 24 24 25 25 26 26 26
0 1 2 3 2 4 5 4 2 2 4 5 3 1 0 2 1 5 0 3 2 2 3 0 5 1 2 4 6 6 6 6 6 6 6 6 6 6 6 6 6 6 6 6 7 6 6 6 6 6 6 6 6 8 9 6 6 6 6 6 6 6 6 8 9 9 6 6 6 6 6 6 6 6 9 8 7 8 6 6 6 6 6 6 6 6 9 8 8 7 9
0 1 2 3 4 5 3 4 5 6 3 4 5 6 7 3 4 5 8 9 7 3 4 5 8 7 9 7 3 4 5 9 8 8 6 6 3 4 5 7 6 8 8 6 7 3 4 5 7 8 6 6 8 7 9 10 11 12 13 13 13 13 13 13 13 13 10 11 12 13 13 13 13 13 13 13 13 14 10 11 12 13 13 13 13 13 13 13 13 14 14
0 1 2 3 4 5 3 4 5 6 3 4 5 7 8 3 4 5 7 8 9 3 4 5 10 9 8 8 3 4 5 9 10 7 7 6 3 4 5 8 7 6 10 7 8 3 4 5 8 7 10 6 7 8 9 11 12 13 14 14 14 14 14 14 14 14 11 12 13 14 14 14 14 14 14 14 14 15 11 12 13 14 14 14 14 14 14 14 14 15 15
0 1 2 3 4 5 3 4 5 6 3 4 5 7 8 3 4 5 8 7 6 9 10 11 12 12 12 12 9 10 11 12 12 12 12 13 9 10 11 12 12 12 12 14 15 9 10 11 12 12 12 12 15 14 13 16 17 18 19 19 19 19 20 20 20 20 16 17 18 19 19 19 19 20 20 20 20 21 16 17 18 19 19 19 19 20 20 20 20 21 21
0 1 2 3 4 5 3 4 5 6 7 8 9 10 10 7 8 9 10 10 11 12 13 14 15 15 16 16 12 13 14 15 15 16 16 17 12 13 14 15 15 16 16 18 19 12 13 14 15 15 16 16 19 18 17 20 21 22 23 23 24 24 25 25 25 25 20 21 22 23 23 24 24 25 25 25 25 26 20 21 22 23 23 24 24 25 25 25 25 26 26
0 1 2 3 4 5 3 4 5 6 7 8 9 10 10 7 8 9 10 10 11 12 13 14 15 15 16 16 12 13 14 15 15 16 16 17 18 19 20 21 21 22 22 23 23 18 19 20 21 21 22 22 23 23 24 25 26 27 28 28 29 29 30 30 31 31 25 26 27 28 28 29 29 30 30 31 31 32 25 26 27 28 28 29 29 30 30 31 31 32 32
0 1 2 3 4 5 6 5 4 2 5 6 3 1 0 4 3 6 0 1 2 2 1 0 6 3 4 5 7 7 7 7 7 7 7 7 7 7 7 7 7 7 7 7 8 7 7 7 7 7 7 7 7 9 10 7 7 7 7 7 7 7 7 9 10 10 7 7 7 7 7 7 7 7 10 9 8 9 7 7 7 7 7 7 7 7 10 9 9 8 10
0 1 2 3 4 5 6 7 8 9 6 7 8 9 10 6 7 8 9 11 11 6 7 8 9 11 11 10 12 13 14 15 16 16 16 16 12 13 14 15 16 16 16 16 17 12 13 14 15 16 16 16 16 18 19 12 13 14 15 16 16 16 16 18 19 19 12 13 14 15 16 16 16 16 19 18 17 18 12 13 14 15 16 16 16 16 19 18 18 17 19
0 1 2 3 4 5 6 7 8 9 6 7 8 9 10 11 12 13 14 15 15 11 12 13 14 15 15 16 11 12 13 14 15 15 17 18 11 12 13 14 15 15 17 18 18 11 12 13 14 15 15 17 18 18 18 11 12 13 14 15 15 18 17 16 17 17 11 12 13 14 15 15 18 17 17 16 17 18 11 12 13 14 15 15 18 17 17 17 16 18 18
0 1 2 3 4 5 6 7 8 9 10 11 12 13 14 10 11 12 13 14 15 16 17 18 19 20 21 21 16 17 18 19 20 21 21 22 16 17 18 19 20 21 21 23 23 16 17 18 19 20 21 21 23 23 22 24 25 26 27 28 29 29 30 30 30 30 24 25 26 27 28 29 29 30 30 30 30 31 24 25 26 27 28 29 29 30 30 30 30 31 31
0 1 2 3 4 5 6 7 8 9 10 11 12 13 14 15 16 17 18 19 20 15 16 17 18 19 20 21 15 16 17 18 19 20 22 23 15 16 17 18 19 20 23 22 21 24 25 26 27 28 29 30 30 30 30 24 25 26 27 28 29 30 30 30 30 31 24 25 26 27 28 29 30 30 30 30 31 31 24 25 26 27 28 29 30 30 30 30 31 31 31
0 1 2 3 4 5 6 7 8 9 10 11 12 13 14 15 16 17 18 19 20 15 16 17 18 19 20 21 22 23 24 25 26 27 28 28 22 23 24 25 26 27 28 28 29 22 23 24 25 26 27 28 28 30 30 22 23 24 25 26 27 28 28 30 30 29 22 23 24 25 26 27 28 28 30 30 30 30 22 23 24 25 26 27 28 28 30 30 30 30 29
0 1 2 3 4 5 6 7 8 9 10 11 12 13 14 15 16 17 18 19 20 15 16 17 18 19 20 21 22 23 24 25 26 27 28 28 22 23 24 25 26 27 28 28 29 30 31 32 33 34 35 36 36 37 37 30 31 32 33 34 35 36 36 37 37 38 30 31 32 33 34 35 36 36 37 37 38 38 30 31 32 33 34 35 36 36 37 37 38 38 38
--- order 100 (x1) ---
0 1 2 3 4 5 6 7 8 9 6 7 8 9 10 6 7 8 9 10 11 6 7 8 9 11 10 11 6 7 8 9 11 11 10 10 12 13 14 15 16 16 16 16 16 12 13 14 15 16 16 16 16 16 17 12 13 14 15 16 16 16 16 16 17 18 12 13 14 15 16 16 16 16 16 18 17 18 12 13 14 15 16 16 16 16 16 18 18 17 17
--- order 108 (x3) ---
0 0 1 0 1 1 2 3 3 3 4 5 6 7 8 4 6 7 5 8 9 4 7 5 6 8 9 9 10 11 11 11 12 13 13 13 10 11 11 11 12 13 13 13 14 10 11 11 11 12 13 13 13 14 14 15 16 16 16 17 18 18 18 19 19 19 15 16 16 16 17 18 18 18 19 19 19 20 15 16 16 16 17 18 18 18 19 19 19 20 20
0 1 2 1 2 3 1 2 3 3 1 2 4 5 6 1 2 4 6 5 4 1 2 5 4 6 6 3 1 2 5 6 4 3 6 5 1 2 6 4 5 3 5 4 3 1 2 6 5 4 5 3 3 4 6 7 8 9 9 9 9 9 9 9 9 9 7 8 9 9 9 9 9 9 9 9 9 10 7 8 9 9 9 9 9 9 9 9 9 10 10
0 1 2 1 2 3 1 2 3 4 1 2 5 5 6 1 2 5 6 5 3 1 2 4 3 6 6 4 1 2 4 6 3 4 6 5 1 2 6 5 4 3 4 5 3 1 2 6 4 5 4 3 3 5 6 7 8 9 9 9 9 9 9 9 9 9 7 8 9 9 9 9 9 9 9 9 9 10 7 8 9 9 9 9 9 9 9 9 9 10 10
--- order 112 (x4) ---
0 0 1 2 3 3 2 3 3 4 2 3 3 4 5 2 3 3 6 6 5 2 3 3 6 5 6 4 2 3 3 5 4 6 5 4 2 3 3 5 6 4 4 5 6 7 8 8 9 9 9 9 9 9 9 7 8 8 9 9 9 9 9 9 9 10 7 8 8 9 9 9 9 9 9 9 11 12 7 8 8 9 9 9 9 9 9 9 12 11 10
0 0 1 2 3 3 2 3 3 4 2 3 3 4 5 2 3 3 6 6 5 2 3 3 6 5 6 4 2 3 3 5 4 6 5 4 2 3 3 5 6 4 4 5 6 7 8 9 10 10 10 10 10 10 10 7 8 9 10 10 10 10 10 10 10 11 7 9 8 10 10 10 10 10 10 10 12 12 7 9 8 10 10 10 10 10 10 10 12 12 11
0 0 1 2 3 3 2 3 3 4 5 6 6 7 7 5 6 6 7 7 8 5 6 6 7 7 8 9 5 6 6 7 7 10 10 9 5 6 6 7 7 10 9 10 8 5 6 6 7 7 9 8 10 9 8 5 6 6 7 7 9 10 8 8 9 10 11 12 12 13 13 14 14 14 14 14 14 14 11 12 12 13 13 14 14 14 14 14 14 14 15
0 1 2 3 4 5 3 4 5 6 3 4 5 6 7 3 4 5 8 8 7 3 4 5 8 7 8 6 3 4 5 7 6 8 7 6 3 4 5 7 8 6 6 7 8 9 10 11 12 12 12 12 12 12 12 9 10 11 12 12 12 12 12 12 12 13 9 10 11 12 12 12 12 12 12 12 14 14 9 10 11 12 12 12 12 12 12 12 14 14 13
--- order 120 (x15) ---
0 0 0 1 1 1 1 1 1 2 1 1 1 2 3 1 1 1 3 2 3 1 1 1 3 3 2 2 4 5 5 6 6 6 6 6 4 5 5 6 6 6 6 6 7 5 4 5 6 6 6 6 6 8 9 5 4 5 6 6 6 6 6 9 8 7 5 5 4 6 6 6 6 6 8 9 9 8 5 5 4 6 6 6 6 6 9 8 8 9 7
0 0 1 0 1 1 0 1 1 1 0 1 1 1 1 2 3 3 3 3 3 4 5 5 5 5 5 6 7 8 8 8 8 8 9 10 11 12 13 13 13 13 14 15 16 11 13 12 13 13 13 14 15 16 17 11 13 13 12 13 13 14 15 16 17 17 11 13 13 13 12 13 14 15 16 17 17 17 11 13 13 13 13 12 14 15 16 17 17 17 17
0 0 1 0 1 1 2 3 3 3 2 3 3 3 4 5 6 6 6 7 7 5 6 6 6 7 7 8 5 6 6 6 7 7 8 9 5 6 6 6 7 7 9 8 9 5 6 6 6 7 7 9 9 8 8 10 11 12 12 13 13 14 14 14 14 14 10 12 11 12 13 13 14 14 14 14 14 15 10 12 12 11 13 13 14 14 14 14 14 15 15
0 0 1 0 2 3 0 2 3 4 0 4 3 2 4 0 4 3 4 2 2 0 3 2 3 3 1 3 0 3 2 3 3 3 1 4 0 3 4 1 3 3 3 4 2 0 3 4 3 1 3 3 2 4 2 5 6 6 6 6 6 6 6 6 6 6 5 6 6 6 6 6 6 6 6 6 6 7 5 6 6 6 6 6 6 6 6 6 6 7 7
0 0 1 0 2 3 0 2 3 4 0 5 4 4 3 0 5 4 3 4 3 0 4 5 2 5 2 1 0 4 5 5 2 1 2 3 0 3 2 1 5 5 2 3 4 0 3 2 5 1 2 5 4 3 4 6 7 7 7 7 7 7 7 7 7 7 6 7 7 7 7 7 7 7 7 7 7 8 6 7 7 7 7 7 7 7 7 7 7 8 8
0 0 1 1 1 0 1 0 1 0 2 3 4 5 6 5 4 6 3 2 7 6 5 3 2 4 7 8 3 6 2 4 5 8 7 8 4 2 5 6 3 8 8 7 7 9 9 9 9 9 10 10 10 10 10 9 9 9 9 9 10 10 10 10 10 11 9 9 9 9 9 10 10 10 10 10 11 11 9 9 9 9 9 10 10 10 10 10 11 11 11
0 0 1 2 3 3 2 3 3 4 2 3 3 4 5 2 3 3 5 4 5 2 3 3 5 5 4 4 6 7 7 8 8 8 8 8 6 7 7 8 8 8 8 8 9 6 7 7 8 8 8 8 8 10 11 6 7 7 8 8 8 8 8 12 11 11 6 7 7 8 8 8 8 8 11 10 12 9 6 7 7 8 8 8 8 8 11 12 9 10 11
0 0 1 2 3 3 2 3 3 4 2 3 3 4 5 2 3 3 5 4 5 2 3 3 5 5 4 4 6 7 8 9 9 9 9 9 6 7 8 9 9 9 9 9 10 6 7 8 9 9 9 9 9 10 10 6 8 7 9 9 9 9 9 11 12 12 6 8 7 9 9 9 9 9 12 11 12 10 6 8 7 9 9 9 9 9 12 12 11 10 10
0 0 1 2 3 3 4 5 6 7 4 6 5 7 8 9 10 10 11 12 12 9 10 10 11 12 12 13 9 10 10 11 12 12 13 14 9 10 10 11 12 12 14 13 14 9 10 10 11 12 12 14 14 13 13 15 16 16 17 18 18 19 19 19 19 19 15 16 16 17 18 18 19 19 19 19 19 20 15 16 16 17 18 18 19 19 19 19 19 20 20
0 1 2 1 2 3 1 2 4 5 1 2 4 5 4 1 2 4 5 4 5 1 2 4 5 5 4 5 1 2 4 5 5 5 4 4 1 2 5 4 3 5 5 4 4 1 2 5 4 4 4 5 5 3 5 1 2 5 4 4 5 4 3 5 5 4 1 2 5 4 5 3 4 5 4 4 5 4 1 2 5 4 5 4 3 4 5 4 4 5 5
0 1 2 2 1 3 4 5 6 7 5 4 7 6 8 9 9 10 10 11 11 9 9 10 10 11 11 12 9 9 10 10 11 11 12 13 9 9 10 10 11 11 13 12 13 9 9 10 10 11 11 13 13 12 12 14 14 15 15 16 16 17 17 17 17 17 14 14 15 15 16 16 17 17 17 17 17 18 14 14 15 15 16 16 17 17 17 17 17 18 18
0 1 2 3 4 5 3 4 5 6 3 4 5 6 7 3 4 5 7 6 7 3 4 5 7 7 6 6 8 9 10 11 11 11 11 11 8 9 10 11 11 11 11 11 12 8 9 10 11 11 11 11 11 13 14 8 9 10 11 11 11 11 11 13 14 14 8 9 10 11 11 11 11 11 14 13 12 13 8 9 10 11 11 11 11 11 14 13 13 12 14
0 1 2 3 4 5 6 7 8 9 6 7 8 9 10 6 7 8 9 10 11 6 7 8 9 10 11 11 6 7 8 9 11 10 11 11 6 7 8 9 11 10 11 11 11 6 7 8 9 11 11 10 11 10 11 6 7 8 9 11 11 10 11 11 10 11 6 7 8 9 11 11 11 10 10 11 11 10 6 7 8 9 11 11 11 10 11 10 10 11 11
0 1 2 3 4 5 6 7 8 9 6 7 8 9 10 11 12 13 14 15 15 11 12 13 14 15 15 16 11 12 13 14 15 15 16 17 11 12 13 14 15 15 17 16 17 11 12 13 14 15 15 17 17 16 16 18 19 20 21 22 22 23 23 23 23 23 18 19 20 21 22 22 23 23 23 23 23 24 18 19 20 21 22 22 23 23 23 23 23 24 24
0 1 2 3 4 5 6 7 8 9 10 11 12 13 14 15 16 17 18 19 20 21 22 23 24 25 26 27 28 29 30 31 32 33 34 35 36 37 38 39 40 41 42 43 44 36 37 38 39 40 41 42 43 44 45 36 37 38 39 40 41 42 43 44 45 45 36 37 38 39 40 41 42 43 44 45 45 45 36 37 38 39 40 41 42 43 44 45 45 45 45
--- order 128 (x87) ---
0 0 1 0 1 2 0 2 1 1 3 4 4 4 4 5 6 6 6 6 7 5 6 6 6 6 7 8 5 6 6 6 6 7 9 10 5 6 6 6 6 7 10 9 8 11 12 13 13 12 14 15 15 15 15 11 12 13 13 12 14 15 15 15 15 16 11 13 12 12 13 14 15 15 15 15 17 17 11 13 12 12 13 14 15 15 15 15 17 17 16
0 0 1 0 1 2 0 2 1 1 3 4 4 4 4 5 6 6 6 6 7 5 6 6 6 6 7 8 9 10 11 11 10 12 13 13 9 10 11 11 10 12 13 13 14 9 11 10 10 11 12 13 13 15 15 9 11 10 10 11 12 13 13 15 15 14 16 17 17 17 17 18 19 19 20 20 20 20 16 17 17 17 17 18 19 19 20 20 20 20 21
0 0 1 0 1 2 0 2 1 1 3 4 5 5 4 3 4 5 5 4 6 3 4 5 5 4 7 8 3 4 5 5 4 8 7 6 3 5 4 4 5 9 9 9 9 3 5 4 4 5 9 9 9 9 6 3 5 4 4 5 9 9 9 9 7 8 3 5 4 4 5 9 9 9 9 8 7 6 10 11 11 11 11 12 12 12 12 12 12 12 12
0 0 1 0 1 2 0 2 1 1 3 4 5 5 4 3 4 5 5 4 6 3 5 4 4 5 7 7 3 5 4 4 5 7 7 6 8 9 10 10 9 11 11 12 12 8 9 10 10 9 11 11 12 12 13 8 10 9 9 10 12 12 11 11 14 14 8 10 9 9 10 12 12 11 11 14 14 13 15 16 16 16 16 17 17 17 17 18 18 18 18
0 0 1 0 2 2 0 2 2 1 3 4 5 4 5 3 4 5 4 5 6 3 4 5 5 4 7 7 3 4 5 5 4 7 7 6 3 5 4 4 5 7 7 8 8 3 5 4 4 5 7 7 8 8 6 3 5 4 5 4 8 8 7 7 7 7 3 5 4 5 4 8 8 7 7 7 7 6 9 10 10 10 10 11 11 11 11 11 11 11 11
0 0 1 0 2 2 0 2 2 1 3 4 5 6 6 3 4 5 6 6 7 3 6 6 4 5 8 8 3 6 6 4 5 8 8 7 3 6 6 5 4 8 8 9 9 3 6 6 5 4 8 8 9 9 7 3 5 4 6 6 9 9 8 8 8 8 3 5 4 6 6 9 9 8 8 8 8 7 10 11 11 11 11 12 12 12 12 12 12 12 12
0 0 1 0 2 3 0 3 2 1 4 5 5 5 5 6 7 8 8 7 9 6 7 8 8 7 9 10 6 8 7 7 8 9 11 11 6 8 7 7 8 9 11 11 10 12 13 13 13 13 14 15 15 15 15 12 13 13 13 13 14 15 15 15 15 16 12 13 13 13 13 14 15 15 15 15 17 17 12 13 13 13 13 14 15 15 15 15 17 17 16
0 0 1 0 2 3 0 3 2 1 4 5 6 6 5 4 5 6 6 5 7 4 5 6 6 5 8 8 4 5 6 6 5 8 8 7 4 6 5 5 6 9 9 10 10 4 6 5 5 6 9 9 10 10 7 4 6 5 5 6 10 10 9 9 8 8 4 6 5 5 6 10 10 9 9 8 8 7 11 12 12 12 12 13 13 13 13 13 13 13 13
0 0 1 1 0 0 2 2 2 2 2 2 2 2 3 4 4 4 4 5 6 4 4 4 4 5 6 7 4 4 4 4 6 5 8 9 4 4 4 4 6 5 9 8 7 10 11 11 10 12 12 13 13 13 13 10 11 11 10 12 12 13 13 13 13 14 11 10 10 11 12 12 13 13 13 13 15 15 11 10 10 11 12 12 13 13 13 13 15 15 14
0 0 1 1 0 0 2 2 2 2 2 2 2 2 3 4 4 4 4 5 6 4 4 4 4 6 5 7 8 9 9 8 10 10 11 11 8 9 9 8 10 10 11 11 12 9 8 8 9 10 10 11 11 13 13 9 8 8 9 10 10 11 11 13 13 12 14 14 14 14 15 15 16 16 17 17 17 17 14 14 14 14 15 15 16 16 17 17 17 17 18
0 0 1 1 0 0 2 2 3 3 2 2 3 3 4 2 3 2 3 5 5 2 3 2 3 5 5 4 3 2 3 2 5 5 6 6 3 2 3 2 5 5 6 6 4 3 3 2 2 6 6 5 5 5 5 3 3 2 2 6 6 5 5 5 5 4 7 8 8 7 9 9 9 9 9 9 9 9 8 7 7 8 9 9 9 9 9 9 9 9 10
0 0 1 1 0 0 2 3 3 2 2 3 3 2 4 2 3 3 2 5 5 2 3 3 2 5 5 4 3 2 2 3 6 7 6 7 3 2 2 3 6 7 7 6 5 3 2 2 3 7 6 6 7 5 4 3 2 2 3 7 6 7 6 4 5 5 8 8 8 8 9 9 9 9 9 9 9 9 8 8 8 8 9 9 9 9 9 9 9 9 10
0 0 1 1 0 0 2 3 3 2 2 3 3 2 4 2 3 3 2 5 5 2 3 3 2 5 5 4 3 2 2 3 6 7 8 8 3 2 2 3 8 8 6 7 5 3 2 2 3 8 8 7 6 5 4 3 2 2 3 7 6 8 8 4 5 5 9 9 9 9 10 10 10 10 10 10 10 10 9 9 9 9 10 10 10 10 10 10 10 10 11
0 0 1 1 0 0 2 3 3 2 2 3 3 2 4 2 3 3 2 5 6 2 3 3 2 6 5 4 3 2 2 3 7 8 8 7 3 2 2 3 7 8 8 7 6 3 2 2 3 8 7 7 8 4 5 3 2 2 3 8 7 7 8 5 4 6 9 9 9 9 10 10 10 10 10 10 10 10 9 9 9 9 10 10 10 10 10 10 10 10 11
0 0 1 2 3 3 4 5 5 6 4 5 5 6 7 4 5 5 6 7 8 4 5 5 6 9 10 10 4 5 5 6 9 10 10 8 4 5 5 6 8 7 7 9 9 4 5 5 6 10 9 9 7 7 10 4 5 5 6 10 9 9 7 7 10 8 11 12 13 14 15 15 15 15 15 15 15 15 11 13 12 14 15 15 15 15 15 15 15 15 16
0 0 1 2 3 3 4 5 5 6 4 5 5 6 7 8 9 10 11 12 12 8 9 10 11 12 12 13 8 10 9 11 12 12 14 14 8 10 9 11 12 12 14 14 13 15 16 16 17 18 18 19 19 19 19 15 16 16 17 18 18 19 19 19 19 20 15 16 16 17 18 18 19 19 19 19 21 21 15 16 16 17 18 18 19 19 19 19 21 21 20
0 0 1 2 3 3 4 5 5 6 7 8 9 10 11 7 8 9 10 11 12 7 8 9 10 11 13 13 7 8 9 10 11 13 13 12 7 9 8 10 11 14 14 14 14 7 9 8 10 11 14 14 14 14 12 7 9 8 10 11 14 14 14 14 13 13 7 9 8 10 11 14 14 14 14 13 13 12 15 16 16 17 18 19 19 19 19 19 19 19 19
0 0 1 2 3 3 4 5 6 7 4 5 6 7 8 4 5 6 7 9 9 4 5 6 7 9 9 8 4 6 5 7 10 10 11 11 4 6 5 7 10 10 11 11 8 4 6 5 7 11 11 10 10 9 9 4 6 5 7 11 11 10 10 9 9 8 12 13 13 14 15 15 15 15 15 15 15 15 12 13 13 14 15 15 15 15 15 15 15 15 16
0 0 1 2 3 3 4 5 6 7 4 6 5 7 8 9 10 10 11 12 12 9 10 10 11 12 12 13 9 10 10 11 12 12 14 14 9 10 10 11 12 12 14 14 13 15 16 16 17 18 18 19 19 19 19 15 16 16 17 18 18 19 19 19 19 20 15 16 16 17 18 18 19 19 19 19 21 21 15 16 16 17 18 18 19 19 19 19 21 21 20
0 0 1 2 3 4 2 4 3 5 6 7 8 9 10 6 7 8 9 10 11 6 7 8 9 10 12 12 6 7 8 9 10 12 12 11 6 8 7 10 9 13 13 13 13 6 8 7 10 9 13 13 13 13 11 6 8 7 10 9 13 13 13 13 12 12 6 8 7 10 9 13 13 13 13 12 12 11 14 15 15 16 16 17 17 17 17 17 17 17 17
0 1 1 1 1 0 2 2 2 2 2 2 2 2 3 4 5 4 5 6 6 4 5 5 4 6 6 7 5 4 4 5 6 6 7 8 5 4 5 4 6 6 8 7 7 9 9 9 9 10 10 11 11 11 11 9 9 9 9 10 10 11 11 11 11 12 9 9 9 9 10 10 11 11 11 11 13 13 9 9 9 9 10 10 11 11 11 11 13 13 12
0 1 1 1 1 0 2 2 2 2 2 2 2 2 3 4 5 6 6 7 7 6 6 4 5 7 7 8 6 6 5 4 7 7 8 9 5 4 6 6 7 7 9 8 8 10 10 10 10 11 11 12 12 12 12 10 10 10 10 11 11 12 12 12 12 13 10 10 10 10 11 11 12 12 12 12 14 14 10 10 10 10 11 11 12 12 12 12 14 14 13
0 1 1 1 1 0 2 2 3 3 3 3 2 2 4 5 6 7 7 8 9 5 6 7 7 8 9 10 7 7 5 6 9 8 11 11 7 7 5 6 9 8 11 11 10 7 7 6 5 9 8 11 11 12 12 7 7 6 5 9 8 11 11 12 12 10 6 5 7 7 8 9 12 12 11 11 11 11 6 5 7 7 8 9 12 12 11 11 11 11 10
0 1 1 1 1 0 2 3 4 5 2 3 4 5 6 4 5 3 2 7 7 4 5 3 2 7 7 6 5 4 2 3 7 7 8 8 5 4 2 3 7 7 8 8 6 3 2 5 4 8 8 7 7 7 7 3 2 5 4 8 8 7 7 7 7 6 9 9 9 9 10 10 10 10 10 10 10 10 9 9 9 9 10 10 10 10 10 10 10 10 11
0 1 1 1 1 2 1 1 2 3 1 1 4 5 3 1 1 4 3 5 3 1 1 5 4 4 2 2 1 1 3 2 4 4 2 3 1 1 3 4 2 2 4 3 5 6 6 7 7 7 7 7 7 7 7 6 6 7 7 7 7 7 7 7 7 8 6 6 7 7 7 7 7 7 7 7 9 10 6 6 7 7 7 7 7 7 7 7 10 9 8
0 1 1 1 1 2 1 1 2 3 1 1 4 5 3 1 1 4 3 5 3 1 1 5 4 4 2 2 1 1 3 2 4 4 2 3 1 1 3 4 2 2 4 3 5 6 7 8 8 8 8 8 8 8 8 6 7 8 8 8 8 8 8 8 8 9 7 6 8 8 8 8 8 8 8 8 10 10 7 6 8 8 8 8 8 8 8 8 10 10 9
0 1 1 1 1 2 1 1 3 3 1 1 3 3 2 4 5 6 7 6 7 4 5 6 7 6 7 8 4 5 7 6 7 6 9 9 4 5 7 6 7 6 9 9 8 5 4 6 7 7 6 10 10 10 10 5 4 6 7 7 6 10 10 10 10 8 5 4 7 6 6 7 10 10 10 10 9 9 5 4 7 6 6 7 10 10 10 10 9 9 8
0 1 1 1 1 2 1 1 3 4 1 1 3 4 5 1 1 6 5 4 4 1 1 5 6 3 3 2 1 1 4 3 2 6 3 4 1 1 4 3 6 2 3 4 5 7 7 8 8 8 8 8 8 8 8 7 7 8 8 8 8 8 8 8 8 9 7 7 8 8 8 8 8 8 8 8 10 11 7 7 8 8 8 8 8 8 8 8 11 10 9
0 1 1 1 1 2 1 1 3 4 1 1 3 4 5 1 1 6 5 4 4 1 1 5 6 3 3 2 1 1 4 3 2 6 3 4 1 1 4 3 6 2 3 4 5 7 8 9 9 9 9 9 9 9 9 7 8 9 9 9 9 9 9 9 9 10 8 7 9 9 9 9 9 9 9 9 11 11 8 7 9 9 9 9 9 9 9 9 11 11 10
0 1 1 1 1 2 1 1 3 4 1 1 4 3 2 1 1 5 5 5 5 1 1 5 5 5 5 2 1 1 5 5 5 5 3 4 1 1 5 5 5 5 4 3 2 6 7 8 8 8 8 8 8 8 8 6 7 8 8 8 8 8 8 8 8 9 7 6 8 8 8 8 8 8 8 8 10 11 7 6 8 8 8 8 8 8 8 8 11 10 9
0 1 1 1 1 2 1 1 3 4 1 1 4 3 2 5 5 6 6 6 6 5 5 6 6 6 6 7 5 5 6 6 6 6 8 9 5 5 6 6 6 6 9 8 7 10 10 11 11 11 11 12 12 12 12 10 10 11 11 11 11 12 12 12 12 13 10 10 11 11 11 11 12 12 12 12 14 15 10 10 11 11 11 11 12 12 12 12 15 14 13
0 1 1 1 1 2 1 1 3 4 1 1 4 3 2 5 5 6 6 6 6 5 5 6 6 6 6 7 5 5 6 6 6 6 8 9 5 5 6 6 6 6 9 8 7 10 11 12 12 12 12 13 13 13 13 10 11 12 12 12 12 13 13 13 13 14 11 10 12 12 12 12 13 13 13 13 15 15 11 10 12 12 12 12 13 13 13 13 15 15 14
0 1 1 1 1 2 1 1 3 4 1 1 4 3 2 5 5 6 7 7 6 5 5 6 7 7 6 8 5 5 7 6 6 7 9 9 5 5 7 6 6 7 9 9 8 10 11 12 12 12 12 13 13 13 13 10 11 12 12 12 12 13 13 13 13 14 11 10 12 12 12 12 13 13 13 13 15 15 11 10 12 12 12 12 13 13 13 13 15 15 14
0 1 1 1 1 2 1 1 3 4 1 1 5 4 6 1 1 7 6 4 4 1 1 6 7 5 3 2 1 1 4 3 7 2 5 4 1 1 4 5 2 7 3 4 6 8 8 9 9 9 9 9 9 9 9 8 8 9 9 9 9 9 9 9 9 10 8 8 9 9 9 9 9 9 9 9 11 11 8 8 9 9 9 9 9 9 9 9 11 11 10
0 1 1 1 1 2 1 1 3 4 1 1 5 6 7 1 1 8 7 6 4 1 1 7 8 5 3 2 1 1 6 5 8 2 3 4 1 1 4 3 2 8 5 6 7 9 9 10 10 10 10 10 10 10 10 9 9 10 10 10 10 10 10 10 10 11 9 9 10 10 10 10 10 10 10 10 12 12 9 9 10 10 10 10 10 10 10 10 12 12 11
0 1 1 1 1 2 3 3 4 4 3 3 4 4 5 3 3 4 4 5 6 3 3 4 4 7 8 6 3 3 4 4 7 6 8 6 3 3 4 4 8 7 7 5 5 3 3 4 4 6 5 7 7 5 6 3 3 4 4 6 7 5 5 7 6 8 9 9 10 10 11 11 11 11 11 11 11 11 9 9 10 10 11 11 11 11 11 11 11 11 12
0 1 1 1 1 2 3 3 4 4 3 3 4 4 5 3 3 4 4 6 7 3 3 4 4 6 7 8 3 3 4 4 9 8 7 7 3 3 4 4 8 9 6 6 5 3 3 4 4 7 6 5 9 6 7 3 3 4 4 7 6 9 5 6 7 8 10 10 11 11 12 12 12 12 12 12 12 12 10 10 11 11 12 12 12 12 12 12 12 12 13
0 1 1 1 1 2 3 3 4 4 3 3 4 4 5 6 6 7 7 8 8 6 6 7 7 8 8 9 6 6 7 7 8 8 10 11 6 6 7 7 8 8 11 10 9 12 12 13 13 14 14 15 15 15 15 12 12 13 13 14 14 15 15 15 15 16 12 12 13 13 14 14 15 15 15 15 17 18 12 12 13 13 14 14 15 15 15 15 18 17 16
0 1 1 1 1 2 3 3 4 4 3 3 4 4 5 6 6 7 7 8 8 6 6 7 7 8 8 9 6 6 7 7 8 8 10 11 6 6 7 7 8 8 11 10 9 12 13 14 14 15 15 16 16 16 16 12 13 14 14 15 15 16 16 16 16 17 13 12 14 14 15 15 16 16 16 16 18 18 13 12 14 14 15 15 16 16 16 16 18 18 17
0 1 1 1 1 2 3 3 4 4 3 3 4 4 5 6 6 7 7 8 8 6 6 7 7 8 8 9 10 10 11 11 12 12 13 13 10 10 11 11 12 12 13 13 14 10 10 11 11 12 12 13 13 15 16 10 10 11 11 12 12 13 13 16 15 14 17 17 18 18 19 19 20 20 21 21 21 21 17 17 18 18 19 19 20 20 21 21 21 21 22
0 1 1 1 1 2 3 3 4 4 3 3 4 4 5 6 6 7 7 8 8 6 6 7 7 8 8 9 10 10 11 11 12 12 13 13 10 10 11 11 12 12 13 13 14 15 15 16 16 17 17 18 18 19 19 15 15 16 16 17 17 18 18 19 19 20 21 21 22 22 23 23 24 24 25 25 26 26 21 21 22 22 23 23 24 24 25 25 26 26 27
0 1 1 1 1 2 3 3 4 4 3 3 4 4 5 6 6 7 7 8 8 6 6 7 7 8 8 9 10 11 12 12 13 13 14 14 10 11 12 12 13 13 14 14 15 11 10 12 12 13 13 14 14 16 16 11 10 12 12 13 13 14 14 16 16 15 17 17 18 18 19 19 20 20 21 21 21 21 17 17 18 18 19 19 20 20 21 21 21 21 22
0 1 1 1 1 2 3 3 4 4 3 3 4 4 5 6 6 7 8 9 9 6 6 7 8 9 9 10 6 6 8 7 9 9 11 11 6 6 8 7 9 9 11 11 10 12 13 14 14 15 15 16 16 16 16 12 13 14 14 15 15 16 16 16 16 17 13 12 14 14 15 15 16 16 16 16 18 18 13 12 14 14 15 15 16 16 16 16 18 18 17
0 1 1 1 1 2 3 3 4 4 3 3 4 4 5 6 7 8 8 9 9 6 7 8 8 9 9 10 7 6 8 8 9 9 11 12 7 6 8 8 9 9 12 11 10 13 13 14 14 15 15 16 16 16 16 13 13 14 14 15 15 16 16 16 16 17 13 13 14 14 15 15 16 16 16 16 18 18 13 13 14 14 15 15 16 16 16 16 18 18 17
0 1 1 1 1 2 3 3 4 5 3 3 5 4 6 7 8 9 9 10 10 7 8 9 9 10 10 11 8 7 9 9 10 10 12 12 8 7 9 9 10 10 12 12 11 13 13 14 14 15 15 16 16 16 16 13 13 14 14 15 15 16 16 16 16 17 13 13 14 14 15 15 16 16 16 16 18 18 13 13 14 14 15 15 16 16 16 16 18 18 17
0 1 1 1 1 2 3 4 5 5 3 4 5 5 6 3 4 5 5 7 7 3 4 5 5 7 7 6 4 3 5 5 8 8 9 9 4 3 5 5 8 8 9 9 6 4 3 5 5 9 9 8 8 7 7 4 3 5 5 9 9 8 8 7 7 6 10 10 11 12 13 13 13 13 13 13 13 13 10 10 12 11 13 13 13 13 13 13 13 13 14
0 1 1 1 1 2 3 4 5 5 3 4 5 5 6 3 4 5 5 7 8 3 4 5 5 8 7 6 4 3 5 5 9 9 9 9 4 3 5 5 9 9 9 9 6 4 3 5 5 9 9 9 9 7 8 4 3 5 5 9 9 9 9 8 7 6 10 10 11 11 12 12 12 12 12 12 12 12 10 10 11 11 12 12 12 12 12 12 12 12 13
0 1 1 1 1 2 3 4 5 6 3 4 5 6 7 3 4 6 5 8 8 3 4 6 5 8 8 7 4 3 5 6 9 9 10 10 4 3 5 6 9 9 10 10 7 4 3 6 5 10 10 9 9 8 8 4 3 6 5 10 10 9 9 8 8 7 11 11 12 12 13 13 13 13 13 13 13 13 11 11 12 12 13 13 13 13 13 13 13 13 14
0 1 2 1 2 3 1 2 3 4 1 2 4 3 3 2 1 5 6 6 5 2 1 5 6 6 5 4 2 1 6 5 5 6 3 3 2 1 6 5 5 6 3 3 4 7 7 8 9 9 8 9 9 8 8 7 7 8 9 9 8 9 9 8 8 10 7 7 9 8 8 9 8 8 9 9 11 12 7 7 9 8 8 9 8 8 9 9 12 11 10
0 1 2 1 2 3 1 2 3 4 1 2 5 6 4 1 2 5 4 6 4 1 2 6 5 5 3 3 1 2 4 3 5 5 3 4 1 2 4 5 3 3 5 4 6 7 8 9 9 9 9 9 9 9 9 7 8 9 9 9 9 9 9 9 9 10 7 8 9 9 9 9 9 9 9 9 11 11 7 8 9 9 9 9 9 9 9 9 11 11 10
0 1 2 1 2 3 1 2 4 4 1 2 4 4 3 2 1 5 5 6 6 2 1 5 5 6 6 3 2 1 6 6 5 5 4 4 2 1 6 6 5 5 4 4 3 7 8 9 9 9 9 10 10 10 10 7 8 9 9 9 9 10 10 10 10 11 8 7 10 10 10 10 9 9 9 9 12 13 8 7 10 10 10 10 9 9 9 9 13 12 11
0 1 2 1 2 3 1 2 4 4 1 2 4 4 3 2 1 5 6 5 6 2 1 5 6 6 5 4 2 1 6 5 5 6 4 3 2 1 6 5 6 5 3 4 4 7 7 8 8 8 8 8 8 8 8 7 7 8 8 8 8 8 8 8 8 9 7 7 8 8 8 8 8 8 8 8 10 10 7 7 8 8 8 8 8 8 8 8 10 10 9
0 1 2 1 2 3 1 2 4 4 1 2 4 4 3 2 1 5 6 7 7 2 1 7 7 5 6 4 2 1 7 7 6 5 4 3 2 1 6 5 7 7 3 4 4 8 8 9 9 9 9 9 9 9 9 8 8 9 9 9 9 9 9 9 9 10 8 8 9 9 9 9 9 9 9 9 11 11 8 8 9 9 9 9 9 9 9 9 11 11 10
0 1 2 1 2 3 1 2 4 5 1 2 4 5 6 1 2 7 6 5 5 1 2 6 7 4 4 3 1 2 5 4 3 7 4 5 1 2 5 4 7 3 4 5 6 8 9 10 10 10 10 10 10 10 10 8 9 10 10 10 10 10 10 10 10 11 8 9 10 10 10 10 10 10 10 10 12 12 8 9 10 10 10 10 10 10 10 10 12 12 11
0 1 2 1 2 3 1 2 4 5 1 2 5 4 3 1 2 6 6 6 6 1 2 6 6 6 6 3 1 2 6 6 6 6 4 5 1 2 6 6 6 6 5 4 3 7 8 9 9 9 9 9 9 9 9 7 8 9 9 9 9 9 9 9 9 10 7 8 9 9 9 9 9 9 9 9 11 12 7 8 9 9 9 9 9 9 9 9 12 11 10
0 1 2 1 2 3 1 2 4 5 1 2 5 4 3 2 1 6 6 6 6 2 1 6 6 6 6 3 2 1 6 6 6 6 4 5 2 1 6 6 6 6 5 4 3 7 7 8 8 8 8 8 8 8 8 7 7 8 8 8 8 8 8 8 8 9 7 7 8 8 8 8 8 8 8 8 10 11 7 7 8 8 8 8 8 8 8 8 11 10 9
0 1 2 1 2 3 1 2 4 5 1 2 5 4 3 2 1 6 7 7 6 2 1 6 7 7 6 5 2 1 7 6 6 7 3 4 2 1 7 6 6 7 4 3 5 8 8 9 9 9 9 9 9 9 9 8 8 9 9 9 9 9 9 9 9 10 8 8 9 9 9 9 9 9 9 9 11 11 8 8 9 9 9 9 9 9 9 9 11 11 10
0 1 2 1 2 3 1 2 4 5 1 2 5 4 3 6 7 8 8 8 8 6 7 8 8 8 8 9 6 7 8 8 8 8 10 11 6 7 8 8 8 8 11 10 9 12 13 14 14 14 14 15 15 15 15 12 13 14 14 14 14 15 15 15 15 16 12 13 14 14 14 14 15 15 15 15 17 17 12 13 14 14 14 14 15 15 15 15 17 17 16
0 1 2 1 2 3 2 1 4 4 2 1 4 4 3 5 5 6 6 6 6 5 5 6 6 6 6 7 5 5 6 6 6 6 8 9 5 5 6 6 6 6 9 8 7 10 11 12 12 13 13 14 14 14 14 10 11 12 12 13 13 14 14 14 14 15 11 10 13 13 12 12 14 14 14 14 16 16 11 10 13 13 12 12 14 14 14 14 16 16 15
0 1 2 1 2 3 2 1 4 4 2 1 4 4 3 5 5 6 6 6 6 5 5 6 6 6 6 7 8 9 10 10 11 11 12 12 8 9 10 10 11 11 12 12 13 9 8 11 11 10 10 12 12 14 14 9 8 11 11 10 10 12 12 14 14 13 15 15 16 16 16 16 17 17 18 18 18 18 15 15 16 16 16 16 17 17 18 18 18 18 19
0 1 2 1 2 3 2 1 4 4 2 1 4 4 3 5 6 7 7 8 8 5 6 7 7 8 8 9 5 6 7 7 8 8 10 11 5 6 7 7 8 8 11 10 9 6 5 8 8 7 7 12 12 12 12 6 5 8 8 7 7 12 12 12 12 9 6 5 8 8 7 7 12 12 12 12 10 11 6 5 8 8 7 7 12 12 12 12 11 10 9
0 1 2 1 2 3 2 1 4 4 2 1 4 4 3 5 6 7 7 8 8 5 6 7 7 8 8 9 6 5 8 8 7 7 10 10 6 5 8 8 7 7 10 10 9 11 12 13 13 14 14 15 15 16 16 11 12 13 13 14 14 15 15 16 16 17 12 11 14 14 13 13 16 16 15 15 18 18 12 11 14 14 13 13 16 16 15 15 18 18 17
0 1 2 1 2 3 2 1 4 5 2 1 5 4 3 6 6 7 7 7 7 6 6 7 7 7 7 8 6 6 7 7 7 7 9 10 6 6 7 7 7 7 10 9 8 11 11 12 12 12 12 13 13 13 13 11 11 12 12 12 12 13 13 13 13 14 11 11 12 12 12 12 13 13 13 13 15 15 11 11 12 12 12 12 13 13 13 13 15 15 14
0 1 2 1 2 3 2 1 4 5 2 1 5 4 3 6 7 8 8 9 9 6 7 8 8 9 9 10 7 6 9 9 8 8 11 11 7 6 9 9 8 8 11 11 10 12 12 13 13 13 13 14 14 14 14 12 12 13 13 13 13 14 14 14 14 15 12 12 13 13 13 13 14 14 14 14 16 16 12 12 13 13 13 13 14 14 14 14 16 16 15
0 1 2 1 2 3 4 5 6 6 4 5 6 6 7 4 5 6 6 8 9 4 5 6 6 9 8 7 4 5 6 6 10 10 10 10 4 5 6 6 10 10 10 10 7 4 5 6 6 10 10 10 10 8 9 4 5 6 6 10 10 10 10 9 8 7 11 12 13 13 14 14 14 14 14 14 14 14 11 12 13 13 14 14 14 14 14 14 14 14 15
0 1 2 1 2 3 4 5 6 6 4 5 6 6 7 8 9 10 10 11 11 8 9 10 10 11 11 12 8 9 10 10 11 11 13 14 8 9 10 10 11 11 14 13 12 15 16 17 17 18 18 19 19 19 19 15 16 17 17 18 18 19 19 19 19 20 15 16 17 17 18 18 19 19 19 19 21 21 15 16 17 17 18 18 19 19 19 19 21 21 20
0 1 2 1 2 3 4 5 6 6 4 5 6 6 7 8 9 10 10 11 11 8 9 10 10 11 11 12 13 14 15 15 16 16 17 17 13 14 15 15 16 16 17 17 18 13 14 15 15 16 16 17 17 19 19 13 14 15 15 16 16 17 17 19 19 18 20 21 22 22 23 23 24 24 25 25 25 25 20 21 22 22 23 23 24 24 25 25 25 25 26
0 1 2 2 1 0 3 3 3 3 3 3 3 3 4 5 5 5 5 6 6 5 5 5 5 6 6 7 5 5 5 5 6 6 8 9 5 5 5 5 6 6 9 8 7 10 11 11 10 12 12 13 13 13 13 10 11 11 10 12 12 13 13 13 13 14 11 10 10 11 12 12 13 13 13 13 15 15 11 10 10 11 12 12 13 13 13 13 15 15 14
0 1 2 2 1 0 3 3 3 3 3 3 3 3 4 5 5 5 5 6 6 5 5 5 5 6 6 7 8 9 9 8 10 10 11 11 8 9 9 8 10 10 11 11 12 9 8 8 9 10 10 11 11 13 13 9 8 8 9 10 10 11 11 13 13 12 14 14 14 14 15 15 16 16 17 17 17 17 14 14 14 14 15 15 16 16 17 17 17 17 18
0 1 2 2 1 0 3 3 3 3 3 3 3 3 4 5 6 6 5 7 7 5 6 6 5 7 7 8 6 5 5 6 7 7 9 9 6 5 5 6 7 7 9 9 8 10 11 10 11 12 12 13 13 13 13 10 11 10 11 12 12 13 13 13 13 14 11 10 11 10 12 12 13 13 13 13 15 15 11 10 11 10 12 12 13 13 13 13 15 15 14
0 1 2 2 1 0 3 3 3 3 3 3 3 3 4 5 6 6 5 7 7 5 6 6 5 7 7 8 6 5 5 6 7 7 9 10 6 5 5 6 7 7 10 9 8 11 11 11 11 12 12 13 13 13 13 11 11 11 11 12 12 13 13 13 13 14 11 11 11 11 12 12 13 13 13 13 15 15 11 11 11 11 12 12 13 13 13 13 15 15 14
0 1 2 2 1 0 3 4 3 4 3 4 3 4 5 3 4 3 4 6 6 3 4 3 4 6 6 5 4 3 4 3 7 7 8 8 4 3 4 3 7 7 8 8 5 4 3 4 3 8 8 7 7 6 6 4 3 4 3 8 8 7 7 6 6 5 9 10 10 9 11 11 11 11 11 11 11 11 10 9 9 10 11 11 11 11 11 11 11 11 12
0 1 2 2 1 0 3 4 3 4 4 3 4 3 5 6 7 7 6 8 8 6 7 7 6 8 8 9 7 6 6 7 8 8 10 10 7 6 6 7 8 8 10 10 9 11 11 11 11 12 12 13 13 13 13 11 11 11 11 12 12 13 13 13 13 14 11 11 11 11 12 12 13 13 13 13 15 15 11 11 11 11 12 12 13 13 13 13 15 15 14
0 1 2 2 1 0 3 4 4 3 3 4 4 3 5 3 4 4 3 6 7 3 4 4 3 7 6 5 4 3 3 4 8 8 8 8 4 3 3 4 8 8 8 8 5 4 3 3 4 8 8 8 8 6 7 4 3 3 4 8 8 8 8 7 6 5 9 9 9 9 10 10 10 10 10 10 10 10 9 9 9 9 10 10 10 10 10 10 10 10 11
0 1 2 2 1 0 3 4 4 3 3 4 4 3 5 4 3 3 4 6 6 4 3 3 4 6 6 5 7 8 8 7 9 9 10 10 7 8 8 7 9 9 10 10 11 8 7 7 8 10 10 9 9 12 12 8 7 7 8 10 10 9 9 12 12 11 13 13 13 13 14 14 14 14 15 15 15 15 13 13 13 13 14 14 14 14 15 15 15 15 16
0 1 2 2 1 0 3 4 5 6 3 4 5 6 7 6 5 4 3 8 8 6 5 4 3 8 8 7 5 6 3 4 9 9 10 10 5 6 3 4 9 9 10 10 7 4 3 6 5 10 10 9 9 8 8 4 3 6 5 10 10 9 9 8 8 7 11 11 11 11 12 12 12 12 12 12 12 12 11 11 11 11 12 12 12 12 12 12 12 12 13
0 1 2 2 1 3 4 4 5 5 4 4 5 5 6 4 4 5 5 6 7 4 4 5 5 8 9 9 4 4 5 5 8 9 9 7 4 4 5 5 7 6 6 8 8 4 4 5 5 9 8 8 6 6 9 4 4 5 5 9 8 8 6 6 9 7 10 11 12 13 14 14 14 14 14 14 14 14 11 10 13 12 14 14 14 14 14 14 14 14 15
0 1 2 2 1 3 4 4 5 5 4 4 5 5 6 4 4 5 5 7 8 4 4 5 5 8 7 6 4 4 5 5 9 9 9 9 4 4 5 5 9 9 9 9 6 4 4 5 5 9 9 9 9 7 8 4 4 5 5 9 9 9 9 8 7 6 10 10 11 11 12 12 12 12 12 12 12 12 10 10 11 11 12 12 12 12 12 12 12 12 13
0 1 2 2 1 3 4 4 5 5 4 4 5 5 6 7 7 8 8 9 9 7 7 8 8 9 9 10 7 7 8 8 9 9 11 12 7 7 8 8 9 9 12 11 10 13 13 14 14 15 15 16 16 16 16 13 13 14 14 15 15 16 16 16 16 17 13 13 14 14 15 15 16 16 16 16 18 18 13 13 14 14 15 15 16 16 16 16 18 18 17
0 1 2 2 1 3 4 4 5 5 4 4 5 5 6 7 7 8 8 9 9 7 7 8 8 9 9 10 11 11 12 12 13 13 14 14 11 11 12 12 13 13 14 14 15 11 11 12 12 13 13 14 14 16 16 11 11 12 12 13 13 14 14 16 16 15 17 17 18 18 19 19 20 20 21 21 21 21 17 17 18 18 19 19 20 20 21 21 21 21 22
0 1 2 2 1 3 4 4 5 5 4 4 5 5 6 7 8 9 10 11 11 7 8 9 10 11 11 12 8 7 10 9 11 11 13 13 8 7 10 9 11 11 13 13 12 14 14 15 15 16 16 17 17 17 17 14 14 15 15 16 16 17 17 17 17 18 14 14 15 15 16 16 17 17 17 17 19 19 14 14 15 15 16 16 17 17 17 17 19 19 18
0 1 2 2 1 3 4 5 6 7 4 5 6 7 8 4 5 6 7 9 9 4 5 6 7 9 9 8 5 4 7 6 10 10 11 11 5 4 7 6 10 10 11 11 8 5 4 7 6 11 11 10 10 9 9 5 4 7 6 11 11 10 10 9 9 8 12 12 13 13 14 14 14 14 14 14 14 14 12 12 13 13 14 14 14 14 14 14 14 14 15
0 1 2 2 1 3 4 5 6 7 5 4 7 6 8 9 9 10 10 11 11 9 9 10 10 11 11 12 9 9 10 10 11 11 13 13 9 9 10 10 11 11 13 13 12 14 14 15 15 16 16 17 17 17 17 14 14 15 15 16 16 17 17 17 17 18 14 14 15 15 16 16 17 17 17 17 19 19 14 14 15 15 16 16 17 17 17 17 19 19 18
0 1 2 2 1 3 4 5 6 7 5 4 7 6 8 9 10 11 12 13 14 9 10 11 12 13 14 15 9 10 11 12 13 14 16 16 9 10 11 12 13 14 16 16 15 10 9 12 11 14 13 17 17 17 17 10 9 12 11 14 13 17 17 17 17 15 10 9 12 11 14 13 17 17 17 17 16 16 10 9 12 11 14 13 17 17 17 17 16 16 15
0 1 2 3 4 5 6 7 8 9 6 7 8 9 10 6 7 8 9 10 11 6 7 8 9 12 13 13 6 7 8 9 12 13 13 11 6 7 8 9 11 10 10 12 12 6 7 8 9 13 12 12 10 10 13 6 7 8 9 13 12 12 10 10 13 11 14 15 16 17 18 18 18 18 18 18 18 18 14 15 16 17 18 18 18 18 18 18 18 18 19
0 1 2 3 4 5 6 7 8 9 6 7 8 9 10 11 12 13 14 15 15 11 12 13 14 15 15 16 11 12 13 14 15 15 17 17 11 12 13 14 15 15 17 17 16 18 19 20 21 22 22 23 23 23 23 18 19 20 21 22 22 23 23 23 23 24 18 19 20 21 22 22 23 23 23 23 25 25 18 19 20 21 22 22 23 23 23 23 25 25 24
0 1 2 3 4 5 6 7 8 9 10 11 12 13 14 10 11 12 13 14 15 10 11 12 13 14 16 16 10 11 12 13 14 16 16 15 10 11 12 13 14 17 17 17 17 10 11 12 13 14 17 17 17 17 15 10 11 12 13 14 17 17 17 17 16 16 10 11 12 13 14 17 17 17 17 16 16 15 18 19 20 21 22 23 23 23 23 23 23 23 23
--- order 132 (x1) ---
0 0 1 2 3 1 2 1 3 4 4 4 3 1 2 4 3 4 2 1 0 3 2 4 3 0 1 0 3 4 2 0 3 0 1 2 1 0 2 4 0 3 2 1 4 1 2 0 0 4 2 3 4 1 3 5 5 5 5 5 5 5 5 5 5 5 5 5 5 5 5 5 5 5 5 5 5 6 5 5 5 5 5 5 5 5 5 5 5 6 6
--- order 140 (x1) ---
0 1 2 1 2 3 1 2 3 4 1 2 5 5 4 1 2 5 4 5 3 1 2 4 3 5 4 3 1 2 4 5 3 3 4 5 6 7 8 8 8 8 8 8 8 6 7 8 8 8 8 8 8 8 9 6 7 8 8 8 8 8 8 8 9 10 6 7 8 8 8 8 8 8 8 10 9 10 6 7 8 8 8 8 8 8 8 10 10 9 9
--- order 144 (x75) ---
0 0 0 0 0 0 1 1 1 1 1 1 1 1 2 1 1 1 1 2 2 3 3 3 3 4 5 5 3 3 3 3 5 4 5 6 3 3 3 3 5 5 4 6 6 7 8 8 8 9 9 9 10 10 10 8 7 8 8 9 9 9 10 10 10 11 8 8 7 8 9 9 9 10 10 10 11 11 8 8 8 7 9 9 9 10 10 10 11 11 11
0 0 0 0 0 0 1 1 1 1 1 1 1 1 2 1 1 1 1 3 4 1 1 1 1 5 4 4 1 1 1 1 4 3 5 2 1 1 1 1 4 5 2 3 4 6 7 7 7 8 8 8 8 8 8 7 6 7 7 8 8 8 8 8 8 9 7 7 6 7 8 8 8 8 8 8 9 9 7 7 7 6 8 8 8 8 8 8 9 9 9
0 0 0 1 1 1 1 1 1 2 3 3 3 4 4 3 3 3 4 4 5 3 3 3 4 4 6 7 3 3 3 4 4 6 7 7 3 3 3 4 4 7 6 5 6 3 3 3 4 4 7 6 6 5 7 8 9 9 10 10 11 11 11 11 11 11 9 8 9 10 10 11 11 11 11 11 11 12 9 9 8 10 10 11 11 11 11 11 11 12 12
0 0 0 1 1 1 1 1 1 2 3 3 3 4 5 3 3 3 5 4 6 7 8 9 10 10 11 11 8 9 7 10 10 11 11 12 9 7 8 10 10 11 11 12 12 13 13 13 14 14 15 15 16 16 16 13 13 13 14 14 15 15 16 16 16 17 13 13 13 14 14 15 15 16 16 16 17 17 13 13 13 14 14 15 15 16 16 16 17 17 17
0 0 0 1 1 1 1 1 1 2 3 4 4 5 5 3 4 4 5 5 6 4 3 4 5 5 7 8 4 3 4 5 5 8 7 6 4 4 3 5 5 7 8 8 7 4 4 3 5 5 8 7 7 8 6 9 9 9 10 10 11 11 11 11 11 11 9 9 9 10 10 11 11 11 11 11 11 12 9 9 9 10 10 11 11 11 11 11 11 12 12
0 0 0 1 2 3 2 3 1 4 3 1 2 4 4 5 5 5 6 6 6 5 5 5 6 6 6 7 5 5 5 6 6 6 8 9 5 5 5 6 6 6 8 9 9 5 5 5 6 6 6 8 9 9 9 5 5 5 6 6 6 9 8 7 8 8 5 5 5 6 6 6 9 8 8 7 8 9 5 5 5 6 6 6 9 8 8 8 7 9 9
0 0 1 0 1 1 0 1 1 1 2 3 3 3 3 4 5 5 5 5 6 7 8 8 8 8 9 10 7 8 8 8 8 9 10 11 7 8 8 8 8 9 10 11 11 12 13 14 14 14 15 16 17 17 17 12 14 13 14 14 15 16 17 17 17 18 12 14 14 13 14 15 16 17 17 17 18 18 12 14 14 14 13 15 16 17 17 17 18 18 18
0 0 1 0 1 1 1 0 0 0 1 0 0 0 1 2 2 2 2 2 2 2 2 2 2 2 2 3 4 5 5 5 6 6 7 7 6 5 5 5 4 6 7 7 8 6 5 5 5 6 4 7 7 8 8 5 4 6 6 5 5 7 7 9 9 9 5 6 4 6 5 5 7 7 9 9 9 8 5 6 6 4 5 5 7 7 9 9 9 8 8
0 0 1 0 1 1 2 3 3 3 2 3 3 3 4 2 3 3 3 5 5 2 3 3 3 5 5 4 6 7 8 9 10 10 10 10 6 8 9 7 10 10 10 10 11 6 9 7 8 10 10 10 10 11 11 12 13 13 13 14 14 14 14 15 15 15 12 13 13 13 14 14 14 14 15 15 15 16 12 13 13 13 14 14 14 14 15 15 15 16 16
0 0 1 0 1 1 2 3 3 3 2 3 3 3 4 2 3 3 3 5 6 2 3 3 3 6 5 4 7 8 9 9 10 10 10 10 7 9 8 9 10 10 10 10 11 7 9 9 8 10 10 10 10 11 11 12 13 13 13 14 14 14 14 15 15 15 12 13 13 13 14 14 14 14 15 15 15 16 12 13 13 13 14 14 14 14 15 15 15 16 16
0 0 1 0 1 1 2 3 3 3 2 3 3 3 4 5 6 6 6 7 7 5 6 6 6 7 7 8 9 10 11 11 12 12 13 13 9 11 10 11 12 12 13 13 14 9 11 11 10 12 12 13 13 14 14 15 16 16 16 17 17 18 18 19 19 19 15 16 16 16 17 17 18 18 19 19 19 20 15 16 16 16 17 17 18 18 19 19 19 20 20
0 0 1 0 1 1 2 3 3 3 4 5 5 5 6 4 5 5 5 6 7 4 5 5 5 6 7 7 8 9 10 11 12 13 13 13 8 9 10 11 12 13 13 13 14 8 10 11 9 12 13 13 13 15 15 8 10 11 9 12 13 13 13 15 15 14 8 11 9 10 12 13 13 13 15 15 15 15 8 11 9 10 12 13 13 13 15 15 15 15 14
0 0 1 0 1 1 2 3 3 3 4 5 5 5 6 4 5 5 5 6 7 8 9 10 11 12 13 13 8 10 11 9 12 13 13 14 8 11 9 10 12 13 13 14 14 15 16 16 16 17 18 18 19 19 19 15 16 16 16 17 18 18 19 19 19 20 15 16 16 16 17 18 18 19 19 19 20 20 15 16 16 16 17 18 18 19 19 19 20 20 20
0 0 1 0 1 1 2 3 3 3 4 5 5 5 6 7 8 8 8 9 10 11 12 13 13 14 15 16 11 13 12 13 14 15 16 17 11 13 13 12 14 15 16 17 17 18 19 19 19 20 21 22 23 23 23 18 19 19 19 20 21 22 23 23 23 24 18 19 19 19 20 21 22 23 23 23 24 24 18 19 19 19 20 21 22 23 23 23 24 24 24
0 0 1 0 1 1 2 3 3 3 4 5 6 7 8 4 6 7 5 8 9 4 7 5 6 8 9 9 10 11 11 11 12 13 13 13 10 11 11 11 12 13 13 13 14 10 11 11 11 12 13 13 13 15 15 10 11 11 11 12 13 13 13 15 15 14 10 11 11 11 12 13 13 13 15 15 15 15 10 11 11 11 12 13 13 13 15 15 15 15 14
0 0 1 0 1 1 2 3 3 4 2 3 4 3 5 2 4 3 3 5 5 6 7 8 8 9 9 10 6 8 7 8 9 10 9 11 6 8 8 7 10 9 9 11 11 12 13 13 13 14 14 14 15 15 15 12 13 13 13 14 14 14 15 15 15 16 12 13 13 13 14 14 14 15 15 15 16 16 12 13 13 13 14 14 14 15 15 15 16 16 16
0 0 1 0 1 1 2 3 4 5 2 3 4 5 6 2 4 5 3 7 8 2 4 5 3 8 7 6 2 5 3 4 7 8 8 7 2 5 3 4 8 7 7 8 6 9 10 10 10 11 11 11 11 11 11 9 10 10 10 11 11 11 11 11 11 12 9 10 10 10 11 11 11 11 11 11 12 12 9 10 10 10 11 11 11 11 11 11 12 12 12
0 0 1 0 1 1 2 3 4 5 2 3 5 4 6 2 4 3 5 7 8 2 4 5 3 8 7 9 2 5 3 4 8 9 6 8 2 5 4 3 9 8 8 6 7 10 11 11 11 12 12 12 12 12 12 10 11 11 11 12 12 12 12 12 12 13 10 11 11 11 12 12 12 12 12 12 13 13 10 11 11 11 12 12 12 12 12 12 13 13 13
0 0 1 0 1 2 0 2 1 1 3 4 5 5 4 3 4 5 5 4 6 3 4 5 5 4 6 6 3 5 4 4 5 7 8 9 3 5 4 4 5 8 9 7 6 3 5 4 4 5 9 7 8 6 6 10 11 11 11 11 12 12 12 12 12 12 10 11 11 11 11 12 12 12 12 12 12 13 10 11 11 11 11 12 12 12 12 12 12 13 13
0 0 1 0 2 2 0 2 2 1 0 2 2 2 2 0 2 2 2 2 1 3 4 4 4 4 4 4 3 4 4 4 4 4 4 5 3 4 4 4 4 4 4 5 5 6 7 8 7 8 7 8 9 9 9 6 7 8 8 7 8 7 9 9 9 10 6 8 7 7 8 8 7 9 9 9 10 10 6 8 7 8 7 7 8 9 9 9 10 10 10
0 0 1 0 2 2 0 2 2 1 3 4 4 4 4 3 4 4 4 4 5 3 4 4 4 4 5 5 3 4 4 4 4 6 7 8 3 4 4 4 4 6 8 7 6 3 4 4 4 4 7 6 8 8 5 3 4 4 4 4 7 8 6 5 8 7 3 4 4 4 4 8 6 7 5 7 6 5 3 4 4 4 4 8 7 6 7 5 5 6 8
0 0 1 0 2 2 0 2 2 1 3 4 4 4 4 3 4 4 4 4 5 3 4 4 4 4 5 6 3 4 4 4 4 7 7 8 3 4 4 4 4 7 8 7 5 3 4 4 4 4 6 5 8 8 6 3 4 4 4 4 6 8 5 6 8 7 3 4 4 4 4 8 7 6 5 6 7 5 3 4 4 4 4 8 6 7 6 5 5 7 8
0 0 1 0 2 3 0 3 2 1 4 5 5 5 5 4 5 5 5 5 6 4 5 5 5 5 6 6 4 5 5 5 5 7 8 8 4 5 5 5 5 7 8 8 7 4 5 5 5 5 8 7 8 6 8 4 5 5 5 5 8 7 8 8 6 7 4 5 5 5 5 8 8 7 6 8 6 8 4 5 5 5 5 8 8 7 8 6 8 6 7
0 0 1 0 2 3 0 3 2 1 4 5 5 5 5 4 5 5 5 5 6 4 5 5 5 5 7 8 4 5 5 5 5 9 8 8 4 5 5 5 5 8 7 9 6 4 5 5 5 5 8 9 6 7 8 10 11 11 11 11 12 12 12 12 12 12 10 11 11 11 11 12 12 12 12 12 12 13 10 11 11 11 11 12 12 12 12 12 12 13 13
0 0 1 0 2 3 0 3 2 1 4 5 5 5 5 6 7 7 7 7 8 9 10 10 10 10 11 12 13 14 15 15 14 16 17 18 13 14 15 15 14 16 17 18 19 13 14 15 15 14 16 17 18 19 19 13 15 14 14 15 16 17 18 20 20 20 13 15 14 14 15 16 17 18 20 20 20 19 13 15 14 14 15 16 17 18 20 20 20 19 19
0 0 1 0 2 3 0 3 2 1 4 5 5 5 5 6 7 8 7 8 9 6 8 7 8 7 9 10 11 12 13 13 12 14 15 15 11 12 13 13 12 14 15 15 16 11 12 13 13 12 14 15 15 16 16 11 13 12 12 13 14 15 15 17 17 17 11 13 12 12 13 14 15 15 17 17 17 16 11 13 12 12 13 14 15 15 17 17 17 16 16
0 0 1 0 2 3 0 3 2 1 4 5 6 6 5 4 5 6 6 5 7 4 5 6 6 5 7 7 4 6 5 5 6 8 9 9 4 6 5 5 6 9 8 9 7 4 6 5 5 6 9 9 8 7 7 10 11 11 11 11 12 12 12 12 12 12 10 11 11 11 11 12 12 12 12 12 12 13 10 11 11 11 11 12 12 12 12 12 12 13 13
0 0 1 1 0 0 2 3 4 5 5 4 3 2 6 3 5 2 4 7 7 4 2 5 3 7 7 6 8 9 9 8 10 10 11 11 8 9 9 8 10 10 11 11 12 8 9 9 8 10 10 11 11 12 12 9 8 8 9 11 11 10 10 13 13 13 9 8 8 9 11 11 10 10 13 13 13 12 9 8 8 9 11 11 10 10 13 13 13 12 12
0 0 1 2 3 3 2 3 3 4 5 6 6 7 7 5 6 6 7 7 8 5 6 6 7 7 8 8 5 6 6 7 7 9 10 10 5 6 6 7 7 9 10 10 9 5 6 6 7 7 10 9 10 8 10 5 6 6 7 7 10 9 10 10 8 9 5 6 6 7 7 10 10 9 8 10 8 10 5 6 6 7 7 10 10 9 10 8 10 8 9
0 0 1 2 3 3 2 3 3 4 5 6 6 7 7 5 6 6 7 7 8 5 6 6 7 7 9 10 5 6 6 7 7 11 10 10 5 6 6 7 7 10 9 11 8 5 6 6 7 7 10 11 8 9 10 12 13 13 14 14 15 15 15 15 15 15 12 13 13 14 14 15 15 15 15 15 15 16 12 13 13 14 14 15 15 15 15 15 15 16 16
0 0 1 2 3 3 2 3 3 4 5 6 6 7 7 8 9 9 10 11 12 8 9 9 11 10 12 13 14 15 16 17 17 18 19 19 14 15 16 17 17 18 19 19 20 14 15 16 17 17 18 19 19 20 20 14 16 15 17 17 18 19 19 21 21 21 14 16 15 17 17 18 19 19 21 21 21 20 14 16 15 17 17 18 19 19 21 21 21 20 20
0 0 1 2 3 3 2 3 3 4 5 6 7 8 8 5 6 7 8 8 9 5 6 7 8 8 9 9 5 7 6 8 8 10 11 11 5 7 6 8 8 11 10 11 9 5 7 6 8 8 11 11 10 9 9 12 13 13 14 14 15 15 15 15 15 15 12 13 13 14 14 15 15 15 15 15 15 16 12 13 13 14 14 15 15 15 15 15 15 16 16
0 0 1 2 3 3 4 5 5 6 7 8 8 9 10 11 12 12 13 14 15 11 12 12 13 14 15 16 17 18 19 20 21 22 23 23 17 18 19 20 21 22 23 23 24 17 18 19 20 21 22 23 23 24 24 17 19 18 20 21 22 23 23 25 25 25 17 19 18 20 21 22 23 23 25 25 25 24 17 19 18 20 21 22 23 23 25 25 25 24 24
0 0 1 2 3 3 4 5 5 6 7 8 8 9 10 11 12 13 14 15 16 11 13 12 14 15 16 17 18 19 19 20 21 22 23 23 18 19 19 20 21 22 23 23 24 18 19 19 20 21 22 23 23 24 25 18 19 19 20 21 22 23 23 24 25 25 18 19 19 20 21 22 23 23 25 24 24 24 18 19 19 20 21 22 23 23 25 24 24 24 25
0 0 1 2 3 3 4 5 6 7 4 5 6 7 8 4 5 6 7 8 8 4 6 5 7 9 10 11 4 6 5 7 10 11 9 8 4 6 5 7 11 9 10 8 8 12 13 13 14 15 15 15 15 15 15 12 13 13 14 15 15 15 15 15 15 16 12 13 13 14 15 15 15 15 15 15 16 16 12 13 13 14 15 15 15 15 15 15 16 16 16
0 0 1 2 3 3 4 5 6 7 4 5 6 7 8 4 6 5 7 9 10 4 6 5 7 10 9 8 11 12 12 13 14 14 14 14 11 12 12 13 14 14 14 14 15 11 12 12 13 14 14 14 14 15 15 16 17 17 18 19 19 19 19 20 20 20 16 17 17 18 19 19 19 19 20 20 20 21 16 17 17 18 19 19 19 19 20 20 20 21 21
0 0 1 2 3 3 4 5 6 7 4 6 5 7 8 9 10 10 11 12 12 9 10 10 11 12 12 13 14 15 15 16 17 17 18 18 14 15 15 16 17 17 18 18 19 14 15 15 16 17 17 18 18 19 19 20 21 21 22 23 23 24 24 25 25 25 20 21 21 22 23 23 24 24 25 25 25 26 20 21 21 22 23 23 24 24 25 25 25 26 26
0 0 1 2 3 4 2 3 4 5 2 4 3 6 7 2 4 3 7 6 5 8 9 9 10 10 10 10 11 12 13 14 14 15 15 16 11 12 13 14 14 15 15 16 17 11 12 13 14 14 15 15 16 17 17 11 13 12 15 15 14 14 16 18 18 18 11 13 12 15 15 14 14 16 18 18 18 17 11 13 12 15 15 14 14 16 18 18 18 17 17
0 0 1 2 3 4 2 4 3 5 6 7 7 8 8 6 7 7 8 8 9 6 7 7 8 8 9 9 6 7 7 8 8 9 10 10 6 7 7 8 8 9 10 10 9 6 7 7 8 8 10 9 10 9 10 6 7 7 8 8 10 9 10 10 9 9 6 7 7 8 8 10 10 9 9 10 9 10 6 7 7 8 8 10 10 9 10 9 10 9 9
0 0 1 2 3 4 2 4 3 5 6 7 7 8 8 6 7 7 8 8 9 6 7 7 8 8 10 11 6 7 7 8 8 10 11 11 6 7 7 8 8 11 10 9 10 6 7 7 8 8 11 10 10 9 11 12 13 13 14 14 15 15 15 15 15 15 12 13 13 14 14 15 15 15 15 15 15 16 12 13 13 14 14 15 15 15 15 15 15 16 16
0 0 1 2 3 4 2 4 3 5 6 7 7 8 8 9 10 10 11 11 12 9 10 10 11 11 12 13 14 15 16 17 18 19 20 20 14 15 16 17 18 19 20 20 21 14 15 16 17 18 19 20 20 21 21 14 16 15 18 17 19 20 20 22 22 22 14 16 15 18 17 19 20 20 22 22 22 21 14 16 15 18 17 19 20 20 22 22 22 21 21
0 0 1 2 3 4 2 4 3 5 6 7 7 8 8 9 10 11 12 13 14 9 11 10 13 12 14 15 16 17 17 18 18 19 20 20 16 17 17 18 18 19 20 20 21 16 17 17 18 18 19 20 20 21 22 16 17 17 18 18 19 20 20 21 22 22 16 17 17 18 18 19 20 20 22 21 21 21 16 17 17 18 18 19 20 20 22 21 21 21 22
0 1 1 1 1 0 2 3 4 5 4 5 3 2 6 5 4 2 3 6 7 3 2 5 4 7 6 6 8 8 8 8 9 9 9 9 8 8 8 8 9 9 9 9 10 8 8 8 8 9 9 9 9 10 10 11 11 11 11 12 12 12 12 13 13 13 11 11 11 11 12 12 12 12 13 13 13 14 11 11 11 11 12 12 12 12 13 13 13 14 14
0 1 1 1 1 2 1 1 3 4 1 1 3 4 4 1 1 4 3 2 3 1 1 4 3 3 2 4 5 5 6 6 6 6 6 6 5 5 6 6 6 6 6 6 7 5 5 6 6 6 6 6 6 8 9 5 5 6 6 6 6 6 6 10 9 9 5 5 6 6 6 6 6 6 9 8 10 7 5 5 6 6 6 6 6 6 9 10 7 8 9
0 1 1 1 1 2 1 1 3 4 1 1 3 4 4 1 1 4 3 2 3 1 1 4 3 3 2 4 5 5 6 7 7 7 6 6 5 5 6 7 7 7 6 6 8 5 5 6 7 7 7 6 6 8 8 5 5 7 6 6 6 7 7 9 10 10 5 5 7 6 6 6 7 7 10 9 10 8 5 5 7 6 6 6 7 7 10 10 9 8 8
0 1 1 1 1 2 1 1 3 4 1 1 3 4 4 1 1 4 3 2 3 1 1 4 3 3 2 4 5 6 7 7 7 7 7 7 5 6 7 7 7 7 7 7 8 5 6 7 7 7 7 7 7 8 8 6 5 7 7 7 7 7 7 9 10 10 6 5 7 7 7 7 7 7 10 9 10 8 6 5 7 7 7 7 7 7 10 10 9 8 8
0 1 1 1 1 2 1 1 3 4 1 1 5 4 4 1 1 6 6 6 6 1 1 6 6 6 6 2 1 1 6 6 6 6 3 4 1 1 6 6 6 6 5 4 4 1 1 6 6 6 6 4 3 5 2 1 1 6 6 6 6 4 5 2 3 4 1 1 4 3 5 2 6 6 6 6 6 6 1 1 4 5 2 3 6 6 6 6 6 6 4
0 1 1 1 1 2 3 3 4 5 3 3 5 4 6 7 7 8 9 10 11 7 7 9 8 11 10 12 13 14 15 15 16 16 17 17 13 14 15 15 16 16 17 17 18 13 14 15 15 16 16 17 17 18 18 14 13 15 15 16 16 17 17 19 19 19 14 13 15 15 16 16 17 17 19 19 19 18 14 13 15 15 16 16 17 17 19 19 19 18 18
0 1 1 1 1 2 3 3 4 5 3 3 5 4 6 7 8 9 9 10 10 8 7 9 9 10 10 11 12 12 13 13 14 14 15 15 12 12 13 13 14 14 15 15 16 12 12 13 13 14 14 15 15 16 16 17 17 18 18 19 19 20 20 21 21 21 17 17 18 18 19 19 20 20 21 21 21 22 17 17 18 18 19 19 20 20 21 21 21 22 22
0 1 1 1 1 2 3 4 5 6 3 4 6 5 7 4 3 5 6 8 9 4 3 6 5 9 8 7 10 10 11 11 12 12 12 12 10 10 11 11 12 12 12 12 13 10 10 11 11 12 12 12 12 13 13 14 14 15 15 16 16 16 16 17 17 17 14 14 15 15 16 16 16 16 17 17 17 18 14 14 15 15 16 16 16 16 17 17 17 18 18
0 1 2 1 2 3 1 2 3 3 1 2 4 4 5 1 2 4 4 5 5 1 2 4 4 5 5 5 1 2 4 5 4 3 4 4 1 2 4 5 4 4 3 4 5 1 2 4 5 4 4 4 3 5 5 1 2 5 4 4 3 4 4 3 4 4 1 2 5 4 4 4 3 4 4 3 4 5 1 2 5 4 4 4 4 3 4 4 3 5 5
0 1 2 1 2 3 1 2 3 4 1 2 3 4 4 1 2 4 3 3 3 1 2 4 3 3 3 4 2 1 5 6 6 6 7 7 2 1 7 6 6 6 5 7 4 2 1 7 6 6 6 7 5 4 4 2 1 6 5 7 7 6 6 3 3 3 2 1 6 7 5 7 6 6 3 3 3 4 2 1 6 7 7 5 6 6 3 3 3 4 4
0 1 2 1 2 3 1 2 4 5 1 2 4 5 5 1 2 5 4 3 4 1 2 5 4 4 3 5 2 1 6 7 7 7 6 6 2 1 6 7 7 7 6 6 5 2 1 6 7 7 7 6 6 5 5 2 1 7 6 6 6 7 7 3 4 4 2 1 7 6 6 6 7 7 4 3 4 5 2 1 7 6 6 6 7 7 4 4 3 5 5
0 1 2 1 2 3 1 2 4 5 1 2 4 5 5 1 2 5 4 3 4 1 2 5 4 4 3 5 6 7 8 8 8 8 8 8 6 7 8 8 8 8 8 8 9 6 7 8 8 8 8 8 8 10 11 6 7 8 8 8 8 8 8 10 11 11 6 7 8 8 8 8 8 8 11 10 9 10 6 7 8 8 8 8 8 8 11 10 10 9 11
0 1 2 1 2 3 1 2 4 5 1 2 4 5 5 1 2 6 7 7 7 1 2 6 7 7 7 5 1 2 6 7 7 7 5 5 1 2 7 6 6 6 3 4 4 1 2 7 6 6 6 4 3 4 5 1 2 7 6 6 6 4 4 3 5 5 1 2 5 4 3 4 6 6 6 7 7 7 1 2 5 4 4 3 6 6 6 7 7 7 5
0 1 2 2 1 0 3 3 4 4 4 4 3 3 5 6 7 6 7 8 8 7 6 7 6 8 8 9 10 11 11 10 12 12 13 13 10 11 11 10 12 12 13 13 14 10 11 11 10 12 12 13 13 14 14 11 10 10 11 12 12 13 13 15 15 15 11 10 10 11 12 12 13 13 15 15 15 14 11 10 10 11 12 12 13 13 15 15 15 14 14
0 1 2 2 1 0 3 4 3 4 4 3 4 3 5 6 7 6 7 8 9 7 6 7 6 9 8 10 11 12 12 11 13 13 14 14 11 12 12 11 13 13 14 14 15 11 12 12 11 13 13 14 14 15 15 12 11 11 12 13 13 14 14 16 16 16 12 11 11 12 13 13 14 14 16 16 16 15 12 11 11 12 13 13 14 14 16 16 16 15 15
0 1 2 2 1 0 3 4 4 3 4 3 3 4 5 6 7 6 7 8 8 7 6 7 6 8 8 9 10 11 11 10 12 13 14 14 10 11 11 10 12 13 14 14 15 10 11 11 10 12 13 14 14 15 15 11 10 10 11 13 12 14 14 16 16 16 11 10 10 11 13 12 14 14 16 16 16 15 11 10 10 11 13 12 14 14 16 16 16 15 15
0 1 2 2 1 0 3 4 5 6 6 5 4 3 7 5 6 3 4 8 9 4 3 6 5 9 8 7 10 10 10 10 11 11 11 11 10 10 10 10 11 11 11 11 12 10 10 10 10 11 11 11 11 12 12 13 13 13 13 14 14 14 14 15 15 15 13 13 13 13 14 14 14 14 15 15 15 16 13 13 13 13 14 14 14 14 15 15 15 16 16
0 1 2 2 1 0 3 4 5 6 6 5 4 3 7 5 6 3 4 8 9 4 3 6 5 9 8 7 10 11 11 10 12 12 13 13 10 11 11 10 12 12 13 13 14 10 11 11 10 12 12 13 13 14 14 11 10 10 11 13 13 12 12 15 15 15 11 10 10 11 13 13 12 12 15 15 15 14 11 10 10 11 13 13 12 12 15 15 15 14 14
0 1 2 2 1 3 4 4 5 5 4 4 5 5 6 7 7 8 8 9 10 7 7 8 8 10 9 11 12 13 14 15 16 16 17 17 12 13 14 15 16 16 17 17 18 12 13 14 15 16 16 17 17 18 18 13 12 15 14 16 16 17 17 19 19 19 13 12 15 14 16 16 17 17 19 19 19 18 13 12 15 14 16 16 17 17 19 19 19 18 18
0 1 2 2 1 3 4 5 6 7 4 5 6 7 8 4 5 6 7 8 8 5 4 7 6 9 10 11 5 4 7 6 10 11 9 8 5 4 7 6 11 9 10 8 8 12 12 13 13 14 14 14 14 14 14 12 12 13 13 14 14 14 14 14 14 15 12 12 13 13 14 14 14 14 14 14 15 15 12 12 13 13 14 14 14 14 14 14 15 15 15
0 1 2 2 1 3 4 5 6 7 4 5 6 7 8 5 4 7 6 9 10 5 4 7 6 10 9 8 11 11 12 12 13 13 13 13 11 11 12 12 13 13 13 13 14 11 11 12 12 13 13 13 13 14 14 15 15 16 16 17 17 17 17 18 18 18 15 15 16 16 17 17 17 17 18 18 18 19 15 15 16 16 17 17 17 17 18 18 18 19 19
0 1 2 2 1 3 4 5 6 7 4 5 6 7 8 5 4 7 6 9 10 5 4 7 6 10 9 8 11 12 13 14 15 15 16 16 11 12 13 14 15 15 16 16 17 11 12 13 14 15 15 16 16 17 17 12 11 14 13 16 16 15 15 18 18 18 12 11 14 13 16 16 15 15 18 18 18 17 12 11 14 13 16 16 15 15 18 18 18 17 17
0 1 2 2 1 3 4 5 6 7 5 4 7 6 8 9 9 10 10 11 11 9 9 10 10 11 11 12 13 13 14 14 15 15 16 16 13 13 14 14 15 15 16 16 17 13 13 14 14 15 15 16 16 17 17 18 18 19 19 20 20 21 21 22 22 22 18 18 19 19 20 20 21 21 22 22 22 23 18 18 19 19 20 20 21 21 22 22 22 23 23
0 1 2 2 1 3 4 5 6 7 5 4 7 6 8 9 9 10 10 11 11 9 9 10 10 11 11 12 13 14 15 16 17 18 19 19 13 14 15 16 17 18 19 19 20 13 14 15 16 17 18 19 19 20 20 14 13 16 15 18 17 19 19 21 21 21 14 13 16 15 18 17 19 19 21 21 21 20 14 13 16 15 18 17 19 19 21 21 21 20 20
0 1 2 2 1 3 4 5 6 7 5 4 7 6 8 9 10 11 12 13 14 10 9 12 11 14 13 15 16 16 17 17 18 18 19 19 16 16 17 17 18 18 19 19 20 16 16 17 17 18 18 19 19 20 21 16 16 17 17 18 18 19 19 20 21 21 16 16 17 17 18 18 19 19 21 20 20 20 16 16 17 17 18 18 19 19 21 20 20 20 21
0 1 2 3 2 2 2 1 3 0 2 3 0 1 2 4 5 5 5 4 4 4 5 5 5 4 4 6 4 5 5 5 4 4 6 6 4 5 5 5 4 4 6 6 6 5 4 4 4 5 5 7 8 8 8 5 4 4 4 5 5 8 7 8 8 6 5 4 4 4 5 5 8 8 7 8 6 6 5 4 4 4 5 5 8 8 8 7 6 6 6
0 1 2 3 4 5 3 4 5 6 7 8 9 10 10 7 8 9 10 10 11 7 8 9 10 10 11 11 7 8 9 10 10 11 12 12 7 8 9 10 10 11 12 12 11 7 8 9 10 10 12 11 12 11 12 7 8 9 10 10 12 11 12 12 11 11 7 8 9 10 10 12 12 11 11 12 11 12 7 8 9 10 10 12 12 11 12 11 12 11 11
0 1 2 3 4 5 3 4 5 6 7 8 9 10 10 7 8 9 10 10 11 7 8 9 10 10 12 13 7 8 9 10 10 12 13 13 7 8 9 10 10 13 12 11 12 7 8 9 10 10 13 12 12 11 13 14 15 16 17 17 18 18 18 18 18 18 14 15 16 17 17 18 18 18 18 18 18 19 14 15 16 17 17 18 18 18 18 18 18 19 19
0 1 2 3 4 5 6 7 8 9 6 7 8 9 10 6 7 8 9 11 12 6 7 8 9 12 11 10 13 14 15 16 17 17 17 17 13 14 15 16 17 17 17 17 18 13 14 15 16 17 17 17 17 18 18 19 20 21 22 23 23 23 23 24 24 24 19 20 21 22 23 23 23 23 24 24 24 25 19 20 21 22 23 23 23 23 24 24 24 25 25
0 1 2 3 4 5 6 7 8 9 6 7 8 9 10 6 7 8 9 11 12 6 7 8 9 13 12 12 6 7 8 9 12 11 13 10 6 7 8 9 12 13 10 11 12 14 15 16 17 18 18 18 18 18 18 14 15 16 17 18 18 18 18 18 18 19 14 15 16 17 18 18 18 18 18 18 19 19 14 15 16 17 18 18 18 18 18 18 19 19 19
0 1 2 3 4 5 6 7 8 9 6 7 8 9 10 11 12 13 14 15 15 11 12 13 14 15 15 16 17 18 19 20 21 21 22 22 17 18 19 20 21 21 22 22 23 17 18 19 20 21 21 22 22 23 23 24 25 26 27 28 28 29 29 30 30 30 24 25 26 27 28 28 29 29 30 30 30 31 24 25 26 27 28 28 29 29 30 30 30 31 31
0 1 2 3 4 5 6 7 8 9 10 11 12 13 14 15 16 17 18 19 20 15 16 17 18 19 20 21 22 23 24 25 26 27 28 28 22 23 24 25 26 27 28 28 29 22 23 24 25 26 27 28 28 29 30 22 23 24 25 26 27 28 28 29 30 30 22 23 24 25 26 27 28 28 30 29 29 29 22 23 24 25 26 27 28 28 30 29 29 29 30
0 1 2 3 4 5 6 7 8 9 10 11 12 13 14 15 16 17 18 19 20 21 22 23 24 25 26 27 21 22 23 24 25 26 27 28 21 22 23 24 25 26 27 28 28 29 30 31 32 33 34 35 36 36 36 29 30 31 32 33 34 35 36 36 36 37 29 30 31 32 33 34 35 36 36 36 37 37 29 30 31 32 33 34 35 36 36 36 37 37 37
--- order 160 (x11) ---
0 0 1 0 1 2 0 3 4 2 0 3 2 4 2 0 4 3 3 1 1 0 2 1 3 3 1 2 0 2 3 1 1 3 2 4 5 6 6 6 6 6 6 6 6 5 6 6 6 6 6 6 6 6 7 5 6 6 6 6 6 6 6 6 7 8 5 6 6 6 6 6 6 6 6 8 7 8 5 6 6 6 6 6 6 6 6 8 8 7 7
0 0 1 0 2 3 0 2 3 4 0 5 4 3 3 0 4 5 2 2 1 0 3 2 1 5 2 3 0 3 2 5 1 2 3 4 6 7 7 7 7 7 7 7 7 6 7 7 7 7 7 7 7 7 8 6 7 7 7 7 7 7 7 7 8 9 6 7 7 7 7 7 7 7 7 9 8 9 6 7 7 7 7 7 7 7 7 9 9 8 8
0 0 1 0 2 3 0 3 2 1 4 5 5 5 5 4 5 5 5 5 6 4 5 5 5 5 6 7 4 5 5 5 5 7 6 7 4 5 5 5 5 7 7 6 6 8 9 9 9 9 10 10 10 10 10 8 9 9 9 9 10 10 10 10 10 11 8 9 9 9 9 10 10 10 10 10 12 13 8 9 9 9 9 10 10 10 10 10 13 12 11
0 0 1 0 2 3 0 3 2 1 4 5 5 5 5 4 5 5 5 5 6 4 5 5 5 5 6 7 4 5 5 5 5 7 6 7 4 5 5 5 5 7 7 6 6 8 9 10 10 9 11 11 11 11 11 8 9 10 10 9 11 11 11 11 11 12 8 10 9 9 10 11 11 11 11 11 13 13 8 10 9 9 10 11 11 11 11 11 13 13 12
0 0 1 2 3 3 2 3 3 4 5 6 6 7 7 5 6 6 7 7 8 5 6 6 7 7 8 9 5 6 6 7 7 9 8 9 5 6 6 7 7 9 9 8 8 10 11 11 12 12 13 13 13 13 13 10 11 11 12 12 13 13 13 13 13 14 10 11 11 12 12 13 13 13 13 13 15 16 10 11 11 12 12 13 13 13 13 13 16 15 14
0 0 1 2 3 3 2 3 3 4 5 6 6 7 7 5 6 6 7 7 8 5 6 6 7 7 8 9 5 6 6 7 7 9 8 9 5 6 6 7 7 9 9 8 8 10 11 12 13 13 14 14 14 14 14 10 11 12 13 13 14 14 14 14 14 15 10 12 11 13 13 14 14 14 14 14 16 16 10 12 11 13 13 14 14 14 14 14 16 16 15
0 0 1 2 3 3 2 3 3 4 5 6 6 7 7 5 6 6 7 7 8 9 10 10 11 11 12 12 9 10 10 11 11 12 12 13 9 10 10 11 11 12 12 13 14 9 10 10 11 11 12 12 14 13 14 9 10 10 11 11 12 12 14 14 13 13 15 16 16 17 17 18 18 19 19 19 19 19 15 16 16 17 17 18 18 19 19 19 19 19 20
0 0 1 2 3 4 2 4 3 5 6 7 7 8 8 6 7 7 8 8 9 6 7 7 8 8 9 10 6 7 7 8 8 10 9 10 6 7 7 8 8 10 10 9 9 11 12 12 13 13 14 14 14 14 14 11 12 12 13 13 14 14 14 14 14 15 11 12 12 13 13 14 14 14 14 14 16 16 11 12 12 13 13 14 14 14 14 14 16 16 15
0 1 2 1 2 3 3 2 1 3 3 2 3 1 1 2 1 2 2 0 2 2 1 2 2 2 0 3 2 3 0 2 2 2 3 1 2 3 2 0 2 2 1 3 1 4 4 4 4 4 4 4 4 4 4 4 4 4 4 4 4 4 4 4 4 5 4 4 4 4 4 4 4 4 4 4 6 6 4 4 4 4 4 4 4 4 4 4 6 6 5
0 1 2 1 2 3 4 3 3 2 4 3 2 3 2 3 4 1 4 1 0 3 4 4 1 0 1 2 2 1 0 4 4 1 2 3 2 1 4 0 1 4 3 2 3 5 5 5 5 5 5 5 5 5 5 5 5 5 5 5 5 5 5 5 5 6 5 5 5 5 5 5 5 5 5 5 7 7 5 5 5 5 5 5 5 5 5 5 7 7 6
0 1 2 3 4 5 3 4 5 6 7 8 9 10 10 7 8 9 10 10 11 7 8 9 10 10 11 12 7 8 9 10 10 12 11 12 7 8 9 10 10 12 12 11 11 13 14 15 16 16 17 17 17 17 17 13 14 15 16 16 17 17 17 17 17 18 13 14 15 16 16 17 17 17 17 17 19 19 13 14 15 16 16 17 17 17 17 17 19 19 18
--- order 168 (x4) ---
0 0 0 0 0 0 0 0 0 0 0 0 0 0 0 0 0 0 0 0 0 1 1 1 2 2 2 2 1 2 2 1 1 2 2 3 1 2 2 2 2 1 1 3 3 2 1 2 1 2 1 2 3 3 3 2 1 2 2 1 2 1 3 3 3 3 2 2 1 1 2 2 1 3 3 3 3 3 2 2 1 2 1 1 2 3 3 3 3 3 3
0 0 1 0 1 2 0 3 3 2 0 3 2 3 1 0 2 1 3 2 1 0 2 3 1 1 2 3 4 5 5 5 5 5 5 5 4 5 5 5 5 5 5 5 6 4 5 5 5 5 5 5 5 7 8 4 5 5 5 5 5 5 5 7 8 8 4 5 5 5 5 5 5 5 8 7 6 7 4 5 5 5 5 5 5 5 8 7 7 6 8
0 1 2 1 2 3 4 5 6 6 4 5 6 6 7 4 5 6 6 7 8 4 5 6 6 9 9 8 4 5 6 6 9 8 9 7 4 5 6 6 8 7 9 8 7 4 5 6 6 8 9 7 7 8 9 10 11 12 12 13 13 13 13 13 13 13 10 11 12 12 13 13 13 13 13 13 13 14 10 11 12 12 13 13 13 13 13 13 13 14 14
0 1 2 2 1 3 4 4 5 5 4 4 5 5 6 4 4 5 5 6 7 4 4 5 5 8 8 7 4 4 5 5 8 7 8 6 4 4 5 5 7 6 8 7 6 4 4 5 5 7 8 6 6 7 8 9 9 10 10 11 11 11 11 11 11 11 9 9 10 10 11 11 11 11 11 11 11 12 9 9 10 10 11 11 11 11 11 11 11 12 12
--- order 180 (x3) ---
0 0 0 1 1 1 1 1 1 2 1 1 1 2 3 1 1 1 3 2 3 1 1 1 3 3 2 2 4 5 6 7 7 7 7 7 5 6 4 7 7 7 7 7 8 6 4 5 7 7 7 7 7 8 8 9 9 9 10 10 10 10 10 11 11 11 9 9 9 10 10 10 10 10 11 11 11 12 9 9 9 10 10 10 10 10 11 11 11 12 12
0 0 1 1 0 1 1 1 0 0 2 2 2 2 2 2 2 2 2 2 3 2 2 2 2 2 3 3 2 2 2 2 2 4 5 6 2 2 2 2 2 4 6 5 4 2 2 2 2 2 5 4 6 6 3 2 2 2 2 2 5 6 4 3 6 5 2 2 2 2 2 6 4 5 3 5 4 3 2 2 2 2 2 6 5 4 5 3 3 4 6
0 0 1 1 0 1 1 1 0 0 2 2 2 2 2 2 2 2 2 2 3 2 2 2 2 2 3 4 2 2 2 2 2 5 5 6 2 2 2 2 2 5 6 5 3 2 2 2 2 2 4 3 6 6 4 2 2 2 2 2 4 6 3 4 6 5 2 2 2 2 2 6 5 4 3 4 5 3 2 2 2 2 2 6 4 5 4 3 3 5 6
--- order 192 (x102) ---
0 0 0 0 0 0 1 1 1 1 1 1 1 1 2 3 3 3 3 4 4 3 3 3 3 4 4 5 3 3 3 3 4 4 6 7 3 3 3 3 4 4 7 6 5 8 9 9 9 10 10 11 11 11 11 9 8 9 9 10 10 11 11 11 11 12 9 9 8 9 10 10 11 11 11 11 12 12 9 9 9 8 10 10 11 11 11 11 12 12 12
0 0 0 0 0 0 1 1 1 1 1 1 1 1 2 3 3 3 3 4 4 3 3 3 3 4 4 5 6 6 6 6 7 7 8 8 6 6 6 6 7 7 8 8 9 10 11 11 11 12 12 13 13 14 14 11 10 11 11 12 12 13 13 14 14 15 11 11 10 11 12 12 13 13 14 14 15 15 11 11 11 10 12 12 13 13 14 14 15 15 15
0 0 0 0 0 0 1 1 1 1 1 1 1 1 2 3 3 3 3 4 5 3 3 3 3 4 5 6 3 3 3 3 5 4 7 7 3 3 3 3 5 4 7 7 6 8 9 9 9 10 10 11 11 11 11 9 8 9 9 10 10 11 11 11 11 12 9 9 8 9 10 10 11 11 11 11 12 12 9 9 9 8 10 10 11 11 11 11 12 12 12
0 0 0 1 1 1 1 1 1 2 1 1 1 2 3 1 1 1 3 2 2 4 4 4 5 6 6 5 4 4 4 5 6 6 5 7 4 4 4 6 5 5 6 8 8 4 4 4 6 5 5 6 8 8 7 9 10 10 11 11 11 11 12 12 12 12 10 9 10 11 11 11 11 12 12 12 12 13 10 10 9 11 11 11 11 12 12 12 12 13 13
0 0 0 1 1 1 1 1 1 2 1 1 1 2 3 1 1 1 4 5 5 1 1 1 4 5 5 3 1 1 1 3 2 2 4 4 1 1 1 5 4 4 2 2 5 1 1 1 5 4 4 2 2 5 3 6 7 8 9 9 9 9 9 9 9 9 7 8 6 9 9 9 9 9 9 9 9 10 8 6 7 9 9 9 9 9 9 9 9 10 10
0 0 0 1 1 1 1 1 1 2 1 1 1 3 3 1 1 1 3 3 2 4 4 4 5 5 5 5 4 4 4 5 5 5 5 6 4 4 4 5 5 5 5 7 7 4 4 4 5 5 5 5 7 7 6 8 9 10 11 11 11 11 12 12 12 12 9 10 8 11 11 11 11 12 12 12 12 13 10 8 9 11 11 11 11 12 12 12 12 13 13
0 0 0 1 1 1 1 1 1 2 1 1 1 3 4 1 1 1 4 3 2 1 1 1 5 5 5 5 1 1 1 5 5 5 5 2 1 1 1 5 5 5 5 3 4 1 1 1 5 5 5 5 4 3 2 6 7 7 8 8 8 8 8 8 8 8 7 6 7 8 8 8 8 8 8 8 8 9 7 7 6 8 8 8 8 8 8 8 8 9 9
0 0 0 1 1 1 1 1 1 2 1 1 1 3 4 1 1 1 4 3 2 5 5 5 6 6 6 6 5 5 5 6 6 6 6 7 5 5 5 6 6 6 6 8 8 5 5 5 6 6 6 6 8 8 7 9 10 10 11 11 11 11 12 12 12 12 10 9 10 11 11 11 11 12 12 12 12 13 10 10 9 11 11 11 11 12 12 12 12 13 13
0 0 0 1 1 1 1 1 1 2 3 3 3 4 4 3 3 3 4 4 5 6 6 6 7 7 8 8 6 6 6 7 7 8 8 9 6 6 6 7 7 8 8 10 10 6 6 6 7 7 8 8 10 10 9 11 12 12 13 13 14 14 15 15 15 15 12 11 12 13 13 14 14 15 15 15 15 16 12 12 11 13 13 14 14 15 15 15 15 16 16
0 0 1 0 1 1 0 1 1 1 2 3 3 3 3 4 5 5 5 5 6 4 5 5 5 5 6 7 4 5 5 5 5 6 8 8 4 5 5 5 5 6 8 8 7 9 10 11 11 11 12 13 13 13 13 9 11 10 11 11 12 13 13 13 13 14 9 11 11 10 11 12 13 13 13 13 14 14 9 11 11 11 10 12 13 13 13 13 14 14 14
0 0 1 0 1 1 2 3 3 3 2 3 3 3 4 2 3 3 3 5 5 2 3 3 3 5 5 4 6 7 8 9 10 10 10 10 6 7 8 9 10 10 10 10 11 6 8 9 7 10 10 10 10 12 12 6 8 9 7 10 10 10 10 12 12 11 6 9 7 8 10 10 10 10 12 12 12 12 6 9 7 8 10 10 10 10 12 12 12 12 11
0 0 1 0 1 1 2 3 3 3 2 3 3 3 4 2 3 3 3 5 6 2 3 3 3 6 5 4 7 8 9 9 10 10 10 10 7 8 9 9 10 10 10 10 11 7 9 8 9 10 10 10 10 12 12 7 9 8 9 10 10 10 10 12 12 11 7 9 9 8 10 10 10 10 12 12 12 12 7 9 9 8 10 10 10 10 12 12 12 12 11
0 0 1 0 1 1 2 3 3 3 2 3 3 3 4 5 6 6 6 7 7 5 6 6 6 7 7 8 9 10 11 11 12 12 13 13 9 10 11 11 12 12 13 13 14 9 11 10 11 12 12 13 13 15 15 9 11 10 11 12 12 13 13 15 15 14 9 11 11 10 12 12 13 13 15 15 15 15 9 11 11 10 12 12 13 13 15 15 15 15 14
0 0 1 0 1 2 0 1 1 1 0 1 1 1 2 0 2 1 1 1 1 3 4 4 4 4 4 4 5 6 7 7 8 8 6 9 5 6 7 7 8 8 6 9 10 5 7 8 8 6 6 7 9 11 11 5 7 8 8 6 6 7 9 11 11 10 5 8 6 6 7 7 8 9 11 11 11 11 5 8 6 6 7 7 8 9 11 11 11 11 10
0 0 1 0 1 2 0 2 1 1 3 4 4 4 4 5 6 6 6 6 7 8 9 10 10 9 11 12 8 9 10 10 9 11 12 13 8 10 9 9 10 11 12 14 14 8 10 9 9 10 11 12 14 14 13 15 16 16 16 16 17 18 19 19 19 19 15 16 16 16 16 17 18 19 19 19 19 20 15 16 16 16 16 17 18 19 19 19 19 20 20
0 0 1 0 2 2 0 2 2 1 3 4 4 4 4 5 6 7 6 7 8 5 6 7 7 6 8 9 5 7 6 6 7 8 9 10 5 7 6 7 6 8 10 9 9 11 12 12 12 12 13 14 14 14 14 11 12 12 12 12 13 14 14 14 14 15 11 12 12 12 12 13 14 14 14 14 15 15 11 12 12 12 12 13 14 14 14 14 15 15 15
0 0 1 0 2 2 0 2 2 1 3 4 4 4 4 5 6 7 8 8 9 5 8 8 6 7 9 10 5 8 8 7 6 9 10 11 5 7 6 8 8 9 11 10 10 12 13 13 13 13 14 15 15 15 15 12 13 13 13 13 14 15 15 15 15 16 12 13 13 13 13 14 15 15 15 15 16 16 12 13 13 13 13 14 15 15 15 15 16 16 16
0 0 1 0 2 3 0 3 2 1 1 0 0 0 0 2 0 0 0 0 3 3 0 0 0 0 2 1 4 5 5 5 5 4 4 4 4 5 5 5 5 4 4 4 6 4 5 5 5 5 4 4 4 6 6 5 4 4 4 4 5 5 5 7 8 8 5 4 4 4 4 5 5 5 8 7 8 6 5 4 4 4 4 5 5 5 8 8 7 6 6
0 0 1 0 2 3 0 3 2 1 4 5 5 5 5 4 5 5 5 5 6 7 8 9 9 8 10 10 7 8 9 9 8 10 10 11 7 9 8 8 9 10 10 12 12 7 9 8 8 9 10 10 12 12 11 13 14 14 14 14 15 15 16 16 16 16 13 14 14 14 14 15 15 16 16 16 16 17 13 14 14 14 14 15 15 16 16 16 16 17 17
0 0 1 0 2 3 0 3 2 1 4 5 5 5 5 6 7 8 8 7 9 6 7 8 8 7 9 10 6 8 7 7 8 9 11 12 6 8 7 7 8 9 12 11 10 13 14 14 14 14 15 16 16 16 16 13 14 14 14 14 15 16 16 16 16 17 13 14 14 14 14 15 16 16 16 16 17 17 13 14 14 14 14 15 16 16 16 16 17 17 17
0 0 1 1 0 0 2 2 2 2 2 2 2 2 3 2 2 2 2 4 4 2 2 2 2 4 4 3 5 6 6 5 7 7 7 7 5 6 6 5 7 7 7 7 8 5 6 6 5 7 7 7 7 8 8 6 5 5 6 7 7 7 7 9 10 11 6 5 5 6 7 7 7 7 10 11 9 8 6 5 5 6 7 7 7 7 11 9 10 8 8
0 0 1 1 0 0 2 2 2 2 2 2 2 2 3 2 2 2 2 4 5 2 2 2 2 5 4 3 6 7 7 6 8 8 8 8 6 7 7 6 8 8 8 8 9 6 7 7 6 8 8 8 8 9 9 7 6 6 7 8 8 8 8 10 11 11 7 6 6 7 8 8 8 8 11 10 11 9 7 6 6 7 8 8 8 8 11 11 10 9 9
0 0 1 1 0 0 2 3 3 2 2 3 3 2 4 3 2 2 3 5 5 3 2 2 3 5 5 4 6 6 6 6 7 7 7 7 6 6 6 6 7 7 7 7 8 6 6 6 6 7 7 7 7 9 10 6 6 6 6 7 7 7 7 11 10 10 6 6 6 6 7 7 7 7 10 9 11 8 6 6 6 6 7 7 7 7 10 11 8 9 10
0 0 1 1 0 0 2 3 3 2 2 3 3 2 4 3 2 2 3 5 5 3 2 2 3 5 5 4 6 7 7 6 8 8 9 9 6 7 7 6 8 8 9 9 10 6 7 7 6 8 8 9 9 10 10 7 6 6 7 9 9 8 8 11 12 12 7 6 6 7 9 9 8 8 12 11 12 10 7 6 6 7 9 9 8 8 12 12 11 10 10
0 0 1 1 0 2 1 2 0 1 2 1 1 0 0 3 3 3 3 3 3 3 3 3 3 3 3 4 5 6 6 6 6 5 7 7 5 6 6 6 6 5 7 7 8 6 5 6 6 5 6 7 7 9 9 6 5 6 6 5 6 7 7 9 9 8 6 6 5 5 6 6 7 7 9 9 9 9 6 6 5 5 6 6 7 7 9 9 9 9 8
0 0 1 2 3 1 2 1 3 1 3 2 2 0 0 1 0 2 2 0 1 1 2 0 0 2 1 3 4 4 4 4 4 4 4 4 4 4 4 4 4 4 4 4 5 4 4 4 4 4 4 4 4 6 7 4 4 4 4 4 4 4 4 6 7 7 4 4 4 4 4 4 4 4 7 6 5 6 4 4 4 4 4 4 4 4 7 6 6 5 7
0 0 1 2 3 3 2 3 3 1 1 0 0 2 2 3 2 2 0 0 3 3 2 2 0 0 3 1 4 5 5 5 5 4 4 4 4 5 5 5 5 4 4 4 6 4 5 5 5 5 4 4 4 6 6 5 4 4 4 4 5 5 5 7 8 9 5 4 4 4 4 5 5 5 8 9 7 6 5 4 4 4 4 5 5 5 9 7 8 6 6
0 0 1 2 3 3 2 3 3 4 2 3 3 4 5 2 3 3 6 7 5 2 3 3 6 5 7 5 2 3 3 7 6 6 4 4 2 3 3 5 4 6 6 4 5 2 3 3 5 6 4 4 6 5 7 8 9 9 10 10 10 10 10 10 10 10 8 9 9 10 10 10 10 10 10 10 10 11 8 9 9 10 10 10 10 10 10 10 10 11 11
0 0 1 2 3 3 2 3 3 4 2 3 3 5 6 2 3 3 5 6 7 2 3 3 8 7 6 6 2 3 3 7 8 5 5 4 2 3 3 6 5 4 8 5 6 2 3 3 6 5 8 4 5 6 7 9 10 10 11 11 11 11 11 11 11 11 9 10 10 11 11 11 11 11 11 11 11 12 9 10 10 11 11 11 11 11 11 11 11 12 12
0 0 1 2 3 3 2 3 3 4 2 3 3 5 6 2 3 3 6 5 4 7 8 8 9 9 9 9 7 8 8 9 9 9 9 10 7 8 8 9 9 9 9 11 12 7 8 8 9 9 9 9 12 11 10 13 14 14 15 15 15 15 16 16 16 16 13 14 14 15 15 15 15 16 16 16 16 17 13 14 14 15 15 15 15 16 16 16 16 17 17
0 0 1 2 3 3 2 3 3 4 2 3 3 5 6 2 3 3 6 5 4 7 8 9 10 10 10 10 7 8 9 10 10 10 10 11 7 9 8 10 10 10 10 12 12 7 9 8 10 10 10 10 12 12 11 13 14 14 15 15 15 15 16 16 16 16 13 14 14 15 15 15 15 16 16 16 16 17 13 14 14 15 15 15 15 16 16 16 16 17 17
0 0 1 2 3 3 2 3 3 4 5 6 6 7 7 5 6 6 7 7 8 9 10 10 11 11 12 12 9 10 10 11 11 12 12 13 9 10 10 11 11 12 12 14 15 9 10 10 11 11 12 12 15 14 13 16 17 17 18 18 19 19 20 20 20 20 16 17 17 18 18 19 19 20 20 20 20 21 16 17 17 18 18 19 19 20 20 20 20 21 21
0 0 1 2 3 3 2 3 3 4 5 6 6 7 7 5 6 6 7 7 8 9 10 10 11 11 12 12 9 10 10 11 11 12 12 13 14 15 15 16 16 17 17 18 18 14 15 15 16 16 17 17 18 18 19 20 21 21 22 22 23 23 24 24 25 25 20 21 21 22 22 23 23 24 24 25 25 26 20 21 21 22 22 23 23 24 24 25 25 26 26
0 0 1 2 3 3 2 3 3 4 5 6 6 7 7 5 6 6 7 7 8 9 10 11 12 12 13 13 9 10 11 12 12 13 13 14 9 11 10 12 12 13 13 15 15 9 11 10 12 12 13 13 15 15 14 16 17 17 18 18 19 19 20 20 20 20 16 17 17 18 18 19 19 20 20 20 20 21 16 17 17 18 18 19 19 20 20 20 20 21 21
0 0 1 2 3 3 4 5 5 6 4 5 5 6 7 8 9 10 11 12 12 8 9 10 11 12 12 13 8 10 9 11 12 12 14 15 8 10 9 11 12 12 15 14 13 16 17 17 18 19 19 20 20 20 20 16 17 17 18 19 19 20 20 20 20 21 16 17 17 18 19 19 20 20 20 20 21 21 16 17 17 18 19 19 20 20 20 20 21 21 21
0 0 1 2 3 3 4 5 5 6 7 8 8 9 10 11 12 13 14 15 16 11 12 13 14 15 16 17 11 13 12 14 15 16 18 18 11 13 12 14 15 16 18 18 17 19 20 20 21 22 23 24 24 24 24 19 20 20 21 22 23 24 24 24 24 25 19 20 20 21 22 23 24 24 24 24 25 25 19 20 20 21 22 23 24 24 24 24 25 25 25
0 0 1 2 3 3 4 5 6 7 4 5 6 7 8 4 6 5 7 9 10 4 6 5 7 10 9 8 11 12 12 13 14 14 14 14 11 12 12 13 14 14 14 14 15 11 12 12 13 14 14 14 14 16 16 11 12 12 13 14 14 14 14 16 16 15 11 12 12 13 14 14 14 14 16 16 16 16 11 12 12 13 14 14 14 14 16 16 16 16 15
0 0 1 2 3 3 4 5 6 7 4 6 5 7 8 9 10 10 11 12 12 9 10 10 11 12 12 13 9 10 10 11 12 12 14 15 9 10 10 11 12 12 15 14 13 16 17 17 18 19 19 20 20 20 20 16 17 17 18 19 19 20 20 20 20 21 16 17 17 18 19 19 20 20 20 20 21 21 16 17 17 18 19 19 20 20 20 20 21 21 21
0 0 1 2 3 3 4 5 6 7 4 6 5 7 8 9 10 10 11 12 12 9 10 10 11 12 12 13 14 15 15 16 17 17 18 18 14 15 15 16 17 17 18 18 19 14 15 15 16 17 17 18 18 20 20 14 15 15 16 17 17 18 18 20 20 19 14 15 15 16 17 17 18 18 20 20 20 20 14 15 15 16 17 17 18 18 20 20 20 20 19
0 0 1 2 3 3 4 5 6 7 4 6 5 7 8 9 10 10 11 12 12 9 10 10 11 12 12 13 14 15 15 16 17 17 18 18 14 15 15 16 17 17 18 18 19 20 21 21 22 23 23 24 24 25 25 20 21 21 22 23 23 24 24 25 25 26 20 21 21 22 23 23 24 24 25 25 26 26 20 21 21 22 23 23 24 24 25 25 26 26 26
0 0 1 2 3 4 2 3 4 5 2 3 4 6 7 2 3 4 7 6 5 2 4 3 8 8 8 8 2 4 3 8 8 8 8 5 2 4 3 8 8 8 8 6 7 2 4 3 8 8 8 8 7 6 5 9 10 10 11 11 11 11 11 11 11 11 9 10 10 11 11 11 11 11 11 11 11 12 9 10 10 11 11 11 11 11 11 11 11 12 12
0 0 1 2 3 4 2 3 4 5 2 4 3 6 6 2 4 3 6 6 5 7 8 9 10 10 11 11 7 8 9 10 10 11 11 12 7 9 8 11 11 10 10 13 13 7 9 8 11 11 10 10 13 13 12 14 15 15 16 16 16 16 17 17 17 17 14 15 15 16 16 16 16 17 17 17 17 18 14 15 15 16 16 16 16 17 17 17 17 18 18
0 0 1 2 3 4 2 3 4 5 2 4 3 6 7 2 4 3 7 6 5 8 9 9 10 10 10 10 8 9 9 10 10 10 10 11 8 9 9 10 10 10 10 12 12 8 9 9 10 10 10 10 12 12 11 13 14 14 15 15 15 15 16 16 16 16 13 14 14 15 15 15 15 16 16 16 16 17 13 14 14 15 15 15 15 16 16 16 16 17 17
0 0 1 2 3 4 2 4 3 5 6 7 7 8 8 6 7 7 8 8 9 10 11 11 12 12 13 13 10 11 11 12 12 13 13 14 10 11 11 12 12 13 13 15 15 10 11 11 12 12 13 13 15 15 14 16 17 17 18 18 19 19 20 20 20 20 16 17 17 18 18 19 19 20 20 20 20 21 16 17 17 18 18 19 19 20 20 20 20 21 21
0 0 1 2 3 4 2 4 3 5 6 7 7 8 8 9 10 11 12 13 14 9 10 11 12 13 14 15 9 11 10 13 12 14 16 16 9 11 10 13 12 14 16 16 15 17 18 18 19 19 20 21 21 21 21 17 18 18 19 19 20 21 21 21 21 22 17 18 18 19 19 20 21 21 21 21 22 22 17 18 18 19 19 20 21 21 21 21 22 22 22
0 1 1 1 1 0 1 1 1 1 1 1 1 1 0 2 2 2 2 2 2 2 2 2 2 2 2 3 2 2 2 2 2 2 4 4 2 2 2 2 2 2 4 4 3 5 6 5 6 5 6 7 7 7 7 5 6 6 5 6 5 7 7 7 7 8 6 5 5 6 6 5 7 7 7 7 8 8 6 5 6 5 5 6 7 7 7 7 8 8 8
0 1 1 1 1 0 2 2 2 2 2 2 2 2 3 4 5 6 7 8 8 6 7 5 4 8 8 9 7 6 4 5 8 8 9 10 5 4 7 6 8 8 10 9 9 11 11 11 11 12 12 13 13 13 13 11 11 11 11 12 12 13 13 13 13 14 11 11 11 11 12 12 13 13 13 13 14 14 11 11 11 11 12 12 13 13 13 13 14 14 14
0 1 1 1 1 0 2 2 3 3 3 3 2 2 4 5 6 5 6 7 7 5 6 6 5 7 7 8 6 5 5 6 7 7 8 9 6 5 6 5 7 7 9 8 8 10 10 10 10 11 11 12 12 12 12 10 10 10 10 11 11 12 12 12 12 13 10 10 10 10 11 11 12 12 12 12 13 13 10 10 10 10 11 11 12 12 12 12 13 13 13
0 1 1 1 1 0 2 2 3 3 3 3 2 2 4 5 6 7 7 8 9 7 7 5 6 9 8 10 7 7 6 5 9 8 10 11 6 5 7 7 8 9 11 10 10 12 12 12 12 13 13 14 14 14 14 12 12 12 12 13 13 14 14 14 14 15 12 12 12 12 13 13 14 14 14 14 15 15 12 12 12 12 13 13 14 14 14 14 15 15 15
0 1 1 1 1 0 2 3 4 5 4 5 3 2 6 5 4 2 3 6 7 3 2 5 4 7 6 6 8 8 8 8 9 9 9 9 8 8 8 8 9 9 9 9 10 8 8 8 8 9 9 9 9 11 11 8 8 8 8 9 9 9 9 11 11 10 8 8 8 8 9 9 9 9 11 11 11 11 8 8 8 8 9 9 9 9 11 11 11 11 10
0 1 1 1 1 2 1 1 3 4 1 1 4 3 2 5 6 7 7 7 7 5 6 7 7 7 7 8 5 6 7 7 7 7 8 8 5 6 7 7 7 7 8 8 8 6 5 7 7 7 7 9 10 10 10 6 5 7 7 7 7 10 9 10 10 8 6 5 7 7 7 7 10 10 9 10 8 8 6 5 7 7 7 7 10 10 10 9 8 8 8
0 1 1 1 1 2 1 1 3 4 1 1 5 6 6 1 1 5 6 6 4 1 1 5 6 6 6 6 1 1 5 6 6 6 6 4 1 1 4 3 2 5 5 5 5 1 1 6 5 5 2 3 5 5 6 1 1 6 5 5 3 2 5 5 6 4 1 1 6 5 5 5 5 2 3 6 6 6 1 1 6 5 5 5 5 3 2 6 6 6 4
0 1 1 1 1 2 3 3 4 4 3 3 4 4 5 3 3 4 4 5 6 3 3 4 4 6 5 5 7 7 8 8 9 10 10 9 7 7 8 8 9 10 10 9 11 7 7 8 8 9 10 10 9 11 11 7 7 8 8 10 9 9 10 12 13 13 7 7 8 8 10 9 9 10 13 12 13 11 7 7 8 8 10 9 9 10 13 13 12 11 11
0 1 1 1 1 2 3 3 4 4 3 3 4 4 5 3 3 4 4 6 6 3 3 4 4 6 6 5 7 7 8 8 9 9 9 9 7 7 8 8 9 9 9 9 10 7 7 8 8 9 9 9 9 11 12 7 7 8 8 9 9 9 9 13 12 12 7 7 8 8 9 9 9 9 12 11 13 10 7 7 8 8 9 9 9 9 12 13 10 11 12
0 1 1 1 1 2 3 3 4 4 3 3 4 4 5 3 3 4 4 6 6 3 3 4 4 6 6 5 7 8 9 9 10 10 10 10 7 8 9 9 10 10 10 10 11 7 8 9 9 10 10 10 10 11 11 8 7 9 9 10 10 10 10 12 13 13 8 7 9 9 10 10 10 10 13 12 13 11 8 7 9 9 10 10 10 10 13 13 12 11 11
0 1 1 1 1 2 3 3 4 4 3 3 4 4 5 3 3 4 4 6 7 3 3 4 4 7 6 5 8 8 9 9 10 10 10 10 8 8 9 9 10 10 10 10 11 8 8 9 9 10 10 10 10 12 13 8 8 9 9 10 10 10 10 12 13 13 8 8 9 9 10 10 10 10 13 12 11 12 8 8 9 9 10 10 10 10 13 12 12 11 13
0 1 1 1 1 2 3 3 4 4 3 3 4 4 5 6 6 7 7 8 8 6 6 7 7 8 8 9 10 10 11 11 12 12 13 13 10 10 11 11 12 12 13 13 14 10 10 11 11 12 12 13 13 15 16 10 10 11 11 12 12 13 13 15 16 16 10 10 11 11 12 12 13 13 16 15 14 15 10 10 11 11 12 12 13 13 16 15 15 14 16
0 1 1 1 1 2 3 3 4 4 3 3 4 4 5 6 7 8 8 9 9 6 7 8 8 9 9 10 6 7 8 8 9 9 10 10 6 7 8 8 9 9 10 10 10 7 6 8 8 9 9 11 12 12 12 7 6 8 8 9 9 12 11 12 12 10 7 6 8 8 9 9 12 12 11 12 10 10 7 6 8 8 9 9 12 12 12 11 10 10 10
0 1 1 1 1 2 3 3 4 4 3 3 4 4 5 6 7 8 9 10 10 6 7 9 8 10 10 11 7 6 8 9 10 10 12 13 7 6 9 8 10 10 13 12 11 14 14 15 15 16 16 17 17 17 17 14 14 15 15 16 16 17 17 17 17 18 14 14 15 15 16 16 17 17 17 17 18 18 14 14 15 15 16 16 17 17 17 17 18 18 18
0 1 1 1 1 2 3 3 4 5 3 3 5 4 6 7 8 9 9 10 10 7 8 9 9 10 10 11 8 7 9 9 10 10 12 13 8 7 9 9 10 10 13 12 11 14 14 15 15 16 16 17 17 17 17 14 14 15 15 16 16 17 17 17 17 18 14 14 15 15 16 16 17 17 17 17 18 18 14 14 15 15 16 16 17 17 17 17 18 18 18
0 1 1 1 1 2 3 3 4 5 3 3 5 4 6 7 8 9 9 10 10 8 7 9 9 10 10 11 12 12 13 13 14 14 15 15 12 12 13 13 14 14 15 15 16 12 12 13 13 14 14 15 15 17 17 12 12 13 13 14 14 15 15 17 17 16 12 12 13 13 14 14 15 15 17 17 17 17 12 12 13 13 14 14 15 15 17 17 17 17 16
0 1 1 1 1 2 3 3 4 5 3 3 5 4 6 7 8 9 9 10 10 8 7 9 9 10 10 11 12 12 13 13 14 14 15 15 12 12 13 13 14 14 15 15 16 17 17 18 18 19 19 20 20 21 21 17 17 18 18 19 19 20 20 21 21 22 17 17 18 18 19 19 20 20 21 21 22 22 17 17 18 18 19 19 20 20 21 21 22 22 22
0 1 1 1 1 2 3 4 5 5 3 4 5 5 6 4 3 5 5 7 7 4 3 5 5 7 7 6 8 8 9 9 10 10 10 10 8 8 9 9 10 10 10 10 11 8 8 9 9 10 10 10 10 12 13 8 8 9 9 10 10 10 10 12 13 13 8 8 9 9 10 10 10 10 13 12 11 12 8 8 9 9 10 10 10 10 13 12 12 11 13
0 1 1 1 1 2 3 4 5 6 3 4 6 5 7 4 3 5 6 8 9 4 3 6 5 9 8 7 10 10 11 11 12 12 12 12 10 10 11 11 12 12 12 12 13 10 10 11 11 12 12 12 12 14 14 10 10 11 11 12 12 12 12 14 14 13 10 10 11 11 12 12 12 12 14 14 14 14 10 10 11 11 12 12 12 12 14 14 14 14 13
0 1 2 1 2 3 1 2 3 4 1 2 4 3 3 5 6 7 8 8 7 5 6 7 8 8 7 9 5 6 7 8 8 7 9 9 5 6 7 8 8 7 9 9 9 5 6 8 7 7 8 10 11 11 11 5 6 8 7 7 8 11 10 11 11 9 5 6 8 7 7 8 11 11 10 11 9 9 5 6 8 7 7 8 11 11 11 10 9 9 9
0 1 2 1 2 3 1 2 4 4 1 2 4 4 3 2 1 5 6 7 8 2 1 7 8 6 5 4 2 1 8 7 5 6 4 3 2 1 6 5 8 7 3 4 4 9 9 10 10 10 10 10 10 10 10 9 9 10 10 10 10 10 10 10 10 11 9 9 10 10 10 10 10 10 10 10 11 11 9 9 10 10 10 10 10 10 10 10 11 11 11
0 1 2 1 2 3 1 2 4 5 1 2 5 4 3 2 1 6 7 7 8 2 1 8 7 7 6 5 2 1 7 6 8 7 4 3 2 1 7 8 6 7 3 4 5 9 9 10 10 10 10 10 10 10 10 9 9 10 10 10 10 10 10 10 10 11 9 9 10 10 10 10 10 10 10 10 11 11 9 9 10 10 10 10 10 10 10 10 11 11 11
0 1 2 1 2 3 1 2 4 5 1 2 5 4 3 2 1 6 7 8 9 2 1 9 8 7 6 5 2 1 8 9 6 7 4 3 2 1 7 6 9 8 3 4 5 10 10 11 11 11 11 11 11 11 11 10 10 11 11 11 11 11 11 11 11 12 10 10 11 11 11 11 11 11 11 11 12 12 10 10 11 11 11 11 11 11 11 11 12 12 12
0 1 2 1 2 3 1 2 4 5 1 2 5 4 3 6 7 8 8 8 8 6 7 8 8 8 8 9 6 7 8 8 8 8 10 11 6 7 8 8 8 8 10 11 11 6 7 8 8 8 8 10 11 11 11 6 7 8 8 8 8 11 10 9 10 10 6 7 8 8 8 8 11 10 10 9 10 11 6 7 8 8 8 8 11 10 10 10 9 11 11
0 1 2 1 2 3 1 2 4 5 1 2 6 5 7 1 2 8 7 5 5 1 2 7 8 6 4 3 1 2 5 4 8 3 6 5 1 2 5 6 3 8 4 5 7 9 10 11 11 11 11 11 11 11 11 9 10 11 11 11 11 11 11 11 11 12 9 10 11 11 11 11 11 11 11 11 12 12 9 10 11 11 11 11 11 11 11 11 12 12 12
0 1 2 1 2 3 1 2 4 5 1 2 6 7 8 1 2 9 8 7 5 1 2 8 9 6 4 3 1 2 7 6 9 3 4 5 1 2 5 4 3 9 6 7 8 10 11 12 12 12 12 12 12 12 12 10 11 12 12 12 12 12 12 12 12 13 10 11 12 12 12 12 12 12 12 12 13 13 10 11 12 12 12 12 12 12 12 12 13 13 13
0 1 2 1 2 3 2 1 4 4 2 1 4 4 3 5 6 7 7 8 8 5 6 7 7 8 8 9 5 6 7 7 8 8 9 9 5 6 7 7 8 8 9 9 9 6 5 8 8 7 7 10 11 11 11 6 5 8 8 7 7 11 10 11 11 9 6 5 8 8 7 7 11 11 10 11 9 9 6 5 8 8 7 7 11 11 11 10 9 9 9
0 1 2 1 2 3 2 1 4 5 2 1 5 4 3 6 6 7 7 7 7 6 6 7 7 7 7 8 6 6 7 7 7 7 9 10 6 6 7 7 7 7 9 10 10 6 6 7 7 7 7 9 10 10 10 6 6 7 7 7 7 10 9 8 9 9 6 6 7 7 7 7 10 9 9 8 9 10 6 6 7 7 7 7 10 9 9 9 8 10 10
0 1 2 1 2 3 2 1 4 5 2 1 5 4 3 6 7 8 8 9 9 6 7 8 8 9 9 10 7 6 9 9 8 8 11 12 7 6 9 9 8 8 12 11 10 13 13 14 14 14 14 15 15 15 15 13 13 14 14 14 14 15 15 15 15 16 13 13 14 14 14 14 15 15 15 15 16 16 13 13 14 14 14 14 15 15 15 15 16 16 16
0 1 2 1 2 3 4 3 2 2 3 4 1 1 0 2 1 0 4 1 2 2 1 4 0 1 2 3 5 5 5 5 5 5 5 5 5 5 5 5 5 5 5 5 6 5 5 5 5 5 5 5 5 7 8 5 5 5 5 5 5 5 5 7 8 8 5 5 5 5 5 5 5 5 8 7 6 7 5 5 5 5 5 5 5 5 8 7 7 6 8
0 1 2 1 2 3 4 5 6 6 4 5 6 6 7 4 5 6 6 8 8 4 5 6 6 8 8 7 9 10 11 11 12 12 12 12 9 10 11 11 12 12 12 12 13 9 10 11 11 12 12 12 12 14 15 9 10 11 11 12 12 12 12 14 15 15 9 10 11 11 12 12 12 12 15 14 13 14 9 10 11 11 12 12 12 12 15 14 14 13 15
0 1 2 1 2 3 4 5 6 6 4 5 6 6 7 8 9 10 10 11 11 8 9 10 10 11 11 12 8 9 10 10 11 11 13 14 8 9 10 10 11 11 13 14 14 8 9 10 10 11 11 13 14 14 14 8 9 10 10 11 11 14 13 12 13 13 8 9 10 10 11 11 14 13 13 12 13 14 8 9 10 10 11 11 14 13 13 13 12 14 14
0 1 2 2 1 0 3 3 3 3 3 3 3 3 0 3 3 3 3 1 2 3 3 3 3 2 1 0 4 4 4 4 4 4 4 4 4 4 4 4 4 4 4 4 5 4 4 4 4 4 4 4 4 6 7 4 4 4 4 4 4 4 4 8 7 7 4 4 4 4 4 4 4 4 7 6 8 5 4 4 4 4 4 4 4 4 7 8 5 6 7
0 1 2 2 1 0 3 3 3 3 3 3 3 3 4 3 3 3 3 5 5 3 3 3 3 5 5 4 6 6 6 6 7 7 7 7 6 6 6 6 7 7 7 7 8 6 6 6 6 7 7 7 7 9 10 6 6 6 6 7 7 7 7 11 10 10 6 6 6 6 7 7 7 7 10 9 11 8 6 6 6 6 7 7 7 7 10 11 8 9 10
0 1 2 2 1 0 3 3 3 3 3 3 3 3 4 3 3 3 3 5 5 3 3 3 3 5 5 4 6 7 7 6 8 8 8 8 6 7 7 6 8 8 8 8 9 6 7 7 6 8 8 8 8 9 9 7 6 6 7 8 8 8 8 10 11 11 7 6 6 7 8 8 8 8 11 10 11 9 7 6 6 7 8 8 8 8 11 11 10 9 9
0 1 2 2 1 0 3 3 3 3 3 3 3 3 4 3 3 3 3 5 6 3 3 3 3 6 5 4 7 7 7 7 8 8 8 8 7 7 7 7 8 8 8 8 9 7 7 7 7 8 8 8 8 10 11 7 7 7 7 8 8 8 8 10 11 11 7 7 7 7 8 8 8 8 11 10 9 10 7 7 7 7 8 8 8 8 11 10 10 9 11
0 1 2 2 1 0 3 3 3 3 3 3 3 3 4 5 6 6 5 7 7 5 6 6 5 7 7 8 5 6 6 5 7 7 8 8 5 6 6 5 7 7 8 8 8 6 5 5 6 7 7 9 10 10 10 6 5 5 6 7 7 10 9 10 10 8 6 5 5 6 7 7 10 10 9 10 8 8 6 5 5 6 7 7 10 10 10 9 8 8 8
0 1 2 2 1 0 3 3 3 3 3 3 3 3 4 5 6 7 8 9 9 8 7 6 5 9 9 10 7 8 5 6 9 9 11 12 6 5 8 7 9 9 12 11 10 13 13 13 13 14 14 15 15 15 15 13 13 13 13 14 14 15 15 15 15 16 13 13 13 13 14 14 15 15 15 15 16 16 13 13 13 13 14 14 15 15 15 15 16 16 16
0 1 2 2 1 0 3 4 3 4 4 3 4 3 5 6 7 7 6 8 8 6 7 7 6 8 8 9 7 6 6 7 8 8 10 11 7 6 6 7 8 8 11 10 9 12 12 12 12 13 13 14 14 14 14 12 12 12 12 13 13 14 14 14 14 15 12 12 12 12 13 13 14 14 14 14 15 15 12 12 12 12 13 13 14 14 14 14 15 15 15
0 1 2 2 1 0 3 4 4 3 3 4 4 3 5 4 3 3 4 6 6 4 3 3 4 6 6 5 7 7 7 7 8 8 8 8 7 7 7 7 8 8 8 8 9 7 7 7 7 8 8 8 8 10 11 7 7 7 7 8 8 8 8 10 11 11 7 7 7 7 8 8 8 8 11 10 9 10 7 7 7 7 8 8 8 8 11 10 10 9 11
0 1 2 2 1 0 3 4 5 6 6 5 4 3 7 5 6 3 4 8 9 4 3 6 5 9 8 7 10 10 10 10 11 11 11 11 10 10 10 10 11 11 11 11 12 10 10 10 10 11 11 11 11 13 13 10 10 10 10 11 11 11 11 13 13 12 10 10 10 10 11 11 11 11 13 13 13 13 10 10 10 10 11 11 11 11 13 13 13 13 12
0 1 2 2 1 3 4 4 5 5 4 4 5 5 6 4 4 5 5 7 7 4 4 5 5 7 7 6 8 8 9 9 10 10 10 10 8 8 9 9 10 10 10 10 11 8 8 9 9 10 10 10 10 12 13 8 8 9 9 10 10 10 10 12 13 13 8 8 9 9 10 10 10 10 13 12 11 12 8 8 9 9 10 10 10 10 13 12 12 11 13
0 1 2 2 1 3 4 4 5 5 4 4 5 5 6 7 7 8 8 9 9 7 7 8 8 9 9 10 7 7 8 8 9 9 11 12 7 7 8 8 9 9 11 12 12 7 7 8 8 9 9 11 12 12 12 7 7 8 8 9 9 12 11 10 11 11 7 7 8 8 9 9 12 11 11 10 11 12 7 7 8 8 9 9 12 11 11 11 10 12 12
0 1 2 2 1 3 4 4 5 5 4 4 5 5 6 7 8 9 10 11 11 7 8 9 10 11 11 12 8 7 10 9 11 11 13 14 8 7 10 9 11 11 14 13 12 15 15 16 16 17 17 18 18 18 18 15 15 16 16 17 17 18 18 18 18 19 15 15 16 16 17 17 18 18 18 18 19 19 15 15 16 16 17 17 18 18 18 18 19 19 19
0 1 2 2 1 3 4 5 6 7 4 5 6 7 8 5 4 7 6 9 10 5 4 7 6 10 9 8 11 11 12 12 13 13 13 13 11 11 12 12 13 13 13 13 14 11 11 12 12 13 13 13 13 15 15 11 11 12 12 13 13 13 13 15 15 14 11 11 12 12 13 13 13 13 15 15 15 15 11 11 12 12 13 13 13 13 15 15 15 15 14
0 1 2 2 1 3 4 5 6 7 5 4 7 6 8 9 9 10 10 11 11 9 9 10 10 11 11 12 9 9 10 10 11 11 13 14 9 9 10 10 11 11 14 13 12 15 15 16 16 17 17 18 18 18 18 15 15 16 16 17 17 18 18 18 18 19 15 15 16 16 17 17 18 18 18 18 19 19 15 15 16 16 17 17 18 18 18 18 19 19 19
0 1 2 2 1 3 4 5 6 7 5 4 7 6 8 9 9 10 10 11 11 9 9 10 10 11 11 12 13 13 14 14 15 15 16 16 13 13 14 14 15 15 16 16 17 13 13 14 14 15 15 16 16 18 18 13 13 14 14 15 15 16 16 18 18 17 13 13 14 14 15 15 16 16 18 18 18 18 13 13 14 14 15 15 16 16 18 18 18 18 17
0 1 2 2 1 3 4 5 6 7 5 4 7 6 8 9 9 10 10 11 11 9 9 10 10 11 11 12 13 13 14 14 15 15 16 16 13 13 14 14 15 15 16 16 17 18 18 19 19 20 20 21 21 22 22 18 18 19 19 20 20 21 21 22 22 23 18 18 19 19 20 20 21 21 22 22 23 23 18 18 19 19 20 20 21 21 22 22 23 23 23
0 1 2 2 1 3 4 5 6 7 5 4 7 6 8 9 10 11 12 13 14 9 10 11 12 13 14 15 10 9 12 11 14 13 16 16 10 9 12 11 14 13 16 16 15 17 17 18 18 19 19 20 20 20 20 17 17 18 18 19 19 20 20 20 20 21 17 17 18 18 19 19 20 20 20 20 21 21 17 17 18 18 19 19 20 20 20 20 21 21 21
0 1 2 3 4 5 3 4 5 6 3 4 5 7 8 3 4 5 8 7 6 3 4 5 9 9 9 9 3 4 5 9 9 9 9 6 3 4 5 9 9 9 9 7 8 3 4 5 9 9 9 9 8 7 6 10 11 12 13 13 13 13 13 13 13 13 10 11 12 13 13 13 13 13 13 13 13 14 10 11 12 13 13 13 13 13 13 13 13 14 14
0 1 2 3 4 5 3 4 5 6 3 4 5 7 8 3 4 5 8 7 6 9 10 11 12 12 12 12 9 10 11 12 12 12 12 13 9 10 11 12 12 12 12 14 14 9 10 11 12 12 12 12 14 14 13 15 16 17 18 18 18 18 19 19 19 19 15 16 17 18 18 18 18 19 19 19 19 20 15 16 17 18 18 18 18 19 19 19 19 20 20
0 1 2 3 4 5 3 4 5 6 7 8 9 10 10 7 8 9 10 10 11 12 13 14 15 15 16 16 12 13 14 15 15 16 16 17 12 13 14 15 15 16 16 18 18 12 13 14 15 15 16 16 18 18 17 19 20 21 22 22 23 23 24 24 24 24 19 20 21 22 22 23 23 24 24 24 24 25 19 20 21 22 22 23 23 24 24 24 24 25 25
0 1 2 3 4 5 6 7 8 9 6 7 8 9 10 6 7 8 9 11 12 6 7 8 9 12 11 10 13 14 15 16 17 17 17 17 13 14 15 16 17 17 17 17 18 13 14 15 16 17 17 17 17 19 19 13 14 15 16 17 17 17 17 19 19 18 13 14 15 16 17 17 17 17 19 19 19 19 13 14 15 16 17 17 17 17 19 19 19 19 18
0 1 2 3 4 5 6 7 8 9 6 7 8 9 10 11 12 13 14 15 15 11 12 13 14 15 15 16 11 12 13 14 15 15 17 18 11 12 13 14 15 15 18 17 16 19 20 21 22 23 23 24 24 24 24 19 20 21 22 23 23 24 24 24 24 25 19 20 21 22 23 23 24 24 24 24 25 25 19 20 21 22 23 23 24 24 24 24 25 25 25
0 1 2 3 4 5 6 7 8 9 6 7 8 9 10 11 12 13 14 15 15 11 12 13 14 15 15 16 17 18 19 20 21 21 22 22 17 18 19 20 21 21 22 22 23 17 18 19 20 21 21 22 22 24 24 17 18 19 20 21 21 22 22 24 24 23 17 18 19 20 21 21 22 22 24 24 24 24 17 18 19 20 21 21 22 22 24 24 24 24 23
0 1 2 3 4 5 6 7 8 9 6 7 8 9 10 11 12 13 14 15 15 11 12 13 14 15 15 16 17 18 19 20 21 21 22 22 17 18 19 20 21 21 22 22 23 24 25 26 27 28 28 29 29 30 30 24 25 26 27 28 28 29 29 30 30 31 24 25 26 27 28 28 29 29 30 30 31 31 24 25 26 27 28 28 29 29 30 30 31 31 31
0 1 2 3 4 5 6 7 8 9 10 11 12 13 14 15 16 17 18 19 20 15 16 17 18 19 20 21 15 16 17 18 19 20 22 22 15 16 17 18 19 20 22 22 21 23 24 25 26 27 28 29 29 29 29 23 24 25 26 27 28 29 29 29 29 30 23 24 25 26 27 28 29 29 29 29 30 30 23 24 25 26 27 28 29 29 29 29 30 30 30
--- order 196 (x1) ---
0 0 1 2 2 1 2 1 2 0 1 0 2 1 0 1 2 0 0 1 2 3 3 3 3 3 3 3 3 3 3 3 3 3 3 4 3 3 3 3 3 3 3 4 5 3 3 3 3 3 3 3 6 6 5 3 3 3 3 3 3 3 6 5 6 4 3 3 3 3 3 3 3 5 4 6 5 4 3 3 3 3 3 3 3 5 6 4 4 5 6
--- order 200 (x5) ---
0 0 1 2 3 4 2 3 4 5 2 3 4 5 6 2 3 4 6 5 6 2 3 4 6 6 5 5 2 4 3 7 7 7 7 7 2 4 3 7 7 7 7 7 5 2 4 3 7 7 7 7 7 5 6 2 4 3 7 7 7 7 7 6 5 6 2 4 3 7 7 7 7 7 6 6 5 5 8 9 9 10 10 10 10 10 10 10 10 10 10
0 1 2 1 2 3 4 5 6 6 4 5 6 6 7 4 5 6 6 7 8 4 5 6 6 8 7 8 4 5 6 6 8 8 7 7 9 10 11 11 12 12 12 12 12 9 10 11 11 12 12 12 12 12 13 9 10 11 11 12 12 12 12 12 13 14 9 10 11 11 12 12 12 12 12 14 13 14 9 10 11 11 12 12 12 12 12 14 14 13 13
0 1 2 2 1 3 4 4 5 5 4 4 5 5 6 4 4 5 5 6 7 4 4 5 5 7 6 7 4 4 5 5 7 7 6 6 8 8 9 9 10 10 10 10 10 8 8 9 9 10 10 10 10 10 11 8 8 9 9 10 10 10 10 10 11 12 8 8 9 9 10 10 10 10 10 12 11 12 8 8 9 9 10 10 10 10 10 12 12 11 11
0 1 2 2 1 3 4 5 6 7 4 5 6 7 8 4 5 6 7 8 9 4 5 6 7 9 8 9 4 5 6 7 9 9 8 8 5 4 7 6 10 10 10 10 10 5 4 7 6 10 10 10 10 10 8 5 4 7 6 10 10 10 10 10 8 9 5 4 7 6 10 10 10 10 10 9 8 9 5 4 7 6 10 10 10 10 10 9 9 8 8
0 1 2 3 4 5 3 4 5 6 3 4 5 6 7 3 4 5 7 6 7 3 4 5 7 7 6 6 3 4 5 8 8 8 8 8 3 4 5 8 8 8 8 8 6 3 4 5 8 8 8 8 8 6 7 3 4 5 8 8 8 8 8 7 6 7 3 4 5 8 8 8 8 8 7 7 6 6 9 10 11 12 12 12 12 12 12 12 12 12 12
--- order 216 (x12) ---
0 0 0 1 1 1 1 1 1 2 3 4 5 6 6 4 5 3 6 6 7 5 3 4 6 6 7 7 8 8 8 9 9 10 10 10 8 8 8 9 9 10 10 10 11 8 8 8 9 9 10 10 10 11 11 12 12 12 13 13 14 14 14 15 15 15 12 12 12 13 13 14 14 14 15 15 15 16 12 12 12 13 13 14 14 14 15 15 15 16 16
0 0 1 0 1 1 2 3 3 3 4 5 6 6 7 4 6 5 6 7 8 4 6 6 5 7 8 8 9 10 10 10 11 12 12 12 9 10 10 10 11 12 12 12 13 9 10 10 10 11 12 12 12 13 13 14 15 15 15 16 17 17 17 18 18 18 14 15 15 15 16 17 17 17 18 18 18 19 14 15 15 15 16 17 17 17 18 18 18 19 19
0 0 1 0 1 1 2 3 3 3 4 5 6 7 8 4 6 7 5 8 9 4 7 5 6 8 9 9 10 11 11 11 12 13 13 13 10 11 11 11 12 13 13 13 14 10 11 11 11 12 13 13 13 14 15 10 11 11 11 12 13 13 13 14 15 15 10 11 11 11 12 13 13 13 15 14 14 14 10 11 11 11 12 13 13 13 15 14 14 14 15
0 0 1 0 2 3 0 4 3 3 0 3 2 4 1 0 3 4 1 2 3 5 6 6 6 6 6 6 7 8 9 9 9 8 8 10 7 8 9 9 9 8 8 10 11 7 8 9 9 9 8 8 10 11 11 7 9 8 8 8 9 9 10 12 12 12 7 9 8 8 8 9 9 10 12 12 12 11 7 9 8 8 8 9 9 10 12 12 12 11 11
0 1 1 1 1 2 1 1 2 2 1 1 3 4 5 1 1 3 5 4 3 1 1 4 3 5 5 2 1 1 4 5 3 2 5 4 1 1 5 3 4 2 4 3 2 1 1 5 4 3 4 2 2 3 5 6 6 7 7 7 7 7 7 7 7 7 6 6 7 7 7 7 7 7 7 7 7 8 6 6 7 7 7 7 7 7 7 7 7 8 8
0 1 1 1 1 2 1 1 2 2 3 3 4 5 6 3 3 5 6 4 7 3 3 6 4 5 7 7 8 9 10 10 10 11 11 11 8 9 10 10 10 11 11 11 12 8 9 10 10 10 11 11 11 12 12 9 8 10 10 10 11 11 11 13 13 13 9 8 10 10 10 11 11 11 13 13 13 12 9 8 10 10 10 11 11 11 13 13 13 12 12
0 1 1 1 1 2 1 1 2 2 3 4 5 5 5 3 4 5 5 5 6 3 4 5 5 5 6 6 4 3 5 5 5 7 8 9 4 3 5 5 5 8 9 7 6 4 3 5 5 5 9 7 8 6 6 10 10 11 11 11 12 12 12 12 12 12 10 10 11 11 11 12 12 12 12 12 12 13 10 10 11 11 11 12 12 12 12 12 12 13 13
0 1 1 1 1 2 1 1 2 3 1 1 4 4 5 1 1 4 5 4 2 1 1 3 2 5 5 3 1 1 3 5 2 3 5 4 1 1 5 4 3 2 3 4 2 1 1 5 3 4 3 2 2 4 5 6 6 7 7 7 7 7 7 7 7 7 6 6 7 7 7 7 7 7 7 7 7 8 6 6 7 7 7 7 7 7 7 7 7 8 8
0 1 2 1 2 3 1 2 3 3 2 1 4 5 6 2 1 5 6 4 3 2 1 6 4 5 3 3 7 8 9 9 9 10 10 10 7 8 9 9 9 10 10 10 11 7 8 9 9 9 10 10 10 11 11 8 7 10 10 10 9 9 9 12 12 12 8 7 10 10 10 9 9 9 12 12 12 11 8 7 10 10 10 9 9 9 12 12 12 11 11
0 1 2 1 2 3 1 2 3 3 4 5 6 6 6 4 5 6 6 6 7 4 5 6 6 6 7 7 4 5 6 6 6 8 9 9 4 5 6 6 6 8 9 9 8 4 5 6 6 6 9 8 9 7 9 4 5 6 6 6 9 8 9 9 7 8 4 5 6 6 6 9 9 8 7 9 7 9 4 5 6 6 6 9 9 8 9 7 9 7 8
0 1 2 1 2 3 1 2 3 3 4 5 6 6 6 4 5 6 6 6 7 4 5 6 6 6 8 9 4 5 6 6 6 10 9 9 4 5 6 6 6 9 8 10 7 4 5 6 6 6 9 10 7 8 9 11 12 13 13 13 14 14 14 14 14 14 11 12 13 13 13 14 14 14 14 14 14 15 11 12 13 13 13 14 14 14 14 14 14 15 15
0 1 2 3 4 5 6 7 8 9 10 11 12 13 14 10 11 12 13 14 15 10 11 12 13 14 15 15 16 17 18 19 20 21 21 21 16 17 18 19 20 21 21 21 22 16 17 18 19 20 21 21 21 22 22 23 24 25 26 27 28 28 28 29 29 29 23 24 25 26 27 28 28 28 29 29 29 30 23 24 25 26 27 28 28 28 29 29 29 30 30
--- order 224 (x1) ---
0 0 1 2 3 3 2 3 3 4 2 3 3 4 5 2 3 3 6 6 5 2 3 3 6 5 6 4 2 3 3 5 4 6 5 4 2 3 3 5 6 4 4 5 6 7 8 8 9 9 9 9 9 9 9 7 8 8 9 9 9 9 9 9 9 10 7 8 8 9 9 9 9 9 9 9 11 11 7 8 8 9 9 9 9 9 9 9 11 11 10
--- order 240 (x22) ---
0 0 0 0 0 0 0 0 0 0 1 1 1 1 1 1 1 1 1 1 2 3 3 3 3 3 4 5 3 3 3 3 3 5 4 6 7 8 8 8 8 9 9 10 10 8 7 8 8 8 9 9 10 10 11 8 8 7 8 8 9 9 10 10 11 11 8 8 8 7 8 9 9 10 10 11 11 11 8 8 8 8 7 9 9 10 10 11 11 11 11
0 0 0 1 1 1 1 1 1 2 1 1 1 2 3 1 1 1 3 2 3 1 1 1 3 3 2 2 4 5 6 7 7 7 7 7 4 5 6 7 7 7 7 7 8 5 6 4 7 7 7 7 7 9 9 5 6 4 7 7 7 7 7 9 9 8 6 4 5 7 7 7 7 7 9 9 9 9 6 4 5 7 7 7 7 7 9 9 9 9 8
0 0 1 0 1 1 0 1 1 1 0 1 1 1 1 2 3 3 3 3 3 4 5 5 5 5 5 6 4 5 5 5 5 5 6 7 8 9 10 10 10 10 11 12 12 8 10 9 10 10 10 11 12 12 13 8 10 10 9 10 10 11 12 12 13 13 8 10 10 10 9 10 11 12 12 13 13 13 8 10 10 10 10 9 11 12 12 13 13 13 13
0 0 1 0 1 1 0 1 1 1 2 3 3 3 3 2 3 3 3 3 4 2 3 3 3 3 4 5 2 3 3 3 3 5 4 5 2 3 3 3 3 5 5 4 4 6 7 8 8 8 9 9 9 9 9 6 8 7 8 8 9 9 9 9 9 10 6 8 8 7 8 9 9 9 9 9 10 10 6 8 8 8 7 9 9 9 9 9 10 10 10
0 0 1 1 0 1 1 1 0 0 2 3 3 4 4 4 4 3 3 2 5 4 3 4 2 3 5 6 3 2 4 3 4 6 5 6 3 4 2 4 3 6 6 5 5 7 7 7 7 7 8 8 8 8 8 7 7 7 7 7 8 8 8 8 8 9 7 7 7 7 7 8 8 8 8 8 9 9 7 7 7 7 7 8 8 8 8 8 9 9 9
0 0 1 2 3 3 2 3 3 4 2 3 3 4 5 2 3 3 5 4 5 2 3 3 5 5 4 4 6 7 7 8 8 8 8 8 6 7 7 8 8 8 8 8 9 6 7 7 8 8 8 8 8 10 11 6 7 7 8 8 8 8 8 10 11 11 6 7 7 8 8 8 8 8 11 10 9 10 6 7 7 8 8 8 8 8 11 10 10 9 11
0 0 1 2 3 3 4 5 5 6 7 8 8 9 10 11 12 12 13 14 15 16 17 18 19 20 21 22 16 18 17 19 20 21 22 23 24 25 25 26 27 28 29 30 30 24 25 25 26 27 28 29 30 30 31 24 25 25 26 27 28 29 30 30 31 31 24 25 25 26 27 28 29 30 30 31 31 31 24 25 25 26 27 28 29 30 30 31 31 31 31
0 0 1 2 3 3 4 5 6 7 4 5 6 7 8 4 5 6 7 8 8 4 5 6 7 8 8 8 4 5 6 7 8 8 8 8 4 6 5 7 9 10 10 10 10 4 6 5 7 10 9 10 10 10 8 4 6 5 7 10 10 9 10 10 8 8 4 6 5 7 10 10 10 9 10 8 8 8 4 6 5 7 10 10 10 10 9 8 8 8 8
0 0 1 2 3 4 2 4 3 5 6 7 7 8 8 9 10 10 11 11 12 13 14 15 16 17 18 19 13 15 14 17 16 18 19 20 21 22 22 23 23 24 25 26 26 21 22 22 23 23 24 25 26 26 27 21 22 22 23 23 24 25 26 26 27 27 21 22 22 23 23 24 25 26 26 27 27 27 21 22 22 23 23 24 25 26 26 27 27 27 27
0 0 1 2 3 4 2 4 3 5 6 7 8 9 10 6 8 7 10 9 11 12 13 14 15 16 17 18 12 14 13 16 15 18 17 19 20 21 21 22 22 23 23 24 24 20 21 21 22 22 23 23 24 24 25 20 21 21 22 22 23 23 24 24 25 25 20 21 21 22 22 23 23 24 24 25 25 25 20 21 21 22 22 23 23 24 24 25 25 25 25
0 1 1 1 1 2 1 1 3 4 1 1 3 4 3 1 1 3 4 3 4 1 1 3 4 4 3 4 1 1 3 4 4 4 3 3 1 1 4 3 2 4 4 3 3 1 1 4 3 3 3 4 4 2 4 1 1 4 3 3 4 3 2 4 4 3 1 1 4 3 4 2 3 4 3 3 4 3 1 1 4 3 4 3 2 3 4 3 3 4 4
0 1 2 1 2 3 1 2 4 5 1 2 5 4 3 6 7 8 8 8 8 6 7 8 8 8 8 9 6 7 8 8 8 8 9 10 6 7 8 8 8 8 10 9 10 6 7 8 8 8 8 10 10 9 9 11 12 13 13 13 13 14 14 14 14 14 11 12 13 13 13 13 14 14 14 14 14 15 11 12 13 13 13 13 14 14 14 14 14 15 15
0 1 2 1 2 3 2 1 4 5 2 1 5 4 3 6 6 7 7 7 7 6 6 7 7 7 7 8 6 6 7 7 7 7 8 9 6 6 7 7 7 7 9 8 9 6 6 7 7 7 7 9 9 8 8 10 10 11 11 11 11 12 12 12 12 12 10 10 11 11 11 11 12 12 12 12 12 13 10 10 11 11 11 11 12 12 12 12 12 13 13
0 1 2 1 2 3 4 5 6 6 4 5 6 6 7 4 5 6 6 7 8 4 5 6 6 7 8 8 4 5 6 6 8 7 8 8 4 5 6 6 8 7 8 8 8 4 5 6 6 8 8 7 8 7 8 4 5 6 6 8 8 7 8 8 7 8 4 5 6 6 8 8 8 7 7 8 8 7 4 5 6 6 8 8 8 7 8 7 7 8 8
0 1 2 1 2 3 4 5 6 6 4 5 6 6 7 8 9 10 10 11 11 8 9 10 10 11 11 12 8 9 10 10 11 11 12 13 8 9 10 10 11 11 13 12 13 8 9 10 10 11 11 13 13 12 12 14 15 16 16 17 17 18 18 18 18 18 14 15 16 16 17 17 18 18 18 18 18 19 14 15 16 16 17 17 18 18 18 18 18 19 19
0 1 2 2 1 3 4 4 5 5 4 4 5 5 6 4 4 5 5 6 7 4 4 5 5 6 7 7 4 4 5 5 7 6 7 7 4 4 5 5 7 6 7 7 7 4 4 5 5 7 7 6 7 6 7 4 4 5 5 7 7 6 7 7 6 7 4 4 5 5 7 7 7 6 6 7 7 6 4 4 5 5 7 7 7 6 7 6 6 7 7
0 1 2 2 1 3 4 4 5 5 4 4 5 5 6 7 7 8 8 9 9 7 7 8 8 9 9 10 7 7 8 8 9 9 10 11 7 7 8 8 9 9 11 10 11 7 7 8 8 9 9 11 11 10 10 12 12 13 13 14 14 15 15 15 15 15 12 12 13 13 14 14 15 15 15 15 15 16 12 12 13 13 14 14 15 15 15 15 15 16 16
0 1 2 2 1 3 4 5 6 7 4 5 6 7 8 4 5 6 7 8 8 4 5 6 7 8 8 8 4 5 6 7 8 8 8 8 5 4 7 6 9 10 10 10 10 5 4 7 6 10 9 10 10 10 8 5 4 7 6 10 10 9 10 10 8 8 5 4 7 6 10 10 10 9 10 8 8 8 5 4 7 6 10 10 10 10 9 8 8 8 8
0 1 2 3 2 4 5 4 2 4 6 4 4 2 2 4 5 6 1 3 0 4 6 3 5 0 1 2 2 1 5 0 6 3 2 4 2 3 0 6 1 5 4 2 4 7 7 7 7 7 7 7 7 7 7 7 7 7 7 7 7 7 7 7 7 8 7 7 7 7 7 7 7 7 7 7 8 8 7 7 7 7 7 7 7 7 7 7 8 8 8
0 1 2 3 4 5 6 7 8 9 6 7 8 9 10 6 7 8 9 11 12 6 7 8 9 11 12 12 6 7 8 9 11 12 12 12 6 7 8 9 11 12 12 12 12 6 7 8 9 12 11 10 11 11 11 6 7 8 9 12 11 11 10 11 11 12 6 7 8 9 12 11 11 11 10 11 12 12 6 7 8 9 12 11 11 11 11 10 12 12 12
0 1 2 3 4 5 6 7 8 9 10 11 12 13 14 10 11 12 13 14 15 10 11 12 13 14 15 16 10 11 12 13 14 16 15 16 10 11 12 13 14 16 16 15 15 17 18 19 20 21 22 22 22 22 22 17 18 19 20 21 22 22 22 22 22 23 17 18 19 20 21 22 22 22 22 22 23 23 17 18 19 20 21 22 22 22 22 22 23 23 23
0 1 2 3 4 5 6 7 8 9 10 11 12 13 14 15 16 17 18 19 20 21 22 23 24 25 26 27 21 22 23 24 25 26 27 28 29 30 31 32 33 34 35 36 36 29 30 31 32 33 34 35 36 36 37 29 30 31 32 33 34 35 36 36 37 37 29 30 31 32 33 34 35 36 36 37 37 37 29 30 31 32 33 34 35 36 36 37 37 37 37
--- order 256 (x45) ---
0 0 1 0 1 2 0 2 1 1 3 4 4 4 4 5 6 7 7 6 8 5 6 7 7 6 8 9 5 7 6 6 7 8 10 10 5 7 6 6 7 8 10 10 9 11 12 12 12 12 13 14 14 14 14 11 12 12 12 12 13 14 14 14 14 15 11 12 12 12 12 13 14 14 14 14 16 16 11 12 12 12 12 13 14 14 14 14 16 16 15
0 0 1 0 1 2 0 2 1 1 3 4 5 5 4 3 4 5 5 4 6 3 4 5 5 4 7 7 3 4 5 5 4 7 7 6 3 5 4 4 5 8 8 9 9 3 5 4 4 5 8 8 9 9 6 3 5 4 4 5 9 9 8 8 7 7 3 5 4 4 5 9 9 8 8 7 7 6 10 11 11 11 11 12 12 12 12 12 12 12 12
0 0 1 0 2 3 0 3 2 1 4 5 6 6 5 4 5 6 6 5 7 4 5 6 6 5 8 8 4 5 6 6 5 8 8 7 4 6 5 5 6 9 9 9 9 4 6 5 5 6 9 9 9 9 7 4 6 5 5 6 9 9 9 9 8 8 4 6 5 5 6 9 9 9 9 8 8 7 10 11 11 11 11 12 12 12 12 12 12 12 12
0 0 1 1 0 0 2 2 2 2 2 2 2 2 3 4 4 4 4 5 5 4 4 4 4 5 5 6 4 4 4 4 5 5 7 8 4 4 4 4 5 5 8 7 6 9 10 10 9 11 11 12 12 12 12 9 10 10 9 11 11 12 12 12 12 13 10 9 9 10 11 11 12 12 12 12 14 14 10 9 9 10 11 11 12 12 12 12 14 14 13
0 0 1 1 0 0 2 2 2 2 2 2 2 2 3 4 4 4 4 5 5 4 4 4 4 5 5 6 7 8 8 7 9 9 10 10 7 8 8 7 9 9 10 10 11 8 7 7 8 9 9 10 10 12 12 8 7 7 8 9 9 10 10 12 12 11 13 13 13 13 14 14 15 15 16 16 16 16 13 13 13 13 14 14 15 15 16 16 16 16 17
0 0 1 1 0 0 2 3 3 2 2 3 3 2 4 2 3 3 2 5 6 2 3 3 2 6 5 4 3 2 2 3 7 7 7 7 3 2 2 3 7 7 7 7 4 3 2 2 3 7 7 7 7 5 6 3 2 2 3 7 7 7 7 6 5 4 8 8 8 8 9 9 9 9 9 9 9 9 8 8 8 8 9 9 9 9 9 9 9 9 10
0 0 1 1 0 0 2 3 3 2 2 3 3 2 4 3 2 2 3 5 5 3 2 2 3 5 5 4 6 7 7 6 8 8 9 9 6 7 7 6 8 8 9 9 10 7 6 6 7 9 9 8 8 11 11 7 6 6 7 9 9 8 8 11 11 10 12 12 12 12 13 13 13 13 14 14 14 14 12 12 12 12 13 13 13 13 14 14 14 14 15
0 0 1 2 3 3 4 5 5 6 4 5 5 6 7 4 5 5 6 8 8 4 5 5 6 8 8 7 4 5 5 6 9 9 9 9 4 5 5 6 9 9 9 9 7 4 5 5 6 9 9 9 9 8 8 4 5 5 6 9 9 9 9 8 8 7 10 11 12 13 14 14 14 14 14 14 14 14 10 12 11 13 14 14 14 14 14 14 14 14 15
0 0 1 2 3 3 4 5 6 7 4 5 6 7 8 4 5 6 7 9 9 4 5 6 7 9 9 8 4 6 5 7 10 10 10 10 4 6 5 7 10 10 10 10 8 4 6 5 7 10 10 10 10 9 9 4 6 5 7 10 10 10 10 9 9 8 11 12 12 13 14 14 14 14 14 14 14 14 11 12 12 13 14 14 14 14 14 14 14 14 15
0 1 1 1 1 0 2 3 2 3 2 3 2 3 4 2 3 3 2 5 5 2 3 3 2 5 5 4 3 2 2 3 5 5 6 6 3 2 2 3 5 5 6 6 4 3 2 3 2 6 6 5 5 5 5 3 2 3 2 6 6 5 5 5 5 4 7 7 7 7 8 8 8 8 8 8 8 8 7 7 7 7 8 8 8 8 8 8 8 8 9
0 1 1 1 1 0 2 3 4 4 2 3 4 4 5 4 4 2 3 6 6 4 4 2 3 6 6 5 4 4 3 2 6 6 7 7 4 4 3 2 6 6 7 7 5 3 2 4 4 7 7 6 6 6 6 3 2 4 4 7 7 6 6 6 6 5 8 8 8 8 9 9 9 9 9 9 9 9 8 8 8 8 9 9 9 9 9 9 9 9 10
0 1 1 1 1 2 1 1 2 3 1 1 3 2 2 4 4 5 6 6 5 4 4 5 6 6 5 7 4 4 6 5 5 6 8 8 4 4 6 5 5 6 8 8 7 9 10 11 11 11 11 12 12 12 12 9 10 11 11 11 11 12 12 12 12 13 10 9 11 11 11 11 12 12 12 12 14 14 10 9 11 11 11 11 12 12 12 12 14 14 13
0 1 1 1 1 2 1 1 2 3 1 1 4 5 3 1 1 4 3 5 3 1 1 5 4 4 2 2 1 1 3 2 4 4 2 3 1 1 3 4 2 2 4 3 5 6 6 7 7 7 7 7 7 7 7 6 6 7 7 7 7 7 7 7 7 8 6 6 7 7 7 7 7 7 7 7 9 9 6 6 7 7 7 7 7 7 7 7 9 9 8
0 1 1 1 1 2 1 1 2 3 1 1 4 5 5 1 1 4 5 5 3 1 1 3 2 2 4 4 1 1 5 4 4 2 2 5 1 1 5 4 4 2 2 5 3 6 7 8 8 8 8 8 8 8 8 6 7 8 8 8 8 8 8 8 8 9 7 6 8 8 8 8 8 8 8 8 10 11 7 6 8 8 8 8 8 8 8 8 11 10 9
0 1 1 1 1 2 1 1 3 4 1 1 3 4 5 1 1 6 5 4 4 1 1 5 6 3 3 2 1 1 4 3 2 6 3 4 1 1 4 3 6 2 3 4 5 7 7 8 8 8 8 8 8 8 8 7 7 8 8 8 8 8 8 8 8 9 7 7 8 8 8 8 8 8 8 8 10 10 7 7 8 8 8 8 8 8 8 8 10 10 9
0 1 1 1 1 2 1 1 3 4 1 1 4 3 2 1 1 5 5 5 5 1 1 5 5 5 5 2 1 1 5 5 5 5 3 4 1 1 5 5 5 5 4 3 2 6 6 7 7 7 7 7 7 7 7 6 6 7 7 7 7 7 7 7 7 8 6 6 7 7 7 7 7 7 7 7 9 10 6 6 7 7 7 7 7 7 7 7 10 9 8
0 1 1 1 1 2 1 1 3 4 1 1 4 3 2 1 1 5 5 5 5 1 1 5 5 5 5 2 1 1 5 5 5 5 3 4 1 1 5 5 5 5 4 3 2 6 7 8 8 8 8 8 8 8 8 6 7 8 8 8 8 8 8 8 8 9 7 6 8 8 8 8 8 8 8 8 10 10 7 6 8 8 8 8 8 8 8 8 10 10 9
0 1 1 1 1 2 1 1 3 4 1 1 4 3 2 5 5 6 6 6 6 5 5 6 6 6 6 7 5 5 6 6 6 6 8 9 5 5 6 6 6 6 9 8 7 10 10 11 11 11 11 12 12 12 12 10 10 11 11 11 11 12 12 12 12 13 10 10 11 11 11 11 12 12 12 12 14 14 10 10 11 11 11 11 12 12 12 12 14 14 13
0 1 1 1 1 2 1 1 3 4 1 1 4 3 2 5 6 7 7 7 7 5 6 7 7 7 7 8 6 5 7 7 7 7 9 9 6 5 7 7 7 7 9 9 8 10 10 11 11 11 11 12 12 12 12 10 10 11 11 11 11 12 12 12 12 13 10 10 11 11 11 11 12 12 12 12 14 14 10 10 11 11 11 11 12 12 12 12 14 14 13
0 1 1 1 1 2 3 3 4 4 3 3 4 4 5 3 3 4 4 6 7 3 3 4 4 7 6 5 3 3 4 4 8 8 8 8 3 3 4 4 8 8 8 8 5 3 3 4 4 8 8 8 8 6 7 3 3 4 4 8 8 8 8 7 6 5 9 9 10 10 11 11 11 11 11 11 11 11 9 9 10 10 11 11 11 11 11 11 11 11 12
0 1 1 1 1 2 3 3 4 4 3 3 4 4 5 6 6 7 7 8 8 6 6 7 7 8 8 9 6 6 7 7 8 8 10 11 6 6 7 7 8 8 11 10 9 12 12 13 13 14 14 15 15 15 15 12 12 13 13 14 14 15 15 15 15 16 12 12 13 13 14 14 15 15 15 15 17 17 12 12 13 13 14 14 15 15 15 15 17 17 16
0 1 1 1 1 2 3 3 4 4 3 3 4 4 5 6 6 7 7 8 8 6 6 7 7 8 8 9 10 10 11 11 12 12 13 13 10 10 11 11 12 12 13 13 14 10 10 11 11 12 12 13 13 15 15 10 10 11 11 12 12 13 13 15 15 14 16 16 17 17 18 18 19 19 20 20 20 20 16 16 17 17 18 18 19 19 20 20 20 20 21
0 1 1 1 1 2 3 3 4 4 3 3 4 4 5 6 7 8 8 9 9 6 7 8 8 9 9 10 7 6 8 8 9 9 11 11 7 6 8 8 9 9 11 11 10 12 12 13 13 14 14 15 15 15 15 12 12 13 13 14 14 15 15 15 15 16 12 12 13 13 14 14 15 15 15 15 17 17 12 12 13 13 14 14 15 15 15 15 17 17 16
0 1 1 1 1 2 3 4 5 5 3 4 5 5 6 3 4 5 5 7 7 3 4 5 5 7 7 6 4 3 5 5 8 8 8 8 4 3 5 5 8 8 8 8 6 4 3 5 5 8 8 8 8 7 7 4 3 5 5 8 8 8 8 7 7 6 9 9 10 11 12 12 12 12 12 12 12 12 9 9 11 10 12 12 12 12 12 12 12 12 13
0 1 1 1 1 2 3 4 5 5 3 4 5 5 6 3 4 5 5 7 7 3 4 5 5 7 7 6 4 3 5 5 8 8 9 9 4 3 5 5 8 8 9 9 6 4 3 5 5 9 9 8 8 7 7 4 3 5 5 9 9 8 8 7 7 6 10 10 11 11 12 12 12 12 12 12 12 12 10 10 11 11 12 12 12 12 12 12 12 12 13
0 1 2 1 2 3 1 2 3 4 1 2 4 3 3 2 1 5 6 6 5 2 1 5 6 6 5 4 2 1 6 5 5 6 3 3 2 1 6 5 5 6 3 3 4 7 7 8 9 9 8 9 9 8 8 7 7 8 9 9 8 9 9 8 8 10 7 7 9 8 8 9 8 8 9 9 11 11 7 7 9 8 8 9 8 8 9 9 11 11 10
0 1 2 1 2 3 1 2 3 4 1 2 5 6 6 1 2 5 6 6 4 1 2 4 3 3 5 5 1 2 6 5 5 3 3 6 1 2 6 5 5 3 3 6 4 7 8 9 9 9 9 9 9 9 9 7 8 9 9 9 9 9 9 9 9 10 7 8 9 9 9 9 9 9 9 9 11 12 7 8 9 9 9 9 9 9 9 9 12 11 10
0 1 2 1 2 3 1 2 4 4 1 2 4 4 3 2 1 5 5 6 6 2 1 5 5 6 6 3 2 1 6 6 5 5 4 4 2 1 6 6 5 5 4 4 3 7 7 8 8 8 8 8 8 8 8 7 7 8 8 8 8 8 8 8 8 9 7 7 8 8 8 8 8 8 8 8 10 11 7 7 8 8 8 8 8 8 8 8 11 10 9
0 1 2 1 2 3 1 2 4 4 1 2 4 4 3 2 1 5 5 6 6 2 1 5 5 6 6 3 2 1 6 6 5 5 4 4 2 1 6 6 5 5 4 4 3 7 8 9 9 9 9 10 10 10 10 7 8 9 9 9 9 10 10 10 10 11 8 7 10 10 10 10 9 9 9 9 12 12 8 7 10 10 10 10 9 9 9 9 12 12 11
0 1 2 1 2 3 1 2 4 5 1 2 5 4 3 1 2 6 6 6 6 1 2 6 6 6 6 3 1 2 6 6 6 6 4 5 1 2 6 6 6 6 5 4 3 7 8 9 9 9 9 9 9 9 9 7 8 9 9 9 9 9 9 9 9 10 7 8 9 9 9 9 9 9 9 9 11 11 7 8 9 9 9 9 9 9 9 9 11 11 10
0 1 2 1 2 3 1 2 4 5 1 2 5 4 3 2 1 6 6 6 6 2 1 6 6 6 6 3 2 1 6 6 6 6 4 5 2 1 6 6 6 6 5 4 3 7 7 8 8 8 8 8 8 8 8 7 7 8 8 8 8 8 8 8 8 9 7 7 8 8 8 8 8 8 8 8 10 10 7 7 8 8 8 8 8 8 8 8 10 10 9
0 1 2 1 2 3 1 2 4 5 1 2 5 4 3 6 7 8 8 8 8 6 7 8 8 8 8 9 6 7 8 8 8 8 10 10 6 7 8 8 8 8 10 10 9 11 12 13 13 13 13 14 14 14 14 11 12 13 13 13 13 14 14 14 14 15 11 12 13 13 13 13 14 14 14 14 16 16 11 12 13 13 13 13 14 14 14 14 16 16 15
0 1 2 1 2 3 2 1 4 4 2 1 4 4 3 5 6 7 7 8 8 5 6 7 7 8 8 9 6 5 8 8 7 7 10 10 6 5 8 8 7 7 10 10 9 11 11 12 12 12 12 13 13 13 13 11 11 12 12 12 12 13 13 13 13 14 11 11 12 12 12 12 13 13 13 13 15 15 11 11 12 12 12 12 13 13 13 13 15 15 14
0 1 2 1 2 3 2 1 4 5 2 1 5 4 3 6 6 7 7 7 7 6 6 7 7 7 7 8 6 6 7 7 7 7 9 9 6 6 7 7 7 7 9 9 8 10 10 11 11 11 11 12 12 12 12 10 10 11 11 11 11 12 12 12 12 13 10 10 11 11 11 11 12 12 12 12 14 14 10 10 11 11 11 11 12 12 12 12 14 14 13
0 1 2 1 2 3 2 1 4 5 2 1 5 4 3 6 7 8 8 9 9 6 7 8 8 9 9 10 6 7 8 8 9 9 11 11 6 7 8 8 9 9 11 11 10 7 6 9 9 8 8 12 12 12 12 7 6 9 9 8 8 12 12 12 12 10 7 6 9 9 8 8 12 12 12 12 11 11 7 6 9 9 8 8 12 12 12 12 11 11 10
0 1 2 1 2 3 4 5 6 6 4 5 6 6 7 4 5 6 6 7 8 4 5 6 6 9 10 10 4 5 6 6 9 10 10 8 4 5 6 6 8 7 7 9 9 4 5 6 6 10 9 9 7 7 10 4 5 6 6 10 9 9 7 7 10 8 11 12 13 13 14 14 14 14 14 14 14 14 11 12 13 13 14 14 14 14 14 14 14 14 15
0 1 2 1 2 3 4 5 6 6 4 5 6 6 7 8 9 10 10 11 11 8 9 10 10 11 11 12 8 9 10 10 11 11 13 13 8 9 10 10 11 11 13 13 12 14 15 16 16 17 17 18 18 18 18 14 15 16 16 17 17 18 18 18 18 19 14 15 16 16 17 17 18 18 18 18 20 20 14 15 16 16 17 17 18 18 18 18 20 20 19
0 1 2 2 1 0 3 3 3 3 3 3 3 3 4 5 6 6 5 7 7 5 6 6 5 7 7 8 6 5 5 6 7 7 9 9 6 5 5 6 7 7 9 9 8 10 10 10 10 11 11 12 12 12 12 10 10 10 10 11 11 12 12 12 12 13 10 10 10 10 11 11 12 12 12 12 14 14 10 10 10 10 11 11 12 12 12 12 14 14 13
0 1 2 2 1 0 3 4 3 4 3 4 3 4 5 3 4 3 4 6 6 3 4 3 4 6 6 5 4 3 4 3 7 7 7 7 4 3 4 3 7 7 7 7 5 4 3 4 3 7 7 7 7 6 6 4 3 4 3 7 7 7 7 6 6 5 8 9 9 8 10 10 10 10 10 10 10 10 9 8 8 9 10 10 10 10 10 10 10 10 11
0 1 2 2 1 0 3 4 4 3 3 4 4 3 5 3 4 4 3 6 6 3 4 4 3 6 6 5 4 3 3 4 7 7 8 8 4 3 3 4 7 7 8 8 5 4 3 3 4 8 8 7 7 6 6 4 3 3 4 8 8 7 7 6 6 5 9 9 9 9 10 10 10 10 10 10 10 10 9 9 9 9 10 10 10 10 10 10 10 10 11
0 1 2 2 1 3 4 4 5 5 4 4 5 5 6 4 4 5 5 6 7 4 4 5 5 8 9 9 4 4 5 5 8 9 9 7 4 4 5 5 7 6 6 8 8 4 4 5 5 9 8 8 6 6 9 4 4 5 5 9 8 8 6 6 9 7 10 10 11 11 12 12 12 12 12 12 12 12 10 10 11 11 12 12 12 12 12 12 12 12 13
0 1 2 2 1 3 4 4 5 5 4 4 5 5 6 4 4 5 5 7 7 4 4 5 5 7 7 6 4 4 5 5 8 8 8 8 4 4 5 5 8 8 8 8 6 4 4 5 5 8 8 8 8 7 7 4 4 5 5 8 8 8 8 7 7 6 9 10 11 12 13 13 13 13 13 13 13 13 10 9 12 11 13 13 13 13 13 13 13 13 14
0 1 2 2 1 3 4 4 5 5 4 4 5 5 6 7 7 8 8 9 9 7 7 8 8 9 9 10 7 7 8 8 9 9 11 11 7 7 8 8 9 9 11 11 10 12 12 13 13 14 14 15 15 15 15 12 12 13 13 14 14 15 15 15 15 16 12 12 13 13 14 14 15 15 15 15 17 17 12 12 13 13 14 14 15 15 15 15 17 17 16
0 1 2 2 1 3 4 5 6 7 4 5 6 7 8 4 5 6 7 9 9 4 5 6 7 9 9 8 5 4 7 6 10 10 10 10 5 4 7 6 10 10 10 10 8 5 4 7 6 10 10 10 10 9 9 5 4 7 6 10 10 10 10 9 9 8 11 11 12 12 13 13 13 13 13 13 13 13 11 11 12 12 13 13 13 13 13 13 13 13 14
0 1 2 3 4 5 6 7 8 9 6 7 8 9 10 6 7 8 9 11 11 6 7 8 9 11 11 10 6 7 8 9 12 12 12 12 6 7 8 9 12 12 12 12 10 6 7 8 9 12 12 12 12 11 11 6 7 8 9 12 12 12 12 11 11 10 13 14 15 16 17 17 17 17 17 17 17 17 13 14 15 16 17 17 17 17 17 17 17 17 18
--- order 280 (x1) ---
0 1 1 1 1 2 1 1 2 3 1 1 4 4 3 1 1 4 3 4 2 1 1 3 2 4 3 2 1 1 3 4 2 2 3 4 5 5 6 6 6 6 6 6 6 5 5 6 6 6 6 6 6 6 7 5 5 6 6 6 6 6 6 6 7 8 5 5 6 6 6 6 6 6 6 8 7 8 5 5 6 6 6 6 6 6 6 8 8 7 7
--- order 288 (x85) ---
0 0 0 0 0 0 1 1 1 1 1 1 1 1 2 1 1 1 1 3 4 1 1 1 1 3 4 4 1 1 1 1 4 3 2 3 1 1 1 1 4 3 3 2 4 5 6 6 6 7 7 7 7 7 7 6 5 6 6 7 7 7 7 7 7 8 6 6 5 6 7 7 7 7 7 7 8 8 6 6 6 5 7 7 7 7 7 7 8 8 8
0 0 0 1 1 1 1 1 1 2 1 1 1 3 4 1 1 1 4 3 2 5 6 7 8 8 8 8 6 7 5 8 8 8 8 9 7 5 6 8 8 8 8 9 9 10 10 10 11 11 11 11 12 12 12 10 10 10 11 11 11 11 12 12 12 13 10 10 10 11 11 11 11 12 12 12 13 13 10 10 10 11 11 11 11 12 12 12 13 13 13
0 0 0 1 1 1 1 1 1 2 3 3 3 4 4 3 3 3 4 4 5 3 3 3 4 4 5 5 6 7 8 9 9 10 10 10 6 7 8 9 9 10 10 10 11 7 8 6 9 9 10 10 10 12 12 7 8 6 9 9 10 10 10 12 12 11 8 6 7 9 9 10 10 10 12 12 12 12 8 6 7 9 9 10 10 10 12 12 12 12 11
0 0 0 1 1 1 1 1 1 2 3 3 3 4 4 3 3 3 4 4 5 6 7 8 9 9 10 10 7 8 6 9 9 10 10 11 8 6 7 9 9 10 10 11 11 12 12 12 13 13 14 14 15 15 15 12 12 12 13 13 14 14 15 15 15 16 12 12 12 13 13 14 14 15 15 15 16 16 12 12 12 13 13 14 14 15 15 15 16 16 16
0 0 0 1 1 1 1 1 1 2 3 3 3 4 5 3 3 3 5 4 6 7 8 8 9 9 10 10 8 7 8 9 9 10 10 11 8 8 7 9 9 10 10 11 11 12 12 12 13 13 14 14 15 15 15 12 12 12 13 13 14 14 15 15 15 16 12 12 12 13 13 14 14 15 15 15 16 16 12 12 12 13 13 14 14 15 15 15 16 16 16
0 0 0 1 1 1 1 1 1 2 3 4 5 6 6 4 5 3 6 6 7 5 3 4 6 6 7 7 8 8 8 9 9 10 10 10 8 8 8 9 9 10 10 10 11 8 8 8 9 9 10 10 10 12 12 8 8 8 9 9 10 10 10 12 12 11 8 8 8 9 9 10 10 10 12 12 12 12 8 8 8 9 9 10 10 10 12 12 12 12 11
0 0 0 1 2 2 2 1 2 3 2 2 1 3 3 4 4 4 5 5 5 4 4 4 5 5 5 6 4 4 4 5 5 5 7 8 4 4 4 5 5 5 7 8 8 4 4 4 5 5 5 7 8 8 8 4 4 4 5 5 5 8 7 6 7 7 4 4 4 5 5 5 8 7 7 6 7 8 4 4 4 5 5 5 8 7 7 7 6 8 8
0 0 1 0 1 1 0 1 1 1 2 3 3 3 3 2 3 3 3 3 4 5 6 6 6 6 7 7 5 6 6 6 6 7 7 8 5 6 6 6 6 7 7 8 8 9 10 11 11 11 12 12 13 13 13 9 11 10 11 11 12 12 13 13 13 14 9 11 11 10 11 12 12 13 13 13 14 14 9 11 11 11 10 12 12 13 13 13 14 14 14
0 0 1 0 1 1 2 3 3 3 2 3 3 3 4 2 3 3 3 5 5 2 3 3 3 5 5 4 6 7 8 8 9 9 9 9 6 8 7 8 9 9 9 9 10 6 8 8 7 9 9 9 9 10 10 11 12 12 12 13 13 13 13 14 14 14 11 12 12 12 13 13 13 13 14 14 14 15 11 12 12 12 13 13 13 13 14 14 14 15 15
0 0 1 0 1 1 2 3 3 3 4 5 5 5 6 4 5 5 5 6 7 4 5 5 5 6 7 7 8 9 10 10 11 12 12 12 8 9 10 10 11 12 12 12 13 8 10 9 10 11 12 12 12 14 14 8 10 9 10 11 12 12 12 14 14 13 8 10 10 9 11 12 12 12 14 14 14 14 8 10 10 9 11 12 12 12 14 14 14 14 13
0 0 1 0 1 1 2 3 3 3 4 5 5 5 6 4 5 5 5 6 7 8 9 10 10 11 12 12 8 10 9 10 11 12 12 13 8 10 10 9 11 12 12 13 13 14 15 15 15 16 17 17 18 18 18 14 15 15 15 16 17 17 18 18 18 19 14 15 15 15 16 17 17 18 18 18 19 19 14 15 15 15 16 17 17 18 18 18 19 19 19
0 0 1 0 1 1 2 3 3 3 4 5 6 6 7 4 6 5 6 7 8 4 6 6 5 7 8 8 9 10 10 10 11 12 12 12 9 10 10 10 11 12 12 12 13 9 10 10 10 11 12 12 12 14 14 9 10 10 10 11 12 12 12 14 14 13 9 10 10 10 11 12 12 12 14 14 14 14 9 10 10 10 11 12 12 12 14 14 14 14 13
0 0 1 0 1 1 2 3 4 4 2 3 4 4 5 2 4 3 4 6 7 2 4 3 4 7 6 5 2 4 4 3 6 7 7 6 2 4 4 3 7 6 6 7 5 8 9 9 9 10 10 10 10 10 10 8 9 9 9 10 10 10 10 10 10 11 8 9 9 9 10 10 10 10 10 10 11 11 8 9 9 9 10 10 10 10 10 10 11 11 11
0 0 1 0 1 2 0 2 1 1 3 4 4 4 4 5 6 6 6 6 7 8 9 9 9 9 10 11 12 13 14 14 13 15 16 17 12 13 14 14 13 15 16 17 18 12 13 14 14 13 15 16 17 18 18 12 14 13 13 14 15 16 17 19 19 19 12 14 13 13 14 15 16 17 19 19 19 18 12 14 13 13 14 15 16 17 19 19 19 18 18
0 0 1 0 1 2 0 2 1 1 3 4 5 5 4 3 4 5 5 4 6 3 4 5 5 4 6 6 3 5 4 4 5 7 8 8 3 5 4 4 5 8 7 8 6 3 5 4 4 5 8 8 7 6 6 9 10 10 10 10 11 11 11 11 11 11 9 10 10 10 10 11 11 11 11 11 11 12 9 10 10 10 10 11 11 11 11 11 11 12 12
0 0 1 0 2 2 0 2 2 1 3 4 4 4 4 3 4 4 4 4 5 3 4 4 4 4 5 5 3 4 4 4 4 6 7 7 3 4 4 4 4 6 7 7 6 3 4 4 4 4 7 6 7 5 7 3 4 4 4 4 7 6 7 7 5 6 3 4 4 4 4 7 7 6 5 7 5 7 3 4 4 4 4 7 7 6 7 5 7 5 6
0 0 1 0 2 2 0 2 2 1 3 4 4 4 4 3 4 4 4 4 5 3 4 4 4 4 6 7 3 4 4 4 4 8 7 7 3 4 4 4 4 7 6 8 5 3 4 4 4 4 7 8 5 6 7 9 10 10 10 10 11 11 11 11 11 11 9 10 10 10 10 11 11 11 11 11 11 12 9 10 10 10 10 11 11 11 11 11 11 12 12
0 0 1 0 2 3 0 3 2 1 4 5 5 5 5 4 5 5 5 5 6 4 5 5 5 5 6 6 4 5 5 5 5 6 7 7 4 5 5 5 5 6 7 7 6 4 5 5 5 5 7 6 7 6 7 4 5 5 5 5 7 6 7 7 6 6 4 5 5 5 5 7 7 6 6 7 6 7 4 5 5 5 5 7 7 6 7 6 7 6 6
0 0 1 0 2 3 0 3 2 1 4 5 5 5 5 4 5 5 5 5 6 4 5 5 5 5 7 8 4 5 5 5 5 7 8 8 4 5 5 5 5 8 7 6 7 4 5 5 5 5 8 7 7 6 8 9 10 10 10 10 11 11 11 11 11 11 9 10 10 10 10 11 11 11 11 11 11 12 9 10 10 10 10 11 11 11 11 11 11 12 12
0 0 1 0 2 3 0 3 2 1 4 5 5 5 5 6 7 7 7 7 8 6 7 7 7 7 8 9 10 11 12 12 11 13 14 14 10 11 12 12 11 13 14 14 15 10 11 12 12 11 13 14 14 15 15 10 12 11 11 12 13 14 14 16 16 16 10 12 11 11 12 13 14 14 16 16 16 15 10 12 11 11 12 13 14 14 16 16 16 15 15
0 0 1 1 0 0 2 2 3 3 2 3 2 3 4 3 2 3 2 4 5 3 3 2 2 5 4 4 6 7 7 6 8 8 8 8 6 7 7 6 8 8 8 8 9 6 7 7 6 8 8 8 8 9 9 7 6 6 7 8 8 8 8 10 10 10 7 6 6 7 8 8 8 8 10 10 10 9 7 6 6 7 8 8 8 8 10 10 10 9 9
0 0 1 1 0 0 2 3 3 4 4 3 3 2 5 3 2 4 3 6 6 3 4 2 3 6 6 5 7 8 8 7 9 9 10 10 7 8 8 7 9 9 10 10 11 7 8 8 7 9 9 10 10 11 11 8 7 7 8 10 10 9 9 12 12 12 8 7 7 8 10 10 9 9 12 12 12 11 8 7 7 8 10 10 9 9 12 12 12 11 11
0 0 1 2 3 3 2 3 3 4 2 3 3 4 4 5 6 7 8 8 8 5 6 7 8 8 8 9 5 6 7 8 8 8 9 9 5 6 7 8 8 8 9 9 9 5 7 6 8 8 8 10 11 11 11 5 7 6 8 8 8 11 10 11 11 9 5 7 6 8 8 8 11 11 10 11 9 9 5 7 6 8 8 8 11 11 11 10 9 9 9
0 0 1 2 3 3 2 3 3 4 5 6 6 7 7 5 6 6 7 7 8 5 6 6 7 7 8 8 5 6 6 7 7 8 9 9 5 6 6 7 7 8 9 9 8 5 6 6 7 7 9 8 9 8 9 5 6 6 7 7 9 8 9 9 8 8 5 6 6 7 7 9 9 8 8 9 8 9 5 6 6 7 7 9 9 8 9 8 9 8 8
0 0 1 2 3 3 2 3 3 4 5 6 6 7 7 5 6 6 7 7 8 5 6 6 7 7 9 10 5 6 6 7 7 9 10 10 5 6 6 7 7 10 9 8 9 5 6 6 7 7 10 9 9 8 10 11 12 12 13 13 14 14 14 14 14 14 11 12 12 13 13 14 14 14 14 14 14 15 11 12 12 13 13 14 14 14 14 14 14 15 15
0 0 1 2 3 3 4 5 5 6 4 5 5 6 7 4 5 5 6 8 9 4 5 5 6 9 8 7 10 11 12 13 14 14 14 14 10 11 12 13 14 14 14 14 15 10 11 12 13 14 14 14 14 15 15 10 12 11 13 14 14 14 14 16 16 16 10 12 11 13 14 14 14 14 16 16 16 15 10 12 11 13 14 14 14 14 16 16 16 15 15
0 0 1 2 3 3 4 5 5 6 4 5 5 6 7 8 9 9 10 11 11 8 9 9 10 11 11 12 13 14 15 16 17 17 18 18 13 14 15 16 17 17 18 18 19 13 14 15 16 17 17 18 18 19 19 13 15 14 16 17 17 18 18 20 20 20 13 15 14 16 17 17 18 18 20 20 20 19 13 15 14 16 17 17 18 18 20 20 20 19 19
0 0 1 2 3 3 4 5 5 6 7 8 9 10 11 7 9 8 10 11 12 13 14 14 15 16 17 17 13 14 14 15 16 17 17 18 13 14 14 15 16 17 17 18 18 19 20 20 21 22 23 23 24 24 24 19 20 20 21 22 23 23 24 24 24 25 19 20 20 21 22 23 23 24 24 24 25 25 19 20 20 21 22 23 23 24 24 24 25 25 25
0 0 1 2 3 3 4 5 6 7 4 5 6 7 8 4 5 6 7 8 8 4 6 5 7 9 10 10 4 6 5 7 10 9 10 8 4 6 5 7 10 10 9 8 8 11 12 12 13 14 14 14 14 14 14 11 12 12 13 14 14 14 14 14 14 15 11 12 12 13 14 14 14 14 14 14 15 15 11 12 12 13 14 14 14 14 14 14 15 15 15
0 0 1 2 3 3 4 5 6 7 4 5 6 7 8 4 6 5 7 9 9 4 6 5 7 9 9 8 10 11 11 12 13 13 13 13 10 11 11 12 13 13 13 13 14 10 11 11 12 13 13 13 13 14 14 15 16 16 17 18 18 18 18 19 19 19 15 16 16 17 18 18 18 18 19 19 19 20 15 16 16 17 18 18 18 18 19 19 19 20 20
0 0 1 2 3 3 4 5 6 7 4 5 6 7 8 4 6 5 7 9 10 4 6 5 7 10 9 8 11 12 12 13 14 14 14 14 11 12 12 13 14 14 14 14 15 11 12 12 13 14 14 14 14 15 16 11 12 12 13 14 14 14 14 15 16 16 11 12 12 13 14 14 14 14 16 15 15 15 11 12 12 13 14 14 14 14 16 15 15 15 16
0 0 1 2 3 3 4 5 6 7 4 6 5 7 8 9 10 10 11 12 12 9 10 10 11 12 12 13 14 15 15 16 17 17 18 18 14 15 15 16 17 17 18 18 19 14 15 15 16 17 17 18 18 19 20 14 15 15 16 17 17 18 18 19 20 20 14 15 15 16 17 17 18 18 20 19 19 19 14 15 15 16 17 17 18 18 20 19 19 19 20
0 0 1 2 3 4 2 3 4 5 2 4 3 6 6 2 4 3 6 6 5 7 8 8 9 9 9 9 10 11 12 13 13 14 14 15 10 11 12 13 13 14 14 15 16 10 11 12 13 13 14 14 15 16 16 10 12 11 14 14 13 13 15 17 17 17 10 12 11 14 14 13 13 15 17 17 17 16 10 12 11 14 14 13 13 15 17 17 17 16 16
0 0 1 2 3 4 2 4 3 5 6 7 8 9 10 6 8 7 10 9 11 12 13 13 14 14 15 15 12 13 13 14 14 15 15 16 12 13 13 14 14 15 15 16 16 17 18 18 19 19 20 20 21 21 21 17 18 18 19 19 20 20 21 21 21 22 17 18 18 19 19 20 20 21 21 21 22 22 17 18 18 19 19 20 20 21 21 21 22 22 22
0 1 1 1 1 0 2 3 2 3 2 3 3 2 4 3 2 2 3 4 5 3 2 3 2 5 4 4 6 6 6 6 7 7 7 7 6 6 6 6 7 7 7 7 8 6 6 6 6 7 7 7 7 8 8 9 9 9 9 10 10 10 10 11 11 11 9 9 9 9 10 10 10 10 11 11 11 12 9 9 9 9 10 10 10 10 11 11 11 12 12
0 1 1 1 1 0 2 3 4 4 4 4 2 3 5 4 4 3 2 5 6 3 2 4 4 6 5 5 7 7 7 7 8 8 8 8 7 7 7 7 8 8 8 8 9 7 7 7 7 8 8 8 8 9 9 10 10 10 10 11 11 11 11 12 12 12 10 10 10 10 11 11 11 11 12 12 12 13 10 10 10 10 11 11 11 11 12 12 12 13 13
0 1 1 1 1 0 2 3 4 5 4 5 3 2 6 5 4 2 3 6 7 3 2 5 4 7 6 6 8 8 8 8 9 9 9 9 8 8 8 8 9 9 9 9 10 8 8 8 8 9 9 9 9 10 11 8 8 8 8 9 9 9 9 10 11 11 8 8 8 8 9 9 9 9 11 10 10 10 8 8 8 8 9 9 9 9 11 10 10 10 11
0 1 1 1 1 2 1 1 2 2 1 1 3 3 4 1 1 3 3 4 4 1 1 3 3 4 4 4 1 1 3 4 3 2 3 3 1 1 3 4 3 3 2 3 4 1 1 3 4 3 3 3 2 4 4 1 1 4 3 3 2 3 3 2 3 3 1 1 4 3 3 3 2 3 3 2 3 4 1 1 4 3 3 3 3 2 3 3 2 4 4
0 1 1 1 1 2 1 1 3 4 1 1 3 4 4 1 1 4 3 2 3 1 1 4 3 3 2 4 5 5 6 6 6 6 6 6 5 5 6 6 6 6 6 6 7 5 5 6 6 6 6 6 6 8 9 5 5 6 6 6 6 6 6 8 9 9 5 5 6 6 6 6 6 6 9 8 7 8 5 5 6 6 6 6 6 6 9 8 8 7 9
0 1 1 1 1 2 1 1 3 4 1 1 3 4 4 1 1 5 6 6 6 1 1 5 6 6 6 4 1 1 5 6 6 6 4 4 1 1 6 5 5 5 2 3 3 1 1 6 5 5 5 3 2 3 4 1 1 6 5 5 5 3 3 2 4 4 1 1 4 3 2 3 5 5 5 6 6 6 1 1 4 3 3 2 5 5 5 6 6 6 4
0 1 1 1 1 2 3 3 4 5 3 3 4 5 6 3 3 5 4 7 8 3 3 5 4 8 7 6 9 10 11 11 12 12 12 12 9 10 11 11 12 12 12 12 13 9 10 11 11 12 12 12 12 13 13 10 9 11 11 12 12 12 12 14 14 14 10 9 11 11 12 12 12 12 14 14 14 13 10 9 11 11 12 12 12 12 14 14 14 13 13
0 1 1 1 1 2 3 3 4 5 3 3 5 4 6 7 7 8 8 9 9 7 7 8 8 9 9 10 11 12 13 13 14 14 15 15 11 12 13 13 14 14 15 15 16 11 12 13 13 14 14 15 15 16 16 12 11 13 13 14 14 15 15 17 17 17 12 11 13 13 14 14 15 15 17 17 17 16 12 11 13 13 14 14 15 15 17 17 17 16 16
0 1 1 1 1 2 3 3 4 5 3 3 5 4 6 7 8 9 9 10 10 8 7 9 9 10 10 11 12 12 13 13 14 14 15 15 12 12 13 13 14 14 15 15 16 12 12 13 13 14 14 15 15 16 17 12 12 13 13 14 14 15 15 16 17 17 12 12 13 13 14 14 15 15 17 16 16 16 12 12 13 13 14 14 15 15 17 16 16 16 17
0 1 1 1 1 2 3 4 5 5 3 4 5 5 6 3 4 5 5 6 6 4 3 5 5 7 8 9 4 3 5 5 8 9 7 6 4 3 5 5 9 7 8 6 6 10 10 11 11 12 12 12 12 12 12 10 10 11 11 12 12 12 12 12 12 13 10 10 11 11 12 12 12 12 12 12 13 13 10 10 11 11 12 12 12 12 12 12 13 13 13
0 1 1 1 1 2 3 4 5 5 3 4 5 5 6 4 3 5 5 7 8 4 3 5 5 8 7 6 9 9 10 10 11 11 11 11 9 9 10 10 11 11 11 11 12 9 9 10 10 11 11 11 11 12 12 13 13 14 14 15 15 15 15 16 16 16 13 13 14 14 15 15 15 15 16 16 16 17 13 13 14 14 15 15 15 15 16 16 16 17 17
0 1 1 1 1 2 3 4 5 6 3 4 6 5 7 4 3 5 6 8 9 4 3 6 5 9 8 7 10 10 11 11 12 12 12 12 10 10 11 11 12 12 12 12 13 10 10 11 11 12 12 12 12 13 14 10 10 11 11 12 12 12 12 13 14 14 10 10 11 11 12 12 12 12 14 13 13 13 10 10 11 11 12 12 12 12 14 13 13 13 14
0 1 2 1 2 2 2 1 0 1 2 1 1 0 2 3 4 4 4 3 3 3 4 4 4 3 3 5 3 4 4 4 3 3 5 5 3 4 4 4 3 3 5 5 5 4 3 3 3 4 4 6 7 7 7 4 3 3 3 4 4 7 6 7 7 5 4 3 3 3 4 4 7 7 6 7 5 5 4 3 3 3 4 4 7 7 7 6 5 5 5
0 1 2 1 2 3 1 2 3 3 2 1 4 5 6 2 1 5 6 4 3 2 1 6 4 5 3 3 7 7 8 8 8 8 8 8 7 7 8 8 8 8 8 8 9 7 7 8 8 8 8 8 8 10 10 7 7 8 8 8 8 8 8 10 10 9 7 7 8 8 8 8 8 8 10 10 10 10 7 7 8 8 8 8 8 8 10 10 10 10 9
0 1 2 1 2 3 1 2 4 5 1 2 4 5 5 1 2 5 4 3 4 1 2 5 4 4 3 5 2 1 6 6 6 6 6 6 2 1 6 6 6 6 6 6 3 2 1 6 6 6 6 6 6 4 5 2 1 6 6 6 6 6 6 4 5 5 2 1 6 6 6 6 6 6 5 4 3 4 2 1 6 6 6 6 6 6 5 4 4 3 5
0 1 2 1 2 3 1 2 4 5 1 2 4 5 5 1 2 6 6 6 6 1 2 6 6 6 6 3 1 2 6 6 6 6 4 5 1 2 6 6 6 6 4 5 5 1 2 6 6 6 6 5 4 3 4 1 2 6 6 6 6 5 4 4 3 5 1 2 5 4 3 4 6 6 6 6 6 6 1 2 5 4 4 3 6 6 6 6 6 6 5
0 1 2 1 2 3 1 2 4 5 1 2 6 5 5 1 2 5 4 6 3 1 2 5 6 3 4 5 7 8 9 9 9 9 9 9 7 8 9 9 9 9 9 9 10 7 8 9 9 9 9 9 9 11 11 7 8 9 9 9 9 9 9 11 11 10 7 8 9 9 9 9 9 9 11 11 11 11 7 8 9 9 9 9 9 9 11 11 11 11 10
0 1 2 1 2 3 2 1 4 5 2 1 5 4 3 6 6 7 7 7 7 6 6 7 7 7 7 8 9 10 11 11 12 12 13 13 9 10 11 11 12 12 13 13 14 9 10 11 11 12 12 13 13 14 14 10 9 12 12 11 11 13 13 15 15 15 10 9 12 12 11 11 13 13 15 15 15 14 10 9 12 12 11 11 13 13 15 15 15 14 14
0 1 2 1 2 3 4 5 6 6 4 5 6 6 7 4 5 6 6 8 9 4 5 6 6 9 8 7 10 11 12 12 13 13 13 13 10 11 12 12 13 13 13 13 14 10 11 12 12 13 13 13 13 14 14 15 16 17 17 18 18 18 18 19 19 19 15 16 17 17 18 18 18 18 19 19 19 20 15 16 17 17 18 18 18 18 19 19 19 20 20
0 1 2 1 2 3 4 5 6 6 4 5 6 6 7 4 5 6 6 8 9 4 5 6 6 10 9 9 4 5 6 6 9 8 10 7 4 5 6 6 9 10 7 8 9 11 12 13 13 14 14 14 14 14 14 11 12 13 13 14 14 14 14 14 14 15 11 12 13 13 14 14 14 14 14 14 15 15 11 12 13 13 14 14 14 14 14 14 15 15 15
0 1 2 1 2 3 4 5 6 6 4 5 6 6 7 8 9 10 10 11 11 8 9 10 10 11 11 12 13 14 15 15 16 16 17 17 13 14 15 15 16 16 17 17 18 13 14 15 15 16 16 17 17 18 18 19 20 21 21 22 22 23 23 24 24 24 19 20 21 21 22 22 23 23 24 24 24 25 19 20 21 21 22 22 23 23 24 24 24 25 25
0 1 2 2 1 0 3 3 3 3 3 3 3 3 4 5 5 5 5 6 7 5 5 5 5 7 6 8 9 10 10 9 11 11 12 12 9 10 10 9 11 11 12 12 13 9 10 10 9 11 11 12 12 13 13 10 9 9 10 11 11 12 12 14 14 14 10 9 9 10 11 11 12 12 14 14 14 13 10 9 9 10 11 11 12 12 14 14 14 13 13
0 1 2 2 1 0 3 4 3 4 3 4 3 4 5 4 3 4 3 6 7 4 3 4 3 7 6 5 8 9 9 8 10 10 10 10 8 9 9 8 10 10 10 10 11 8 9 9 8 10 10 10 10 11 11 9 8 8 9 10 10 10 10 12 12 12 9 8 8 9 10 10 10 10 12 12 12 11 9 8 8 9 10 10 10 10 12 12 12 11 11
0 1 2 2 1 0 3 4 3 4 4 3 4 3 5 6 6 6 6 7 7 6 6 6 6 7 7 8 9 10 10 9 11 11 12 12 9 10 10 9 11 11 12 12 13 9 10 10 9 11 11 12 12 13 13 10 9 9 10 11 11 12 12 14 14 14 10 9 9 10 11 11 12 12 14 14 14 13 10 9 9 10 11 11 12 12 14 14 14 13 13
0 1 2 2 1 0 3 4 4 3 3 4 4 3 5 3 4 4 3 5 5 4 3 3 4 6 7 8 4 3 3 4 7 8 6 5 4 3 3 4 8 6 7 5 5 9 9 9 9 10 10 10 10 10 10 9 9 9 9 10 10 10 10 10 10 11 9 9 9 9 10 10 10 10 10 10 11 11 9 9 9 9 10 10 10 10 10 10 11 11 11
0 1 2 2 1 0 3 4 4 3 3 4 4 3 5 4 3 3 4 6 7 4 3 3 4 7 6 5 8 8 8 8 9 9 9 9 8 8 8 8 9 9 9 9 10 8 8 8 8 9 9 9 9 10 10 11 11 11 11 12 12 12 12 13 13 13 11 11 11 11 12 12 12 12 13 13 13 14 11 11 11 11 12 12 12 12 13 13 13 14 14
0 1 2 2 1 0 3 4 4 3 3 4 4 3 5 4 3 3 4 6 7 4 3 3 4 7 6 5 8 9 9 8 10 10 11 11 8 9 9 8 10 10 11 11 12 8 9 9 8 10 10 11 11 12 12 9 8 8 9 11 11 10 10 13 13 13 9 8 8 9 11 11 10 10 13 13 13 12 9 8 8 9 11 11 10 10 13 13 13 12 12
0 1 2 2 1 0 3 4 5 6 6 5 4 3 7 5 6 3 4 8 9 4 3 6 5 9 8 7 10 10 10 10 11 11 11 11 10 10 10 10 11 11 11 11 12 10 10 10 10 11 11 11 11 12 13 10 10 10 10 11 11 11 11 12 13 13 10 10 10 10 11 11 11 11 13 12 12 12 10 10 10 10 11 11 11 11 13 12 12 12 13
0 1 2 2 1 3 4 4 5 5 4 4 5 5 6 4 4 5 5 7 8 4 4 5 5 8 7 6 9 9 10 10 11 11 11 11 9 9 10 10 11 11 11 11 12 9 9 10 10 11 11 11 11 12 12 13 13 14 14 15 15 15 15 16 16 16 13 13 14 14 15 15 15 15 16 16 16 17 13 13 14 14 15 15 15 15 16 16 16 17 17
0 1 2 2 1 3 4 4 5 5 4 4 5 5 6 4 4 5 5 7 8 4 4 5 5 8 7 6 9 10 11 12 13 13 13 13 9 10 11 12 13 13 13 13 14 9 10 11 12 13 13 13 13 14 14 10 9 12 11 13 13 13 13 15 15 15 10 9 12 11 13 13 13 13 15 15 15 14 10 9 12 11 13 13 13 13 15 15 15 14 14
0 1 2 2 1 3 4 4 5 5 4 4 5 5 6 4 4 5 5 7 8 4 4 5 5 9 8 8 4 4 5 5 8 7 9 6 4 4 5 5 8 9 6 7 8 10 10 11 11 12 12 12 12 12 12 10 10 11 11 12 12 12 12 12 12 13 10 10 11 11 12 12 12 12 12 12 13 13 10 10 11 11 12 12 12 12 12 12 13 13 13
0 1 2 2 1 3 4 4 5 5 4 4 5 5 6 7 7 8 8 9 9 7 7 8 8 9 9 10 11 11 12 12 13 13 14 14 11 11 12 12 13 13 14 14 15 11 11 12 12 13 13 14 14 15 15 16 16 17 17 18 18 19 19 20 20 20 16 16 17 17 18 18 19 19 20 20 20 21 16 16 17 17 18 18 19 19 20 20 20 21 21
0 1 2 2 1 3 4 4 5 5 4 4 5 5 6 7 7 8 8 9 9 7 7 8 8 9 9 10 11 12 13 14 15 15 16 16 11 12 13 14 15 15 16 16 17 11 12 13 14 15 15 16 16 17 17 12 11 14 13 15 15 16 16 18 18 18 12 11 14 13 15 15 16 16 18 18 18 17 12 11 14 13 15 15 16 16 18 18 18 17 17
0 1 2 2 1 3 4 5 6 7 4 5 6 7 8 4 5 6 7 8 8 5 4 7 6 9 10 10 5 4 7 6 10 9 10 8 5 4 7 6 10 10 9 8 8 11 11 12 12 13 13 13 13 13 13 11 11 12 12 13 13 13 13 13 13 14 11 11 12 12 13 13 13 13 13 13 14 14 11 11 12 12 13 13 13 13 13 13 14 14 14
0 1 2 2 1 3 4 5 6 7 4 5 6 7 8 5 4 7 6 9 9 5 4 7 6 9 9 8 10 10 11 11 12 12 12 12 10 10 11 11 12 12 12 12 13 10 10 11 11 12 12 12 12 13 13 14 14 15 15 16 16 16 16 17 17 17 14 14 15 15 16 16 16 16 17 17 17 18 14 14 15 15 16 16 16 16 17 17 17 18 18
0 1 2 2 1 3 4 5 6 7 4 5 6 7 8 5 4 7 6 9 9 5 4 7 6 9 9 8 10 11 12 13 14 14 15 15 10 11 12 13 14 14 15 15 16 10 11 12 13 14 14 15 15 16 16 11 10 13 12 15 15 14 14 17 17 17 11 10 13 12 15 15 14 14 17 17 17 16 11 10 13 12 15 15 14 14 17 17 17 16 16
0 1 2 2 1 3 4 5 6 7 4 5 6 7 8 5 4 7 6 9 10 5 4 7 6 10 9 8 11 11 12 12 13 13 13 13 11 11 12 12 13 13 13 13 14 11 11 12 12 13 13 13 13 14 15 11 11 12 12 13 13 13 13 14 15 15 11 11 12 12 13 13 13 13 15 14 14 14 11 11 12 12 13 13 13 13 15 14 14 14 15
0 1 2 2 1 3 4 5 6 7 5 4 7 6 8 9 9 10 10 11 11 9 9 10 10 11 11 12 13 13 14 14 15 15 16 16 13 13 14 14 15 15 16 16 17 13 13 14 14 15 15 16 16 17 18 13 13 14 14 15 15 16 16 17 18 18 13 13 14 14 15 15 16 16 18 17 17 17 13 13 14 14 15 15 16 16 18 17 17 17 18
0 1 2 3 2 2 2 1 3 0 2 3 0 1 2 4 4 4 4 4 4 4 4 4 4 4 4 5 4 4 4 4 4 4 6 7 4 4 4 4 4 4 6 7 7 4 4 4 4 4 4 6 7 7 7 4 4 4 4 4 4 7 6 5 6 6 4 4 4 4 4 4 7 6 6 5 6 7 4 4 4 4 4 4 7 6 6 6 5 7 7
0 1 2 3 2 4 5 4 2 2 4 5 3 1 0 2 1 5 0 3 2 2 3 0 5 1 2 4 6 6 6 6 6 6 6 6 6 6 6 6 6 6 6 6 7 6 6 6 6 6 6 6 6 7 7 8 8 8 8 8 8 8 8 9 9 9 8 8 8 8 8 8 8 8 9 9 9 10 8 8 8 8 8 8 8 8 9 9 9 10 10
0 1 2 3 2 4 5 4 2 2 4 5 3 1 0 2 1 5 0 3 2 2 3 0 5 1 2 4 6 7 7 7 7 6 6 6 6 7 7 7 7 6 6 6 8 6 7 7 7 7 6 6 6 8 8 7 6 6 6 6 7 7 7 9 9 9 7 6 6 6 6 7 7 7 9 9 9 8 7 6 6 6 6 7 7 7 9 9 9 8 8
0 1 2 3 4 5 3 4 5 6 3 4 5 6 6 7 8 9 10 10 10 7 8 9 10 10 10 11 7 8 9 10 10 10 12 13 7 8 9 10 10 10 12 13 13 7 8 9 10 10 10 12 13 13 13 7 8 9 10 10 10 13 12 11 12 12 7 8 9 10 10 10 13 12 12 11 12 13 7 8 9 10 10 10 13 12 12 12 11 13 13
0 1 2 3 4 5 3 5 4 2 4 3 3 1 0 5 3 3 0 1 2 2 1 0 3 3 5 4 6 7 7 7 7 6 6 6 6 7 7 7 7 6 6 6 8 6 7 7 7 7 6 6 6 8 8 7 6 6 6 6 7 7 7 9 9 9 7 6 6 6 6 7 7 7 9 9 9 8 7 6 6 6 6 7 7 7 9 9 9 8 8
0 1 2 3 4 5 6 5 4 2 5 6 3 1 0 4 3 6 0 1 2 2 1 0 6 3 4 5 7 7 7 7 7 7 7 7 7 7 7 7 7 7 7 7 8 7 7 7 7 7 7 7 7 8 8 9 9 9 9 9 9 9 9 10 10 10 9 9 9 9 9 9 9 9 10 10 10 11 9 9 9 9 9 9 9 9 10 10 10 11 11
0 1 2 3 4 5 6 5 4 2 5 6 3 1 0 4 3 6 0 1 2 2 1 0 6 3 4 5 7 8 8 8 8 7 7 7 7 8 8 8 8 7 7 7 9 7 8 8 8 8 7 7 7 9 9 8 7 7 7 7 8 8 8 10 10 10 8 7 7 7 7 8 8 8 10 10 10 9 8 7 7 7 7 8 8 8 10 10 10 9 9
0 1 2 3 4 5 6 7 8 9 6 7 8 9 10 6 7 8 9 11 11 6 7 8 9 11 11 10 12 13 14 15 16 16 16 16 12 13 14 15 16 16 16 16 17 12 13 14 15 16 16 16 16 17 17 18 19 20 21 22 22 22 22 23 23 23 18 19 20 21 22 22 22 22 23 23 23 24 18 19 20 21 22 22 22 22 23 23 23 24 24
0 1 2 3 4 5 6 7 8 9 6 7 8 9 10 6 7 8 9 11 12 6 7 8 9 11 12 12 6 7 8 9 12 11 10 11 6 7 8 9 12 11 11 10 12 13 14 15 16 17 17 17 17 17 17 13 14 15 16 17 17 17 17 17 17 18 13 14 15 16 17 17 17 17 17 17 18 18 13 14 15 16 17 17 17 17 17 17 18 18 18
0 1 2 3 4 5 6 7 8 9 6 7 8 9 10 6 7 8 9 11 12 6 7 8 9 12 11 10 13 14 15 16 17 17 17 17 13 14 15 16 17 17 17 17 18 13 14 15 16 17 17 17 17 18 19 13 14 15 16 17 17 17 17 18 19 19 13 14 15 16 17 17 17 17 19 18 18 18 13 14 15 16 17 17 17 17 19 18 18 18 19
0 1 2 3 4 5 6 7 8 9 6 7 8 9 10 11 12 13 14 15 15 11 12 13 14 15 15 16 17 18 19 20 21 21 22 22 17 18 19 20 21 21 22 22 23 17 18 19 20 21 21 22 22 23 24 17 18 19 20 21 21 22 22 23 24 24 17 18 19 20 21 21 22 22 24 23 23 23 17 18 19 20 21 21 22 22 24 23 23 23 24
0 1 2 3 4 5 6 7 8 9 10 11 12 13 14 10 11 12 13 14 15 10 11 12 13 14 15 15 16 17 18 19 20 21 21 21 16 17 18 19 20 21 21 21 22 16 17 18 19 20 21 21 21 23 23 16 17 18 19 20 21 21 21 23 23 22 16 17 18 19 20 21 21 21 23 23 23 23 16 17 18 19 20 21 21 21 23 23 23 23 22
0 1 2 3 4 5 6 7 8 9 10 11 12 13 14 10 11 12 13 14 15 16 17 18 19 20 21 21 16 17 18 19 20 21 21 22 16 17 18 19 20 21 21 22 22 23 24 25 26 27 28 28 29 29 29 23 24 25 26 27 28 28 29 29 29 30 23 24 25 26 27 28 28 29 29 29 30 30 23 24 25 26 27 28 28 29 29 29 30 30 30
--- order 320 (x5) ---
0 0 1 0 1 2 0 2 1 1 3 4 4 4 4 3 4 4 4 4 5 3 4 4 4 4 5 6 3 4 4 4 4 6 5 6 3 4 4 4 4 6 6 5 5 7 8 9 9 8 10 10 10 10 10 7 8 9 9 8 10 10 10 10 10 11 7 9 8 8 9 10 10 10 10 10 12 12 7 9 8 8 9 10 10 10 10 10 12 12 11
0 0 1 0 2 3 0 3 2 1 0 4 4 4 4 0 4 4 4 4 1 0 4 4 4 4 2 3 0 4 4 4 4 3 2 1 5 6 6 6 6 6 6 6 6 5 6 6 6 6 6 6 6 6 7 5 6 6 6 6 6 6 6 6 7 8 5 6 6 6 6 6 6 6 6 8 7 8 5 6 6 6 6 6 6 6 6 8 8 7 7
0 0 1 0 2 3 0 3 2 1 4 5 5 5 5 4 5 5 5 5 6 4 5 5 5 5 6 7 4 5 5 5 5 7 6 7 4 5 5 5 5 7 7 6 6 8 9 9 9 9 10 10 10 10 10 8 9 9 9 9 10 10 10 10 10 11 8 9 9 9 9 10 10 10 10 10 12 12 8 9 9 9 9 10 10 10 10 10 12 12 11
0 0 1 2 3 3 2 3 3 4 5 6 6 7 7 5 6 6 7 7 8 5 6 6 7 7 8 9 5 6 6 7 7 9 8 9 5 6 6 7 7 9 9 8 8 10 11 11 12 12 13 13 13 13 13 10 11 11 12 12 13 13 13 13 13 14 10 11 11 12 12 13 13 13 13 13 15 15 10 11 11 12 12 13 13 13 13 13 15 15 14
0 1 2 3 4 5 3 4 5 6 3 4 5 7 7 3 4 5 7 7 6 3 4 5 7 7 8 8 3 4 5 7 7 8 8 6 3 4 5 8 8 7 7 8 8 3 4 5 8 8 7 7 8 8 6 3 4 5 8 8 8 8 7 7 7 7 3 4 5 8 8 8 8 7 7 7 7 6 9 10 11 12 12 12 12 12 12 12 12 12 12
--- order 336 (x4) ---
0 0 1 0 1 1 2 1 1 1 2 1 1 1 1 2 1 1 1 1 1 2 1 1 1 1 1 1 1 0 2 2 0 0 2 2 1 0 2 2 2 2 0 0 1 1 2 0 2 0 2 0 2 1 1 1 2 0 2 2 0 2 0 1 1 1 1 2 2 0 0 2 2 0 1 1 1 1 1 2 2 0 2 0 0 2 1 1 1 1 1
0 1 1 1 1 2 3 3 4 4 3 3 4 4 5 3 3 4 4 5 6 3 3 4 4 7 7 6 3 3 4 4 7 6 7 5 3 3 4 4 6 5 7 6 5 3 3 4 4 6 7 5 5 6 7 8 8 9 9 10 10 10 10 10 10 10 8 8 9 9 10 10 10 10 10 10 10 11 8 8 9 9 10 10 10 10 10 10 10 11 11
0 1 2 2 1 0 3 3 3 3 3 3 3 3 4 3 3 3 3 4 5 3 3 3 3 6 6 5 3 3 3 3 6 5 6 4 3 3 3 3 5 4 6 5 4 3 3 3 3 5 6 4 4 5 6 7 7 7 7 8 8 8 8 8 8 8 7 7 7 7 8 8 8 8 8 8 8 9 7 7 7 7 8 8 8 8 8 8 8 9 9
0 1 2 3 4 5 3 4 5 6 3 4 5 6 7 3 4 5 8 8 7 3 4 5 8 7 8 6 3 4 5 7 6 8 7 6 3 4 5 7 8 6 6 7 8 9 10 11 12 12 12 12 12 12 12 9 10 11 12 12 12 12 12 12 12 13 9 10 11 12 12 12 12 12 12 12 13 13 9 10 11 12 12 12 12 12 12 12 13 13 13
--- order 360 (x6) ---
0 0 0 1 1 1 1 1 1 2 1 1 1 2 3 1 1 1 3 2 3 1 1 1 3 3 2 2 4 5 5 6 6 6 6 6 5 4 5 6 6 6 6 6 7 5 5 4 6 6 6 6 6 7 7 8 8 8 9 9 9 9 9 10 10 10 8 8 8 9 9 9 9 9 10 10 10 11 8 8 8 9 9 9 9 9 10 10 10 11 11
0 0 0 1 2 3 2 3 1 4 3 1 2 4 4 5 6 7 8 9 10 7 5 6 9 10 8 11 6 7 5 10 8 9 11 11 12 12 12 13 13 13 14 14 14 12 12 12 13 13 13 14 14 14 15 12 12 12 13 13 13 14 14 14 15 15 12 12 12 13 13 13 14 14 14 15 15 15 12 12 12 13 13 13 14 14 14 15 15 15 15
0 0 1 0 1 1 2 3 3 3 4 5 5 5 6 7 8 9 10 11 12 7 9 10 8 11 12 13 7 10 8 9 11 12 13 13 14 15 15 15 16 17 18 18 18 14 15 15 15 16 17 18 18 18 19 14 15 15 15 16 17 18 18 18 19 19 14 15 15 15 16 17 18 18 18 19 19 19 14 15 15 15 16 17 18 18 18 19 19 19 19
0 0 1 1 0 1 1 1 0 0 2 2 2 2 2 2 2 2 2 2 3 2 2 2 2 2 3 3 2 2 2 2 2 4 5 5 2 2 2 2 2 4 5 5 4 2 2 2 2 2 5 4 5 3 5 2 2 2 2 2 5 4 5 5 3 4 2 2 2 2 2 5 5 4 3 5 3 5 2 2 2 2 2 5 5 4 5 3 5 3 4
0 0 1 1 0 1 1 1 0 0 2 2 2 2 2 2 2 2 2 2 3 2 2 2 2 2 4 5 2 2 2 2 2 6 5 5 2 2 2 2 2 5 4 6 3 2 2 2 2 2 5 6 3 4 5 7 7 7 7 7 8 8 8 8 8 8 7 7 7 7 7 8 8 8 8 8 8 9 7 7 7 7 7 8 8 8 8 8 8 9 9
0 1 2 3 4 5 3 4 5 6 3 4 5 6 7 3 4 5 7 6 7 3 4 5 7 7 6 6 8 9 10 11 11 11 11 11 8 9 10 11 11 11 11 11 12 8 9 10 11 11 11 11 11 12 12 13 14 15 16 16 16 16 16 17 17 17 13 14 15 16 16 16 16 16 17 17 17 18 13 14 15 16 16 16 16 16 17 17 17 18 18
--- order 384 (x75) ---
0 0 0 0 0 0 1 1 1 1 1 1 1 1 2 3 3 3 3 4 4 3 3 3 3 4 4 5 3 3 3 3 4 4 6 6 3 3 3 3 4 4 6 6 5 7 8 8 8 9 9 10 10 10 10 8 7 8 8 9 9 10 10 10 10 11 8 8 7 8 9 9 10 10 10 10 11 11 8 8 8 7 9 9 10 10 10 10 11 11 11
0 0 0 1 1 1 1 1 1 2 1 1 1 2 3 1 1 1 4 5 5 1 1 1 4 5 5 3 1 1 1 3 2 2 4 4 1 1 1 5 4 4 2 2 5 1 1 1 5 4 4 2 2 5 3 6 7 7 8 8 8 8 8 8 8 8 7 6 7 8 8 8 8 8 8 8 8 9 7 7 6 8 8 8 8 8 8 8 8 9 9
0 0 0 1 1 1 1 1 1 2 1 1 1 3 3 1 1 1 3 3 2 1 1 1 4 4 4 4 1 1 1 4 4 4 4 2 1 1 1 4 4 4 4 3 3 1 1 1 4 4 4 4 3 3 2 5 6 7 8 8 8 8 8 8 8 8 6 7 5 8 8 8 8 8 8 8 8 9 7 5 6 8 8 8 8 8 8 8 8 9 9
0 0 0 1 1 1 1 1 1 2 1 1 1 3 3 1 1 1 3 3 2 4 4 4 5 5 5 5 4 4 4 5 5 5 5 6 4 4 4 5 5 5 5 7 7 4 4 4 5 5 5 5 7 7 6 8 9 9 10 10 10 10 11 11 11 11 9 8 9 10 10 10 10 11 11 11 11 12 9 9 8 10 10 10 10 11 11 11 11 12 12
0 0 1 0 0 0 0 0 0 1 1 0 0 0 0 2 2 2 2 2 2 2 2 2 2 2 2 3 4 5 5 6 6 4 7 7 4 5 5 6 6 4 7 7 8 5 6 6 4 4 5 7 7 9 9 5 6 6 4 4 5 7 7 9 9 8 6 4 4 5 5 6 7 7 9 9 9 9 6 4 4 5 5 6 7 7 9 9 9 9 8
0 0 1 0 1 1 0 1 1 1 2 3 3 3 3 4 5 6 6 6 7 4 5 6 6 6 7 8 4 6 5 6 6 7 9 9 4 6 5 6 6 7 9 9 8 4 6 6 5 6 7 9 9 9 9 4 6 6 5 6 7 9 9 9 9 8 4 6 6 6 5 7 9 9 9 9 9 9 4 6 6 6 5 7 9 9 9 9 9 9 8
0 0 1 0 1 1 0 1 1 2 0 1 2 1 1 0 2 1 1 1 1 3 4 4 4 4 4 4 5 6 7 7 7 7 6 8 5 6 7 7 7 7 6 8 9 5 7 6 7 7 6 7 8 10 10 5 7 6 7 7 6 7 8 10 10 9 5 7 7 6 6 7 7 8 10 10 10 10 5 7 7 6 6 7 7 8 10 10 10 10 9
0 0 1 0 1 1 2 3 3 3 2 3 3 3 4 2 3 3 3 5 5 2 3 3 3 5 5 4 6 7 8 8 9 9 9 9 6 7 8 8 9 9 9 9 10 6 8 7 8 9 9 9 9 11 11 6 8 7 8 9 9 9 9 11 11 10 6 8 8 7 9 9 9 9 11 11 11 11 6 8 8 7 9 9 9 9 11 11 11 11 10
0 0 1 0 1 2 0 2 1 1 3 4 4 4 4 3 4 4 4 4 5 6 7 8 8 7 9 9 6 7 8 8 7 9 9 10 6 8 7 7 8 9 9 11 11 6 8 7 7 8 9 9 11 11 10 12 13 13 13 13 14 14 15 15 15 15 12 13 13 13 13 14 14 15 15 15 15 16 12 13 13 13 13 14 14 15 15 15 15 16 16
0 0 1 0 2 2 0 2 2 1 1 0 0 0 0 2 0 0 0 0 2 2 0 0 0 0 2 1 3 4 4 4 4 3 3 3 3 4 4 4 4 3 3 3 5 3 4 4 4 4 3 3 3 5 5 4 3 3 3 3 4 4 4 6 7 8 4 3 3 3 3 4 4 4 7 8 6 5 4 3 3 3 3 4 4 4 8 6 7 5 5
0 0 1 0 2 3 0 3 2 1 4 5 5 5 5 6 7 8 8 7 9 6 7 8 8 7 9 10 6 8 7 7 8 9 11 11 6 8 7 7 8 9 11 11 10 12 13 13 13 13 14 15 15 15 15 12 13 13 13 13 14 15 15 15 15 16 12 13 13 13 13 14 15 15 15 15 16 16 12 13 13 13 13 14 15 15 15 15 16 16 16
0 0 1 1 0 0 2 2 2 2 2 2 2 2 3 2 2 2 2 4 4 2 2 2 2 4 4 3 5 6 6 5 7 7 7 7 5 6 6 5 7 7 7 7 8 5 6 6 5 7 7 7 7 8 8 6 5 5 6 7 7 7 7 9 10 10 6 5 5 6 7 7 7 7 10 9 10 8 6 5 5 6 7 7 7 7 10 10 9 8 8
0 0 1 1 0 0 2 3 3 2 2 3 3 2 4 3 2 2 3 5 5 3 2 2 3 5 5 4 6 6 6 6 7 7 7 7 6 6 6 6 7 7 7 7 8 6 6 6 6 7 7 7 7 9 10 6 6 6 6 7 7 7 7 9 10 10 6 6 6 6 7 7 7 7 10 9 8 9 6 6 6 6 7 7 7 7 10 9 9 8 10
0 0 1 2 3 3 2 3 3 1 1 0 0 2 2 3 2 2 0 0 3 3 2 2 0 0 3 1 4 4 4 4 4 4 4 4 4 4 4 4 4 4 4 4 5 4 4 4 4 4 4 4 4 6 7 4 4 4 4 4 4 4 4 8 7 7 4 4 4 4 4 4 4 4 7 6 8 5 4 4 4 4 4 4 4 4 7 8 5 6 7
0 0 1 2 3 3 2 3 3 1 1 0 0 2 2 3 2 2 0 0 3 3 2 2 0 0 3 1 4 5 5 5 5 4 4 4 4 5 5 5 5 4 4 4 6 4 5 5 5 5 4 4 4 6 6 5 4 4 4 4 5 5 5 7 8 8 5 4 4 4 4 5 5 5 8 7 8 6 5 4 4 4 4 5 5 5 8 8 7 6 6
0 0 1 2 3 3 2 3 3 4 2 3 3 5 6 2 3 3 6 5 4 2 3 3 7 7 7 7 2 3 3 7 7 7 7 4 2 3 3 7 7 7 7 5 6 2 3 3 7 7 7 7 6 5 4 8 9 9 10 10 10 10 10 10 10 10 8 9 9 10 10 10 10 10 10 10 10 11 8 9 9 10 10 10 10 10 10 10 10 11 11
0 0 1 2 3 3 2 3 3 4 2 3 3 5 6 2 3 3 6 5 4 7 8 8 9 9 9 9 7 8 8 9 9 9 9 10 7 8 8 9 9 9 9 11 11 7 8 8 9 9 9 9 11 11 10 12 13 13 14 14 14 14 15 15 15 15 12 13 13 14 14 14 14 15 15 15 15 16 12 13 13 14 14 14 14 15 15 15 15 16 16
0 0 1 2 3 3 2 3 3 4 5 6 6 7 7 5 6 6 7 7 8 9 10 10 11 11 12 12 9 10 10 11 11 12 12 13 9 10 10 11 11 12 12 14 14 9 10 10 11 11 12 12 14 14 13 15 16 16 17 17 18 18 19 19 19 19 15 16 16 17 17 18 18 19 19 19 19 20 15 16 16 17 17 18 18 19 19 19 19 20 20
0 0 1 2 3 3 4 5 5 6 4 5 5 6 7 8 9 10 11 12 12 8 9 10 11 12 12 13 8 10 9 11 12 12 14 14 8 10 9 11 12 12 14 14 13 15 16 16 17 18 18 19 19 19 19 15 16 16 17 18 18 19 19 19 19 20 15 16 16 17 18 18 19 19 19 19 20 20 15 16 16 17 18 18 19 19 19 19 20 20 20
0 0 1 2 3 3 4 5 6 7 4 5 6 7 8 4 6 5 7 9 9 4 6 5 7 9 9 8 10 11 11 12 13 13 13 13 10 11 11 12 13 13 13 13 14 10 11 11 12 13 13 13 13 15 15 10 11 11 12 13 13 13 13 15 15 14 10 11 11 12 13 13 13 13 15 15 15 15 10 11 11 12 13 13 13 13 15 15 15 15 14
0 0 1 2 3 3 4 5 6 7 4 6 5 7 8 9 10 10 11 12 12 9 10 10 11 12 12 13 9 10 10 11 12 12 14 14 9 10 10 11 12 12 14 14 13 15 16 16 17 18 18 19 19 19 19 15 16 16 17 18 18 19 19 19 19 20 15 16 16 17 18 18 19 19 19 19 20 20 15 16 16 17 18 18 19 19 19 19 20 20 20
0 0 1 2 3 4 2 3 4 5 2 3 4 6 6 2 3 4 6 6 5 2 4 3 7 7 8 8 2 4 3 7 7 8 8 5 2 4 3 8 8 7 7 6 6 2 4 3 8 8 7 7 6 6 5 9 10 10 11 11 11 11 11 11 11 11 9 10 10 11 11 11 11 11 11 11 11 12 9 10 10 11 11 11 11 11 11 11 11 12 12
0 0 1 2 3 4 2 3 4 5 2 4 3 6 6 2 4 3 6 6 5 7 8 8 9 9 9 9 7 8 8 9 9 9 9 10 7 8 8 9 9 9 9 11 11 7 8 8 9 9 9 9 11 11 10 12 13 13 14 14 14 14 15 15 15 15 12 13 13 14 14 14 14 15 15 15 15 16 12 13 13 14 14 14 14 15 15 15 15 16 16
0 1 1 1 1 0 1 1 1 1 1 1 1 1 0 2 3 2 3 2 3 2 3 2 3 2 3 4 2 3 3 2 3 2 5 5 2 3 3 2 3 2 5 5 4 3 2 2 3 3 2 5 5 5 5 3 2 2 3 3 2 5 5 5 5 4 3 2 3 2 2 3 5 5 5 5 5 5 3 2 3 2 2 3 5 5 5 5 5 5 4
0 1 1 1 1 0 2 2 2 2 2 2 2 2 3 2 2 2 2 4 4 2 2 2 2 4 4 3 5 5 5 5 6 6 6 6 5 5 5 5 6 6 6 6 7 5 5 5 5 6 6 6 6 8 9 5 5 5 5 6 6 6 6 10 9 9 5 5 5 5 6 6 6 6 9 8 10 7 5 5 5 5 6 6 6 6 9 10 7 8 9
0 1 1 1 1 0 2 2 2 2 2 2 2 2 3 4 5 4 5 6 6 4 5 5 4 6 6 7 5 4 4 5 6 6 7 8 5 4 5 4 6 6 8 7 7 9 9 9 9 10 10 11 11 11 11 9 9 9 9 10 10 11 11 11 11 12 9 9 9 9 10 10 11 11 11 11 12 12 9 9 9 9 10 10 11 11 11 11 12 12 12
0 1 1 1 1 0 2 2 2 2 2 2 2 2 3 4 5 6 6 7 7 6 6 4 5 7 7 8 6 6 5 4 7 7 8 9 5 4 6 6 7 7 9 8 8 10 10 10 10 11 11 12 12 12 12 10 10 10 10 11 11 12 12 12 12 13 10 10 10 10 11 11 12 12 12 12 13 13 10 10 10 10 11 11 12 12 12 12 13 13 13
0 1 1 1 1 0 2 3 2 3 2 3 3 2 4 3 2 2 3 4 5 3 2 3 2 5 4 4 6 6 6 6 7 7 7 7 6 6 6 6 7 7 7 7 8 6 6 6 6 7 7 7 7 9 9 6 6 6 6 7 7 7 7 9 9 8 6 6 6 6 7 7 7 7 9 9 9 9 6 6 6 6 7 7 7 7 9 9 9 9 8
0 1 1 1 1 0 2 3 4 4 4 4 2 3 5 4 4 3 2 5 6 3 2 4 4 6 5 5 7 7 7 7 8 8 8 8 7 7 7 7 8 8 8 8 9 7 7 7 7 8 8 8 8 10 10 7 7 7 7 8 8 8 8 10 10 9 7 7 7 7 8 8 8 8 10 10 10 10 7 7 7 7 8 8 8 8 10 10 10 10 9
0 1 1 1 1 2 1 1 2 3 1 1 3 2 2 4 4 5 6 6 5 4 4 5 6 6 5 7 4 4 5 6 6 5 7 7 4 4 5 6 6 5 7 7 7 4 4 6 5 5 6 8 9 9 9 4 4 6 5 5 6 9 8 9 9 7 4 4 6 5 5 6 9 9 8 9 7 7 4 4 6 5 5 6 9 9 9 8 7 7 7
0 1 1 1 1 2 1 1 3 3 1 1 3 3 2 4 5 6 6 6 6 4 5 6 6 6 6 7 4 5 6 6 6 6 7 7 4 5 6 6 6 6 7 7 7 5 4 6 6 6 6 8 9 9 9 5 4 6 6 6 6 9 8 9 9 7 5 4 6 6 6 6 9 9 8 9 7 7 5 4 6 6 6 6 9 9 9 8 7 7 7
0 1 1 1 1 2 1 1 3 4 1 1 4 3 2 5 5 6 6 6 6 5 5 6 6 6 6 7 5 5 6 6 6 6 8 9 5 5 6 6 6 6 8 9 9 5 5 6 6 6 6 8 9 9 9 5 5 6 6 6 6 9 8 7 8 8 5 5 6 6 6 6 9 8 8 7 8 9 5 5 6 6 6 6 9 8 8 8 7 9 9
0 1 1 1 1 2 1 1 3 4 1 1 5 4 6 1 1 7 6 4 4 1 1 6 7 5 3 2 1 1 4 3 7 2 5 4 1 1 4 5 2 7 3 4 6 8 8 9 9 9 9 9 9 9 9 8 8 9 9 9 9 9 9 9 9 10 8 8 9 9 9 9 9 9 9 9 10 10 8 8 9 9 9 9 9 9 9 9 10 10 10
0 1 1 1 1 2 1 1 3 4 1 1 5 6 7 1 1 8 7 6 4 1 1 7 8 5 3 2 1 1 6 5 8 2 3 4 1 1 4 3 2 8 5 6 7 9 9 10 10 10 10 10 10 10 10 9 9 10 10 10 10 10 10 10 10 11 9 9 10 10 10 10 10 10 10 10 11 11 9 9 10 10 10 10 10 10 10 10 11 11 11
0 1 1 1 1 2 3 3 4 4 3 3 4 4 5 3 3 4 4 6 6 3 3 4 4 6 6 5 7 7 8 8 9 9 9 9 7 7 8 8 9 9 9 9 10 7 7 8 8 9 9 9 9 11 12 7 7 8 8 9 9 9 9 11 12 12 7 7 8 8 9 9 9 9 12 11 10 11 7 7 8 8 9 9 9 9 12 11 11 10 12
0 1 1 1 1 2 3 3 4 4 3 3 4 4 5 6 6 7 7 8 8 6 6 7 7 8 8 9 6 6 7 7 8 8 10 11 6 6 7 7 8 8 10 11 11 6 6 7 7 8 8 10 11 11 11 6 6 7 7 8 8 11 10 9 10 10 6 6 7 7 8 8 11 10 10 9 10 11 6 6 7 7 8 8 11 10 10 10 9 11 11
0 1 1 1 1 2 3 3 4 4 3 3 4 4 5 6 7 8 8 9 9 6 7 8 8 9 9 10 7 6 8 8 9 9 11 12 7 6 8 8 9 9 12 11 10 13 13 14 14 15 15 16 16 16 16 13 13 14 14 15 15 16 16 16 16 17 13 13 14 14 15 15 16 16 16 16 17 17 13 13 14 14 15 15 16 16 16 16 17 17 17
0 1 1 1 1 2 3 3 4 5 3 3 5 4 6 7 8 9 9 10 10 7 8 9 9 10 10 11 8 7 9 9 10 10 12 12 8 7 9 9 10 10 12 12 11 13 13 14 14 15 15 16 16 16 16 13 13 14 14 15 15 16 16 16 16 17 13 13 14 14 15 15 16 16 16 16 17 17 13 13 14 14 15 15 16 16 16 16 17 17 17
0 1 1 1 1 2 3 4 5 5 3 4 5 5 6 4 3 5 5 7 8 4 3 5 5 8 7 6 9 9 10 10 11 11 11 11 9 9 10 10 11 11 11 11 12 9 9 10 10 11 11 11 11 13 13 9 9 10 10 11 11 11 11 13 13 12 9 9 10 10 11 11 11 11 13 13 13 13 9 9 10 10 11 11 11 11 13 13 13 13 12
0 1 2 1 2 3 1 2 3 4 1 2 5 6 4 1 2 5 4 6 4 1 2 6 5 5 3 3 1 2 4 3 5 5 3 4 1 2 4 5 3 3 5 4 6 7 8 9 9 9 9 9 9 9 9 7 8 9 9 9 9 9 9 9 9 10 7 8 9 9 9 9 9 9 9 9 10 10 7 8 9 9 9 9 9 9 9 9 10 10 10
0 1 2 1 2 3 1 2 3 4 1 2 5 6 6 1 2 5 6 6 4 1 2 7 6 6 6 6 1 2 7 6 6 6 6 4 1 2 4 3 3 5 5 7 7 1 2 6 5 5 7 7 3 3 6 1 2 6 5 5 7 7 3 3 6 4 1 2 6 7 7 3 3 5 5 6 6 6 1 2 6 7 7 3 3 5 5 6 6 6 4
0 1 2 1 2 3 1 2 4 4 1 2 4 4 3 1 2 4 4 4 4 1 2 4 4 4 4 3 2 1 5 5 6 6 7 7 2 1 5 5 6 6 7 7 3 2 1 6 6 7 7 5 5 4 4 2 1 6 6 7 7 5 5 4 4 3 2 1 7 7 5 5 6 6 4 4 4 4 2 1 7 7 5 5 6 6 4 4 4 4 3
0 1 2 1 2 3 1 2 4 4 1 2 4 4 3 2 1 5 6 5 6 2 1 5 6 6 5 4 2 1 6 5 5 6 4 3 2 1 6 5 6 5 3 4 4 7 7 8 8 8 8 8 8 8 8 7 7 8 8 8 8 8 8 8 8 9 7 7 8 8 8 8 8 8 8 8 9 9 7 7 8 8 8 8 8 8 8 8 9 9 9
0 1 2 1 2 3 1 2 4 4 1 2 4 4 3 2 1 5 6 7 7 2 1 7 7 5 6 4 2 1 7 7 6 5 4 3 2 1 6 5 7 7 3 4 4 8 8 9 9 9 9 9 9 9 9 8 8 9 9 9 9 9 9 9 9 10 8 8 9 9 9 9 9 9 9 9 10 10 8 8 9 9 9 9 9 9 9 9 10 10 10
0 1 2 1 2 3 1 2 4 4 1 2 4 4 3 5 6 7 7 7 7 5 6 7 7 7 7 8 5 6 7 7 7 7 9 10 5 6 7 7 7 7 9 10 10 5 6 7 7 7 7 9 10 10 10 5 6 7 7 7 7 10 9 8 9 9 5 6 7 7 7 7 10 9 9 8 9 10 5 6 7 7 7 7 10 9 9 9 8 10 10
0 1 2 1 2 3 1 2 4 5 1 2 4 5 6 1 2 7 6 5 5 1 2 6 7 4 4 3 1 2 5 4 3 7 4 5 1 2 5 4 7 3 4 5 6 8 9 10 10 10 10 10 10 10 10 8 9 10 10 10 10 10 10 10 10 11 8 9 10 10 10 10 10 10 10 10 11 11 8 9 10 10 10 10 10 10 10 10 11 11 11
0 1 2 1 2 3 1 2 4 5 1 2 5 4 3 1 2 6 6 6 6 1 2 6 6 6 6 3 1 2 6 6 6 6 4 5 1 2 6 6 6 6 5 4 3 1 2 6 6 6 6 6 6 6 6 1 2 6 6 6 6 6 6 6 6 3 1 2 6 6 6 6 6 6 6 6 4 5 1 2 6 6 6 6 6 6 6 6 5 4 3
0 1 2 1 2 3 1 2 4 5 1 2 5 4 3 2 1 6 7 7 6 2 1 6 7 7 6 5 2 1 7 6 6 7 3 4 2 1 7 6 6 7 4 3 5 8 8 9 9 9 9 9 9 9 9 8 8 9 9 9 9 9 9 9 9 10 8 8 9 9 9 9 9 9 9 9 10 10 8 8 9 9 9 9 9 9 9 9 10 10 10
0 1 2 1 2 3 1 2 4 5 1 2 5 4 3 6 7 8 8 8 8 6 7 8 8 8 8 9 6 7 8 8 8 8 10 11 6 7 8 8 8 8 11 10 9 12 13 14 14 14 14 15 15 15 15 12 13 14 14 14 14 15 15 15 15 16 12 13 14 14 14 14 15 15 15 15 16 16 12 13 14 14 14 14 15 15 15 15 16 16 16
0 1 2 1 2 3 2 1 4 4 2 1 4 4 3 5 5 6 6 6 6 5 5 6 6 6 6 7 5 5 6 6 6 6 8 9 5 5 6 6 6 6 8 9 9 5 5 6 6 6 6 8 9 9 9 5 5 6 6 6 6 9 8 7 8 8 5 5 6 6 6 6 9 8 8 7 8 9 5 5 6 6 6 6 9 8 8 8 7 9 9
0 1 2 1 2 3 2 1 4 5 2 1 5 4 3 6 6 7 7 7 7 6 6 7 7 7 7 8 6 6 7 7 7 7 9 10 6 6 7 7 7 7 10 9 8 11 11 12 12 12 12 13 13 13 13 11 11 12 12 12 12 13 13 13 13 14 11 11 12 12 12 12 13 13 13 13 14 14 11 11 12 12 12 12 13 13 13 13 14 14 14
0 1 2 1 2 3 2 1 4 5 2 1 5 4 3 6 7 8 8 9 9 6 7 8 8 9 9 10 7 6 9 9 8 8 11 11 7 6 9 9 8 8 11 11 10 12 12 13 13 13 13 14 14 14 14 12 12 13 13 13 13 14 14 14 14 15 12 12 13 13 13 13 14 14 14 14 15 15 12 12 13 13 13 13 14 14 14 14 15 15 15
0 1 2 1 2 3 4 5 6 6 4 5 6 6 7 4 5 6 6 8 9 4 5 6 6 9 8 7 10 11 12 12 13 13 13 13 10 11 12 12 13 13 13 13 14 10 11 12 12 13 13 13 13 15 15 10 11 12 12 13 13 13 13 15 15 14 10 11 12 12 13 13 13 13 15 15 15 15 10 11 12 12 13 13 13 13 15 15 15 15 14
0 1 2 1 2 3 4 5 6 6 4 5 6 6 7 8 9 10 10 11 11 8 9 10 10 11 11 12 8 9 10 10 11 11 13 14 8 9 10 10 11 11 14 13 12 15 16 17 17 18 18 19 19 19 19 15 16 17 17 18 18 19 19 19 19 20 15 16 17 17 18 18 19 19 19 19 20 20 15 16 17 17 18 18 19 19 19 19 20 20 20
0 1 2 1 2 3 4 5 6 6 4 5 6 6 7 8 9 10 10 11 11 8 9 10 10 11 11 12 13 14 15 15 16 16 17 17 13 14 15 15 16 16 17 17 18 13 14 15 15 16 16 17 17 19 19 13 14 15 15 16 16 17 17 19 19 18 13 14 15 15 16 16 17 17 19 19 19 19 13 14 15 15 16 16 17 17 19 19 19 19 18
0 1 2 1 2 3 4 5 6 6 4 5 6 6 7 8 9 10 10 11 11 8 9 10 10 11 11 12 13 14 15 15 16 16 17 17 13 14 15 15 16 16 17 17 18 19 20 21 21 22 22 23 23 24 24 19 20 21 21 22 22 23 23 24 24 25 19 20 21 21 22 22 23 23 24 24 25 25 19 20 21 21 22 22 23 23 24 24 25 25 25
0 1 2 2 1 0 3 3 3 3 3 3 3 3 0 3 3 3 3 1 2 3 3 3 3 2 1 0 4 4 4 4 4 4 4 4 4 4 4 4 4 4 4 4 5 4 4 4 4 4 4 4 4 6 7 4 4 4 4 4 4 4 4 6 7 7 4 4 4 4 4 4 4 4 7 6 5 6 4 4 4 4 4 4 4 4 7 6 6 5 7
0 1 2 2 1 0 3 3 3 3 3 3 3 3 4 3 3 3 3 5 5 3 3 3 3 5 5 4 6 6 6 6 7 7 7 7 6 6 6 6 7 7 7 7 8 6 6 6 6 7 7 7 7 9 10 6 6 6 6 7 7 7 7 9 10 10 6 6 6 6 7 7 7 7 10 9 8 9 6 6 6 6 7 7 7 7 10 9 9 8 10
0 1 2 2 1 0 3 3 3 3 3 3 3 3 4 5 6 6 5 7 7 5 6 6 5 7 7 8 6 5 5 6 7 7 9 10 6 5 5 6 7 7 10 9 8 11 11 11 11 12 12 13 13 13 13 11 11 11 11 12 12 13 13 13 13 14 11 11 11 11 12 12 13 13 13 13 14 14 11 11 11 11 12 12 13 13 13 13 14 14 14
0 1 2 2 1 0 3 4 3 4 4 3 4 3 5 6 7 7 6 8 8 6 7 7 6 8 8 9 7 6 6 7 8 8 10 10 7 6 6 7 8 8 10 10 9 11 11 11 11 12 12 13 13 13 13 11 11 11 11 12 12 13 13 13 13 14 11 11 11 11 12 12 13 13 13 13 14 14 11 11 11 11 12 12 13 13 13 13 14 14 14
0 1 2 2 1 0 3 4 4 3 3 4 4 3 5 4 3 3 4 6 7 4 3 3 4 7 6 5 8 8 8 8 9 9 9 9 8 8 8 8 9 9 9 9 10 8 8 8 8 9 9 9 9 11 11 8 8 8 8 9 9 9 9 11 11 10 8 8 8 8 9 9 9 9 11 11 11 11 8 8 8 8 9 9 9 9 11 11 11 11 10
0 1 2 2 1 3 4 4 5 5 4 4 5 5 6 4 4 5 5 7 8 4 4 5 5 8 7 6 9 9 10 10 11 11 11 11 9 9 10 10 11 11 11 11 12 9 9 10 10 11 11 11 11 13 13 9 9 10 10 11 11 11 11 13 13 12 9 9 10 10 11 11 11 11 13 13 13 13 9 9 10 10 11 11 11 11 13 13 13 13 12
0 1 2 2 1 3 4 4 5 5 4 4 5 5 6 7 7 8 8 9 9 7 7 8 8 9 9 10 7 7 8 8 9 9 11 12 7 7 8 8 9 9 12 11 10 13 13 14 14 15 15 16 16 16 16 13 13 14 14 15 15 16 16 16 16 17 13 13 14 14 15 15 16 16 16 16 17 17 13 13 14 14 15 15 16 16 16 16 17 17 17
0 1 2 2 1 3 4 4 5 5 4 4 5 5 6 7 7 8 8 9 9 7 7 8 8 9 9 10 11 11 12 12 13 13 14 14 11 11 12 12 13 13 14 14 15 11 11 12 12 13 13 14 14 16 16 11 11 12 12 13 13 14 14 16 16 15 11 11 12 12 13 13 14 14 16 16 16 16 11 11 12 12 13 13 14 14 16 16 16 16 15
0 1 2 2 1 3 4 4 5 5 4 4 5 5 6 7 7 8 8 9 9 7 7 8 8 9 9 10 11 11 12 12 13 13 14 14 11 11 12 12 13 13 14 14 15 16 16 17 17 18 18 19 19 20 20 16 16 17 17 18 18 19 19 20 20 21 16 16 17 17 18 18 19 19 20 20 21 21 16 16 17 17 18 18 19 19 20 20 21 21 21
0 1 2 2 1 3 4 4 5 5 4 4 5 5 6 7 8 9 10 11 11 7 8 9 10 11 11 12 8 7 10 9 11 11 13 13 8 7 10 9 11 11 13 13 12 14 14 15 15 16 16 17 17 17 17 14 14 15 15 16 16 17 17 17 17 18 14 14 15 15 16 16 17 17 17 17 18 18 14 14 15 15 16 16 17 17 17 17 18 18 18
0 1 2 2 1 3 4 5 6 7 4 5 6 7 8 5 4 7 6 9 9 5 4 7 6 9 9 8 10 10 11 11 12 12 12 12 10 10 11 11 12 12 12 12 13 10 10 11 11 12 12 12 12 14 14 10 10 11 11 12 12 12 12 14 14 13 10 10 11 11 12 12 12 12 14 14 14 14 10 10 11 11 12 12 12 12 14 14 14 14 13
0 1 2 2 1 3 4 5 6 7 5 4 7 6 8 9 9 10 10 11 11 9 9 10 10 11 11 12 9 9 10 10 11 11 13 13 9 9 10 10 11 11 13 13 12 14 14 15 15 16 16 17 17 17 17 14 14 15 15 16 16 17 17 17 17 18 14 14 15 15 16 16 17 17 17 17 18 18 14 14 15 15 16 16 17 17 17 17 18 18 18
0 1 2 3 2 4 5 4 2 2 4 5 3 1 0 2 1 5 0 3 2 2 3 0 5 1 2 4 6 6 6 6 6 6 6 6 6 6 6 6 6 6 6 6 7 6 6 6 6 6 6 6 6 8 8 6 6 6 6 6 6 6 6 8 8 7 6 6 6 6 6 6 6 6 8 8 8 8 6 6 6 6 6 6 6 6 8 8 8 8 7
0 1 2 3 4 5 3 4 5 6 3 4 5 6 7 3 4 5 8 9 9 3 4 5 8 9 9 7 3 4 5 7 6 6 8 8 3 4 5 9 8 8 6 6 9 3 4 5 9 8 8 6 6 9 7 10 11 12 13 13 13 13 13 13 13 13 10 11 12 13 13 13 13 13 13 13 13 14 10 11 12 13 13 13 13 13 13 13 13 14 14
0 1 2 3 4 5 3 4 5 6 3 4 5 7 7 3 4 5 7 7 6 8 9 10 11 11 11 11 8 9 10 11 11 11 11 12 8 9 10 11 11 11 11 13 13 8 9 10 11 11 11 11 13 13 12 14 15 16 17 17 17 17 18 18 18 18 14 15 16 17 17 17 17 18 18 18 18 19 14 15 16 17 17 17 17 18 18 18 18 19 19
0 1 2 3 4 5 6 5 4 2 5 6 3 1 0 4 3 6 0 1 2 2 1 0 6 3 4 5 7 7 7 7 7 7 7 7 7 7 7 7 7 7 7 7 8 7 7 7 7 7 7 7 7 9 9 7 7 7 7 7 7 7 7 9 9 8 7 7 7 7 7 7 7 7 9 9 9 9 7 7 7 7 7 7 7 7 9 9 9 9 8
0 1 2 3 4 5 6 7 8 9 6 7 8 9 10 6 7 8 9 11 11 6 7 8 9 11 11 10 12 13 14 15 16 16 16 16 12 13 14 15 16 16 16 16 17 12 13 14 15 16 16 16 16 18 18 12 13 14 15 16 16 16 16 18 18 17 12 13 14 15 16 16 16 16 18 18 18 18 12 13 14 15 16 16 16 16 18 18 18 18 17
0 1 2 3 4 5 6 7 8 9 6 7 8 9 10 11 12 13 14 15 15 11 12 13 14 15 15 16 11 12 13 14 15 15 17 17 11 12 13 14 15 15 17 17 16 18 19 20 21 22 22 23 23 23 23 18 19 20 21 22 22 23 23 23 23 24 18 19 20 21 22 22 23 23 23 23 24 24 18 19 20 21 22 22 23 23 23 23 24 24 24
0 1 2 3 4 5 6 7 8 9 10 11 12 13 14 15 16 17 18 19 20 15 16 17 18 19 20 21 15 16 17 18 19 20 22 22 15 16 17 18 19 20 22 22 21 15 16 17 18 19 20 22 22 22 22 15 16 17 18 19 20 22 22 22 22 21 15 16 17 18 19 20 22 22 22 22 22 22 15 16 17 18 19 20 22 22 22 22 22 22 21
--- order 392 (x1) ---
0 0 1 2 2 1 2 1 2 0 1 0 2 1 0 1 2 0 0 1 2 3 3 3 3 3 3 3 3 3 3 3 3 3 3 0 3 3 3 3 3 3 3 0 1 3 3 3 3 3 3 3 2 2 1 3 3 3 3 3 3 3 2 1 2 0 3 3 3 3 3 3 3 1 0 2 1 0 3 3 3 3 3 3 3 1 2 0 0 1 2
--- order 400 (x6) ---
0 1 1 1 1 2 1 1 2 3 1 1 3 2 3 1 1 3 3 2 2 1 1 4 4 4 4 4 1 1 4 4 4 4 4 2 1 1 4 4 4 4 4 2 3 1 1 4 4 4 4 4 3 2 3 1 1 4 4 4 4 4 3 3 2 2 5 6 7 7 7 7 7 7 7 7 7 7 6 5 7 7 7 7 7 7 7 7 7 7 8
0 1 1 1 1 2 3 3 4 4 3 3 4 4 5 3 3 4 4 5 6 3 3 4 4 6 5 6 3 3 4 4 6 6 5 5 7 7 8 8 9 9 9 9 9 7 7 8 8 9 9 9 9 9 10 7 7 8 8 9 9 9 9 9 10 11 7 7 8 8 9 9 9 9 9 11 10 11 7 7 8 8 9 9 9 9 9 11 11 10 10
0 1 2 1 2 3 1 2 3 4 1 2 4 3 4 1 2 4 4 3 3 1 2 5 5 5 5 5 1 2 5 5 5 5 5 3 1 2 5 5 5 5 5 3 4 1 2 5 5 5 5 5 4 3 4 1 2 5 5 5 5 5 4 4 3 3 6 7 8 8 8 8 8 8 8 8 8 8 6 7 8 8 8 8 8 8 8 8 8 8 9
0 1 2 1 2 3 1 2 3 4 1 2 4 3 4 1 2 4 4 3 3 2 1 5 5 5 5 5 2 1 5 5 5 5 5 3 2 1 5 5 5 5 5 3 4 2 1 5 5 5 5 5 4 3 4 2 1 5 5 5 5 5 4 4 3 3 6 6 7 7 7 7 7 7 7 7 7 7 6 6 7 7 7 7 7 7 7 7 7 7 8
0 1 2 2 1 0 3 3 3 3 3 3 3 3 4 3 3 3 3 4 5 3 3 3 3 5 4 5 3 3 3 3 5 5 4 4 6 6 6 6 7 7 7 7 7 6 6 6 6 7 7 7 7 7 8 6 6 6 6 7 7 7 7 7 8 9 6 6 6 6 7 7 7 7 7 9 8 9 6 6 6 6 7 7 7 7 7 9 9 8 8
0 1 2 2 1 0 3 4 4 3 3 4 4 3 5 3 4 4 3 5 6 3 4 4 3 6 5 6 3 4 4 3 6 6 5 5 4 3 3 4 7 7 7 7 7 4 3 3 4 7 7 7 7 7 5 4 3 3 4 7 7 7 7 7 5 6 4 3 3 4 7 7 7 7 7 6 5 6 4 3 3 4 7 7 7 7 7 6 6 5 5
--- order 432 (x23) ---
0 0 0 1 1 1 1 1 1 2 3 4 4 5 5 4 3 4 5 5 6 4 4 3 5 5 6 6 7 7 7 8 8 9 9 9 7 7 7 8 8 9 9 9 10 7 7 7 8 8 9 9 9 10 10 11 11 11 12 12 13 13 13 14 14 14 11 11 11 12 12 13 13 13 14 14 14 15 11 11 11 12 12 13 13 13 14 14 14 15 15
0 0 0 1 1 1 1 1 1 2 3 4 5 6 6 4 5 3 6 6 7 5 3 4 6 6 7 7 8 8 8 9 9 10 10 10 8 8 8 9 9 10 10 10 11 8 8 8 9 9 10 10 10 11 12 8 8 8 9 9 10 10 10 11 12 12 8 8 8 9 9 10 10 10 12 11 11 11 8 8 8 9 9 10 10 10 12 11 11 11 12
0 0 1 0 1 1 0 2 3 4 0 2 4 3 2 0 3 2 4 4 1 0 3 4 2 1 4 3 0 4 2 3 1 3 2 1 0 4 3 2 3 1 1 2 4 5 6 6 6 6 6 6 6 6 6 5 6 6 6 6 6 6 6 6 6 7 5 6 6 6 6 6 6 6 6 6 7 7 5 6 6 6 6 6 6 6 6 6 7 7 7
0 0 1 0 1 1 2 3 3 3 4 5 6 6 7 4 6 5 6 7 8 4 6 6 5 7 8 8 9 10 10 10 11 12 12 12 9 10 10 10 11 12 12 12 13 9 10 10 10 11 12 12 12 13 14 9 10 10 10 11 12 12 12 13 14 14 9 10 10 10 11 12 12 12 14 13 13 13 9 10 10 10 11 12 12 12 14 13 13 13 14
0 0 1 0 1 1 2 3 4 5 2 4 5 3 6 2 5 3 4 6 6 7 8 8 8 9 9 9 7 8 8 8 9 9 9 10 7 8 8 8 9 9 9 10 10 11 12 12 12 13 13 13 14 14 14 11 12 12 12 13 13 13 14 14 14 15 11 12 12 12 13 13 13 14 14 14 15 15 11 12 12 12 13 13 13 14 14 14 15 15 15
0 0 1 0 1 2 0 3 3 4 0 3 4 3 1 0 2 1 4 4 2 0 2 4 1 2 4 3 0 4 3 2 1 2 3 1 0 4 2 3 2 1 1 3 4 5 6 6 6 6 6 6 6 6 6 5 6 6 6 6 6 6 6 6 6 7 5 6 6 6 6 6 6 6 6 6 7 7 5 6 6 6 6 6 6 6 6 6 7 7 7
0 0 1 0 2 3 0 2 3 3 0 3 2 1 2 0 3 2 2 1 3 4 5 5 5 5 5 5 6 7 8 8 8 7 7 9 6 7 8 8 8 7 7 9 10 6 7 8 8 8 7 7 9 10 10 6 8 7 7 7 8 8 9 11 11 11 6 8 7 7 7 8 8 9 11 11 11 10 6 8 7 7 7 8 8 9 11 11 11 10 10
0 0 1 2 3 3 4 5 5 6 7 8 8 9 10 7 8 8 9 10 11 7 8 8 9 10 11 11 12 13 14 15 16 17 17 17 12 13 14 15 16 17 17 17 18 12 13 14 15 16 17 17 17 18 18 12 14 13 15 16 17 17 17 19 19 19 12 14 13 15 16 17 17 17 19 19 19 18 12 14 13 15 16 17 17 17 19 19 19 18 18
0 0 1 2 3 4 2 4 3 5 6 7 7 8 8 6 7 7 8 8 9 6 7 7 8 8 9 9 10 11 11 12 12 13 13 13 10 11 11 12 12 13 13 13 14 10 11 11 12 12 13 13 13 14 14 15 16 16 17 17 18 18 18 19 19 19 15 16 16 17 17 18 18 18 19 19 19 20 15 16 16 17 17 18 18 18 19 19 19 20 20
0 0 1 2 3 4 2 4 3 5 6 7 7 8 8 6 7 7 8 8 9 6 7 7 8 8 9 9 10 11 12 13 14 15 15 15 10 11 12 13 14 15 15 15 16 10 11 12 13 14 15 15 15 16 16 10 12 11 14 13 15 15 15 17 17 17 10 12 11 14 13 15 15 15 17 17 17 16 10 12 11 14 13 15 15 15 17 17 17 16 16
0 1 1 1 1 2 1 1 2 2 3 3 4 4 4 3 3 4 4 4 5 3 3 4 4 4 5 5 3 3 4 4 4 6 7 7 3 3 4 4 4 6 7 7 6 3 3 4 4 4 7 6 7 5 7 3 3 4 4 4 7 6 7 7 5 6 3 3 4 4 4 7 7 6 5 7 5 7 3 3 4 4 4 7 7 6 7 5 7 5 6
0 1 1 1 1 2 1 1 2 2 3 3 4 4 4 3 3 4 4 4 5 3 3 4 4 4 6 7 3 3 4 4 4 8 7 7 3 3 4 4 4 7 6 8 5 3 3 4 4 4 7 8 5 6 7 9 9 10 10 10 11 11 11 11 11 11 9 9 10 10 10 11 11 11 11 11 11 12 9 9 10 10 10 11 11 11 11 11 11 12 12
0 1 1 1 1 2 1 1 2 2 3 3 4 5 5 3 3 5 4 5 6 3 3 5 5 4 6 6 7 8 9 9 9 10 10 10 7 8 9 9 9 10 10 10 11 7 8 9 9 9 10 10 10 11 11 8 7 9 9 9 10 10 10 12 12 12 8 7 9 9 9 10 10 10 12 12 12 11 8 7 9 9 9 10 10 10 12 12 12 11 11
0 1 1 1 1 2 1 1 2 2 3 4 5 5 5 3 4 5 5 5 6 3 4 5 5 5 6 6 4 3 5 5 5 7 8 8 4 3 5 5 5 8 7 8 6 4 3 5 5 5 8 8 7 6 6 9 9 10 10 10 11 11 11 11 11 11 9 9 10 10 10 11 11 11 11 11 11 12 9 9 10 10 10 11 11 11 11 11 11 12 12
0 1 1 1 1 2 1 1 3 4 1 1 5 4 4 1 1 4 3 5 2 1 1 4 5 2 3 4 6 7 8 8 8 8 8 8 6 7 8 8 8 8 8 8 9 6 7 8 8 8 8 8 8 9 9 7 6 8 8 8 8 8 8 10 10 10 7 6 8 8 8 8 8 8 10 10 10 9 7 6 8 8 8 8 8 8 10 10 10 9 9
0 1 2 1 2 3 1 2 3 3 2 1 4 5 5 2 1 5 4 5 3 2 1 5 5 4 3 3 6 7 8 8 8 9 9 9 6 7 8 8 8 9 9 9 10 6 7 8 8 8 9 9 9 10 10 7 6 9 9 9 8 8 8 11 11 11 7 6 9 9 9 8 8 8 11 11 11 10 7 6 9 9 9 8 8 8 11 11 11 10 10
0 1 2 1 2 3 1 2 3 3 2 1 4 5 6 2 1 5 6 4 3 2 1 6 4 5 3 3 7 7 8 8 8 8 8 8 7 7 8 8 8 8 8 8 9 7 7 8 8 8 8 8 8 9 10 7 7 8 8 8 8 8 8 9 10 10 7 7 8 8 8 8 8 8 10 9 9 9 7 7 8 8 8 8 8 8 10 9 9 9 10
0 1 2 1 2 3 1 2 3 3 4 5 6 6 6 4 5 6 6 6 7 4 5 6 6 6 7 7 4 5 6 6 6 7 8 8 4 5 6 6 6 7 8 8 7 4 5 6 6 6 8 7 8 7 8 4 5 6 6 6 8 7 8 8 7 7 4 5 6 6 6 8 8 7 7 8 7 8 4 5 6 6 6 8 8 7 8 7 8 7 7
0 1 2 1 2 3 1 2 3 3 4 5 6 6 6 4 5 6 6 6 7 4 5 6 6 6 8 9 4 5 6 6 6 8 9 9 4 5 6 6 6 9 8 7 8 4 5 6 6 6 9 8 8 7 9 10 11 12 12 12 13 13 13 13 13 13 10 11 12 12 12 13 13 13 13 13 13 14 10 11 12 12 12 13 13 13 13 13 13 14 14
0 1 2 1 2 3 1 2 4 5 1 2 6 5 5 1 2 5 4 6 3 1 2 5 6 3 4 5 7 8 9 9 9 9 9 9 7 8 9 9 9 9 9 9 10 7 8 9 9 9 9 9 9 10 11 7 8 9 9 9 9 9 9 10 11 11 7 8 9 9 9 9 9 9 11 10 10 10 7 8 9 9 9 9 9 9 11 10 10 10 11
0 1 2 3 2 2 2 1 3 0 2 3 0 1 2 4 4 4 4 4 4 4 4 4 4 4 4 5 6 7 7 7 6 6 8 8 6 7 7 7 6 6 8 8 9 6 7 7 7 6 6 8 8 9 9 7 6 6 6 7 7 8 8 10 10 10 7 6 6 6 7 7 8 8 10 10 10 9 7 6 6 6 7 7 8 8 10 10 10 9 9
0 1 2 3 4 5 3 4 5 6 7 8 9 10 10 7 8 9 10 10 11 7 8 9 10 10 11 11 12 13 14 15 15 16 16 16 12 13 14 15 15 16 16 16 17 12 13 14 15 15 16 16 16 17 17 18 19 20 21 21 22 22 22 23 23 23 18 19 20 21 21 22 22 22 23 23 23 24 18 19 20 21 21 22 22 22 23 23 23 24 24
0 1 2 3 4 5 6 7 8 9 10 11 12 13 14 10 11 12 13 14 15 10 11 12 13 14 15 15 16 17 18 19 20 21 21 21 16 17 18 19 20 21 21 21 22 16 17 18 19 20 21 21 21 22 23 16 17 18 19 20 21 21 21 22 23 23 16 17 18 19 20 21 21 21 23 22 22 22 16 17 18 19 20 21 21 21 23 22 22 22 23
--- order 480 (x29) ---
0 0 0 0 0 0 0 0 0 0 1 1 1 1 1 1 1 1 1 1 2 1 1 1 1 1 3 4 1 1 1 1 1 4 3 2 5 6 6 6 6 7 7 7 7 6 5 6 6 6 7 7 7 7 8 6 6 5 6 6 7 7 7 7 8 8 6 6 6 5 6 7 7 7 7 8 8 8 6 6 6 6 5 7 7 7 7 8 8 8 8
0 0 0 0 0 0 0 0 0 0 1 1 1 1 1 1 1 1 1 1 2 3 3 3 3 3 4 4 3 3 3 3 3 4 4 5 6 7 7 7 7 8 8 9 9 7 6 7 7 7 8 8 9 9 10 7 7 6 7 7 8 8 9 9 10 10 7 7 7 6 7 8 8 9 9 10 10 10 7 7 7 7 6 8 8 9 9 10 10 10 10
0 0 0 1 1 1 1 1 1 2 1 1 1 2 3 1 1 1 3 2 3 1 1 1 3 3 2 2 4 5 5 6 6 6 6 6 4 5 5 6 6 6 6 6 7 5 4 5 6 6 6 6 6 8 8 5 4 5 6 6 6 6 6 8 8 7 5 5 4 6 6 6 6 6 8 8 8 8 5 5 4 6 6 6 6 6 8 8 8 8 7
0 0 1 0 1 2 0 2 1 2 0 2 2 1 1 3 4 4 4 4 4 3 4 4 4 4 4 5 3 4 4 4 4 4 6 7 3 4 4 4 4 4 6 7 7 3 4 4 4 4 4 6 7 7 7 3 4 4 4 4 4 7 6 5 6 6 3 4 4 4 4 4 7 6 6 5 6 7 3 4 4 4 4 4 7 6 6 6 5 7 7
0 0 1 0 2 2 0 2 2 1 3 4 5 6 7 3 6 7 5 4 8 3 7 6 4 5 8 9 3 5 4 7 6 9 8 8 10 11 11 11 11 12 12 12 12 10 11 11 11 11 12 12 12 12 13 10 11 11 11 11 12 12 12 12 13 13 10 11 11 11 11 12 12 12 12 13 13 13 10 11 11 11 11 12 12 12 12 13 13 13 13
0 0 1 0 2 3 0 3 2 1 4 5 6 7 8 4 8 7 6 5 9 4 7 8 5 6 10 11 4 6 5 8 7 11 10 9 12 13 13 13 13 14 14 14 14 12 13 13 13 13 14 14 14 14 15 12 13 13 13 13 14 14 14 14 15 15 12 13 13 13 13 14 14 14 14 15 15 15 12 13 13 13 13 14 14 14 14 15 15 15 15
0 0 1 2 3 3 2 3 3 4 5 6 6 7 8 5 6 6 8 7 9 10 11 12 13 13 14 14 10 12 11 13 13 14 14 15 16 17 17 18 18 19 19 20 20 16 17 17 18 18 19 19 20 20 21 16 17 17 18 18 19 19 20 20 21 21 16 17 17 18 18 19 19 20 20 21 21 21 16 17 17 18 18 19 19 20 20 21 21 21 21
0 0 1 2 3 3 2 3 3 4 5 6 7 8 9 5 6 7 9 8 10 5 7 6 8 9 11 12 5 7 6 9 8 12 11 10 13 14 14 15 15 16 16 16 16 13 14 14 15 15 16 16 16 16 17 13 14 14 15 15 16 16 16 16 17 17 13 14 14 15 15 16 16 16 16 17 17 17 13 14 14 15 15 16 16 16 16 17 17 17 17
0 0 1 2 3 3 4 5 5 6 7 8 9 10 11 7 8 9 10 11 12 7 9 8 10 11 13 14 7 9 8 10 11 14 13 12 15 16 16 17 18 19 19 19 19 15 16 16 17 18 19 19 19 19 20 15 16 16 17 18 19 19 19 19 20 20 15 16 16 17 18 19 19 19 19 20 20 20 15 16 16 17 18 19 19 19 19 20 20 20 20
0 0 1 2 3 3 4 5 5 6 7 8 9 10 11 7 9 8 10 11 12 13 14 14 15 16 17 17 13 14 14 15 16 17 17 18 19 20 20 21 22 23 23 24 24 19 20 20 21 22 23 23 24 24 25 19 20 20 21 22 23 23 24 24 25 25 19 20 20 21 22 23 23 24 24 25 25 25 19 20 20 21 22 23 23 24 24 25 25 25 25
0 0 1 2 3 4 2 4 3 5 6 7 7 8 8 6 7 7 8 8 9 6 7 7 8 8 9 10 6 7 7 8 8 10 9 10 6 7 7 8 8 10 10 9 9 11 12 12 13 13 14 14 14 14 14 11 12 12 13 13 14 14 14 14 14 15 11 12 12 13 13 14 14 14 14 14 15 15 11 12 12 13 13 14 14 14 14 14 15 15 15
0 0 1 2 3 4 2 4 3 5 6 7 8 9 10 6 7 8 9 10 11 6 8 7 10 9 12 13 6 8 7 10 9 13 12 11 14 15 15 16 16 17 17 17 17 14 15 15 16 16 17 17 17 17 18 14 15 15 16 16 17 17 17 17 18 18 14 15 15 16 16 17 17 17 17 18 18 18 14 15 15 16 16 17 17 17 17 18 18 18 18
0 0 1 2 3 4 2 4 3 5 6 7 8 9 10 6 8 7 10 9 11 12 13 13 14 14 15 15 12 13 13 14 14 15 15 16 17 18 18 19 19 20 20 21 21 17 18 18 19 19 20 20 21 21 22 17 18 18 19 19 20 20 21 21 22 22 17 18 18 19 19 20 20 21 21 22 22 22 17 18 18 19 19 20 20 21 21 22 22 22 22
0 1 1 1 1 2 1 1 2 3 1 1 3 2 3 1 1 3 3 2 2 4 5 6 6 6 6 6 4 5 6 6 6 6 6 7 5 4 6 6 6 6 6 8 8 5 4 6 6 6 6 6 8 8 7 9 9 10 10 10 10 10 11 11 11 11 9 9 10 10 10 10 10 11 11 11 11 12 9 9 10 10 10 10 10 11 11 11 11 12 12
0 1 1 1 1 2 1 1 3 4 1 1 4 3 2 5 5 6 6 6 6 5 5 6 6 6 6 7 5 5 6 6 6 6 7 8 5 5 6 6 6 6 8 7 8 5 5 6 6 6 6 8 8 7 7 9 9 10 10 10 10 11 11 11 11 11 9 9 10 10 10 10 11 11 11 11 11 12 9 9 10 10 10 10 11 11 11 11 11 12 12
0 1 1 1 1 2 3 3 4 4 3 3 4 4 5 3 3 4 4 5 6 3 3 4 4 5 6 6 3 3 4 4 6 5 6 6 3 3 4 4 6 5 6 6 6 3 3 4 4 6 6 5 6 5 6 3 3 4 4 6 6 5 6 6 5 6 3 3 4 4 6 6 6 5 5 6 6 5 3 3 4 4 6 6 6 5 6 5 5 6 6
0 1 1 1 1 2 3 3 4 4 3 3 4 4 5 6 6 7 7 8 8 6 6 7 7 8 8 9 6 6 7 7 8 8 9 10 6 6 7 7 8 8 10 9 10 6 6 7 7 8 8 10 10 9 9 11 11 12 12 13 13 14 14 14 14 14 11 11 12 12 13 13 14 14 14 14 14 15 11 11 12 12 13 13 14 14 14 14 14 15 15
0 1 1 1 1 2 3 4 5 5 3 4 5 5 6 3 4 5 5 6 6 3 4 5 5 6 6 6 3 4 5 5 6 6 6 6 4 3 5 5 7 8 8 8 8 4 3 5 5 8 7 8 8 8 6 4 3 5 5 8 8 7 8 8 6 6 4 3 5 5 8 8 8 7 8 6 6 6 4 3 5 5 8 8 8 8 7 6 6 6 6
0 1 2 1 2 3 1 2 3 4 1 2 4 3 4 1 2 4 4 3 3 5 6 7 7 7 7 7 5 6 7 7 7 7 7 8 5 6 7 7 7 7 7 9 9 5 6 7 7 7 7 7 9 9 8 10 11 12 12 12 12 12 13 13 13 13 10 11 12 12 12 12 12 13 13 13 13 14 10 11 12 12 12 12 12 13 13 13 13 14 14
0 1 2 1 2 3 3 2 1 3 3 2 3 1 1 2 1 2 2 0 2 2 1 2 2 2 0 3 2 3 0 2 2 2 3 1 2 3 2 0 2 2 1 3 1 4 4 4 4 4 4 4 4 4 4 4 4 4 4 4 4 4 4 4 4 5 4 4 4 4 4 4 4 4 4 4 5 5 4 4 4 4 4 4 4 4 4 4 5 5 5
0 1 2 1 2 3 4 3 3 2 4 3 2 3 2 3 4 1 4 1 0 3 4 4 1 0 1 2 2 1 0 4 4 1 2 3 2 1 4 0 1 4 3 2 3 5 5 5 5 5 5 5 5 5 5 5 5 5 5 5 5 5 5 5 5 6 5 5 5 5 5 5 5 5 5 5 6 6 5 5 5 5 5 5 5 5 5 5 6 6 6
0 1 2 1 2 3 4 5 6 6 4 5 6 6 7 4 5 6 6 8 9 4 5 6 6 8 9 9 4 5 6 6 8 9 9 9 4 5 6 6 8 9 9 9 9 4 5 6 6 9 8 7 8 8 8 4 5 6 6 9 8 8 7 8 8 9 4 5 6 6 9 8 8 8 7 8 9 9 4 5 6 6 9 8 8 8 8 7 9 9 9
0 1 2 2 1 0 3 3 3 3 3 3 3 3 4 3 3 3 3 4 5 3 3 3 3 4 5 5 3 3 3 3 5 4 5 5 3 3 3 3 5 4 5 5 5 3 3 3 3 5 5 4 5 4 5 3 3 3 3 5 5 4 5 5 4 5 3 3 3 3 5 5 5 4 4 5 5 4 3 3 3 3 5 5 5 4 5 4 4 5 5
0 1 2 2 1 0 3 4 4 3 3 4 4 3 5 3 4 4 3 5 5 3 4 4 3 5 5 5 3 4 4 3 5 5 5 5 4 3 3 4 6 7 7 7 7 4 3 3 4 7 6 7 7 7 5 4 3 3 4 7 7 6 7 7 5 5 4 3 3 4 7 7 7 6 7 5 5 5 4 3 3 4 7 7 7 7 6 5 5 5 5
0 1 2 2 1 3 4 4 5 5 4 4 5 5 6 4 4 5 5 7 8 4 4 5 5 7 8 8 4 4 5 5 7 8 8 8 4 4 5 5 7 8 8 8 8 4 4 5 5 8 7 6 7 7 7 4 4 5 5 8 7 7 6 7 7 8 4 4 5 5 8 7 7 7 6 7 8 8 4 4 5 5 8 7 7 7 7 6 8 8 8
0 1 2 3 4 5 3 4 5 6 3 4 5 6 7 3 4 5 7 6 7 3 4 5 7 7 6 6 8 9 10 11 11 11 11 11 8 9 10 11 11 11 11 11 12 8 9 10 11 11 11 11 11 13 13 8 9 10 11 11 11 11 11 13 13 12 8 9 10 11 11 11 11 11 13 13 13 13 8 9 10 11 11 11 11 11 13 13 13 13 12
0 1 2 3 4 5 3 4 5 6 7 8 9 10 10 7 8 9 10 10 11 7 8 9 10 10 11 12 7 8 9 10 10 12 11 12 7 8 9 10 10 12 12 11 11 13 14 15 16 16 17 17 17 17 17 13 14 15 16 16 17 17 17 17 17 18 13 14 15 16 16 17 17 17 17 17 18 18 13 14 15 16 16 17 17 17 17 17 18 18 18
0 1 2 3 4 5 6 7 8 9 10 11 12 13 14 10 11 12 13 14 15 10 11 12 13 14 16 17 10 11 12 13 14 17 16 15 18 19 20 21 22 23 23 23 23 18 19 20 21 22 23 23 23 23 24 18 19 20 21 22 23 23 23 23 24 24 18 19 20 21 22 23 23 23 23 24 24 24 18 19 20 21 22 23 23 23 23 24 24 24 24
0 1 2 3 4 5 6 7 8 9 10 11 12 13 14 10 11 12 13 14 15 16 17 18 19 20 21 21 16 17 18 19 20 21 21 22 23 24 25 26 27 28 28 29 29 23 24 25 26 27 28 28 29 29 30 23 24 25 26 27 28 28 29 29 30 30 23 24 25 26 27 28 28 29 29 30 30 30 23 24 25 26 27 28 28 29 29 30 30 30 30
--- order 504 (x1) ---
0 0 1 0 1 2 0 3 3 2 0 3 2 3 1 0 2 1 3 2 1 0 2 3 1 1 2 3 4 5 5 5 5 5 5 5 4 5 5 5 5 5 5 5 6 4 5 5 5 5 5 5 5 6 6 7 8 8 8 8 8 8 8 9 9 9 7 8 8 8 8 8 8 8 9 9 9 10 7 8 8 8 8 8 8 8 9 9 9 10 10
--- order 512 (x21) ---
0 0 1 0 1 2 0 2 1 1 3 4 5 5 4 3 4 5 5 4 6 3 4 5 5 4 7 7 3 4 5 5 4 7 7 6 3 5 4 4 5 8 8 8 8 3 5 4 4 5 8 8 8 8 6 3 5 4 4 5 8 8 8 8 7 7 3 5 4 4 5 8 8 8 8 7 7 6 9 10 10 10 10 11 11 11 11 11 11 11 11
0 0 1 1 0 0 2 2 2 2 2 2 2 2 3 4 5 5 4 6 6 4 5 5 4 6 6 7 5 4 4 5 6 6 8 8 5 4 4 5 6 6 8 8 7 9 9 9 9 10 10 11 11 11 11 9 9 9 9 10 10 11 11 11 11 12 9 9 9 9 10 10 11 11 11 11 13 13 9 9 9 9 10 10 11 11 11 11 13 13 12
0 0 1 1 0 0 2 3 3 2 2 3 3 2 4 2 3 3 2 5 5 2 3 3 2 5 5 4 3 2 2 3 6 6 7 7 3 2 2 3 6 6 7 7 4 3 2 2 3 7 7 6 6 5 5 3 2 2 3 7 7 6 6 5 5 4 8 8 8 8 9 9 9 9 9 9 9 9 8 8 8 8 9 9 9 9 9 9 9 9 10
0 1 1 1 1 2 1 1 2 3 1 1 4 5 5 1 1 4 5 5 3 1 1 3 2 2 4 4 1 1 5 4 4 2 2 5 1 1 5 4 4 2 2 5 3 6 6 7 7 7 7 7 7 7 7 6 6 7 7 7 7 7 7 7 7 8 6 6 7 7 7 7 7 7 7 7 9 10 6 6 7 7 7 7 7 7 7 7 10 9 8
0 1 1 1 1 2 1 1 2 3 1 1 4 5 5 1 1 4 5 5 3 1 1 3 2 2 4 4 1 1 5 4 4 2 2 5 1 1 5 4 4 2 2 5 3 6 7 8 8 8 8 8 8 8 8 6 7 8 8 8 8 8 8 8 8 9 7 6 8 8 8 8 8 8 8 8 10 10 7 6 8 8 8 8 8 8 8 8 10 10 9
0 1 1 1 1 2 1 1 3 3 1 1 3 3 2 1 1 4 4 4 4 1 1 4 4 4 4 2 1 1 4 4 4 4 3 3 1 1 4 4 4 4 3 3 2 5 6 7 7 7 7 7 7 7 7 5 6 7 7 7 7 7 7 7 7 8 6 5 7 7 7 7 7 7 7 7 9 10 6 5 7 7 7 7 7 7 7 7 10 9 8
0 1 1 1 1 2 1 1 3 4 1 1 4 3 2 1 1 5 5 5 5 1 1 5 5 5 5 2 1 1 5 5 5 5 3 4 1 1 5 5 5 5 4 3 2 6 6 7 7 7 7 7 7 7 7 6 6 7 7 7 7 7 7 7 7 8 6 6 7 7 7 7 7 7 7 7 9 9 6 6 7 7 7 7 7 7 7 7 9 9 8
0 1 1 1 1 2 1 1 3 4 1 1 4 3 2 5 5 6 6 6 6 5 5 6 6 6 6 7 5 5 6 6 6 6 8 8 5 5 6 6 6 6 8 8 7 9 9 10 10 10 10 11 11 11 11 9 9 10 10 10 10 11 11 11 11 12 9 9 10 10 10 10 11 11 11 11 13 13 9 9 10 10 10 10 11 11 11 11 13 13 12
0 1 1 1 1 2 3 3 4 4 3 3 4 4 5 3 3 4 4 5 6 3 3 4 4 7 8 8 3 3 4 4 7 8 8 6 3 3 4 4 6 5 5 7 7 3 3 4 4 8 7 7 5 5 8 3 3 4 4 8 7 7 5 5 8 6 9 9 10 10 11 11 11 11 11 11 11 11 9 9 10 10 11 11 11 11 11 11 11 11 12
0 1 1 1 1 2 3 3 4 4 3 3 4 4 5 6 6 7 7 8 8 6 6 7 7 8 8 9 6 6 7 7 8 8 10 10 6 6 7 7 8 8 10 10 9 11 11 12 12 13 13 14 14 14 14 11 11 12 12 13 13 14 14 14 14 15 11 11 12 12 13 13 14 14 14 14 16 16 11 11 12 12 13 13 14 14 14 14 16 16 15
0 1 1 1 1 2 3 4 5 5 3 4 5 5 6 3 4 5 5 7 7 3 4 5 5 7 7 6 4 3 5 5 8 8 8 8 4 3 5 5 8 8 8 8 6 4 3 5 5 8 8 8 8 7 7 4 3 5 5 8 8 8 8 7 7 6 9 9 10 10 11 11 11 11 11 11 11 11 9 9 10 10 11 11 11 11 11 11 11 11 12
0 1 2 1 2 3 1 2 3 4 1 2 5 6 6 1 2 5 6 6 4 1 2 4 3 3 5 5 1 2 6 5 5 3 3 6 1 2 6 5 5 3 3 6 4 7 8 9 9 9 9 9 9 9 9 7 8 9 9 9 9 9 9 9 9 10 7 8 9 9 9 9 9 9 9 9 11 11 7 8 9 9 9 9 9 9 9 9 11 11 10
0 1 2 1 2 3 1 2 4 4 1 2 4 4 3 1 2 5 5 5 5 1 2 5 5 5 5 3 1 2 5 5 5 5 4 4 1 2 5 5 5 5 4 4 3 6 7 8 8 8 8 8 8 8 8 6 7 8 8 8 8 8 8 8 8 9 6 7 8 8 8 8 8 8 8 8 10 11 6 7 8 8 8 8 8 8 8 8 11 10 9
0 1 2 1 2 3 1 2 4 4 1 2 4 4 3 2 1 5 5 5 5 2 1 5 5 5 5 3 2 1 5 5 5 5 4 4 2 1 5 5 5 5 4 4 3 6 6 7 7 7 7 7 7 7 7 6 6 7 7 7 7 7 7 7 7 8 6 6 7 7 7 7 7 7 7 7 9 10 6 6 7 7 7 7 7 7 7 7 10 9 8
0 1 2 1 2 3 1 2 4 4 1 2 4 4 3 2 1 5 5 6 6 2 1 5 5 6 6 3 2 1 6 6 5 5 4 4 2 1 6 6 5 5 4 4 3 7 7 8 8 8 8 8 8 8 8 7 7 8 8 8 8 8 8 8 8 9 7 7 8 8 8 8 8 8 8 8 10 10 7 7 8 8 8 8 8 8 8 8 10 10 9
0 1 2 1 2 3 1 2 4 4 1 2 4 4 3 5 6 7 7 7 7 5 6 7 7 7 7 8 5 6 7 7 7 7 9 9 5 6 7 7 7 7 9 9 8 10 11 12 12 12 12 13 13 13 13 10 11 12 12 12 12 13 13 13 13 14 10 11 12 12 12 12 13 13 13 13 15 15 10 11 12 12 12 12 13 13 13 13 15 15 14
0 1 2 1 2 3 2 1 4 4 2 1 4 4 3 5 5 6 6 6 6 5 5 6 6 6 6 7 5 5 6 6 6 6 8 8 5 5 6 6 6 6 8 8 7 9 9 10 10 10 10 11 11 11 11 9 9 10 10 10 10 11 11 11 11 12 9 9 10 10 10 10 11 11 11 11 13 13 9 9 10 10 10 10 11 11 11 11 13 13 12
0 1 2 1 2 3 2 1 4 4 2 1 4 4 3 5 6 7 7 8 8 5 6 7 7 8 8 9 5 6 7 7 8 8 10 10 5 6 7 7 8 8 10 10 9 6 5 8 8 7 7 11 11 11 11 6 5 8 8 7 7 11 11 11 11 9 6 5 8 8 7 7 11 11 11 11 10 10 6 5 8 8 7 7 11 11 11 11 10 10 9
0 1 2 1 2 3 4 5 6 6 4 5 6 6 7 4 5 6 6 8 8 4 5 6 6 8 8 7 4 5 6 6 9 9 9 9 4 5 6 6 9 9 9 9 7 4 5 6 6 9 9 9 9 8 8 4 5 6 6 9 9 9 9 8 8 7 10 11 12 12 13 13 13 13 13 13 13 13 10 11 12 12 13 13 13 13 13 13 13 13 14
0 1 2 2 1 0 3 4 4 3 3 4 4 3 5 3 4 4 3 6 6 3 4 4 3 6 6 5 4 3 3 4 7 7 7 7 4 3 3 4 7 7 7 7 5 4 3 3 4 7 7 7 7 6 6 4 3 3 4 7 7 7 7 6 6 5 8 8 8 8 9 9 9 9 9 9 9 9 8 8 8 8 9 9 9 9 9 9 9 9 10
0 1 2 2 1 3 4 4 5 5 4 4 5 5 6 4 4 5 5 7 7 4 4 5 5 7 7 6 4 4 5 5 8 8 8 8 4 4 5 5 8 8 8 8 6 4 4 5 5 8 8 8 8 7 7 4 4 5 5 8 8 8 8 7 7 6 9 9 10 10 11 11 11 11 11 11 11 11 9 9 10 10 11 11 11 11 11 11 11 11 12
--- order 576 (x67) ---
0 0 0 1 1 1 1 1 1 2 1 1 1 3 3 1 1 1 3 3 2 4 5 6 7 7 7 7 5 6 4 7 7 7 7 8 6 4 5 7 7 7 7 8 8 9 9 9 10 10 10 10 11 11 11 9 9 9 10 10 10 10 11 11 11 12 9 9 9 10 10 10 10 11 11 11 12 12 9 9 9 10 10 10 10 11 11 11 12 12 12
0 0 0 1 1 1 1 1 1 2 1 1 1 3 4 1 1 1 4 3 2 5 6 6 7 7 7 7 6 5 6 7 7 7 7 8 6 6 5 7 7 7 7 8 8 9 9 9 10 10 10 10 11 11 11 9 9 9 10 10 10 10 11 11 11 12 9 9 9 10 10 10 10 11 11 11 12 12 9 9 9 10 10 10 10 11 11 11 12 12 12
0 0 0 1 1 1 1 1 1 2 3 3 3 4 4 3 3 3 4 4 5 3 3 3 4 4 5 5 6 7 7 8 8 9 9 9 6 7 7 8 8 9 9 9 10 7 6 7 8 8 9 9 9 11 11 7 6 7 8 8 9 9 9 11 11 10 7 7 6 8 8 9 9 9 11 11 11 11 7 7 6 8 8 9 9 9 11 11 11 11 10
0 0 0 1 1 1 1 1 1 2 3 3 3 4 4 3 3 3 4 4 5 6 7 7 8 8 9 9 7 6 7 8 8 9 9 10 7 7 6 8 8 9 9 10 10 11 11 11 12 12 13 13 14 14 14 11 11 11 12 12 13 13 14 14 14 15 11 11 11 12 12 13 13 14 14 14 15 15 11 11 11 12 12 13 13 14 14 14 15 15 15
0 0 0 1 1 1 1 1 1 2 3 4 4 5 5 4 3 4 5 5 6 4 4 3 5 5 6 6 7 7 7 8 8 9 9 9 7 7 7 8 8 9 9 9 10 7 7 7 8 8 9 9 9 11 11 7 7 7 8 8 9 9 9 11 11 10 7 7 7 8 8 9 9 9 11 11 11 11 7 7 7 8 8 9 9 9 11 11 11 11 10
0 0 1 0 1 1 0 1 1 1 2 3 3 3 3 4 5 6 6 6 7 4 6 5 6 6 7 8 4 6 6 5 6 7 8 8 4 6 6 6 5 7 8 8 8 9 10 10 10 10 11 12 12 12 12 9 10 10 10 10 11 12 12 12 12 13 9 10 10 10 10 11 12 12 12 12 13 13 9 10 10 10 10 11 12 12 12 12 13 13 13
0 0 1 0 1 1 2 3 4 5 2 3 4 5 6 2 4 5 3 7 7 2 4 5 3 7 7 6 2 5 3 4 7 7 7 7 2 5 3 4 7 7 7 7 6 8 9 9 9 10 10 10 10 10 10 8 9 9 9 10 10 10 10 10 10 11 8 9 9 9 10 10 10 10 10 10 11 11 8 9 9 9 10 10 10 10 10 10 11 11 11
0 0 1 0 1 2 0 2 1 1 3 4 4 4 4 5 6 6 6 6 7 5 6 6 6 6 7 8 9 10 11 11 10 12 13 13 9 10 11 11 10 12 13 13 14 9 10 11 11 10 12 13 13 14 14 9 11 10 10 11 12 13 13 15 15 15 9 11 10 10 11 12 13 13 15 15 15 14 9 11 10 10 11 12 13 13 15 15 15 14 14
0 0 1 0 2 2 0 2 2 1 3 4 4 4 4 3 4 4 4 4 5 3 4 4 4 4 5 5 3 4 4 4 4 5 6 6 3 4 4 4 4 5 6 6 5 3 4 4 4 4 6 5 6 5 6 3 4 4 4 4 6 5 6 6 5 5 3 4 4 4 4 6 6 5 5 6 5 6 3 4 4 4 4 6 6 5 6 5 6 5 5
0 0 1 0 2 2 0 2 2 1 3 4 4 4 4 3 4 4 4 4 5 3 4 4 4 4 6 7 3 4 4 4 4 6 7 7 3 4 4 4 4 7 6 5 6 3 4 4 4 4 7 6 6 5 7 8 9 9 9 9 10 10 10 10 10 10 8 9 9 9 9 10 10 10 10 10 10 11 8 9 9 9 9 10 10 10 10 10 10 11 11
0 0 1 1 0 0 2 2 2 2 2 2 2 2 3 4 4 4 4 5 6 4 4 4 4 6 5 7 8 9 9 8 10 10 11 11 8 9 9 8 10 10 11 11 12 8 9 9 8 10 10 11 11 12 12 9 8 8 9 10 10 11 11 13 13 13 9 8 8 9 10 10 11 11 13 13 13 12 9 8 8 9 10 10 11 11 13 13 13 12 12
0 0 1 1 0 0 2 3 3 2 2 3 3 2 4 2 3 3 2 4 4 3 2 2 3 5 6 7 3 2 2 3 6 7 5 4 3 2 2 3 7 5 6 4 4 8 8 8 8 9 9 9 9 9 9 8 8 8 8 9 9 9 9 9 9 10 8 8 8 8 9 9 9 9 9 9 10 10 8 8 8 8 9 9 9 9 9 9 10 10 10
0 0 1 2 3 1 2 1 3 1 3 2 2 0 0 1 0 2 2 0 1 1 2 0 0 2 1 3 4 4 4 4 4 4 4 4 4 4 4 4 4 4 4 4 5 4 4 4 4 4 4 4 4 5 5 6 6 6 6 6 6 6 6 7 7 7 6 6 6 6 6 6 6 6 7 7 7 8 6 6 6 6 6 6 6 6 7 7 7 8 8
0 0 1 2 3 1 2 1 3 1 3 2 2 0 0 1 0 2 2 0 1 1 2 0 0 2 1 3 4 5 5 5 5 4 4 4 4 5 5 5 5 4 4 4 6 4 5 5 5 5 4 4 4 6 6 5 4 4 4 4 5 5 5 7 7 7 5 4 4 4 4 5 5 5 7 7 7 6 5 4 4 4 4 5 5 5 7 7 7 6 6
0 0 1 2 3 3 2 3 3 4 2 3 3 4 4 5 6 6 7 7 7 5 6 6 7 7 7 8 5 6 6 7 7 7 9 10 5 6 6 7 7 7 9 10 10 5 6 6 7 7 7 9 10 10 10 5 6 6 7 7 7 10 9 8 9 9 5 6 6 7 7 7 10 9 9 8 9 10 5 6 6 7 7 7 10 9 9 9 8 10 10
0 0 1 2 3 3 4 5 5 6 4 5 5 6 7 4 5 5 6 8 8 4 5 5 6 8 8 7 9 10 11 12 13 13 13 13 9 10 11 12 13 13 13 13 14 9 10 11 12 13 13 13 13 14 14 9 11 10 12 13 13 13 13 15 15 15 9 11 10 12 13 13 13 13 15 15 15 14 9 11 10 12 13 13 13 13 15 15 15 14 14
0 0 1 2 3 3 4 5 6 7 4 5 6 7 8 4 6 5 7 9 9 4 6 5 7 9 9 8 10 11 11 12 13 13 13 13 10 11 11 12 13 13 13 13 14 10 11 11 12 13 13 13 13 14 15 10 11 11 12 13 13 13 13 14 15 15 10 11 11 12 13 13 13 13 15 14 14 14 10 11 11 12 13 13 13 13 15 14 14 14 15
0 0 1 2 3 4 2 3 4 5 2 4 3 6 7 2 4 3 7 6 5 8 9 9 10 10 10 10 8 9 9 10 10 10 10 11 8 9 9 10 10 10 10 11 11 12 13 13 14 14 14 14 15 15 15 12 13 13 14 14 14 14 15 15 15 16 12 13 13 14 14 14 14 15 15 15 16 16 12 13 13 14 14 14 14 15 15 15 16 16 16
0 0 1 2 3 4 2 4 3 1 3 2 2 0 0 4 2 2 0 0 1 1 0 0 2 2 4 3 5 6 6 6 6 5 5 5 5 6 6 6 6 5 5 5 7 5 6 6 6 6 5 5 5 7 7 6 5 5 5 5 6 6 6 8 8 8 6 5 5 5 5 6 6 6 8 8 8 7 6 5 5 5 5 6 6 6 8 8 8 7 7
0 0 1 2 3 4 2 4 3 5 6 7 7 8 8 6 7 7 8 8 9 6 7 7 8 8 9 9 10 11 11 12 12 13 13 13 10 11 11 12 12 13 13 13 14 10 11 11 12 12 13 13 13 15 15 10 11 11 12 12 13 13 13 15 15 14 10 11 11 12 12 13 13 13 15 15 15 15 10 11 11 12 12 13 13 13 15 15 15 15 14
0 0 1 2 3 4 2 4 3 5 6 7 7 8 8 6 7 7 8 8 9 10 11 11 12 12 13 13 10 11 11 12 12 13 13 14 10 11 11 12 12 13 13 14 14 15 16 16 17 17 18 18 19 19 19 15 16 16 17 17 18 18 19 19 19 20 15 16 16 17 17 18 18 19 19 19 20 20 15 16 16 17 17 18 18 19 19 19 20 20 20
0 1 1 1 1 0 1 1 1 1 1 1 1 1 0 2 3 2 3 2 3 2 3 3 2 3 2 4 3 2 2 3 3 2 4 4 3 2 3 2 2 3 4 4 4 5 5 5 5 5 5 6 6 6 6 5 5 5 5 5 5 6 6 6 6 7 5 5 5 5 5 5 6 6 6 6 7 7 5 5 5 5 5 5 6 6 6 6 7 7 7
0 1 1 1 1 0 2 3 2 3 2 3 3 2 4 3 2 2 3 4 5 3 2 3 2 5 4 4 6 6 6 6 7 7 7 7 6 6 6 6 7 7 7 7 8 6 6 6 6 7 7 7 7 8 9 6 6 6 6 7 7 7 7 8 9 9 6 6 6 6 7 7 7 7 9 8 8 8 6 6 6 6 7 7 7 7 9 8 8 8 9
0 1 1 1 1 0 2 3 4 4 4 4 2 3 5 4 4 3 2 5 6 3 2 4 4 6 5 5 7 7 7 7 8 8 8 8 7 7 7 7 8 8 8 8 9 7 7 7 7 8 8 8 8 9 10 7 7 7 7 8 8 8 8 9 10 10 7 7 7 7 8 8 8 8 10 9 9 9 7 7 7 7 8 8 8 8 10 9 9 9 10
0 1 1 1 1 2 1 1 3 4 1 1 3 4 4 1 1 5 5 5 5 1 1 5 5 5 5 2 1 1 5 5 5 5 3 4 1 1 5 5 5 5 3 4 4 1 1 5 5 5 5 4 3 2 3 1 1 5 5 5 5 4 3 3 2 4 1 1 4 3 2 3 5 5 5 5 5 5 1 1 4 3 3 2 5 5 5 5 5 5 4
0 1 1 1 1 2 1 1 3 4 1 1 5 4 4 1 1 4 3 5 2 1 1 4 5 2 3 4 6 6 7 7 7 7 7 7 6 6 7 7 7 7 7 7 8 6 6 7 7 7 7 7 7 9 9 6 6 7 7 7 7 7 7 9 9 8 6 6 7 7 7 7 7 7 9 9 9 9 6 6 7 7 7 7 7 7 9 9 9 9 8
0 1 1 1 1 2 3 3 4 4 3 3 4 4 5 3 3 4 4 6 7 3 3 4 4 7 6 5 8 8 9 9 10 10 10 10 8 8 9 9 10 10 10 10 11 8 8 9 9 10 10 10 10 11 11 12 12 13 13 14 14 14 14 15 15 15 12 12 13 13 14 14 14 14 15 15 15 16 12 12 13 13 14 14 14 14 15 15 15 16 16
0 1 1 1 1 2 3 3 4 4 3 3 4 4 5 3 3 4 4 6 7 3 3 4 4 7 6 5 8 9 10 10 11 11 11 11 8 9 10 10 11 11 11 11 12 8 9 10 10 11 11 11 11 12 12 9 8 10 10 11 11 11 11 13 13 13 9 8 10 10 11 11 11 11 13 13 13 12 9 8 10 10 11 11 11 11 13 13 13 12 12
0 1 1 1 1 2 3 3 4 4 3 3 4 4 5 3 3 4 4 6 7 3 3 4 4 8 7 7 3 3 4 4 7 6 8 5 3 3 4 4 7 8 5 6 7 9 9 10 10 11 11 11 11 11 11 9 9 10 10 11 11 11 11 11 11 12 9 9 10 10 11 11 11 11 11 11 12 12 9 9 10 10 11 11 11 11 11 11 12 12 12
0 1 1 1 1 2 3 3 4 4 3 3 4 4 5 6 6 7 7 8 8 6 6 7 7 8 8 9 10 10 11 11 12 12 13 13 10 10 11 11 12 12 13 13 14 10 10 11 11 12 12 13 13 14 14 15 15 16 16 17 17 18 18 19 19 19 15 15 16 16 17 17 18 18 19 19 19 20 15 15 16 16 17 17 18 18 19 19 19 20 20
0 1 1 1 1 2 3 3 4 4 3 3 4 4 5 6 6 7 7 8 8 6 6 7 7 8 8 9 10 11 12 12 13 13 14 14 10 11 12 12 13 13 14 14 15 10 11 12 12 13 13 14 14 15 15 11 10 12 12 13 13 14 14 16 16 16 11 10 12 12 13 13 14 14 16 16 16 15 11 10 12 12 13 13 14 14 16 16 16 15 15
0 1 1 1 1 2 3 3 4 5 3 3 4 5 6 3 3 5 4 7 7 3 3 5 4 7 7 6 8 9 10 10 11 11 11 11 8 9 10 10 11 11 11 11 12 8 9 10 10 11 11 11 11 12 12 9 8 10 10 11 11 11 11 13 13 13 9 8 10 10 11 11 11 11 13 13 13 12 9 8 10 10 11 11 11 11 13 13 13 12 12
0 1 1 1 1 2 3 4 5 5 3 4 5 5 6 3 4 5 5 6 6 4 3 5 5 7 8 8 4 3 5 5 8 7 8 6 4 3 5 5 8 8 7 6 6 9 9 10 10 11 11 11 11 11 11 9 9 10 10 11 11 11 11 11 11 12 9 9 10 10 11 11 11 11 11 11 12 12 9 9 10 10 11 11 11 11 11 11 12 12 12
0 1 1 1 1 2 3 4 5 5 3 4 5 5 6 4 3 5 5 7 7 4 3 5 5 7 7 6 8 8 9 9 10 10 10 10 8 8 9 9 10 10 10 10 11 8 8 9 9 10 10 10 10 11 11 12 12 13 13 14 14 14 14 15 15 15 12 12 13 13 14 14 14 14 15 15 15 16 12 12 13 13 14 14 14 14 15 15 15 16 16
0 1 1 1 1 2 3 4 5 5 3 4 5 5 6 4 3 5 5 7 8 4 3 5 5 8 7 6 9 9 10 10 11 11 11 11 9 9 10 10 11 11 11 11 12 9 9 10 10 11 11 11 11 12 13 9 9 10 10 11 11 11 11 12 13 13 9 9 10 10 11 11 11 11 13 12 12 12 9 9 10 10 11 11 11 11 13 12 12 12 13
0 1 2 1 2 2 2 1 0 1 2 1 1 0 2 3 3 3 3 3 3 3 3 3 3 3 3 4 3 3 3 3 3 3 5 6 3 3 3 3 3 3 5 6 6 3 3 3 3 3 3 5 6 6 6 3 3 3 3 3 3 6 5 4 5 5 3 3 3 3 3 3 6 5 5 4 5 6 3 3 3 3 3 3 6 5 5 5 4 6 6
0 1 2 1 2 3 1 2 3 3 2 1 4 5 5 2 1 5 4 5 3 2 1 5 5 4 3 3 6 6 7 7 7 7 7 7 6 6 7 7 7 7 7 7 8 6 6 7 7 7 7 7 7 9 9 6 6 7 7 7 7 7 7 9 9 8 6 6 7 7 7 7 7 7 9 9 9 9 6 6 7 7 7 7 7 7 9 9 9 9 8
0 1 2 1 2 3 1 2 4 5 1 2 4 5 5 1 2 5 4 3 4 1 2 5 4 4 3 5 6 7 8 8 8 8 8 8 6 7 8 8 8 8 8 8 9 6 7 8 8 8 8 8 8 10 10 6 7 8 8 8 8 8 8 10 10 9 6 7 8 8 8 8 8 8 10 10 10 10 6 7 8 8 8 8 8 8 10 10 10 10 9
0 1 2 1 2 3 2 1 4 4 2 1 4 4 3 5 5 6 6 6 6 5 5 6 6 6 6 7 8 9 10 10 11 11 12 12 8 9 10 10 11 11 12 12 13 8 9 10 10 11 11 12 12 13 13 9 8 11 11 10 10 12 12 14 14 14 9 8 11 11 10 10 12 12 14 14 14 13 9 8 11 11 10 10 12 12 14 14 14 13 13
0 1 2 1 2 3 4 3 2 2 3 4 1 1 0 2 1 0 4 1 2 2 1 4 0 1 2 3 5 5 5 5 5 5 5 5 5 5 5 5 5 5 5 5 6 5 5 5 5 5 5 5 5 6 6 7 7 7 7 7 7 7 7 8 8 8 7 7 7 7 7 7 7 7 8 8 8 9 7 7 7 7 7 7 7 7 8 8 8 9 9
0 1 2 1 2 3 4 3 2 2 3 4 1 1 0 2 1 0 4 1 2 2 1 4 0 1 2 3 5 6 6 6 6 5 5 5 5 6 6 6 6 5 5 5 7 5 6 6 6 6 5 5 5 7 7 6 5 5 5 5 6 6 6 8 8 8 6 5 5 5 5 6 6 6 8 8 8 7 6 5 5 5 5 6 6 6 8 8 8 7 7
0 1 2 1 2 3 4 5 6 6 4 5 6 6 7 4 5 6 6 8 8 4 5 6 6 8 8 7 9 10 11 11 12 12 12 12 9 10 11 11 12 12 12 12 13 9 10 11 11 12 12 12 12 13 13 14 15 16 16 17 17 17 17 18 18 18 14 15 16 16 17 17 17 17 18 18 18 19 14 15 16 16 17 17 17 17 18 18 18 19 19
0 1 2 1 2 3 4 5 6 6 4 5 6 6 7 4 5 6 6 8 9 4 5 6 6 8 9 9 4 5 6 6 9 8 7 8 4 5 6 6 9 8 8 7 9 10 11 12 12 13 13 13 13 13 13 10 11 12 12 13 13 13 13 13 13 14 10 11 12 12 13 13 13 13 13 13 14 14 10 11 12 12 13 13 13 13 13 13 14 14 14
0 1 2 1 2 3 4 5 6 6 4 5 6 6 7 4 5 6 6 8 9 4 5 6 6 9 8 7 10 11 12 12 13 13 13 13 10 11 12 12 13 13 13 13 14 10 11 12 12 13 13 13 13 14 15 10 11 12 12 13 13 13 13 14 15 15 10 11 12 12 13 13 13 13 15 14 14 14 10 11 12 12 13 13 13 13 15 14 14 14 15
0 1 2 1 2 3 4 5 6 6 4 5 6 6 7 8 9 10 10 11 11 8 9 10 10 11 11 12 13 14 15 15 16 16 17 17 13 14 15 15 16 16 17 17 18 13 14 15 15 16 16 17 17 18 19 13 14 15 15 16 16 17 17 18 19 19 13 14 15 15 16 16 17 17 19 18 18 18 13 14 15 15 16 16 17 17 19 18 18 18 19
0 1 2 2 1 0 3 3 3 3 3 3 3 3 4 3 3 3 3 5 6 3 3 3 3 6 5 4 7 7 7 7 8 8 8 8 7 7 7 7 8 8 8 8 9 7 7 7 7 8 8 8 8 9 9 10 10 10 10 11 11 11 11 12 12 12 10 10 10 10 11 11 11 11 12 12 12 13 10 10 10 10 11 11 11 11 12 12 12 13 13
0 1 2 2 1 0 3 3 3 3 3 3 3 3 4 3 3 3 3 5 6 3 3 3 3 6 5 4 7 8 8 7 9 9 9 9 7 8 8 7 9 9 9 9 10 7 8 8 7 9 9 9 9 10 10 8 7 7 8 9 9 9 9 11 11 11 8 7 7 8 9 9 9 9 11 11 11 10 8 7 7 8 9 9 9 9 11 11 11 10 10
0 1 2 2 1 0 3 3 3 3 3 3 3 3 4 3 3 3 3 5 6 3 3 3 3 7 6 6 3 3 3 3 6 5 7 4 3 3 3 3 6 7 4 5 6 8 8 8 8 9 9 9 9 9 9 8 8 8 8 9 9 9 9 9 9 10 8 8 8 8 9 9 9 9 9 9 10 10 8 8 8 8 9 9 9 9 9 9 10 10 10
0 1 2 2 1 0 3 3 3 3 3 3 3 3 4 5 5 5 5 6 6 5 5 5 5 6 6 7 8 9 9 8 10 10 11 11 8 9 9 8 10 10 11 11 12 8 9 9 8 10 10 11 11 12 12 9 8 8 9 10 10 11 11 13 13 13 9 8 8 9 10 10 11 11 13 13 13 12 9 8 8 9 10 10 11 11 13 13 13 12 12
0 1 2 2 1 0 3 4 3 4 3 4 3 4 5 4 3 4 3 6 6 4 3 4 3 6 6 5 7 8 8 7 9 9 9 9 7 8 8 7 9 9 9 9 10 7 8 8 7 9 9 9 9 10 10 8 7 7 8 9 9 9 9 11 11 11 8 7 7 8 9 9 9 9 11 11 11 10 8 7 7 8 9 9 9 9 11 11 11 10 10
0 1 2 2 1 0 3 4 4 3 3 4 4 3 5 3 4 4 3 5 5 4 3 3 4 6 7 7 4 3 3 4 7 6 7 5 4 3 3 4 7 7 6 5 5 8 8 8 8 9 9 9 9 9 9 8 8 8 8 9 9 9 9 9 9 10 8 8 8 8 9 9 9 9 9 9 10 10 8 8 8 8 9 9 9 9 9 9 10 10 10
0 1 2 2 1 0 3 4 4 3 3 4 4 3 5 4 3 3 4 6 6 4 3 3 4 6 6 5 7 7 7 7 8 8 8 8 7 7 7 7 8 8 8 8 9 7 7 7 7 8 8 8 8 9 9 10 10 10 10 11 11 11 11 12 12 12 10 10 10 10 11 11 11 11 12 12 12 13 10 10 10 10 11 11 11 11 12 12 12 13 13
0 1 2 2 1 0 3 4 4 3 3 4 4 3 5 4 3 3 4 6 6 4 3 3 4 6 6 5 7 8 8 7 9 9 10 10 7 8 8 7 9 9 10 10 11 7 8 8 7 9 9 10 10 11 11 8 7 7 8 10 10 9 9 12 12 12 8 7 7 8 10 10 9 9 12 12 12 11 8 7 7 8 10 10 9 9 12 12 12 11 11
0 1 2 2 1 0 3 4 4 3 3 4 4 3 5 4 3 3 4 6 7 4 3 3 4 7 6 5 8 8 8 8 9 9 9 9 8 8 8 8 9 9 9 9 10 8 8 8 8 9 9 9 9 10 11 8 8 8 8 9 9 9 9 10 11 11 8 8 8 8 9 9 9 9 11 10 10 10 8 8 8 8 9 9 9 9 11 10 10 10 11
0 1 2 2 1 3 4 4 5 5 4 4 5 5 6 4 4 5 5 7 7 4 4 5 5 7 7 6 8 8 9 9 10 10 10 10 8 8 9 9 10 10 10 10 11 8 8 9 9 10 10 10 10 11 11 12 12 13 13 14 14 14 14 15 15 15 12 12 13 13 14 14 14 14 15 15 15 16 12 12 13 13 14 14 14 14 15 15 15 16 16
0 1 2 2 1 3 4 4 5 5 4 4 5 5 6 4 4 5 5 7 7 4 4 5 5 7 7 6 8 9 10 11 12 12 12 12 8 9 10 11 12 12 12 12 13 8 9 10 11 12 12 12 12 13 13 9 8 11 10 12 12 12 12 14 14 14 9 8 11 10 12 12 12 12 14 14 14 13 9 8 11 10 12 12 12 12 14 14 14 13 13
0 1 2 2 1 3 4 4 5 5 4 4 5 5 6 4 4 5 5 7 8 4 4 5 5 7 8 8 4 4 5 5 8 7 6 7 4 4 5 5 8 7 7 6 8 9 9 10 10 11 11 11 11 11 11 9 9 10 10 11 11 11 11 11 11 12 9 9 10 10 11 11 11 11 11 11 12 12 9 9 10 10 11 11 11 11 11 11 12 12 12
0 1 2 2 1 3 4 4 5 5 4 4 5 5 6 4 4 5 5 7 8 4 4 5 5 8 7 6 9 9 10 10 11 11 11 11 9 9 10 10 11 11 11 11 12 9 9 10 10 11 11 11 11 12 13 9 9 10 10 11 11 11 11 12 13 13 9 9 10 10 11 11 11 11 13 12 12 12 9 9 10 10 11 11 11 11 13 12 12 12 13
0 1 2 2 1 3 4 4 5 5 4 4 5 5 6 7 7 8 8 9 9 7 7 8 8 9 9 10 11 11 12 12 13 13 14 14 11 11 12 12 13 13 14 14 15 11 11 12 12 13 13 14 14 15 16 11 11 12 12 13 13 14 14 15 16 16 11 11 12 12 13 13 14 14 16 15 15 15 11 11 12 12 13 13 14 14 16 15 15 15 16
0 1 2 2 1 3 4 5 6 7 4 5 6 7 8 5 4 7 6 9 9 5 4 7 6 9 9 8 10 10 11 11 12 12 12 12 10 10 11 11 12 12 12 12 13 10 10 11 11 12 12 12 12 13 14 10 10 11 11 12 12 12 12 13 14 14 10 10 11 11 12 12 12 12 14 13 13 13 10 10 11 11 12 12 12 12 14 13 13 13 14
0 1 2 3 2 4 5 4 2 2 4 5 3 1 0 2 1 5 0 3 2 2 3 0 5 1 2 4 6 6 6 6 6 6 6 6 6 6 6 6 6 6 6 6 7 6 6 6 6 6 6 6 6 7 8 6 6 6 6 6 6 6 6 7 8 8 6 6 6 6 6 6 6 6 8 7 7 7 6 6 6 6 6 6 6 6 8 7 7 7 8
0 1 2 3 4 5 3 4 5 6 3 4 5 7 8 3 4 5 8 7 6 9 10 11 12 12 12 12 9 10 11 12 12 12 12 13 9 10 11 12 12 12 12 13 13 14 15 16 17 17 17 17 18 18 18 14 15 16 17 17 17 17 18 18 18 19 14 15 16 17 17 17 17 18 18 18 19 19 14 15 16 17 17 17 17 18 18 18 19 19 19
0 1 2 3 4 5 3 4 5 6 7 8 9 10 10 7 8 9 10 10 11 7 8 9 10 10 11 11 12 13 14 15 15 16 16 16 12 13 14 15 15 16 16 16 17 12 13 14 15 15 16 16 16 18 18 12 13 14 15 15 16 16 16 18 18 17 12 13 14 15 15 16 16 16 18 18 18 18 12 13 14 15 15 16 16 16 18 18 18 18 17
0 1 2 3 4 5 3 4 5 6 7 8 9 10 10 7 8 9 10 10 11 12 13 14 15 15 16 16 12 13 14 15 15 16 16 17 12 13 14 15 15 16 16 17 17 18 19 20 21 21 22 22 23 23 23 18 19 20 21 21 22 22 23 23 23 24 18 19 20 21 21 22 22 23 23 23 24 24 18 19 20 21 21 22 22 23 23 23 24 24 24
0 1 2 3 4 5 6 5 4 2 5 6 3 1 0 4 3 6 0 1 2 2 1 0 6 3 4 5 7 7 7 7 7 7 7 7 7 7 7 7 7 7 7 7 8 7 7 7 7 7 7 7 7 8 9 7 7 7 7 7 7 7 7 8 9 9 7 7 7 7 7 7 7 7 9 8 8 8 7 7 7 7 7 7 7 7 9 8 8 8 9
0 1 2 3 4 5 6 7 8 9 6 7 8 9 10 6 7 8 9 11 11 6 7 8 9 11 11 10 12 13 14 15 16 16 16 16 12 13 14 15 16 16 16 16 17 12 13 14 15 16 16 16 16 17 18 12 13 14 15 16 16 16 16 17 18 18 12 13 14 15 16 16 16 16 18 17 17 17 12 13 14 15 16 16 16 16 18 17 17 17 18
0 1 2 3 4 5 6 7 8 9 10 11 12 13 14 15 16 17 18 19 20 15 16 17 18 19 20 21 15 16 17 18 19 20 21 21 15 16 17 18 19 20 21 21 21 22 23 24 25 26 27 28 28 28 28 22 23 24 25 26 27 28 28 28 28 29 22 23 24 25 26 27 28 28 28 28 29 29 22 23 24 25 26 27 28 28 28 28 29 29 29
--- order 600 (x1) ---
0 0 1 0 1 2 0 2 1 2 0 2 2 1 1 3 4 4 4 4 4 3 4 4 4 4 4 5 3 4 4 4 4 4 5 6 3 4 4 4 4 4 6 5 6 3 4 4 4 4 4 6 6 5 5 7 8 8 8 8 8 9 9 9 9 9 7 8 8 8 8 8 9 9 9 9 9 10 7 8 8 8 8 8 9 9 9 9 9 10 10
--- order 640 (x4) ---
0 0 1 0 1 2 0 2 1 2 0 2 2 1 1 3 4 4 4 4 4 3 4 4 4 4 4 5 3 4 4 4 4 4 6 6 3 4 4 4 4 4 6 6 5 7 8 8 8 8 8 9 9 9 9 7 8 8 8 8 8 9 9 9 9 10 7 8 8 8 8 8 9 9 9 9 11 11 7 8 8 8 8 8 9 9 9 9 11 11 10
0 0 1 0 1 2 0 3 4 4 0 3 4 4 2 0 2 1 1 3 3 0 4 3 3 1 1 4 0 4 3 3 1 1 4 2 5 6 6 6 6 6 6 6 6 5 6 6 6 6 6 6 6 6 7 5 6 6 6 6 6 6 6 6 7 8 5 6 6 6 6 6 6 6 6 8 7 8 5 6 6 6 6 6 6 6 6 8 8 7 7
0 1 1 1 1 2 1 1 3 3 1 1 3 3 2 1 1 3 3 4 4 1 1 3 3 4 4 2 1 1 4 4 3 3 4 4 1 1 4 4 3 3 4 4 2 1 1 4 4 4 4 3 3 3 3 1 1 4 4 4 4 3 3 3 3 2 5 6 7 7 7 7 7 7 7 7 7 7 6 5 7 7 7 7 7 7 7 7 7 7 8
0 1 2 1 2 3 1 2 4 4 1 2 4 4 3 1 2 4 4 5 5 1 2 4 4 5 5 3 1 2 5 5 4 4 5 5 1 2 5 5 4 4 5 5 3 1 2 5 5 5 5 4 4 4 4 1 2 5 5 5 5 4 4 4 4 3 6 7 8 8 8 8 8 8 8 8 8 8 6 7 8 8 8 8 8 8 8 8 8 8 9
--- order 648 (x1) ---
0 0 1 0 1 1 2 3 3 3 4 5 6 7 8 4 5 6 7 8 9 4 5 6 7 8 9 9 4 6 7 5 8 10 10 10 4 6 7 5 8 10 10 10 9 4 6 7 5 8 10 10 10 9 9 4 7 5 6 8 10 10 10 10 10 10 4 7 5 6 8 10 10 10 10 10 10 9 4 7 5 6 8 10 10 10 10 10 10 9 9
--- order 672 (x3) ---
0 0 1 0 1 2 0 3 3 2 0 3 2 3 1 0 2 1 3 2 1 0 2 3 1 1 2 3 4 5 5 5 5 5 5 5 4 5 5 5 5 5 5 5 6 4 5 5 5 5 5 5 5 7 7 4 5 5 5 5 5 5 5 7 7 6 4 5 5 5 5 5 5 5 7 7 7 7 4 5 5 5 5 5 5 5 7 7 7 7 6
0 0 1 2 2 1 2 1 2 0 1 0 2 1 0 1 2 0 0 1 2 3 3 3 3 3 3 3 3 3 3 3 3 3 3 4 3 3 3 3 3 3 3 5 5 3 3 3 3 3 3 3 5 5 4 6 6 6 6 6 6 6 7 7 7 7 6 6 6 6 6 6 6 7 7 7 7 8 6 6 6 6 6 6 6 7 7 7 7 8 8
0 0 1 2 3 3 2 3 3 4 2 3 3 4 5 2 3 3 6 6 5 2 3 3 6 5 6 4 2 3 3 5 4 6 5 4 2 3 3 5 6 4 4 5 6 7 8 8 9 9 9 9 9 9 9 7 8 8 9 9 9 9 9 9 9 10 7 8 8 9 9 9 9 9 9 9 10 10 7 8 8 9 9 9 9 9 9 9 10 10 10
--- order 720 (x17) ---
0 0 0 1 1 2 1 2 1 3 2 1 1 3 3 4 5 5 6 6 7 5 4 5 6 7 6 8 5 5 4 7 6 6 8 8 9 9 9 10 10 10 11 11 11 9 9 9 10 10 10 11 11 11 12 9 9 9 10 10 10 11 11 11 12 12 9 9 9 10 10 10 11 11 11 12 12 12 9 9 9 10 10 10 11 11 11 12 12 12 12
0 0 0 1 2 3 1 2 3 4 2 3 1 5 6 2 3 1 6 5 4 3 1 2 5 6 6 5 3 1 2 6 5 5 6 4 7 7 7 8 8 8 8 8 8 7 7 7 8 8 8 8 8 8 9 7 7 7 8 8 8 8 8 8 9 9 7 7 7 8 8 8 8 8 8 9 9 9 7 7 7 8 8 8 8 8 8 9 9 9 9
0 0 0 1 2 3 1 3 2 4 2 1 3 5 6 2 3 1 6 5 7 3 1 2 6 7 4 6 3 2 1 7 6 6 4 5 8 8 8 9 9 9 9 9 9 8 8 8 9 9 9 9 9 9 10 8 8 8 9 9 9 9 9 9 10 10 8 8 8 9 9 9 9 9 9 10 10 10 8 8 8 9 9 9 9 9 9 10 10 10 10
0 0 1 0 1 1 0 1 1 1 0 1 1 1 1 0 1 1 1 1 1 2 3 3 3 3 3 3 4 5 6 6 6 6 6 7 4 6 5 6 6 6 6 7 8 4 6 6 5 6 6 6 7 8 8 4 6 6 6 5 6 6 7 8 8 8 4 6 6 6 6 5 6 7 8 8 8 8 4 6 6 6 6 6 5 7 8 8 8 8 8
0 0 1 0 1 1 0 1 1 1 0 1 1 1 1 2 3 3 3 3 3 2 3 3 3 3 3 4 2 3 3 3 3 3 4 4 5 6 7 7 7 7 8 8 8 5 7 6 7 7 7 8 8 8 9 5 7 7 6 7 7 8 8 8 9 9 5 7 7 7 6 7 8 8 8 9 9 9 5 7 7 7 7 6 8 8 8 9 9 9 9
0 0 1 0 1 1 2 3 3 3 2 3 3 3 4 2 3 3 3 4 5 2 3 3 3 4 5 5 2 3 3 3 5 4 5 5 2 3 3 3 5 4 5 5 5 2 3 3 3 5 5 4 5 4 5 2 3 3 3 5 5 4 5 5 4 5 2 3 3 3 5 5 5 4 4 5 5 4 2 3 3 3 5 5 5 4 5 4 4 5 5
0 0 1 0 1 1 2 3 3 3 2 3 3 3 4 5 6 7 8 9 9 5 7 8 6 9 9 10 5 8 6 7 9 9 10 10 11 12 12 12 13 13 14 14 14 11 12 12 12 13 13 14 14 14 15 11 12 12 12 13 13 14 14 14 15 15 11 12 12 12 13 13 14 14 14 15 15 15 11 12 12 12 13 13 14 14 14 15 15 15 15
0 0 1 0 1 1 2 3 3 3 4 5 5 5 6 7 8 9 9 10 11 7 9 8 9 10 11 12 7 9 9 8 10 11 12 12 13 14 14 14 15 16 17 17 17 13 14 14 14 15 16 17 17 17 18 13 14 14 14 15 16 17 17 17 18 18 13 14 14 14 15 16 17 17 17 18 18 18 13 14 14 14 15 16 17 17 17 18 18 18 18
0 0 1 1 0 1 1 1 0 0 2 2 2 2 2 2 2 2 2 2 3 2 2 2 2 2 3 3 2 2 2 2 2 3 4 4 2 2 2 2 2 3 4 4 3 2 2 2 2 2 4 3 4 3 4 2 2 2 2 2 4 3 4 4 3 3 2 2 2 2 2 4 4 3 3 4 3 4 2 2 2 2 2 4 4 3 4 3 4 3 3
0 0 1 1 0 1 1 1 0 0 2 2 2 2 2 2 2 2 2 2 3 2 2 2 2 2 4 5 2 2 2 2 2 4 5 5 2 2 2 2 2 5 4 3 4 2 2 2 2 2 5 4 4 3 5 6 6 6 6 6 7 7 7 7 7 7 6 6 6 6 6 7 7 7 7 7 7 8 6 6 6 6 6 7 7 7 7 7 7 8 8
0 0 1 2 3 3 2 3 3 4 2 3 3 4 5 2 3 3 5 4 5 2 3 3 5 5 4 4 6 7 7 8 8 8 8 8 6 7 7 8 8 8 8 8 9 6 7 7 8 8 8 8 8 9 9 10 11 11 12 12 12 12 12 13 13 13 10 11 11 12 12 12 12 12 13 13 13 14 10 11 11 12 12 12 12 12 13 13 13 14 14
0 0 1 2 3 3 2 3 3 4 2 3 3 4 5 2 3 3 5 4 5 2 3 3 5 5 4 4 6 7 8 9 9 9 9 9 6 7 8 9 9 9 9 9 10 6 7 8 9 9 9 9 9 10 10 6 8 7 9 9 9 9 9 11 11 11 6 8 7 9 9 9 9 9 11 11 11 10 6 8 7 9 9 9 9 9 11 11 11 10 10
0 0 1 2 3 4 2 3 4 5 2 3 4 5 5 2 4 3 6 7 8 2 4 3 7 8 6 5 2 4 3 8 6 7 5 5 9 10 10 11 11 11 11 11 11 9 10 10 11 11 11 11 11 11 12 9 10 10 11 11 11 11 11 11 12 12 9 10 10 11 11 11 11 11 11 12 12 12 9 10 10 11 11 11 11 11 11 12 12 12 12
0 1 2 3 4 5 3 4 5 6 3 4 5 6 7 3 4 5 7 6 7 3 4 5 7 7 6 6 8 9 10 11 11 11 11 11 8 9 10 11 11 11 11 11 12 8 9 10 11 11 11 11 11 12 13 8 9 10 11 11 11 11 11 12 13 13 8 9 10 11 11 11 11 11 13 12 12 12 8 9 10 11 11 11 11 11 13 12 12 12 13
0 1 2 3 4 5 3 4 5 6 3 4 5 7 8 3 4 5 9 8 8 3 4 5 8 7 9 6 3 4 5 8 9 6 7 8 10 11 12 13 13 13 13 13 13 10 11 12 13 13 13 13 13 13 14 10 11 12 13 13 13 13 13 13 14 14 10 11 12 13 13 13 13 13 13 14 14 14 10 11 12 13 13 13 13 13 13 14 14 14 14
0 1 2 3 4 5 6 7 8 9 10 11 12 13 14 15 16 17 18 19 20 15 16 17 18 19 20 21 15 16 17 18 19 20 21 21 22 23 24 25 26 27 28 28 28 22 23 24 25 26 27 28 28 28 29 22 23 24 25 26 27 28 28 28 29 29 22 23 24 25 26 27 28 28 28 29 29 29 22 23 24 25 26 27 28 28 28 29 29 29 29
0 1 2 3 4 5 6 7 8 9 10 11 12 13 14 15 16 17 18 19 20 21 22 23 24 25 26 27 28 29 30 31 32 33 34 35 28 29 30 31 32 33 34 35 36 28 29 30 31 32 33 34 35 36 36 28 29 30 31 32 33 34 35 36 36 36 28 29 30 31 32 33 34 35 36 36 36 36 28 29 30 31 32 33 34 35 36 36 36 36 36
--- order 768 (x44) ---
0 0 0 0 0 0 1 1 1 1 1 1 1 1 2 3 4 4 4 5 5 3 4 4 4 5 5 6 4 3 4 4 5 5 7 7 4 3 4 4 5 5 7 7 6 4 4 3 4 5 5 7 7 7 7 4 4 3 4 5 5 7 7 7 7 6 4 4 4 3 5 5 7 7 7 7 7 7 4 4 4 3 5 5 7 7 7 7 7 7 6
0 0 0 0 0 1 0 1 0 0 1 0 0 0 0 2 2 2 2 2 2 2 2 2 2 2 2 3 4 5 5 5 5 4 6 6 4 5 5 5 5 4 6 6 7 5 4 5 5 4 5 6 6 8 8 5 4 5 5 4 5 6 6 8 8 7 5 5 4 4 5 5 6 6 8 8 8 8 5 5 4 4 5 5 6 6 8 8 8 8 7
0 0 0 1 1 1 1 1 1 2 1 1 1 3 3 1 1 1 3 3 2 1 1 1 4 4 4 4 1 1 1 4 4 4 4 2 1 1 1 4 4 4 4 3 3 1 1 1 4 4 4 4 3 3 2 5 6 6 7 7 7 7 7 7 7 7 6 5 6 7 7 7 7 7 7 7 7 8 6 6 5 7 7 7 7 7 7 7 7 8 8
0 0 1 0 1 2 0 2 1 1 3 4 4 4 4 5 6 7 7 6 8 5 6 7 7 6 8 9 5 7 6 6 7 8 10 10 5 7 6 6 7 8 10 10 9 11 12 12 12 12 13 14 14 14 14 11 12 12 12 12 13 14 14 14 14 15 11 12 12 12 12 13 14 14 14 14 15 15 11 12 12 12 12 13 14 14 14 14 15 15 15
0 0 1 0 2 2 0 2 2 1 1 0 0 0 0 2 0 0 0 0 2 2 0 0 0 0 2 1 3 4 4 4 4 3 3 3 3 4 4 4 4 3 3 3 5 3 4 4 4 4 3 3 3 5 5 4 3 3 3 3 4 4 4 6 7 7 4 3 3 3 3 4 4 4 7 6 7 5 4 3 3 3 3 4 4 4 7 7 6 5 5
0 0 1 2 3 1 2 1 3 1 3 2 2 0 0 1 0 2 2 0 1 1 2 0 0 2 1 3 4 4 4 4 4 4 4 4 4 4 4 4 4 4 4 4 5 4 4 4 4 4 4 4 4 6 6 4 4 4 4 4 4 4 4 6 6 5 4 4 4 4 4 4 4 4 6 6 6 6 4 4 4 4 4 4 4 4 6 6 6 6 5
0 0 1 2 3 3 2 3 3 1 1 0 0 2 2 3 2 2 0 0 3 3 2 2 0 0 3 1 4 4 4 4 4 4 4 4 4 4 4 4 4 4 4 4 5 4 4 4 4 4 4 4 4 6 7 4 4 4 4 4 4 4 4 6 7 7 4 4 4 4 4 4 4 4 7 6 5 6 4 4 4 4 4 4 4 4 7 6 6 5 7
0 0 1 2 3 3 2 3 3 4 2 3 3 4 5 2 3 3 6 7 7 2 3 3 6 7 7 5 2 3 3 5 4 4 6 6 2 3 3 7 6 6 4 4 7 2 3 3 7 6 6 4 4 7 5 8 9 9 10 10 10 10 10 10 10 10 8 9 9 10 10 10 10 10 10 10 10 11 8 9 9 10 10 10 10 10 10 10 10 11 11
0 0 1 2 3 3 2 3 3 4 2 3 3 5 5 2 3 3 5 5 4 6 7 7 8 8 8 8 6 7 7 8 8 8 8 9 6 7 7 8 8 8 8 10 10 6 7 7 8 8 8 8 10 10 9 11 12 12 13 13 13 13 14 14 14 14 11 12 12 13 13 13 13 14 14 14 14 15 11 12 12 13 13 13 13 14 14 14 14 15 15
0 0 1 2 3 3 4 5 6 7 4 6 5 7 8 9 10 10 11 12 12 9 10 10 11 12 12 13 9 10 10 11 12 12 14 14 9 10 10 11 12 12 14 14 13 9 10 10 11 12 12 14 14 14 14 9 10 10 11 12 12 14 14 14 14 13 9 10 10 11 12 12 14 14 14 14 14 14 9 10 10 11 12 12 14 14 14 14 14 14 13
0 0 1 2 3 4 2 3 4 5 2 3 4 6 6 2 3 4 6 6 5 2 4 3 7 7 7 7 2 4 3 7 7 7 7 5 2 4 3 7 7 7 7 6 6 2 4 3 7 7 7 7 6 6 5 8 9 9 10 10 10 10 10 10 10 10 8 9 9 10 10 10 10 10 10 10 10 11 8 9 9 10 10 10 10 10 10 10 10 11 11
0 1 1 1 1 0 2 2 2 2 2 2 2 2 0 2 2 2 2 1 1 2 2 2 2 1 1 0 3 3 3 3 3 3 3 3 3 3 3 3 3 3 3 3 4 3 3 3 3 3 3 3 3 5 6 3 3 3 3 3 3 3 3 7 6 6 3 3 3 3 3 3 3 3 6 5 7 4 3 3 3 3 3 3 3 3 6 7 4 5 6
0 1 1 1 1 0 2 2 2 2 2 2 2 2 3 2 2 2 2 4 4 2 2 2 2 4 4 3 5 5 5 5 6 6 6 6 5 5 5 5 6 6 6 6 7 5 5 5 5 6 6 6 6 8 9 5 5 5 5 6 6 6 6 8 9 9 5 5 5 5 6 6 6 6 9 8 7 8 5 5 5 5 6 6 6 6 9 8 8 7 9
0 1 1 1 1 2 1 1 2 3 1 1 4 5 3 1 1 4 3 5 3 1 1 5 4 4 2 2 1 1 3 2 4 4 2 3 1 1 3 4 2 2 4 3 5 6 6 7 7 7 7 7 7 7 7 6 6 7 7 7 7 7 7 7 7 8 6 6 7 7 7 7 7 7 7 7 8 8 6 6 7 7 7 7 7 7 7 7 8 8 8
0 1 1 1 1 2 1 1 2 3 1 1 4 5 5 1 1 4 5 5 3 1 1 6 5 5 5 5 1 1 6 5 5 5 5 3 1 1 3 2 2 4 4 6 6 1 1 5 4 4 6 6 2 2 5 1 1 5 4 4 6 6 2 2 5 3 1 1 5 6 6 2 2 4 4 5 5 5 1 1 5 6 6 2 2 4 4 5 5 5 3
0 1 1 1 1 2 1 1 3 3 1 1 3 3 2 4 4 5 5 5 5 4 4 5 5 5 5 6 4 4 5 5 5 5 7 8 4 4 5 5 5 5 7 8 8 4 4 5 5 5 5 7 8 8 8 4 4 5 5 5 5 8 7 6 7 7 4 4 5 5 5 5 8 7 7 6 7 8 4 4 5 5 5 5 8 7 7 7 6 8 8
0 1 1 1 1 2 1 1 3 4 1 1 3 4 5 1 1 6 5 4 4 1 1 5 6 3 3 2 1 1 4 3 2 6 3 4 1 1 4 3 6 2 3 4 5 7 7 8 8 8 8 8 8 8 8 7 7 8 8 8 8 8 8 8 8 9 7 7 8 8 8 8 8 8 8 8 9 9 7 7 8 8 8 8 8 8 8 8 9 9 9
0 1 1 1 1 2 1 1 3 4 1 1 4 3 2 1 1 5 5 5 5 1 1 5 5 5 5 2 1 1 5 5 5 5 3 4 1 1 5 5 5 5 4 3 2 1 1 5 5 5 5 5 5 5 5 1 1 5 5 5 5 5 5 5 5 2 1 1 5 5 5 5 5 5 5 5 3 4 1 1 5 5 5 5 5 5 5 5 4 3 2
0 1 1 1 1 2 1 1 3 4 1 1 4 3 2 5 5 6 6 6 6 5 5 6 6 6 6 7 5 5 6 6 6 6 8 9 5 5 6 6 6 6 9 8 7 10 10 11 11 11 11 12 12 12 12 10 10 11 11 11 11 12 12 12 12 13 10 10 11 11 11 11 12 12 12 12 13 13 10 10 11 11 11 11 12 12 12 12 13 13 13
0 1 1 1 1 2 1 1 3 4 1 1 4 3 2 5 6 7 7 7 7 5 6 7 7 7 7 8 6 5 7 7 7 7 9 9 6 5 7 7 7 7 9 9 8 10 10 11 11 11 11 12 12 12 12 10 10 11 11 11 11 12 12 12 12 13 10 10 11 11 11 11 12 12 12 12 13 13 10 10 11 11 11 11 12 12 12 12 13 13 13
0 1 1 1 1 2 3 3 4 4 3 3 4 4 5 3 3 4 4 6 7 3 3 4 4 7 6 5 8 8 9 9 10 10 10 10 8 8 9 9 10 10 10 10 11 8 8 9 9 10 10 10 10 12 12 8 8 9 9 10 10 10 10 12 12 11 8 8 9 9 10 10 10 10 12 12 12 12 8 8 9 9 10 10 10 10 12 12 12 12 11
0 1 1 1 1 2 3 3 4 4 3 3 4 4 5 6 6 7 7 8 8 6 6 7 7 8 8 9 6 6 7 7 8 8 10 11 6 6 7 7 8 8 11 10 9 12 12 13 13 14 14 15 15 15 15 12 12 13 13 14 14 15 15 15 15 16 12 12 13 13 14 14 15 15 15 15 16 16 12 12 13 13 14 14 15 15 15 15 16 16 16
0 1 1 1 1 2 3 3 4 4 3 3 4 4 5 6 6 7 7 8 8 6 6 7 7 8 8 9 10 10 11 11 12 12 13 13 10 10 11 11 12 12 13 13 14 10 10 11 11 12 12 13 13 15 15 10 10 11 11 12 12 13 13 15 15 14 10 10 11 11 12 12 13 13 15 15 15 15 10 10 11 11 12 12 13 13 15 15 15 15 14
0 1 1 1 1 2 3 3 4 4 3 3 4 4 5 6 6 7 7 8 8 6 6 7 7 8 8 9 10 10 11 11 12 12 13 13 10 10 11 11 12 12 13 13 14 15 15 16 16 17 17 18 18 19 19 15 15 16 16 17 17 18 18 19 19 20 15 15 16 16 17 17 18 18 19 19 20 20 15 15 16 16 17 17 18 18 19 19 20 20 20
0 1 1 1 1 2 3 3 4 4 3 3 4 4 5 6 7 8 8 9 9 6 7 8 8 9 9 10 7 6 8 8 9 9 11 11 7 6 8 8 9 9 11 11 10 12 12 13 13 14 14 15 15 15 15 12 12 13 13 14 14 15 15 15 15 16 12 12 13 13 14 14 15 15 15 15 16 16 12 12 13 13 14 14 15 15 15 15 16 16 16
0 1 1 1 1 2 3 4 5 5 3 4 5 5 6 4 3 5 5 7 7 4 3 5 5 7 7 6 8 8 9 9 10 10 10 10 8 8 9 9 10 10 10 10 11 8 8 9 9 10 10 10 10 12 12 8 8 9 9 10 10 10 10 12 12 11 8 8 9 9 10 10 10 10 12 12 12 12 8 8 9 9 10 10 10 10 12 12 12 12 11
0 1 2 1 2 3 1 2 3 4 1 2 5 6 6 1 2 5 6 6 4 1 2 5 6 6 6 6 1 2 5 6 6 6 6 4 1 2 4 3 3 5 5 5 5 1 2 6 5 5 3 3 5 5 6 1 2 6 5 5 3 3 5 5 6 4 1 2 6 5 5 5 5 3 3 6 6 6 1 2 6 5 5 5 5 3 3 6 6 6 4
0 1 2 1 2 3 1 2 4 4 1 2 4 4 3 1 2 4 4 4 4 1 2 4 4 4 4 3 2 1 5 5 6 6 6 6 2 1 5 5 6 6 6 6 3 2 1 6 6 5 5 6 6 4 4 2 1 6 6 5 5 6 6 4 4 3 2 1 6 6 6 6 5 5 4 4 4 4 2 1 6 6 6 6 5 5 4 4 4 4 3
0 1 2 1 2 3 1 2 4 5 1 2 5 4 3 1 2 6 6 6 6 1 2 6 6 6 6 3 1 2 6 6 6 6 4 5 1 2 6 6 6 6 5 4 3 7 8 9 9 9 9 9 9 9 9 7 8 9 9 9 9 9 9 9 9 10 7 8 9 9 9 9 9 9 9 9 10 10 7 8 9 9 9 9 9 9 9 9 10 10 10
0 1 2 1 2 3 1 2 4 5 1 2 5 4 3 2 1 6 6 6 6 2 1 6 6 6 6 3 2 1 6 6 6 6 4 5 2 1 6 6 6 6 5 4 3 7 7 8 8 8 8 8 8 8 8 7 7 8 8 8 8 8 8 8 8 9 7 7 8 8 8 8 8 8 8 8 9 9 7 7 8 8 8 8 8 8 8 8 9 9 9
0 1 2 1 2 3 1 2 4 5 1 2 5 4 3 6 7 8 8 8 8 6 7 8 8 8 8 9 6 7 8 8 8 8 10 10 6 7 8 8 8 8 10 10 9 11 12 13 13 13 13 14 14 14 14 11 12 13 13 13 13 14 14 14 14 15 11 12 13 13 13 13 14 14 14 14 15 15 11 12 13 13 13 13 14 14 14 14 15 15 15
0 1 2 1 2 3 2 1 4 4 2 1 4 4 3 5 6 7 7 8 8 5 6 7 7 8 8 9 6 5 8 8 7 7 10 10 6 5 8 8 7 7 10 10 9 11 11 12 12 12 12 13 13 13 13 11 11 12 12 12 12 13 13 13 13 14 11 11 12 12 12 12 13 13 13 13 14 14 11 11 12 12 12 12 13 13 13 13 14 14 14
0 1 2 1 2 3 2 1 4 5 2 1 5 4 3 6 6 7 7 7 7 6 6 7 7 7 7 8 6 6 7 7 7 7 9 9 6 6 7 7 7 7 9 9 8 10 10 11 11 11 11 12 12 12 12 10 10 11 11 11 11 12 12 12 12 13 10 10 11 11 11 11 12 12 12 12 13 13 10 10 11 11 11 11 12 12 12 12 13 13 13
0 1 2 1 2 3 4 3 2 2 3 4 1 1 0 2 1 0 4 1 2 2 1 4 0 1 2 3 5 5 5 5 5 5 5 5 5 5 5 5 5 5 5 5 6 5 5 5 5 5 5 5 5 7 7 5 5 5 5 5 5 5 5 7 7 6 5 5 5 5 5 5 5 5 7 7 7 7 5 5 5 5 5 5 5 5 7 7 7 7 6
0 1 2 1 2 3 4 5 6 6 4 5 6 6 7 4 5 6 6 8 8 4 5 6 6 8 8 7 9 10 11 11 12 12 12 12 9 10 11 11 12 12 12 12 13 9 10 11 11 12 12 12 12 14 14 9 10 11 11 12 12 12 12 14 14 13 9 10 11 11 12 12 12 12 14 14 14 14 9 10 11 11 12 12 12 12 14 14 14 14 13
0 1 2 1 2 3 4 5 6 6 4 5 6 6 7 8 9 10 10 11 11 8 9 10 10 11 11 12 8 9 10 10 11 11 13 13 8 9 10 10 11 11 13 13 12 14 15 16 16 17 17 18 18 18 18 14 15 16 16 17 17 18 18 18 18 19 14 15 16 16 17 17 18 18 18 18 19 19 14 15 16 16 17 17 18 18 18 18 19 19 19
0 1 2 2 1 0 3 3 3 3 3 3 3 3 4 3 3 3 3 5 6 3 3 3 3 6 5 4 7 7 7 7 8 8 8 8 7 7 7 7 8 8 8 8 9 7 7 7 7 8 8 8 8 10 10 7 7 7 7 8 8 8 8 10 10 9 7 7 7 7 8 8 8 8 10 10 10 10 7 7 7 7 8 8 8 8 10 10 10 10 9
0 1 2 2 1 0 3 3 3 3 3 3 3 3 4 5 6 6 5 7 7 5 6 6 5 7 7 8 6 5 5 6 7 7 9 9 6 5 5 6 7 7 9 9 8 10 10 10 10 11 11 12 12 12 12 10 10 10 10 11 11 12 12 12 12 13 10 10 10 10 11 11 12 12 12 12 13 13 10 10 10 10 11 11 12 12 12 12 13 13 13
0 1 2 2 1 0 3 4 4 3 3 4 4 3 5 4 3 3 4 6 6 4 3 3 4 6 6 5 7 7 7 7 8 8 8 8 7 7 7 7 8 8 8 8 9 7 7 7 7 8 8 8 8 10 10 7 7 7 7 8 8 8 8 10 10 9 7 7 7 7 8 8 8 8 10 10 10 10 7 7 7 7 8 8 8 8 10 10 10 10 9
0 1 2 2 1 3 4 4 5 5 4 4 5 5 6 4 4 5 5 7 7 4 4 5 5 7 7 6 8 8 9 9 10 10 10 10 8 8 9 9 10 10 10 10 11 8 8 9 9 10 10 10 10 12 12 8 8 9 9 10 10 10 10 12 12 11 8 8 9 9 10 10 10 10 12 12 12 12 8 8 9 9 10 10 10 10 12 12 12 12 11
0 1 2 2 1 3 4 4 5 5 4 4 5 5 6 7 7 8 8 9 9 7 7 8 8 9 9 10 7 7 8 8 9 9 11 11 7 7 8 8 9 9 11 11 10 12 12 13 13 14 14 15 15 15 15 12 12 13 13 14 14 15 15 15 15 16 12 12 13 13 14 14 15 15 15 15 16 16 12 12 13 13 14 14 15 15 15 15 16 16 16
0 1 2 2 1 3 4 5 6 7 5 4 7 6 8 9 9 10 10 11 11 9 9 10 10 11 11 12 9 9 10 10 11 11 13 13 9 9 10 10 11 11 13 13 12 9 9 10 10 11 11 13 13 13 13 9 9 10 10 11 11 13 13 13 13 12 9 9 10 10 11 11 13 13 13 13 13 13 9 9 10 10 11 11 13 13 13 13 13 13 12
0 1 2 3 4 5 3 4 5 6 3 4 5 7 7 3 4 5 7 7 6 3 4 5 8 8 8 8 3 4 5 8 8 8 8 6 3 4 5 8 8 8 8 7 7 3 4 5 8 8 8 8 7 7 6 9 10 11 12 12 12 12 12 12 12 12 9 10 11 12 12 12 12 12 12 12 12 13 9 10 11 12 12 12 12 12 12 12 12 13 13
0 1 2 3 4 5 6 7 8 9 6 7 8 9 10 11 12 13 14 15 15 11 12 13 14 15 15 16 11 12 13 14 15 15 17 17 11 12 13 14 15 15 17 17 16 11 12 13 14 15 15 17 17 17 17 11 12 13 14 15 15 17 17 17 17 16 11 12 13 14 15 15 17 17 17 17 17 17 11 12 13 14 15 15 17 17 17 17 17 17 16
--- order 800 (x4) ---
0 0 1 1 0 0 2 3 3 2 2 3 3 2 4 2 3 3 2 4 5 2 3 3 2 5 4 5 2 3 3 2 5 5 4 4 3 2 2 3 6 6 6 6 6 3 2 2 3 6 6 6 6 6 4 3 2 2 3 6 6 6 6 6 4 5 3 2 2 3 6 6 6 6 6 5 4 5 3 2 2 3 6 6 6 6 6 5 5 4 4
0 0 1 1 0 1 1 1 0 0 2 2 2 2 2 2 2 2 2 2 0 2 2 2 2 2 0 1 2 2 2 2 2 1 0 1 2 2 2 2 2 1 1 0 0 3 3 3 3 3 3 3 3 3 3 3 3 3 3 3 3 3 3 3 3 4 3 3 3 3 3 3 3 3 3 3 5 6 3 3 3 3 3 3 3 3 3 3 6 5 4
0 0 1 1 0 1 1 1 0 0 2 2 2 2 2 2 2 2 2 2 3 2 2 2 2 2 3 4 2 2 2 2 2 4 3 4 2 2 2 2 2 4 4 3 3 5 5 5 5 5 6 6 6 6 6 5 5 5 5 5 6 6 6 6 6 7 5 5 5 5 5 6 6 6 6 6 8 8 5 5 5 5 5 6 6 6 6 6 8 8 7
0 1 1 1 1 2 1 1 2 3 1 1 3 2 3 1 1 3 3 2 2 1 1 4 4 4 4 4 1 1 4 4 4 4 4 2 1 1 4 4 4 4 4 2 3 1 1 4 4 4 4 4 3 2 3 1 1 4 4 4 4 4 3 3 2 2 5 5 6 6 6 6 6 6 6 6 6 6 5 5 6 6 6 6 6 6 6 6 6 6 7
--- order 864 (x19) ---
0 0 0 0 0 0 1 1 1 1 1 1 1 1 2 1 1 1 1 2 2 3 3 3 3 4 4 4 3 3 3 3 4 4 4 5 3 3 3 3 4 4 4 5 5 6 7 7 7 8 8 8 9 9 9 7 6 7 7 8 8 8 9 9 9 10 7 7 6 7 8 8 8 9 9 9 10 10 7 7 7 6 8 8 8 9 9 9 10 10 10
0 0 0 1 1 1 1 1 1 2 3 4 4 5 5 4 3 4 5 5 6 4 4 3 5 5 6 6 7 7 7 8 8 9 9 9 7 7 7 8 8 9 9 9 10 7 7 7 8 8 9 9 9 10 11 7 7 7 8 8 9 9 9 10 11 11 7 7 7 8 8 9 9 9 11 10 10 10 7 7 7 8 8 9 9 9 11 10 10 10 11
0 0 1 0 1 1 0 2 3 3 0 2 3 3 2 0 3 2 3 1 3 0 3 2 3 3 1 2 0 3 3 2 1 3 1 3 0 3 3 2 3 1 3 1 2 4 5 5 5 5 5 5 5 5 5 4 5 5 5 5 5 5 5 5 5 6 4 5 5 5 5 5 5 5 5 5 6 6 4 5 5 5 5 5 5 5 5 5 6 6 6
0 0 1 0 1 1 2 3 3 3 2 3 3 3 4 2 3 3 3 5 6 2 3 3 3 7 6 6 2 3 3 3 6 5 7 4 2 3 3 3 6 7 4 5 6 8 9 9 9 10 10 10 10 10 10 8 9 9 9 10 10 10 10 10 10 11 8 9 9 9 10 10 10 10 10 10 11 11 8 9 9 9 10 10 10 10 10 10 11 11 11
0 0 1 0 1 1 2 3 4 4 2 4 3 4 5 2 4 4 3 5 5 6 7 7 7 8 8 8 6 7 7 7 8 8 8 9 6 7 7 7 8 8 8 9 9 10 11 11 11 12 12 12 13 13 13 10 11 11 11 12 12 12 13 13 13 14 10 11 11 11 12 12 12 13 13 13 14 14 10 11 11 11 12 12 12 13 13 13 14 14 14
0 0 1 0 2 3 0 3 2 1 4 5 5 5 5 4 5 5 5 5 6 4 5 5 5 5 6 6 7 8 8 8 8 9 9 9 7 8 8 8 8 9 9 9 10 7 8 8 8 8 9 9 9 10 10 11 12 12 12 12 13 13 13 14 14 14 11 12 12 12 12 13 13 13 14 14 14 15 11 12 12 12 12 13 13 13 14 14 14 15 15
0 0 1 0 2 3 0 3 2 1 4 5 5 5 5 4 5 5 5 5 6 4 5 5 5 5 6 6 7 8 9 9 8 10 10 10 7 8 9 9 8 10 10 10 11 7 8 9 9 8 10 10 10 11 11 7 9 8 8 9 10 10 10 12 12 12 7 9 8 8 9 10 10 10 12 12 12 11 7 9 8 8 9 10 10 10 12 12 12 11 11
0 0 1 2 3 3 2 3 3 4 5 6 6 7 7 5 6 6 7 7 8 5 6 6 7 7 8 8 9 10 10 11 11 12 12 12 9 10 10 11 11 12 12 12 13 9 10 10 11 11 12 12 12 13 13 14 15 15 16 16 17 17 17 18 18 18 14 15 15 16 16 17 17 17 18 18 18 19 14 15 15 16 16 17 17 17 18 18 18 19 19
0 0 1 2 3 3 2 3 3 4 5 6 6 7 7 5 6 6 7 7 8 5 6 6 7 7 8 8 9 10 11 12 12 13 13 13 9 10 11 12 12 13 13 13 14 9 10 11 12 12 13 13 13 14 14 9 11 10 12 12 13 13 13 15 15 15 9 11 10 12 12 13 13 13 15 15 15 14 9 11 10 12 12 13 13 13 15 15 15 14 14
0 0 1 2 3 4 2 4 3 5 6 7 7 8 8 6 7 7 8 8 9 6 7 7 8 8 9 9 10 11 11 12 12 13 13 13 10 11 11 12 12 13 13 13 14 10 11 11 12 12 13 13 13 14 15 10 11 11 12 12 13 13 13 14 15 15 10 11 11 12 12 13 13 13 15 14 14 14 10 11 11 12 12 13 13 13 15 14 14 14 15
0 1 1 1 1 2 1 1 2 2 3 3 4 4 4 3 3 4 4 4 5 3 3 4 4 4 5 5 3 3 4 4 4 5 6 6 3 3 4 4 4 5 6 6 5 3 3 4 4 4 6 5 6 5 6 3 3 4 4 4 6 5 6 6 5 5 3 3 4 4 4 6 6 5 5 6 5 6 3 3 4 4 4 6 6 5 6 5 6 5 5
0 1 1 1 1 2 1 1 2 2 3 3 4 4 4 3 3 4 4 4 5 3 3 4 4 4 6 7 3 3 4 4 4 6 7 7 3 3 4 4 4 7 6 5 6 3 3 4 4 4 7 6 6 5 7 8 8 9 9 9 10 10 10 10 10 10 8 8 9 9 9 10 10 10 10 10 10 11 8 8 9 9 9 10 10 10 10 10 10 11 11
0 1 1 1 1 2 1 1 3 4 1 1 3 4 4 1 1 4 3 2 3 1 1 4 3 3 2 4 5 6 7 7 7 7 7 7 5 6 7 7 7 7 7 7 8 5 6 7 7 7 7 7 7 8 8 6 5 7 7 7 7 7 7 9 9 9 6 5 7 7 7 7 7 7 9 9 9 8 6 5 7 7 7 7 7 7 9 9 9 8 8
0 1 1 1 1 2 1 1 3 4 1 1 5 4 4 1 1 4 3 5 2 1 1 4 5 2 3 4 6 6 7 7 7 7 7 7 6 6 7 7 7 7 7 7 8 6 6 7 7 7 7 7 7 8 9 6 6 7 7 7 7 7 7 8 9 9 6 6 7 7 7 7 7 7 9 8 8 8 6 6 7 7 7 7 7 7 9 8 8 8 9
0 1 2 1 2 2 2 1 0 1 2 1 1 0 2 3 3 3 3 3 3 3 3 3 3 3 3 4 5 6 6 6 5 5 7 7 5 6 6 6 5 5 7 7 8 5 6 6 6 5 5 7 7 8 8 6 5 5 5 6 6 7 7 9 9 9 6 5 5 5 6 6 7 7 9 9 9 8 6 5 5 5 6 6 7 7 9 9 9 8 8
0 1 2 1 2 3 1 2 3 3 2 1 4 5 5 2 1 5 4 5 3 2 1 5 5 4 3 3 6 6 7 7 7 7 7 7 6 6 7 7 7 7 7 7 8 6 6 7 7 7 7 7 7 8 9 6 6 7 7 7 7 7 7 8 9 9 6 6 7 7 7 7 7 7 9 8 8 8 6 6 7 7 7 7 7 7 9 8 8 8 9
0 1 2 1 2 3 1 2 4 5 1 2 4 5 5 1 2 5 4 3 4 1 2 5 4 4 3 5 6 7 8 8 8 8 8 8 6 7 8 8 8 8 8 8 9 6 7 8 8 8 8 8 8 9 10 6 7 8 8 8 8 8 8 9 10 10 6 7 8 8 8 8 8 8 10 9 9 9 6 7 8 8 8 8 8 8 10 9 9 9 10
0 1 2 3 4 5 3 4 5 6 7 8 9 10 10 7 8 9 10 10 11 7 8 9 10 10 11 11 12 13 14 15 15 16 16 16 12 13 14 15 15 16 16 16 17 12 13 14 15 15 16 16 16 17 18 12 13 14 15 15 16 16 16 17 18 18 12 13 14 15 15 16 16 16 18 17 17 17 12 13 14 15 15 16 16 16 18 17 17 17 18
0 1 2 3 4 5 6 7 8 9 6 7 8 9 10 6 7 8 9 10 10 11 12 13 14 15 15 15 11 12 13 14 15 15 15 16 11 12 13 14 15 15 15 16 16 17 18 19 20 21 21 21 22 22 22 17 18 19 20 21 21 21 22 22 22 23 17 18 19 20 21 21 21 22 22 22 23 23 17 18 19 20 21 21 21 22 22 22 23 23 23
--- order 960 (x22) ---
0 0 0 0 0 0 0 0 0 0 1 1 1 1 1 1 1 1 1 1 2 1 1 1 1 1 3 3 1 1 1 1 1 3 3 2 4 5 5 5 5 6 6 6 6 5 4 5 5 5 6 6 6 6 7 5 5 4 5 5 6 6 6 6 7 7 5 5 5 4 5 6 6 6 6 7 7 7 5 5 5 5 4 6 6 6 6 7 7 7 7
0 0 1 0 2 2 0 2 2 1 3 4 5 4 5 3 4 5 5 4 6 3 5 4 4 5 6 7 3 5 4 5 4 7 6 6 8 9 9 9 9 10 10 10 10 8 9 9 9 9 10 10 10 10 11 8 9 9 9 9 10 10 10 10 11 11 8 9 9 9 9 10 10 10 10 11 11 11 8 9 9 9 9 10 10 10 10 11 11 11 11
0 0 1 0 2 2 0 2 2 1 3 4 5 6 6 3 6 6 4 5 7 3 6 6 5 4 7 8 3 5 4 6 6 8 7 7 9 10 10 10 10 11 11 11 11 9 10 10 10 10 11 11 11 11 12 9 10 10 10 10 11 11 11 11 12 12 9 10 10 10 10 11 11 11 11 12 12 12 9 10 10 10 10 11 11 11 11 12 12 12 12
0 0 1 0 2 3 0 3 2 1 4 5 5 5 5 4 5 5 5 5 6 4 5 5 5 5 6 7 4 5 5 5 5 7 6 7 4 5 5 5 5 7 7 6 6 8 9 9 9 9 10 10 10 10 10 8 9 9 9 9 10 10 10 10 10 11 8 9 9 9 9 10 10 10 10 10 11 11 8 9 9 9 9 10 10 10 10 10 11 11 11
0 0 1 0 2 3 0 3 2 1 4 5 6 6 5 4 5 6 6 5 7 4 6 5 5 6 8 9 4 6 5 5 6 9 8 7 10 11 11 11 11 12 12 12 12 10 11 11 11 11 12 12 12 12 13 10 11 11 11 11 12 12 12 12 13 13 10 11 11 11 11 12 12 12 12 13 13 13 10 11 11 11 11 12 12 12 12 13 13 13 13
0 0 1 0 2 3 0 4 3 5 0 6 5 3 3 0 5 6 4 2 1 0 3 2 6 1 4 3 0 3 4 1 6 2 3 5 7 8 8 8 8 8 8 8 8 7 8 8 8 8 8 8 8 8 9 7 8 8 8 8 8 8 8 8 9 9 7 8 8 8 8 8 8 8 8 9 9 9 7 8 8 8 8 8 8 8 8 9 9 9 9
0 0 1 0 2 3 0 4 5 6 0 7 6 5 3 0 6 7 4 2 1 0 5 4 7 1 2 3 0 3 2 1 7 4 5 6 8 9 9 9 9 9 9 9 9 8 9 9 9 9 9 9 9 9 10 8 9 9 9 9 9 9 9 9 10 10 8 9 9 9 9 9 9 9 9 10 10 10 8 9 9 9 9 9 9 9 9 10 10 10 10
0 0 1 1 0 0 2 3 3 2 2 3 3 2 4 2 3 3 2 4 4 2 3 3 2 4 4 4 2 3 3 2 4 4 4 4 3 2 2 3 5 6 6 6 6 3 2 2 3 6 5 6 6 6 4 3 2 2 3 6 6 5 6 6 4 4 3 2 2 3 6 6 6 5 6 4 4 4 3 2 2 3 6 6 6 6 5 4 4 4 4
0 0 1 2 3 3 2 3 3 4 2 3 3 4 5 2 3 3 5 4 5 2 3 3 5 5 4 4 6 7 7 8 8 8 8 8 6 7 7 8 8 8 8 8 9 6 7 7 8 8 8 8 8 10 10 6 7 7 8 8 8 8 8 10 10 9 6 7 7 8 8 8 8 8 10 10 10 10 6 7 7 8 8 8 8 8 10 10 10 10 9
0 0 1 2 3 3 2 3 3 4 5 6 6 7 7 5 6 6 7 7 8 5 6 6 7 7 8 9 5 6 6 7 7 9 8 9 5 6 6 7 7 9 9 8 8 10 11 11 12 12 13 13 13 13 13 10 11 11 12 12 13 13 13 13 13 14 10 11 11 12 12 13 13 13 13 13 14 14 10 11 11 12 12 13 13 13 13 13 14 14 14
0 0 1 2 3 3 2 3 3 4 5 6 7 8 8 5 6 7 8 8 9 5 7 6 8 8 10 11 5 7 6 8 8 11 10 9 12 13 13 14 14 15 15 15 15 12 13 13 14 14 15 15 15 15 16 12 13 13 14 14 15 15 15 15 16 16 12 13 13 14 14 15 15 15 15 16 16 16 12 13 13 14 14 15 15 15 15 16 16 16 16
0 0 1 2 3 3 4 5 5 6 7 8 9 10 11 7 8 9 10 11 12 7 9 8 10 11 13 13 7 9 8 10 11 13 13 12 14 15 15 16 17 18 18 18 18 14 15 15 16 17 18 18 18 18 19 14 15 15 16 17 18 18 18 18 19 19 14 15 15 16 17 18 18 18 18 19 19 19 14 15 15 16 17 18 18 18 18 19 19 19 19
0 0 1 2 3 4 2 4 3 5 6 7 7 8 8 6 7 7 8 8 9 6 7 7 8 8 10 11 6 7 7 8 8 11 10 9 12 13 13 14 14 15 15 15 15 12 13 13 14 14 15 15 15 15 16 12 13 13 14 14 15 15 15 15 16 16 12 13 13 14 14 15 15 15 15 16 16 16 12 13 13 14 14 15 15 15 15 16 16 16 16
0 0 1 2 3 4 2 4 3 5 6 7 7 8 8 6 7 7 8 8 9 10 11 11 12 12 13 13 10 11 11 12 12 13 13 14 15 16 16 17 17 18 18 19 19 15 16 16 17 17 18 18 19 19 20 15 16 16 17 17 18 18 19 19 20 20 15 16 16 17 17 18 18 19 19 20 20 20 15 16 16 17 17 18 18 19 19 20 20 20 20
0 0 1 2 3 4 2 4 3 5 6 7 8 9 10 6 7 8 9 10 11 6 8 7 10 9 12 12 6 8 7 10 9 12 12 11 13 14 14 15 15 16 16 16 16 13 14 14 15 15 16 16 16 16 17 13 14 14 15 15 16 16 16 16 17 17 13 14 14 15 15 16 16 16 16 17 17 17 13 14 14 15 15 16 16 16 16 17 17 17 17
0 1 1 1 1 0 2 2 2 2 2 2 2 2 3 2 2 2 2 3 4 2 2 2 2 3 4 4 2 2 2 2 4 3 4 4 2 2 2 2 4 3 4 4 4 2 2 2 2 4 4 3 4 3 4 2 2 2 2 4 4 3 4 4 3 4 2 2 2 2 4 4 4 3 3 4 4 3 2 2 2 2 4 4 4 3 4 3 3 4 4
0 1 1 1 1 2 1 1 2 3 1 1 3 2 3 1 1 3 3 2 2 4 4 5 5 5 5 5 4 4 5 5 5 5 5 6 4 4 5 5 5 5 5 7 7 4 4 5 5 5 5 5 7 7 6 8 8 9 9 9 9 9 10 10 10 10 8 8 9 9 9 9 9 10 10 10 10 11 8 8 9 9 9 9 9 10 10 10 10 11 11
0 1 1 1 1 2 3 3 4 4 3 3 4 4 5 3 3 4 4 6 7 3 3 4 4 6 7 7 3 3 4 4 6 7 7 7 3 3 4 4 6 7 7 7 7 3 3 4 4 7 6 5 6 6 6 3 3 4 4 7 6 6 5 6 6 7 3 3 4 4 7 6 6 6 5 6 7 7 3 3 4 4 7 6 6 6 6 5 7 7 7
0 1 2 2 1 0 3 3 3 3 3 3 3 3 4 3 3 3 3 5 6 3 3 3 3 5 6 6 3 3 3 3 5 6 6 6 3 3 3 3 5 6 6 6 6 3 3 3 3 6 5 4 5 5 5 3 3 3 3 6 5 5 4 5 5 6 3 3 3 3 6 5 5 5 4 5 6 6 3 3 3 3 6 5 5 5 5 4 6 6 6
0 1 2 3 4 5 3 4 5 6 7 8 9 10 10 7 8 9 10 10 11 7 8 9 10 10 12 13 7 8 9 10 10 13 12 11 14 15 16 17 17 18 18 18 18 14 15 16 17 17 18 18 18 18 19 14 15 16 17 17 18 18 18 18 19 19 14 15 16 17 17 18 18 18 18 19 19 19 14 15 16 17 17 18 18 18 18 19 19 19 19
0 1 2 3 4 5 3 4 5 6 7 8 9 10 10 7 8 9 10 10 11 12 13 14 15 15 16 16 12 13 14 15 15 16 16 17 18 19 20 21 21 22 22 23 23 18 19 20 21 21 22 22 23 23 24 18 19 20 21 21 22 22 23 23 24 24 18 19 20 21 21 22 22 23 23 24 24 24 18 19 20 21 21 22 22 23 23 24 24 24 24
0 1 2 3 4 5 6 7 8 9 10 11 12 13 14 10 11 12 13 14 15 10 11 12 13 14 16 16 10 11 12 13 14 16 16 15 17 18 19 20 21 22 22 22 22 17 18 19 20 21 22 22 22 22 23 17 18 19 20 21 22 22 22 22 23 23 17 18 19 20 21 22 22 22 22 23 23 23 17 18 19 20 21 22 22 22 22 23 23 23 23
--- order 1008 (x1) ---
0 0 1 0 1 2 0 3 3 2 0 3 2 3 1 0 2 1 3 2 1 0 2 3 1 1 2 3 4 5 5 5 5 5 5 5 4 5 5 5 5 5 5 5 6 4 5 5 5 5 5 5 5 6 7 4 5 5 5 5 5 5 5 6 7 7 4 5 5 5 5 5 5 5 7 6 6 6 4 5 5 5 5 5 5 5 7 6 6 6 7
--- order 1024 (x8) ---
0 0 1 1 0 0 2 3 3 2 2 3 3 2 4 2 3 3 2 5 5 2 3 3 2 5 5 4 3 2 2 3 6 6 6 6 3 2 2 3 6 6 6 6 4 3 2 2 3 6 6 6 6 5 5 3 2 2 3 6 6 6 6 5 5 4 7 7 7 7 8 8 8 8 8 8 8 8 7 7 7 7 8 8 8 8 8 8 8 8 9
0 1 1 1 1 2 1 1 2 3 1 1 4 5 5 1 1 4 5 5 3 1 1 3 2 2 4 4 1 1 5 4 4 2 2 5 1 1 5 4 4 2 2 5 3 6 6 7 7 7 7 7 7 7 7 6 6 7 7 7 7 7 7 7 7 8 6 6 7 7 7 7 7 7 7 7 9 9 6 6 7 7 7 7 7 7 7 7 9 9 8
0 1 1 1 1 2 1 1 3 3 1 1 3 3 2 1 1 4 4 4 4 1 1 4 4 4 4 2 1 1 4 4 4 4 3 3 1 1 4 4 4 4 3 3 2 5 5 6 6 6 6 6 6 6 6 5 5 6 6 6 6 6 6 6 6 7 5 5 6 6 6 6 6 6 6 6 8 9 5 5 6 6 6 6 6 6 6 6 9 8 7
0 1 1 1 1 2 1 1 3 3 1 1 3 3 2 1 1 4 4 4 4 1 1 4 4 4 4 2 1 1 4 4 4 4 3 3 1 1 4 4 4 4 3 3 2 5 6 7 7 7 7 7 7 7 7 5 6 7 7 7 7 7 7 7 7 8 6 5 7 7 7 7 7 7 7 7 9 9 6 5 7 7 7 7 7 7 7 7 9 9 8
0 1 1 1 1 2 1 1 3 3 1 1 3 3 2 4 4 5 5 5 5 4 4 5 5 5 5 6 4 4 5 5 5 5 7 7 4 4 5 5 5 5 7 7 6 8 8 9 9 9 9 10 10 10 10 8 8 9 9 9 9 10 10 10 10 11 8 8 9 9 9 9 10 10 10 10 12 12 8 8 9 9 9 9 10 10 10 10 12 12 11
0 1 1 1 1 2 3 3 4 4 3 3 4 4 5 3 3 4 4 6 6 3 3 4 4 6 6 5 3 3 4 4 7 7 7 7 3 3 4 4 7 7 7 7 5 3 3 4 4 7 7 7 7 6 6 3 3 4 4 7 7 7 7 6 6 5 8 8 9 9 10 10 10 10 10 10 10 10 8 8 9 9 10 10 10 10 10 10 10 10 11
0 1 2 1 2 3 1 2 4 4 1 2 4 4 3 1 2 5 5 5 5 1 2 5 5 5 5 3 1 2 5 5 5 5 4 4 1 2 5 5 5 5 4 4 3 6 7 8 8 8 8 8 8 8 8 6 7 8 8 8 8 8 8 8 8 9 6 7 8 8 8 8 8 8 8 8 10 10 6 7 8 8 8 8 8 8 8 8 10 10 9
0 1 2 1 2 3 1 2 4 4 1 2 4 4 3 2 1 5 5 5 5 2 1 5 5 5 5 3 2 1 5 5 5 5 4 4 2 1 5 5 5 5 4 4 3 6 6 7 7 7 7 7 7 7 7 6 6 7 7 7 7 7 7 7 7 8 6 6 7 7 7 7 7 7 7 7 9 9 6 6 7 7 7 7 7 7 7 7 9 9 8
--- order 1152 (x45) ---
0 0 0 0 0 0 1 1 1 1 1 1 1 1 2 1 1 1 1 3 3 1 1 1 1 3 3 2 1 1 1 1 3 3 3 3 1 1 1 1 3 3 3 3 2 4 5 5 5 6 6 6 6 6 6 5 4 5 5 6 6 6 6 6 6 7 5 5 4 5 6 6 6 6 6 6 7 7 5 5 5 4 6 6 6 6 6 6 7 7 7
0 0 0 0 0 0 1 1 1 1 1 1 1 1 2 3 4 4 4 5 5 4 3 4 4 5 5 6 4 4 3 4 5 5 6 6 4 4 4 3 5 5 6 6 6 7 7 7 7 8 8 9 9 9 9 7 7 7 7 8 8 9 9 9 9 10 7 7 7 7 8 8 9 9 9 9 10 10 7 7 7 7 8 8 9 9 9 9 10 10 10
0 0 0 1 1 1 1 1 1 2 1 1 1 3 3 1 1 1 3 3 2 4 5 5 6 6 6 6 5 4 5 6 6 6 6 7 5 5 4 6 6 6 6 7 7 8 8 8 9 9 9 9 10 10 10 8 8 8 9 9 9 9 10 10 10 11 8 8 8 9 9 9 9 10 10 10 11 11 8 8 8 9 9 9 9 10 10 10 11 11 11
0 0 0 1 2 3 2 3 1 4 3 1 2 4 4 5 5 5 6 6 6 5 5 5 6 6 6 7 5 5 5 6 6 6 8 8 5 5 5 6 6 6 8 8 7 5 5 5 6 6 6 8 8 8 8 5 5 5 6 6 6 8 8 8 8 7 5 5 5 6 6 6 8 8 8 8 8 8 5 5 5 6 6 6 8 8 8 8 8 8 7
0 0 1 0 1 1 2 3 4 4 2 3 4 4 5 2 4 3 4 6 6 2 4 3 4 6 6 5 2 4 4 3 6 6 6 6 2 4 4 3 6 6 6 6 5 7 8 8 8 9 9 9 9 9 9 7 8 8 8 9 9 9 9 9 9 10 7 8 8 8 9 9 9 9 9 9 10 10 7 8 8 8 9 9 9 9 9 9 10 10 10
0 0 1 0 2 3 0 3 2 1 1 0 0 0 0 2 0 0 0 0 3 3 0 0 0 0 2 1 4 5 5 5 5 4 4 4 4 5 5 5 5 4 4 4 6 4 5 5 5 5 4 4 4 6 6 5 4 4 4 4 5 5 5 7 7 7 5 4 4 4 4 5 5 5 7 7 7 6 5 4 4 4 4 5 5 5 7 7 7 6 6
0 0 1 0 2 3 0 3 2 1 4 5 5 5 5 4 5 5 5 5 6 4 5 5 5 5 6 6 7 8 8 8 8 9 9 9 7 8 8 8 8 9 9 9 10 7 8 8 8 8 9 9 9 11 11 7 8 8 8 8 9 9 9 11 11 10 7 8 8 8 8 9 9 9 11 11 11 11 7 8 8 8 8 9 9 9 11 11 11 11 10
0 0 1 1 0 0 2 2 2 2 2 2 2 2 3 2 2 2 2 4 5 2 2 2 2 5 4 3 6 7 7 6 8 8 8 8 6 7 7 6 8 8 8 8 9 6 7 7 6 8 8 8 8 9 9 7 6 6 7 8 8 8 8 10 10 10 7 6 6 7 8 8 8 8 10 10 10 9 7 6 6 7 8 8 8 8 10 10 10 9 9
0 0 1 1 0 0 2 2 2 2 2 2 2 2 3 4 4 4 4 5 5 4 4 4 4 5 5 6 7 8 8 7 9 9 10 10 7 8 8 7 9 9 10 10 11 7 8 8 7 9 9 10 10 11 11 8 7 7 8 9 9 10 10 12 12 12 8 7 7 8 9 9 10 10 12 12 12 11 8 7 7 8 9 9 10 10 12 12 12 11 11
0 0 1 1 0 0 2 3 3 2 2 3 3 2 4 2 3 3 2 4 4 3 2 2 3 5 6 6 3 2 2 3 6 5 6 4 3 2 2 3 6 6 5 4 4 7 7 7 7 8 8 8 8 8 8 7 7 7 7 8 8 8 8 8 8 9 7 7 7 7 8 8 8 8 8 8 9 9 7 7 7 7 8 8 8 8 8 8 9 9 9
0 0 1 1 0 0 2 3 3 2 2 3 3 2 4 3 2 2 3 5 5 3 2 2 3 5 5 4 6 6 6 6 7 7 7 7 6 6 6 6 7 7 7 7 8 6 6 6 6 7 7 7 7 8 8 9 9 9 9 10 10 10 10 11 11 11 9 9 9 9 10 10 10 10 11 11 11 12 9 9 9 9 10 10 10 10 11 11 11 12 12
0 0 1 1 0 0 2 3 3 2 2 3 3 2 4 3 2 2 3 5 5 3 2 2 3 5 5 4 6 7 7 6 8 8 9 9 6 7 7 6 8 8 9 9 10 6 7 7 6 8 8 9 9 10 10 7 6 6 7 9 9 8 8 11 11 11 7 6 6 7 9 9 8 8 11 11 11 10 7 6 6 7 9 9 8 8 11 11 11 10 10
0 0 1 2 3 1 2 1 3 1 3 2 2 0 0 1 0 2 2 0 1 1 2 0 0 2 1 3 4 4 4 4 4 4 4 4 4 4 4 4 4 4 4 4 5 4 4 4 4 4 4 4 4 5 6 4 4 4 4 4 4 4 4 5 6 6 4 4 4 4 4 4 4 4 6 5 5 5 4 4 4 4 4 4 4 4 6 5 5 5 6
0 0 1 2 3 3 2 3 3 4 2 3 3 5 6 2 3 3 6 5 4 7 8 8 9 9 9 9 7 8 8 9 9 9 9 10 7 8 8 9 9 9 9 10 10 11 12 12 13 13 13 13 14 14 14 11 12 12 13 13 13 13 14 14 14 15 11 12 12 13 13 13 13 14 14 14 15 15 11 12 12 13 13 13 13 14 14 14 15 15 15
0 0 1 2 3 3 2 3 3 4 5 6 6 7 7 5 6 6 7 7 8 5 6 6 7 7 8 8 9 10 10 11 11 12 12 12 9 10 10 11 11 12 12 12 13 9 10 10 11 11 12 12 12 14 14 9 10 10 11 11 12 12 12 14 14 13 9 10 10 11 11 12 12 12 14 14 14 14 9 10 10 11 11 12 12 12 14 14 14 14 13
0 0 1 2 3 3 2 3 3 4 5 6 6 7 7 5 6 6 7 7 8 9 10 10 11 11 12 12 9 10 10 11 11 12 12 13 9 10 10 11 11 12 12 13 13 14 15 15 16 16 17 17 18 18 18 14 15 15 16 16 17 17 18 18 18 19 14 15 15 16 16 17 17 18 18 18 19 19 14 15 15 16 16 17 17 18 18 18 19 19 19
0 0 1 2 3 3 4 5 5 6 7 8 8 9 10 11 12 13 14 15 16 11 12 13 14 15 16 17 11 12 13 14 15 16 17 17 11 12 13 14 15 16 17 17 17 11 13 12 14 15 16 18 18 18 18 11 13 12 14 15 16 18 18 18 18 17 11 13 12 14 15 16 18 18 18 18 17 17 11 13 12 14 15 16 18 18 18 18 17 17 17
0 0 1 2 3 3 4 5 6 7 4 6 5 7 8 9 10 10 11 12 12 9 10 10 11 12 12 13 9 10 10 11 12 12 13 13 9 10 10 11 12 12 13 13 13 14 15 15 16 17 17 18 18 18 18 14 15 15 16 17 17 18 18 18 18 19 14 15 15 16 17 17 18 18 18 18 19 19 14 15 15 16 17 17 18 18 18 18 19 19 19
0 0 1 2 3 4 2 3 4 5 2 4 3 6 6 2 4 3 6 6 5 7 8 8 9 9 9 9 7 8 8 9 9 9 9 10 7 8 8 9 9 9 9 10 10 11 12 12 13 13 13 13 14 14 14 11 12 12 13 13 13 13 14 14 14 15 11 12 12 13 13 13 13 14 14 14 15 15 11 12 12 13 13 13 13 14 14 14 15 15 15
0 0 1 2 3 4 2 4 3 5 6 7 7 8 8 9 10 11 12 13 14 9 10 11 12 13 14 15 9 10 11 12 13 14 15 15 9 10 11 12 13 14 15 15 15 9 11 10 13 12 14 16 16 16 16 9 11 10 13 12 14 16 16 16 16 15 9 11 10 13 12 14 16 16 16 16 15 15 9 11 10 13 12 14 16 16 16 16 15 15 15
0 1 1 1 1 0 2 2 2 2 2 2 2 2 3 2 2 2 2 4 5 2 2 2 2 6 5 5 2 2 2 2 5 4 6 3 2 2 2 2 5 6 3 4 5 7 7 7 7 8 8 8 8 8 8 7 7 7 7 8 8 8 8 8 8 9 7 7 7 7 8 8 8 8 8 8 9 9 7 7 7 7 8 8 8 8 8 8 9 9 9
0 1 1 1 1 2 1 1 3 4 1 1 3 4 4 1 1 4 3 2 3 1 1 4 3 3 2 4 5 5 6 6 6 6 6 6 5 5 6 6 6 6 6 6 7 5 5 6 6 6 6 6 6 8 8 5 5 6 6 6 6 6 6 8 8 7 5 5 6 6 6 6 6 6 8 8 8 8 5 5 6 6 6 6 6 6 8 8 8 8 7
0 1 1 1 1 2 3 3 4 4 3 3 4 4 5 3 3 4 4 6 6 3 3 4 4 6 6 5 7 7 8 8 9 9 9 9 7 7 8 8 9 9 9 9 10 7 7 8 8 9 9 9 9 10 10 11 11 12 12 13 13 13 13 14 14 14 11 11 12 12 13 13 13 13 14 14 14 15 11 11 12 12 13 13 13 13 14 14 14 15 15
0 1 1 1 1 2 3 3 4 4 3 3 4 4 5 3 3 4 4 6 6 3 3 4 4 6 6 5 7 8 9 9 10 10 10 10 7 8 9 9 10 10 10 10 11 7 8 9 9 10 10 10 10 11 11 8 7 9 9 10 10 10 10 12 12 12 8 7 9 9 10 10 10 10 12 12 12 11 8 7 9 9 10 10 10 10 12 12 12 11 11
0 1 1 1 1 2 3 3 4 4 3 3 4 4 5 3 3 4 4 6 7 3 3 4 4 6 7 7 3 3 4 4 7 6 5 6 3 3 4 4 7 6 6 5 7 8 8 9 9 10 10 10 10 10 10 8 8 9 9 10 10 10 10 10 10 11 8 8 9 9 10 10 10 10 10 10 11 11 8 8 9 9 10 10 10 10 10 10 11 11 11
0 1 1 1 1 2 3 3 4 4 3 3 4 4 5 3 3 4 4 6 7 3 3 4 4 7 6 5 8 8 9 9 10 10 10 10 8 8 9 9 10 10 10 10 11 8 8 9 9 10 10 10 10 11 12 8 8 9 9 10 10 10 10 11 12 12 8 8 9 9 10 10 10 10 12 11 11 11 8 8 9 9 10 10 10 10 12 11 11 11 12
0 1 1 1 1 2 3 3 4 4 3 3 4 4 5 6 6 7 7 8 8 6 6 7 7 8 8 9 10 10 11 11 12 12 13 13 10 10 11 11 12 12 13 13 14 10 10 11 11 12 12 13 13 14 15 10 10 11 11 12 12 13 13 14 15 15 10 10 11 11 12 12 13 13 15 14 14 14 10 10 11 11 12 12 13 13 15 14 14 14 15
0 1 1 1 1 2 3 4 5 5 3 4 5 5 6 4 3 5 5 7 7 4 3 5 5 7 7 6 8 8 9 9 10 10 10 10 8 8 9 9 10 10 10 10 11 8 8 9 9 10 10 10 10 11 12 8 8 9 9 10 10 10 10 11 12 12 8 8 9 9 10 10 10 10 12 11 11 11 8 8 9 9 10 10 10 10 12 11 11 11 12
0 1 2 1 2 3 1 2 3 3 1 2 3 3 3 2 1 4 5 5 5 2 1 5 4 5 5 3 2 1 5 5 4 5 3 3 2 1 5 5 5 4 3 3 3 6 6 7 7 7 7 7 7 7 7 6 6 7 7 7 7 7 7 7 7 8 6 6 7 7 7 7 7 7 7 7 8 8 6 6 7 7 7 7 7 7 7 7 8 8 8
0 1 2 1 2 3 1 2 4 5 1 2 4 5 5 1 2 4 5 5 5 1 2 5 4 3 4 4 1 2 5 4 4 3 4 5 1 2 5 4 4 4 3 5 5 6 7 8 8 8 8 8 8 8 8 6 7 8 8 8 8 8 8 8 8 9 6 7 8 8 8 8 8 8 8 8 9 9 6 7 8 8 8 8 8 8 8 8 9 9 9
0 1 2 1 2 3 4 3 2 2 3 4 1 1 0 2 1 0 4 1 2 2 1 4 0 1 2 3 5 5 5 5 5 5 5 5 5 5 5 5 5 5 5 5 6 5 5 5 5 5 5 5 5 6 7 5 5 5 5 5 5 5 5 6 7 7 5 5 5 5 5 5 5 5 7 6 6 6 5 5 5 5 5 5 5 5 7 6 6 6 7
0 1 2 1 2 3 4 5 6 6 4 5 6 6 7 4 5 6 6 8 8 4 5 6 6 8 8 7 9 10 11 11 12 12 12 12 9 10 11 11 12 12 12 12 13 9 10 11 11 12 12 12 12 13 14 9 10 11 11 12 12 12 12 13 14 14 9 10 11 11 12 12 12 12 14 13 13 13 9 10 11 11 12 12 12 12 14 13 13 13 14
0 1 2 2 1 0 3 3 3 3 3 3 3 3 0 3 3 3 3 1 2 3 3 3 3 2 1 0 4 4 4 4 4 4 4 4 4 4 4 4 4 4 4 4 5 4 4 4 4 4 4 4 4 5 5 6 6 6 6 6 6 6 6 7 7 7 6 6 6 6 6 6 6 6 7 7 7 8 6 6 6 6 6 6 6 6 7 7 7 8 8
0 1 2 2 1 0 3 3 3 3 3 3 3 3 4 3 3 3 3 5 5 3 3 3 3 5 5 4 6 6 6 6 7 7 7 7 6 6 6 6 7 7 7 7 8 6 6 6 6 7 7 7 7 8 8 9 9 9 9 10 10 10 10 11 11 11 9 9 9 9 10 10 10 10 11 11 11 12 9 9 9 9 10 10 10 10 11 11 11 12 12
0 1 2 2 1 0 3 3 3 3 3 3 3 3 4 3 3 3 3 5 5 3 3 3 3 5 5 4 6 7 7 6 8 8 8 8 6 7 7 6 8 8 8 8 9 6 7 7 6 8 8 8 8 9 9 7 6 6 7 8 8 8 8 10 10 10 7 6 6 7 8 8 8 8 10 10 10 9 7 6 6 7 8 8 8 8 10 10 10 9 9
0 1 2 2 1 0 3 3 3 3 3 3 3 3 4 3 3 3 3 5 6 3 3 3 3 5 6 6 3 3 3 3 6 5 4 5 3 3 3 3 6 5 5 4 6 7 7 7 7 8 8 8 8 8 8 7 7 7 7 8 8 8 8 8 8 9 7 7 7 7 8 8 8 8 8 8 9 9 7 7 7 7 8 8 8 8 8 8 9 9 9
0 1 2 2 1 0 3 3 3 3 3 3 3 3 4 3 3 3 3 5 6 3 3 3 3 6 5 4 7 7 7 7 8 8 8 8 7 7 7 7 8 8 8 8 9 7 7 7 7 8 8 8 8 9 10 7 7 7 7 8 8 8 8 9 10 10 7 7 7 7 8 8 8 8 10 9 9 9 7 7 7 7 8 8 8 8 10 9 9 9 10
0 1 2 2 1 0 3 4 4 3 3 4 4 3 5 4 3 3 4 6 6 4 3 3 4 6 6 5 7 7 7 7 8 8 8 8 7 7 7 7 8 8 8 8 9 7 7 7 7 8 8 8 8 9 10 7 7 7 7 8 8 8 8 9 10 10 7 7 7 7 8 8 8 8 10 9 9 9 7 7 7 7 8 8 8 8 10 9 9 9 10
0 1 2 2 1 3 4 4 5 5 4 4 5 5 6 4 4 5 5 7 7 4 4 5 5 7 7 6 8 8 9 9 10 10 10 10 8 8 9 9 10 10 10 10 11 8 8 9 9 10 10 10 10 11 12 8 8 9 9 10 10 10 10 11 12 12 8 8 9 9 10 10 10 10 12 11 11 11 8 8 9 9 10 10 10 10 12 11 11 11 12
0 1 2 2 1 3 4 5 6 7 5 4 7 6 8 9 9 10 10 11 11 9 9 10 10 11 11 12 9 9 10 10 11 11 12 12 9 9 10 10 11 11 12 12 12 13 13 14 14 15 15 16 16 16 16 13 13 14 14 15 15 16 16 16 16 17 13 13 14 14 15 15 16 16 16 16 17 17 13 13 14 14 15 15 16 16 16 16 17 17 17
0 1 2 2 1 3 4 5 6 7 5 4 7 6 8 9 10 11 12 13 14 9 10 11 12 13 14 15 9 10 11 12 13 14 15 15 9 10 11 12 13 14 15 15 15 10 9 12 11 14 13 16 16 16 16 10 9 12 11 14 13 16 16 16 16 15 10 9 12 11 14 13 16 16 16 16 15 15 10 9 12 11 14 13 16 16 16 16 15 15 15
0 1 2 3 4 5 3 4 5 6 3 4 5 7 7 3 4 5 7 7 6 8 9 10 11 11 11 11 8 9 10 11 11 11 11 12 8 9 10 11 11 11 11 12 12 13 14 15 16 16 16 16 17 17 17 13 14 15 16 16 16 16 17 17 17 18 13 14 15 16 16 16 16 17 17 17 18 18 13 14 15 16 16 16 16 17 17 17 18 18 18
0 1 2 3 4 5 6 7 8 9 6 7 8 9 10 6 7 8 9 11 11 6 7 8 9 11 11 10 6 7 8 9 11 11 11 11 6 7 8 9 11 11 11 11 10 12 13 14 15 16 16 16 16 16 16 12 13 14 15 16 16 16 16 16 16 17 12 13 14 15 16 16 16 16 16 16 17 17 12 13 14 15 16 16 16 16 16 16 17 17 17
0 1 2 3 4 5 6 7 8 9 6 7 8 9 10 11 12 13 14 15 15 11 12 13 14 15 15 16 11 12 13 14 15 15 16 16 11 12 13 14 15 15 16 16 16 17 18 19 20 21 21 22 22 22 22 17 18 19 20 21 21 22 22 22 22 23 17 18 19 20 21 21 22 22 22 22 23 23 17 18 19 20 21 21 22 22 22 22 23 23 23
0 1 2 3 4 5 6 7 8 9 10 11 12 13 14 15 16 17 18 19 20 15 16 17 18 19 20 21 15 16 17 18 19 20 21 22 15 16 17 18 19 20 21 22 22 15 16 17 18 19 20 21 22 22 22 15 16 17 18 19 20 22 21 21 21 21 15 16 17 18 19 20 22 21 21 21 21 22 15 16 17 18 19 20 22 21 21 21 21 22 22
--- order 1200 (x2) ---
0 0 1 0 1 2 0 2 1 2 0 2 2 1 1 0 3 3 3 3 3 0 3 3 3 3 3 1 0 3 3 3 3 3 1 2 0 3 3 3 3 3 2 1 2 0 3 3 3 3 3 2 2 1 1 4 5 5 5 5 5 5 5 5 5 5 4 5 5 5 5 5 5 5 5 5 5 6 4 5 5 5 5 5 5 5 5 5 5 6 6
0 1 2 3 4 5 6 7 8 9 6 7 8 9 10 6 7 8 9 10 11 6 7 8 9 11 10 11 6 7 8 9 11 11 10 10 12 13 14 15 16 16 16 16 16 12 13 14 15 16 16 16 16 16 17 12 13 14 15 16 16 16 16 16 17 17 12 13 14 15 16 16 16 16 16 17 17 17 12 13 14 15 16 16 16 16 16 17 17 17 17
--- order 1280 (x3) ---
0 0 1 0 2 2 0 2 2 1 0 3 3 3 3 0 3 3 3 3 1 0 3 3 3 3 2 2 0 3 3 3 3 2 2 1 4 5 5 5 5 5 5 5 5 4 5 5 5 5 5 5 5 5 6 4 5 5 5 5 5 5 5 5 6 7 4 5 5 5 5 5 5 5 5 7 6 7 4 5 5 5 5 5 5 5 5 7 7 6 6
0 1 1 1 1 0 1 1 2 2 1 1 2 2 0 2 2 1 1 2 2 2 2 1 1 2 2 0 2 2 2 2 1 1 1 1 2 2 2 2 1 1 1 1 0 3 3 3 3 3 3 3 3 3 3 3 3 3 3 3 3 3 3 3 3 4 3 3 3 3 3 3 3 3 3 3 5 6 3 3 3 3 3 3 3 3 3 3 6 5 4
0 1 1 1 1 2 1 1 3 3 1 1 3 3 2 1 1 3 3 4 4 1 1 3 3 4 4 2 1 1 4 4 3 3 4 4 1 1 4 4 3 3 4 4 2 1 1 4 4 4 4 3 3 3 3 1 1 4 4 4 4 3 3 3 3 2 5 5 6 6 6 6 6 6 6 6 6 6 5 5 6 6 6 6 6 6 6 6 6 6 7
--- order 1296 (x4) ---
0 0 0 1 1 1 1 1 1 2 3 4 5 6 6 3 4 5 6 6 7 3 4 5 6 6 7 7 4 5 3 6 6 8 8 8 4 5 3 6 6 8 8 8 7 4 5 3 6 6 8 8 8 7 7 5 3 4 6 6 8 8 8 8 8 8 5 3 4 6 6 8 8 8 8 8 8 7 5 3 4 6 6 8 8 8 8 8 8 7 7
0 0 1 0 1 1 2 3 3 3 4 5 6 6 7 4 5 6 6 7 8 4 5 6 6 7 8 8 4 6 5 6 7 9 9 9 4 6 5 6 7 9 9 9 8 4 6 5 6 7 9 9 9 8 8 4 6 6 5 7 9 9 9 9 9 9 4 6 6 5 7 9 9 9 9 9 9 8 4 6 6 5 7 9 9 9 9 9 9 8 8
0 1 2 1 2 3 1 2 3 3 4 5 6 6 6 4 5 6 6 6 7 4 5 6 6 6 7 7 8 9 10 10 10 11 11 11 8 9 10 10 10 11 11 11 12 8 9 10 10 10 11 11 11 12 12 13 14 15 15 15 16 16 16 17 17 17 13 14 15 15 15 16 16 16 17 17 17 18 13 14 15 15 15 16 16 16 17 17 17 18 18
0 1 2 3 4 5 6 7 8 9 10 11 12 13 14 10 11 12 13 14 15 10 11 12 13 14 15 15 10 11 12 13 14 16 16 16 10 11 12 13 14 16 16 16 15 10 11 12 13 14 16 16 16 15 15 10 11 12 13 14 16 16 16 16 16 16 10 11 12 13 14 16 16 16 16 16 16 15 10 11 12 13 14 16 16 16 16 16 16 15 15
--- order 1440 (x18) ---
0 0 0 0 0 0 0 0 0 0 0 0 0 0 0 1 1 1 1 1 1 1 1 1 1 1 1 2 3 4 4 4 4 4 5 5 4 3 4 4 4 4 5 5 6 4 4 3 4 4 4 5 5 6 6 4 4 4 3 4 4 5 5 6 6 6 4 4 4 4 3 4 5 5 6 6 6 6 4 4 4 4 4 3 5 5 6 6 6 6 6
0 0 0 1 2 2 1 2 2 3 2 1 2 4 5 2 1 2 5 4 3 2 2 1 4 5 5 4 2 2 1 5 4 4 5 3 6 6 6 7 7 7 7 7 7 6 6 6 7 7 7 7 7 7 8 6 6 6 7 7 7 7 7 7 8 8 6 6 6 7 7 7 7 7 7 8 8 8 6 6 6 7 7 7 7 7 7 8 8 8 8
0 0 1 0 1 1 2 3 3 3 2 3 3 3 4 2 3 3 3 5 6 2 3 3 3 5 6 6 2 3 3 3 5 6 6 6 2 3 3 3 5 6 6 6 6 2 3 3 3 6 5 4 5 5 5 2 3 3 3 6 5 5 4 5 5 6 2 3 3 3 6 5 5 5 4 5 6 6 2 3 3 3 6 5 5 5 5 4 6 6 6
0 0 1 0 1 1 2 3 3 3 2 3 3 3 4 5 6 7 7 8 8 5 7 6 7 8 8 9 5 7 7 6 8 8 9 9 10 11 11 11 12 12 13 13 13 10 11 11 11 12 12 13 13 13 14 10 11 11 11 12 12 13 13 13 14 14 10 11 11 11 12 12 13 13 13 14 14 14 10 11 11 11 12 12 13 13 13 14 14 14 14
0 0 1 2 3 3 2 3 3 4 2 3 3 4 5 2 3 3 5 4 5 2 3 3 5 5 4 4 6 7 7 8 8 8 8 8 6 7 7 8 8 8 8 8 9 6 7 7 8 8 8 8 8 9 10 6 7 7 8 8 8 8 8 9 10 10 6 7 7 8 8 8 8 8 10 9 9 9 6 7 7 8 8 8 8 8 10 9 9 9 10
0 0 1 2 3 3 2 3 3 4 2 3 3 5 6 2 3 3 7 6 6 2 3 3 6 5 7 4 2 3 3 6 7 4 5 6 8 9 9 10 10 10 10 10 10 8 9 9 10 10 10 10 10 10 11 8 9 9 10 10 10 10 10 10 11 11 8 9 9 10 10 10 10 10 10 11 11 11 8 9 9 10 10 10 10 10 10 11 11 11 11
0 0 1 2 3 3 4 5 5 6 7 8 8 9 10 11 12 13 14 15 16 11 13 12 14 15 16 17 18 19 19 20 21 22 23 23 18 19 19 20 21 22 23 23 24 18 19 19 20 21 22 23 23 24 24 18 19 19 20 21 22 23 23 24 24 24 18 19 19 20 21 22 23 23 24 24 24 24 18 19 19 20 21 22 23 23 24 24 24 24 24
0 0 1 2 3 3 4 5 6 7 4 6 5 7 8 9 10 10 11 12 12 9 10 10 11 12 12 13 9 10 10 11 12 12 13 13 14 15 15 16 17 17 18 18 18 14 15 15 16 17 17 18 18 18 19 14 15 15 16 17 17 18 18 18 19 19 14 15 15 16 17 17 18 18 18 19 19 19 14 15 15 16 17 17 18 18 18 19 19 19 19
0 0 1 2 3 4 2 3 4 5 2 3 4 5 5 2 4 3 6 7 7 2 4 3 7 6 7 5 2 4 3 7 7 6 5 5 8 9 9 10 10 10 10 10 10 8 9 9 10 10 10 10 10 10 11 8 9 9 10 10 10 10 10 10 11 11 8 9 9 10 10 10 10 10 10 11 11 11 8 9 9 10 10 10 10 10 10 11 11 11 11
0 0 1 2 3 4 2 4 3 5 6 7 7 8 8 9 10 11 12 13 14 9 11 10 13 12 14 15 16 17 17 18 18 19 20 20 16 17 17 18 18 19 20 20 21 16 17 17 18 18 19 20 20 21 21 16 17 17 18 18 19 20 20 21 21 21 16 17 17 18 18 19 20 20 21 21 21 21 16 17 17 18 18 19 20 20 21 21 21 21 21
0 1 2 1 2 3 1 2 3 3 1 2 3 3 3 1 2 3 3 3 3 1 2 3 3 3 3 3 2 1 4 5 5 5 5 5 2 1 5 4 5 5 5 5 3 2 1 5 5 4 5 5 5 3 3 2 1 5 5 5 4 5 5 3 3 3 2 1 5 5 5 5 4 5 3 3 3 3 2 1 5 5 5 5 5 4 3 3 3 3 3
0 1 2 1 2 3 1 2 3 4 1 2 4 3 4 1 2 4 4 3 3 5 6 7 7 7 7 7 5 6 7 7 7 7 7 8 5 6 7 7 7 7 7 8 8 9 10 11 11 11 11 11 12 12 12 9 10 11 11 11 11 11 12 12 12 13 9 10 11 11 11 11 11 12 12 12 13 13 9 10 11 11 11 11 11 12 12 12 13 13 13
0 1 2 1 2 3 1 2 4 5 1 2 4 5 5 1 2 4 5 5 5 1 2 4 5 5 5 5 1 2 4 5 5 5 5 5 1 2 5 4 3 4 4 4 4 1 2 5 4 4 3 4 4 4 5 1 2 5 4 4 4 3 4 4 5 5 1 2 5 4 4 4 4 3 4 5 5 5 1 2 5 4 4 4 4 4 3 5 5 5 5
0 1 2 2 1 3 4 5 6 7 5 4 7 6 8 9 9 10 10 11 11 9 9 10 10 11 11 12 9 9 10 10 11 11 12 12 13 13 14 14 15 15 16 16 16 13 13 14 14 15 15 16 16 16 17 13 13 14 14 15 15 16 16 16 17 17 13 13 14 14 15 15 16 16 16 17 17 17 13 13 14 14 15 15 16 16 16 17 17 17 17
0 1 2 2 1 3 4 5 6 7 5 4 7 6 8 9 10 11 12 13 14 10 9 12 11 14 13 15 16 16 17 17 18 18 19 19 16 16 17 17 18 18 19 19 20 16 16 17 17 18 18 19 19 20 20 16 16 17 17 18 18 19 19 20 20 20 16 16 17 17 18 18 19 19 20 20 20 20 16 16 17 17 18 18 19 19 20 20 20 20 20
0 1 2 3 4 5 3 4 5 6 3 4 5 7 8 3 4 5 7 8 8 3 4 5 8 7 6 7 3 4 5 8 7 7 6 8 9 10 11 12 12 12 12 12 12 9 10 11 12 12 12 12 12 12 13 9 10 11 12 12 12 12 12 12 13 13 9 10 11 12 12 12 12 12 12 13 13 13 9 10 11 12 12 12 12 12 12 13 13 13 13
0 1 2 3 4 5 6 7 8 9 6 7 8 9 10 11 12 13 14 15 15 11 12 13 14 15 15 16 11 12 13 14 15 15 16 16 17 18 19 20 21 21 22 22 22 17 18 19 20 21 21 22 22 22 23 17 18 19 20 21 21 22 22 22 23 23 17 18 19 20 21 21 22 22 22 23 23 23 17 18 19 20 21 21 22 22 22 23 23 23 23
0 1 2 3 4 5 6 7 8 9 10 11 12 13 14 15 16 17 18 19 20 15 16 17 18 19 20 21 22 23 24 25 26 27 28 28 22 23 24 25 26 27 28 28 29 22 23 24 25 26 27 28 28 29 29 22 23 24 25 26 27 28 28 29 29 29 22 23 24 25 26 27 28 28 29 29 29 29 22 23 24 25 26 27 28 28 29 29 29 29 29
--- order 1536 (x19) ---
0 0 1 1 0 0 2 2 2 2 2 2 2 2 3 4 5 5 4 6 6 4 5 5 4 6 6 7 5 4 4 5 6 6 8 8 5 4 4 5 6 6 8 8 7 9 9 9 9 10 10 11 11 11 11 9 9 9 9 10 10 11 11 11 11 12 9 9 9 9 10 10 11 11 11 11 12 12 9 9 9 9 10 10 11 11 11 11 12 12 12
0 0 1 1 0 0 2 3 3 2 2 3 3 2 4 3 2 2 3 5 5 3 2 2 3 5 5 4 6 6 6 6 7 7 7 7 6 6 6 6 7 7 7 7 8 6 6 6 6 7 7 7 7 9 9 6 6 6 6 7 7 7 7 9 9 8 6 6 6 6 7 7 7 7 9 9 9 9 6 6 6 6 7 7 7 7 9 9 9 9 8
0 0 1 2 3 3 2 3 3 4 2 3 3 5 5 2 3 3 5 5 4 2 3 3 6 6 6 6 2 3 3 6 6 6 6 4 2 3 3 6 6 6 6 5 5 2 3 3 6 6 6 6 5 5 4 7 8 8 9 9 9 9 9 9 9 9 7 8 8 9 9 9 9 9 9 9 9 10 7 8 8 9 9 9 9 9 9 9 9 10 10
0 1 1 1 1 0 2 2 2 2 2 2 2 2 0 2 2 2 2 1 1 2 2 2 2 1 1 0 3 3 3 3 3 3 3 3 3 3 3 3 3 3 3 3 4 3 3 3 3 3 3 3 3 5 6 3 3 3 3 3 3 3 3 5 6 6 3 3 3 3 3 3 3 3 6 5 4 5 3 3 3 3 3 3 3 3 6 5 5 4 6
0 1 1 1 1 2 1 1 2 3 1 1 4 5 5 1 1 4 5 5 3 1 1 4 5 5 5 5 1 1 4 5 5 5 5 3 1 1 3 2 2 4 4 4 4 1 1 5 4 4 2 2 4 4 5 1 1 5 4 4 2 2 4 4 5 3 1 1 5 4 4 4 4 2 2 5 5 5 1 1 5 4 4 4 4 2 2 5 5 5 3
0 1 1 1 1 2 1 1 3 4 1 1 4 3 2 1 1 5 5 5 5 1 1 5 5 5 5 2 1 1 5 5 5 5 3 4 1 1 5 5 5 5 4 3 2 6 6 7 7 7 7 7 7 7 7 6 6 7 7 7 7 7 7 7 7 8 6 6 7 7 7 7 7 7 7 7 8 8 6 6 7 7 7 7 7 7 7 7 8 8 8
0 1 1 1 1 2 1 1 3 4 1 1 4 3 2 5 5 6 6 6 6 5 5 6 6 6 6 7 5 5 6 6 6 6 8 8 5 5 6 6 6 6 8 8 7 9 9 10 10 10 10 11 11 11 11 9 9 10 10 10 10 11 11 11 11 12 9 9 10 10 10 10 11 11 11 11 12 12 9 9 10 10 10 10 11 11 11 11 12 12 12
0 1 1 1 1 2 3 3 4 4 3 3 4 4 5 3 3 4 4 6 6 3 3 4 4 6 6 5 7 7 8 8 9 9 9 9 7 7 8 8 9 9 9 9 10 7 7 8 8 9 9 9 9 11 11 7 7 8 8 9 9 9 9 11 11 10 7 7 8 8 9 9 9 9 11 11 11 11 7 7 8 8 9 9 9 9 11 11 11 11 10
0 1 1 1 1 2 3 3 4 4 3 3 4 4 5 6 6 7 7 8 8 6 6 7 7 8 8 9 6 6 7 7 8 8 10 10 6 6 7 7 8 8 10 10 9 11 11 12 12 13 13 14 14 14 14 11 11 12 12 13 13 14 14 14 14 15 11 11 12 12 13 13 14 14 14 14 15 15 11 11 12 12 13 13 14 14 14 14 15 15 15
0 1 2 1 2 3 1 2 3 4 1 2 5 6 6 1 2 5 6 6 4 1 2 4 3 3 5 5 1 2 6 5 5 3 3 6 1 2 6 5 5 3 3 6 4 7 8 9 9 9 9 9 9 9 9 7 8 9 9 9 9 9 9 9 9 10 7 8 9 9 9 9 9 9 9 9 10 10 7 8 9 9 9 9 9 9 9 9 10 10 10
0 1 2 1 2 3 1 2 4 4 1 2 4 4 3 2 1 5 5 6 6 2 1 5 5 6 6 3 2 1 6 6 5 5 4 4 2 1 6 6 5 5 4 4 3 7 7 8 8 8 8 8 8 8 8 7 7 8 8 8 8 8 8 8 8 9 7 7 8 8 8 8 8 8 8 8 9 9 7 7 8 8 8 8 8 8 8 8 9 9 9
0 1 2 1 2 3 1 2 4 4 1 2 4 4 3 5 6 7 7 7 7 5 6 7 7 7 7 8 5 6 7 7 7 7 9 9 5 6 7 7 7 7 9 9 8 10 11 12 12 12 12 13 13 13 13 10 11 12 12 12 12 13 13 13 13 14 10 11 12 12 12 12 13 13 13 13 14 14 10 11 12 12 12 12 13 13 13 13 14 14 14
0 1 2 1 2 3 1 2 4 5 1 2 5 4 3 6 7 8 8 8 8 6 7 8 8 8 8 9 6 7 8 8 8 8 10 10 6 7 8 8 8 8 10 10 9 6 7 8 8 8 8 10 10 10 10 6 7 8 8 8 8 10 10 10 10 9 6 7 8 8 8 8 10 10 10 10 10 10 6 7 8 8 8 8 10 10 10 10 10 10 9
0 1 2 1 2 3 2 1 4 4 2 1 4 4 3 5 5 6 6 6 6 5 5 6 6 6 6 7 5 5 6 6 6 6 8 8 5 5 6 6 6 6 8 8 7 9 9 10 10 10 10 11 11 11 11 9 9 10 10 10 10 11 11 11 11 12 9 9 10 10 10 10 11 11 11 11 12 12 9 9 10 10 10 10 11 11 11 11 12 12 12
0 1 2 1 2 3 2 1 4 5 2 1 5 4 3 6 6 7 7 7 7 6 6 7 7 7 7 8 6 6 7 7 7 7 9 9 6 6 7 7 7 7 9 9 8 6 6 7 7 7 7 9 9 9 9 6 6 7 7 7 7 9 9 9 9 8 6 6 7 7 7 7 9 9 9 9 9 9 6 6 7 7 7 7 9 9 9 9 9 9 8
0 1 2 1 2 3 4 5 6 6 4 5 6 6 7 8 9 10 10 11 11 8 9 10 10 11 11 12 8 9 10 10 11 11 13 13 8 9 10 10 11 11 13 13 12 8 9 10 10 11 11 13 13 13 13 8 9 10 10 11 11 13 13 13 13 12 8 9 10 10 11 11 13 13 13 13 13 13 8 9 10 10 11 11 13 13 13 13 13 13 12
0 1 2 2 1 0 3 3 3 3 3 3 3 3 0 3 3 3 3 1 2 3 3 3 3 2 1 0 4 4 4 4 4 4 4 4 4 4 4 4 4 4 4 4 5 4 4 4 4 4 4 4 4 6 6 4 4 4 4 4 4 4 4 6 6 5 4 4 4 4 4 4 4 4 6 6 6 6 4 4 4 4 4 4 4 4 6 6 6 6 5
0 1 2 2 1 0 3 3 3 3 3 3 3 3 4 3 3 3 3 5 5 3 3 3 3 5 5 4 6 6 6 6 7 7 7 7 6 6 6 6 7 7 7 7 8 6 6 6 6 7 7 7 7 9 9 6 6 6 6 7 7 7 7 9 9 8 6 6 6 6 7 7 7 7 9 9 9 9 6 6 6 6 7 7 7 7 9 9 9 9 8
0 1 2 2 1 3 4 4 5 5 4 4 5 5 6 7 7 8 8 9 9 7 7 8 8 9 9 10 7 7 8 8 9 9 11 11 7 7 8 8 9 9 11 11 10 7 7 8 8 9 9 11 11 11 11 7 7 8 8 9 9 11 11 11 11 10 7 7 8 8 9 9 11 11 11 11 11 11 7 7 8 8 9 9 11 11 11 11 11 11 10
--- order 1600 (x1) ---
0 0 1 1 0 1 1 1 0 0 2 2 2 2 2 2 2 2 2 2 0 2 2 2 2 2 0 1 2 2 2 2 2 1 0 1 2 2 2 2 2 1 1 0 0 3 3 3 3 3 3 3 3 3 3 3 3 3 3 3 3 3 3 3 3 4 3 3 3 3 3 3 3 3 3 3 5 5 3 3 3 3 3 3 3 3 3 3 5 5 4
--- order 1680 (x1) ---
0 1 2 1 2 3 1 2 3 4 1 2 5 5 4 1 2 5 4 5 3 1 2 4 3 5 4 3 1 2 4 5 3 3 4 5 6 7 8 8 8 8 8 8 8 6 7 8 8 8 8 8 8 8 9 6 7 8 8 8 8 8 8 8 9 9 6 7 8 8 8 8 8 8 8 9 9 9 6 7 8 8 8 8 8 8 8 9 9 9 9
--- order 1728 (x17) ---
0 0 0 0 0 0 1 1 1 1 1 1 1 1 2 1 1 1 1 2 3 1 1 1 1 2 3 3 1 1 1 1 3 2 2 2 1 1 1 1 3 2 2 2 3 4 5 5 5 6 6 6 6 6 6 5 4 5 5 6 6 6 6 6 6 7 5 5 4 5 6 6 6 6 6 6 7 7 5 5 5 4 6 6 6 6 6 6 7 7 7
0 0 0 1 1 1 1 1 1 2 1 1 1 2 2 3 3 3 4 4 4 3 3 3 4 4 4 5 3 3 3 4 4 4 6 7 3 3 3 4 4 4 6 7 7 3 3 3 4 4 4 6 7 7 7 3 3 3 4 4 4 7 6 5 6 6 3 3 3 4 4 4 7 6 6 5 6 7 3 3 3 4 4 4 7 6 6 6 5 7 7
0 0 0 1 2 3 2 3 1 4 3 1 2 4 4 5 5 5 6 6 6 5 5 5 6 6 6 7 5 5 5 6 6 6 7 7 5 5 5 6 6 6 7 7 7 8 8 8 9 9 9 10 10 10 10 8 8 8 9 9 9 10 10 10 10 11 8 8 8 9 9 9 10 10 10 10 11 11 8 8 8 9 9 9 10 10 10 10 11 11 11
0 0 1 0 1 1 0 1 2 2 0 1 2 2 1 0 2 1 2 1 2 0 2 1 2 2 1 1 0 2 2 1 1 2 1 2 0 2 2 1 2 1 2 1 1 3 4 4 4 4 4 4 4 4 4 3 4 4 4 4 4 4 4 4 4 5 3 4 4 4 4 4 4 4 4 4 5 5 3 4 4 4 4 4 4 4 4 4 5 5 5
0 0 1 0 1 1 1 0 0 0 1 0 0 0 1 2 3 3 3 2 2 2 3 3 3 2 2 4 2 3 3 3 2 2 4 4 2 3 3 3 2 2 4 4 4 3 2 2 2 3 3 5 6 6 6 3 2 2 2 3 3 6 5 6 6 4 3 2 2 2 3 3 6 6 5 6 4 4 3 2 2 2 3 3 6 6 6 5 4 4 4
0 0 1 0 1 1 2 3 3 3 2 3 3 3 4 2 3 3 3 5 6 2 3 3 3 5 6 6 2 3 3 3 6 5 4 5 2 3 3 3 6 5 5 4 6 7 8 8 8 9 9 9 9 9 9 7 8 8 8 9 9 9 9 9 9 10 7 8 8 8 9 9 9 9 9 9 10 10 7 8 8 8 9 9 9 9 9 9 10 10 10
0 0 1 0 1 2 0 2 1 1 3 4 4 4 4 3 4 4 4 4 5 3 4 4 4 4 5 5 6 7 8 8 7 9 9 9 6 7 8 8 7 9 9 9 10 6 7 8 8 7 9 9 9 10 10 6 8 7 7 8 9 9 9 11 11 11 6 8 7 7 8 9 9 9 11 11 11 10 6 8 7 7 8 9 9 9 11 11 11 10 10
0 0 1 0 2 2 0 2 2 1 3 4 4 4 4 3 4 4 4 4 5 3 4 4 4 4 5 5 6 7 7 7 7 8 8 8 6 7 7 7 7 8 8 8 9 6 7 7 7 7 8 8 8 9 9 10 11 11 11 11 12 12 12 13 13 13 10 11 11 11 11 12 12 12 13 13 13 14 10 11 11 11 11 12 12 12 13 13 13 14 14
0 0 1 0 2 3 0 3 2 1 4 5 5 5 5 4 5 5 5 5 6 4 5 5 5 5 6 6 7 8 8 8 8 9 9 9 7 8 8 8 8 9 9 9 10 7 8 8 8 8 9 9 9 10 11 7 8 8 8 8 9 9 9 10 11 11 7 8 8 8 8 9 9 9 11 10 10 10 7 8 8 8 8 9 9 9 11 10 10 10 11
0 0 1 2 3 3 2 3 3 4 5 6 6 7 7 5 6 6 7 7 8 5 6 6 7 7 8 8 9 10 10 11 11 12 12 12 9 10 10 11 11 12 12 12 13 9 10 10 11 11 12 12 12 13 14 9 10 10 11 11 12 12 12 13 14 14 9 10 10 11 11 12 12 12 14 13 13 13 9 10 10 11 11 12 12 12 14 13 13 13 14
0 0 1 2 3 3 4 5 6 7 4 5 6 7 8 4 5 6 7 8 8 4 6 5 7 9 9 9 4 6 5 7 9 9 9 8 4 6 5 7 9 9 9 8 8 10 11 11 12 13 13 13 13 13 13 10 11 11 12 13 13 13 13 13 13 14 10 11 11 12 13 13 13 13 13 13 14 14 10 11 11 12 13 13 13 13 13 13 14 14 14
0 1 1 1 1 2 1 1 3 4 1 1 3 4 4 1 1 4 3 2 3 1 1 4 3 3 2 4 5 5 6 6 6 6 6 6 5 5 6 6 6 6 6 6 7 5 5 6 6 6 6 6 6 7 8 5 5 6 6 6 6 6 6 7 8 8 5 5 6 6 6 6 6 6 8 7 7 7 5 5 6 6 6 6 6 6 8 7 7 7 8
0 1 2 1 2 3 1 2 3 3 4 5 6 6 6 4 5 6 6 6 7 4 5 6 6 6 7 7 8 9 10 10 10 11 11 11 8 9 10 10 10 11 11 11 12 8 9 10 10 10 11 11 11 13 13 8 9 10 10 10 11 11 11 13 13 12 8 9 10 10 10 11 11 11 13 13 13 13 8 9 10 10 10 11 11 11 13 13 13 13 12
0 1 2 1 2 3 4 5 6 6 4 5 6 6 7 4 5 6 6 7 7 8 9 10 10 11 11 11 8 9 10 10 11 11 11 12 8 9 10 10 11 11 11 12 12 13 14 15 15 16 16 16 17 17 17 13 14 15 15 16 16 16 17 17 17 18 13 14 15 15 16 16 16 17 17 17 18 18 13 14 15 15 16 16 16 17 17 17 18 18 18
0 1 2 2 1 3 4 4 5 5 4 4 5 5 6 4 4 5 5 6 6 7 7 8 8 9 9 9 7 7 8 8 9 9 9 10 7 7 8 8 9 9 9 10 10 11 11 12 12 13 13 13 14 14 14 11 11 12 12 13 13 13 14 14 14 15 11 11 12 12 13 13 13 14 14 14 15 15 11 11 12 12 13 13 13 14 14 14 15 15 15
0 1 2 2 1 3 4 5 6 7 4 5 6 7 8 4 5 6 7 8 8 5 4 7 6 9 9 9 5 4 7 6 9 9 9 8 5 4 7 6 9 9 9 8 8 10 10 11 11 12 12 12 12 12 12 10 10 11 11 12 12 12 12 12 12 13 10 10 11 11 12 12 12 12 12 12 13 13 10 10 11 11 12 12 12 12 12 12 13 13 13
0 1 2 3 4 5 6 7 8 9 6 7 8 9 10 6 7 8 9 10 11 6 7 8 9 10 11 11 6 7 8 9 11 10 10 10 6 7 8 9 11 10 10 10 11 12 13 14 15 16 16 16 16 16 16 12 13 14 15 16 16 16 16 16 16 17 12 13 14 15 16 16 16 16 16 16 17 17 12 13 14 15 16 16 16 16 16 16 17 17 17
--- order 1792 (x1) ---
0 0 1 0 2 2 0 2 2 1 1 0 0 0 0 3 3 3 2 2 3 3 3 3 2 2 3 1 3 2 2 3 3 3 0 0 3 2 2 3 3 3 0 0 1 2 0 0 3 3 2 2 2 0 0 2 0 0 3 3 2 2 2 0 0 1 2 3 3 0 0 2 0 0 2 2 3 3 2 3 3 0 0 2 0 0 2 2 3 3 1
--- order 1920 (x12) ---
0 0 1 0 1 2 0 2 1 2 0 2 2 1 1 3 4 4 4 4 4 3 4 4 4 4 4 5 3 4 4 4 4 4 6 6 3 4 4 4 4 4 6 6 5 7 8 8 8 8 8 9 9 9 9 7 8 8 8 8 8 9 9 9 9 10 7 8 8 8 8 8 9 9 9 9 10 10 7 8 8 8 8 8 9 9 9 9 10 10 10
0 0 1 0 1 2 0 3 4 2 0 3 2 4 2 0 4 3 3 1 1 0 2 1 3 3 1 2 0 2 3 1 1 3 2 4 5 6 6 6 6 6 6 6 6 5 6 6 6 6 6 6 6 6 7 5 6 6 6 6 6 6 6 6 7 7 5 6 6 6 6 6 6 6 6 7 7 7 5 6 6 6 6 6 6 6 6 7 7 7 7
0 0 1 0 2 2 0 2 2 1 0 2 2 3 3 0 2 2 3 3 1 0 3 3 2 2 3 3 0 3 3 2 2 3 3 1 0 3 3 3 3 2 2 2 2 0 3 3 3 3 2 2 2 2 1 4 5 5 5 5 5 5 5 5 5 5 4 5 5 5 5 5 5 5 5 5 5 6 4 5 5 5 5 5 5 5 5 5 5 6 6
0 0 1 0 2 3 0 2 3 4 0 5 4 3 3 0 4 5 2 2 1 0 3 2 1 5 2 3 0 3 2 5 1 2 3 4 6 7 7 7 7 7 7 7 7 6 7 7 7 7 7 7 7 7 8 6 7 7 7 7 7 7 7 7 8 8 6 7 7 7 7 7 7 7 7 8 8 8 6 7 7 7 7 7 7 7 7 8 8 8 8
0 0 1 0 2 3 0 3 2 1 4 5 5 5 5 4 5 5 5 5 6 4 5 5 5 5 7 8 4 5 5 5 5 8 7 6 9 10 10 10 10 11 11 11 11 9 10 10 10 10 11 11 11 11 12 9 10 10 10 10 11 11 11 11 12 12 9 10 10 10 10 11 11 11 11 12 12 12 9 10 10 10 10 11 11 11 11 12 12 12 12
0 0 1 0 2 3 0 3 2 1 4 5 6 6 5 4 5 6 6 5 7 4 6 5 5 6 8 8 4 6 5 5 6 8 8 7 9 10 10 10 10 11 11 11 11 9 10 10 10 10 11 11 11 11 12 9 10 10 10 10 11 11 11 11 12 12 9 10 10 10 10 11 11 11 11 12 12 12 9 10 10 10 10 11 11 11 11 12 12 12 12
0 0 1 2 3 3 2 3 3 4 5 6 6 7 7 5 6 6 7 7 8 5 6 6 7 7 9 10 5 6 6 7 7 10 9 8 11 12 12 13 13 14 14 14 14 11 12 12 13 13 14 14 14 14 15 11 12 12 13 13 14 14 14 14 15 15 11 12 12 13 13 14 14 14 14 15 15 15 11 12 12 13 13 14 14 14 14 15 15 15 15
0 0 1 2 3 3 2 3 3 4 5 6 6 7 7 5 6 6 7 7 8 9 10 10 11 11 12 12 9 10 10 11 11 12 12 13 14 15 15 16 16 17 17 18 18 14 15 15 16 16 17 17 18 18 19 14 15 15 16 16 17 17 18 18 19 19 14 15 15 16 16 17 17 18 18 19 19 19 14 15 15 16 16 17 17 18 18 19 19 19 19
0 0 1 2 3 3 2 3 3 4 5 6 7 8 8 5 6 7 8 8 9 5 7 6 8 8 10 10 5 7 6 8 8 10 10 9 11 12 12 13 13 14 14 14 14 11 12 12 13 13 14 14 14 14 15 11 12 12 13 13 14 14 14 14 15 15 11 12 12 13 13 14 14 14 14 15 15 15 11 12 12 13 13 14 14 14 14 15 15 15 15
0 0 1 2 3 4 2 4 3 5 6 7 7 8 8 6 7 7 8 8 9 6 7 7 8 8 10 10 6 7 7 8 8 10 10 9 11 12 12 13 13 14 14 14 14 11 12 12 13 13 14 14 14 14 15 11 12 12 13 13 14 14 14 14 15 15 11 12 12 13 13 14 14 14 14 15 15 15 11 12 12 13 13 14 14 14 14 15 15 15 15
0 1 1 1 1 0 2 2 2 2 2 2 2 2 3 2 2 2 2 4 5 2 2 2 2 4 5 5 2 2 2 2 4 5 5 5 2 2 2 2 4 5 5 5 5 2 2 2 2 5 4 3 4 4 4 2 2 2 2 5 4 4 3 4 4 5 2 2 2 2 5 4 4 4 3 4 5 5 2 2 2 2 5 4 4 4 4 3 5 5 5
0 1 2 3 4 5 3 4 5 6 7 8 9 10 10 7 8 9 10 10 11 7 8 9 10 10 12 12 7 8 9 10 10 12 12 11 13 14 15 16 16 17 17 17 17 13 14 15 16 16 17 17 17 17 18 13 14 15 16 16 17 17 17 17 18 18 13 14 15 16 16 17 17 17 17 18 18 18 13 14 15 16 16 17 17 17 17 18 18 18 18
--- order 2016 (x1) ---
0 0 1 2 2 1 2 1 2 0 1 0 2 1 0 1 2 0 0 1 2 3 3 3 3 3 3 3 3 3 3 3 3 3 3 4 3 3 3 3 3 3 3 4 4 5 5 5 5 5 5 5 6 6 6 5 5 5 5 5 5 5 6 6 6 7 5 5 5 5 5 5 5 6 6 6 7 7 5 5 5 5 5 5 5 6 6 6 7 7 7
--- order 2048 (x1) ---
0 1 1 1 1 2 1 1 3 3 1 1 3 3 2 1 1 4 4 4 4 1 1 4 4 4 4 2 1 1 4 4 4 4 3 3 1 1 4 4 4 4 3 3 2 5 5 6 6 6 6 6 6 6 6 5 5 6 6 6 6 6 6 6 6 7 5 5 6 6 6 6 6 6 6 6 8 8 5 5 6 6 6 6 6 6 6 6 8 8 7
--- order 2160 (x5) ---
0 0 0 1 2 3 1 3 2 1 2 1 3 3 0 2 3 1 0 3 2 3 1 2 0 2 1 0 3 2 1 2 0 0 1 3 4 4 4 4 4 4 4 4 4 4 4 4 4 4 4 4 4 4 5 4 4 4 4 4 4 4 4 4 5 5 4 4 4 4 4 4 4 4 4 5 5 5 4 4 4 4 4 4 4 4 4 5 5 5 5
0 0 0 1 2 3 2 3 1 4 3 1 2 4 4 5 5 5 6 6 6 5 5 5 6 6 6 7 5 5 5 6 6 6 7 7 8 8 8 9 9 9 10 10 10 8 8 8 9 9 9 10 10 10 11 8 8 8 9 9 9 10 10 10 11 11 8 8 8 9 9 9 10 10 10 11 11 11 8 8 8 9 9 9 10 10 10 11 11 11 11
0 0 1 0 1 1 2 3 3 3 4 5 6 7 8 4 6 7 5 8 9 4 7 5 6 8 9 9 10 11 11 11 12 13 13 13 10 11 11 11 12 13 13 13 14 10 11 11 11 12 13 13 13 14 14 10 11 11 11 12 13 13 13 14 14 14 10 11 11 11 12 13 13 13 14 14 14 14 10 11 11 11 12 13 13 13 14 14 14 14 14
0 0 1 1 0 1 1 1 0 0 2 2 2 2 2 2 2 2 2 2 3 2 2 2 2 2 3 3 4 4 4 4 4 5 5 5 4 4 4 4 4 5 5 5 6 4 4 4 4 4 5 5 5 6 6 7 7 7 7 7 8 8 8 9 9 9 7 7 7 7 7 8 8 8 9 9 9 10 7 7 7 7 7 8 8 8 9 9 9 10 10
0 0 1 2 2 3 2 3 2 0 1 0 3 3 1 1 3 0 1 3 2 3 2 1 0 1 2 0 3 1 2 1 0 0 2 3 4 4 4 4 4 4 4 4 4 4 4 4 4 4 4 4 4 4 5 4 4 4 4 4 4 4 4 4 5 5 4 4 4 4 4 4 4 4 4 5 5 5 4 4 4 4 4 4 4 4 4 5 5 5 5
--- order 2304 (x32) ---
0 0 0 1 2 2 2 1 2 3 2 2 1 3 3 4 4 4 5 5 5 4 4 4 5 5 5 6 4 4 4 5 5 5 7 7 4 4 4 5 5 5 7 7 6 4 4 4 5 5 5 7 7 7 7 4 4 4 5 5 5 7 7 7 7 6 4 4 4 5 5 5 7 7 7 7 7 7 4 4 4 5 5 5 7 7 7 7 7 7 6
0 0 1 0 2 2 0 2 2 1 3 4 4 4 4 3 4 4 4 4 5 3 4 4 4 4 5 5 6 7 7 7 7 8 8 8 6 7 7 7 7 8 8 8 9 6 7 7 7 7 8 8 8 10 10 6 7 7 7 7 8 8 8 10 10 9 6 7 7 7 7 8 8 8 10 10 10 10 6 7 7 7 7 8 8 8 10 10 10 10 9
0 0 1 0 2 3 0 3 2 1 4 5 5 5 5 6 7 8 8 7 9 6 7 8 8 7 9 10 6 7 8 8 7 9 10 10 6 7 8 8 7 9 10 10 10 6 8 7 7 8 9 11 11 11 11 6 8 7 7 8 9 11 11 11 11 10 6 8 7 7 8 9 11 11 11 11 10 10 6 8 7 7 8 9 11 11 11 11 10 10 10
0 0 1 1 0 0 2 2 2 2 2 2 2 2 3 2 2 2 2 4 4 2 2 2 2 4 4 3 5 6 6 5 7 7 7 7 5 6 6 5 7 7 7 7 8 5 6 6 5 7 7 7 7 8 8 6 5 5 6 7 7 7 7 9 9 9 6 5 5 6 7 7 7 7 9 9 9 8 6 5 5 6 7 7 7 7 9 9 9 8 8
0 0 1 1 0 0 2 3 3 2 2 3 3 2 4 3 2 2 3 5 5 3 2 2 3 5 5 4 6 6 6 6 7 7 7 7 6 6 6 6 7 7 7 7 8 6 6 6 6 7 7 7 7 8 9 6 6 6 6 7 7 7 7 8 9 9 6 6 6 6 7 7 7 7 9 8 8 8 6 6 6 6 7 7 7 7 9 8 8 8 9
0 0 1 2 3 3 2 3 3 1 1 0 0 2 2 3 2 2 0 0 3 3 2 2 0 0 3 1 4 4 4 4 4 4 4 4 4 4 4 4 4 4 4 4 5 4 4 4 4 4 4 4 4 5 5 6 6 6 6 6 6 6 6 7 7 7 6 6 6 6 6 6 6 6 7 7 7 8 6 6 6 6 6 6 6 6 7 7 7 8 8
0 0 1 2 3 3 2 3 3 1 1 0 0 2 2 3 2 2 0 0 3 3 2 2 0 0 3 1 4 5 5 5 5 4 4 4 4 5 5 5 5 4 4 4 6 4 5 5 5 5 4 4 4 6 6 5 4 4 4 4 5 5 5 7 7 7 5 4 4 4 4 5 5 5 7 7 7 6 5 4 4 4 4 5 5 5 7 7 7 6 6
0 0 1 2 3 3 2 3 3 4 2 3 3 5 5 2 3 3 5 5 4 6 7 7 8 8 8 8 6 7 7 8 8 8 8 9 6 7 7 8 8 8 8 9 9 10 11 11 12 12 12 12 13 13 13 10 11 11 12 12 12 12 13 13 13 14 10 11 11 12 12 12 12 13 13 13 14 14 10 11 11 12 12 12 12 13 13 13 14 14 14
0 0 1 2 3 3 4 5 5 6 4 5 5 6 7 8 9 10 11 12 12 8 9 10 11 12 12 13 8 9 10 11 12 12 13 13 8 9 10 11 12 12 13 13 13 8 10 9 11 12 12 14 14 14 14 8 10 9 11 12 12 14 14 14 14 13 8 10 9 11 12 12 14 14 14 14 13 13 8 10 9 11 12 12 14 14 14 14 13 13 13
0 0 1 2 3 3 4 5 6 7 4 6 5 7 8 9 10 10 11 12 12 9 10 10 11 12 12 13 9 10 10 11 12 12 13 14 9 10 10 11 12 12 13 14 14 9 10 10 11 12 12 13 14 14 14 9 10 10 11 12 12 14 13 13 13 13 9 10 10 11 12 12 14 13 13 13 13 14 9 10 10 11 12 12 14 13 13 13 13 14 14
0 1 1 1 1 0 1 1 1 1 1 1 1 1 0 2 2 2 2 2 2 2 2 2 2 2 2 3 2 2 2 2 2 2 4 5 2 2 2 2 2 2 4 5 5 2 2 2 2 2 2 4 5 5 5 2 2 2 2 2 2 5 4 3 4 4 2 2 2 2 2 2 5 4 4 3 4 5 2 2 2 2 2 2 5 4 4 4 3 5 5
0 1 1 1 1 0 2 2 2 2 2 2 2 2 3 2 2 2 2 4 4 2 2 2 2 4 4 3 5 5 5 5 6 6 6 6 5 5 5 5 6 6 6 6 7 5 5 5 5 6 6 6 6 7 7 8 8 8 8 9 9 9 9 10 10 10 8 8 8 8 9 9 9 9 10 10 10 11 8 8 8 8 9 9 9 9 10 10 10 11 11
0 1 1 1 1 0 2 2 2 2 2 2 2 2 3 2 2 2 2 4 5 2 2 2 2 4 5 5 2 2 2 2 5 4 3 4 2 2 2 2 5 4 4 3 5 6 6 6 6 7 7 7 7 7 7 6 6 6 6 7 7 7 7 7 7 8 6 6 6 6 7 7 7 7 7 7 8 8 6 6 6 6 7 7 7 7 7 7 8 8 8
0 1 1 1 1 2 1 1 3 4 1 1 3 4 4 1 1 3 4 4 4 1 1 4 3 2 3 3 1 1 4 3 3 2 3 4 1 1 4 3 3 3 2 4 4 5 5 6 6 6 6 6 6 6 6 5 5 6 6 6 6 6 6 6 6 7 5 5 6 6 6 6 6 6 6 6 7 7 5 5 6 6 6 6 6 6 6 6 7 7 7
0 1 1 1 1 2 3 3 4 4 3 3 4 4 5 3 3 4 4 6 6 3 3 4 4 6 6 5 7 7 8 8 9 9 9 9 7 7 8 8 9 9 9 9 10 7 7 8 8 9 9 9 9 10 11 7 7 8 8 9 9 9 9 10 11 11 7 7 8 8 9 9 9 9 11 10 10 10 7 7 8 8 9 9 9 9 11 10 10 10 11
0 1 1 1 1 2 3 3 4 5 3 3 5 4 6 7 8 9 9 10 10 7 8 9 9 10 10 11 7 8 9 9 10 10 11 11 7 8 9 9 10 10 11 11 11 8 7 9 9 10 10 12 12 12 12 8 7 9 9 10 10 12 12 12 12 11 8 7 9 9 10 10 12 12 12 12 11 11 8 7 9 9 10 10 12 12 12 12 11 11 11
0 1 2 1 2 3 1 2 4 4 1 2 4 4 3 1 2 4 4 4 4 1 2 4 4 4 4 3 5 6 7 7 7 7 7 7 5 6 7 7 7 7 7 7 8 5 6 7 7 7 7 7 7 9 9 5 6 7 7 7 7 7 7 9 9 8 5 6 7 7 7 7 7 7 9 9 9 9 5 6 7 7 7 7 7 7 9 9 9 9 8
0 1 2 1 2 3 1 2 4 5 1 2 5 4 3 6 7 8 8 8 8 6 7 8 8 8 8 9 6 7 8 8 8 8 9 9 6 7 8 8 8 8 9 9 9 10 11 12 12 12 12 13 13 13 13 10 11 12 12 12 12 13 13 13 13 14 10 11 12 12 12 12 13 13 13 13 14 14 10 11 12 12 12 12 13 13 13 13 14 14 14
0 1 2 1 2 3 2 1 4 5 2 1 5 4 3 6 6 7 7 7 7 6 6 7 7 7 7 8 6 6 7 7 7 7 8 8 6 6 7 7 7 7 8 8 8 9 9 10 10 10 10 11 11 11 11 9 9 10 10 10 10 11 11 11 11 12 9 9 10 10 10 10 11 11 11 11 12 12 9 9 10 10 10 10 11 11 11 11 12 12 12
0 1 2 1 2 3 2 1 4 5 2 1 5 4 3 6 7 8 8 9 9 6 7 8 8 9 9 10 6 7 8 8 9 9 10 10 6 7 8 8 9 9 10 10 10 7 6 9 9 8 8 11 11 11 11 7 6 9 9 8 8 11 11 11 11 10 7 6 9 9 8 8 11 11 11 11 10 10 7 6 9 9 8 8 11 11 11 11 10 10 10
0 1 2 1 2 3 4 5 6 6 4 5 6 6 7 4 5 6 6 8 8 4 5 6 6 8 8 7 4 5 6 6 8 8 8 8 4 5 6 6 8 8 8 8 7 9 10 11 11 12 12 12 12 12 12 9 10 11 11 12 12 12 12 12 12 13 9 10 11 11 12 12 12 12 12 12 13 13 9 10 11 11 12 12 12 12 12 12 13 13 13
0 1 2 1 2 3 4 5 6 6 4 5 6 6 7 8 9 10 10 11 11 8 9 10 10 11 11 12 8 9 10 10 11 11 12 12 8 9 10 10 11 11 12 12 12 13 14 15 15 16 16 17 17 17 17 13 14 15 15 16 16 17 17 17 17 18 13 14 15 15 16 16 17 17 17 17 18 18 13 14 15 15 16 16 17 17 17 17 18 18 18
0 1 2 2 1 0 3 3 3 3 3 3 3 3 0 3 3 3 3 1 2 3 3 3 3 2 1 0 4 4 4 4 4 4 4 4 4 4 4 4 4 4 4 4 5 4 4 4 4 4 4 4 4 5 6 4 4 4 4 4 4 4 4 5 6 6 4 4 4 4 4 4 4 4 6 5 5 5 4 4 4 4 4 4 4 4 6 5 5 5 6
0 1 2 2 1 0 3 3 3 3 3 3 3 3 4 3 3 3 3 5 5 3 3 3 3 5 5 4 6 6 6 6 7 7 7 7 6 6 6 6 7 7 7 7 8 6 6 6 6 7 7 7 7 8 9 6 6 6 6 7 7 7 7 8 9 9 6 6 6 6 7 7 7 7 9 8 8 8 6 6 6 6 7 7 7 7 9 8 8 8 9
0 1 2 2 1 0 3 4 3 4 4 3 4 3 5 6 7 7 6 8 8 6 7 7 6 8 8 9 6 7 7 6 8 8 9 9 6 7 7 6 8 8 9 9 9 7 6 6 7 8 8 10 10 10 10 7 6 6 7 8 8 10 10 10 10 9 7 6 6 7 8 8 10 10 10 10 9 9 7 6 6 7 8 8 10 10 10 10 9 9 9
0 1 2 2 1 3 4 4 5 5 4 4 5 5 6 4 4 5 5 7 7 4 4 5 5 7 7 6 4 4 5 5 7 7 7 7 4 4 5 5 7 7 7 7 6 8 8 9 9 10 10 10 10 10 10 8 8 9 9 10 10 10 10 10 10 11 8 8 9 9 10 10 10 10 10 10 11 11 8 8 9 9 10 10 10 10 10 10 11 11 11
0 1 2 2 1 3 4 4 5 5 4 4 5 5 6 7 7 8 8 9 9 7 7 8 8 9 9 10 7 7 8 8 9 9 10 10 7 7 8 8 9 9 10 10 10 11 11 12 12 13 13 14 14 14 14 11 11 12 12 13 13 14 14 14 14 15 11 11 12 12 13 13 14 14 14 14 15 15 11 11 12 12 13 13 14 14 14 14 15 15 15
0 1 2 2 1 3 4 4 5 5 4 4 5 5 6 7 8 9 10 11 11 7 8 9 10 11 11 12 7 8 9 10 11 11 12 12 7 8 9 10 11 11 12 12 12 8 7 10 9 11 11 13 13 13 13 8 7 10 9 11 11 13 13 13 13 12 8 7 10 9 11 11 13 13 13 13 12 12 8 7 10 9 11 11 13 13 13 13 12 12 12
0 1 2 2 1 3 4 5 6 7 5 4 7 6 8 9 9 10 10 11 11 9 9 10 10 11 11 12 9 9 10 10 11 11 12 13 9 9 10 10 11 11 12 13 13 9 9 10 10 11 11 12 13 13 13 9 9 10 10 11 11 13 12 12 12 12 9 9 10 10 11 11 13 12 12 12 12 13 9 9 10 10 11 11 13 12 12 12 12 13 13
0 1 2 3 2 2 2 1 3 0 2 3 0 1 2 4 4 4 4 4 4 4 4 4 4 4 4 5 4 4 4 4 4 4 6 6 4 4 4 4 4 4 6 6 5 4 4 4 4 4 4 6 6 6 6 4 4 4 4 4 4 6 6 6 6 5 4 4 4 4 4 4 6 6 6 6 6 6 4 4 4 4 4 4 6 6 6 6 6 6 5
0 1 2 3 4 5 3 4 5 6 3 4 5 6 6 7 8 9 10 10 10 7 8 9 10 10 10 11 7 8 9 10 10 10 12 12 7 8 9 10 10 10 12 12 11 7 8 9 10 10 10 12 12 12 12 7 8 9 10 10 10 12 12 12 12 11 7 8 9 10 10 10 12 12 12 12 12 12 7 8 9 10 10 10 12 12 12 12 12 12 11
0 1 2 3 4 5 6 7 8 9 6 7 8 9 10 11 12 13 14 15 15 11 12 13 14 15 15 16 11 12 13 14 15 15 16 17 11 12 13 14 15 15 16 17 17 11 12 13 14 15 15 16 17 17 17 11 12 13 14 15 15 17 16 16 16 16 11 12 13 14 15 15 17 16 16 16 16 17 11 12 13 14 15 15 17 16 16 16 16 17 17
--- order 2400 (x3) ---
0 0 1 1 0 1 1 1 0 0 2 2 2 2 2 2 2 2 2 2 3 2 2 2 2 2 3 4 2 2 2 2 2 4 3 4 2 2 2 2 2 4 4 3 3 5 5 5 5 5 6 6 6 6 6 5 5 5 5 5 6 6 6 6 6 7 5 5 5 5 5 6 6 6 6 6 7 7 5 5 5 5 5 6 6 6 6 6 7 7 7
0 1 2 1 2 3 4 5 6 6 4 5 6 6 7 4 5 6 6 7 8 4 5 6 6 8 7 8 4 5 6 6 8 8 7 7 9 10 11 11 12 12 12 12 12 9 10 11 11 12 12 12 12 12 13 9 10 11 11 12 12 12 12 12 13 13 9 10 11 11 12 12 12 12 12 13 13 13 9 10 11 11 12 12 12 12 12 13 13 13 13
0 1 2 2 1 3 4 4 5 5 4 4 5 5 6 4 4 5 5 6 7 4 4 5 5 7 6 7 4 4 5 5 7 7 6 6 8 8 9 9 10 10 10 10 10 8 8 9 9 10 10 10 10 10 11 8 8 9 9 10 10 10 10 10 11 11 8 8 9 9 10 10 10 10 10 11 11 11 8 8 9 9 10 10 10 10 10 11 11 11 11
--- order 2560 (x1) ---
0 1 1 1 1 0 1 1 2 2 1 1 2 2 0 2 2 1 1 2 2 2 2 1 1 2 2 0 2 2 2 2 1 1 1 1 2 2 2 2 1 1 1 1 0 3 3 3 3 3 3 3 3 3 3 3 3 3 3 3 3 3 3 3 3 4 3 3 3 3 3 3 3 3 3 3 5 5 3 3 3 3 3 3 3 3 3 3 5 5 4
--- order 2592 (x8) ---
0 0 0 1 1 1 1 1 1 2 3 4 4 5 5 3 4 4 5 5 6 3 4 4 5 5 6 6 4 3 4 5 5 7 7 7 4 3 4 5 5 7 7 7 6 4 3 4 5 5 7 7 7 6 6 4 4 3 5 5 7 7 7 7 7 7 4 4 3 5 5 7 7 7 7 7 7 6 4 4 3 5 5 7 7 7 7 7 7 6 6
0 0 1 0 1 2 0 1 2 2 0 2 1 1 1 0 2 1 1 1 2 3 4 4 4 4 4 4 5 6 7 7 7 6 6 8 5 6 7 7 7 6 6 8 9 5 6 7 7 7 6 6 8 9 9 5 7 6 6 6 7 7 8 10 10 10 5 7 6 6 6 7 7 8 10 10 10 9 5 7 6 6 6 7 7 8 10 10 10 9 9
0 0 1 2 3 4 2 4 3 5 6 7 7 8 8 6 7 7 8 8 9 6 7 7 8 8 9 9 6 7 7 8 8 10 10 10 6 7 7 8 8 10 10 10 9 6 7 7 8 8 10 10 10 9 9 6 7 7 8 8 10 10 10 10 10 10 6 7 7 8 8 10 10 10 10 10 10 9 6 7 7 8 8 10 10 10 10 10 10 9 9
0 1 1 1 1 2 1 1 2 2 3 3 4 4 4 3 3 4 4 4 5 3 3 4 4 4 5 5 6 6 7 7 7 8 8 8 6 6 7 7 7 8 8 8 9 6 6 7 7 7 8 8 8 9 9 10 10 11 11 11 12 12 12 13 13 13 10 10 11 11 11 12 12 12 13 13 13 14 10 10 11 11 11 12 12 12 13 13 13 14 14
0 1 1 1 1 2 1 1 2 2 3 3 4 4 4 3 3 4 4 4 5 3 3 4 4 4 5 5 6 7 8 8 8 9 9 9 6 7 8 8 8 9 9 9 10 6 7 8 8 8 9 9 9 10 10 7 6 8 8 8 9 9 9 11 11 11 7 6 8 8 8 9 9 9 11 11 11 10 7 6 8 8 8 9 9 9 11 11 11 10 10
0 1 2 1 2 3 1 2 3 3 2 1 4 4 4 2 1 4 4 4 3 2 1 4 4 4 3 3 5 6 7 7 7 8 8 8 5 6 7 7 7 8 8 8 9 5 6 7 7 7 8 8 8 9 9 6 5 8 8 8 7 7 7 10 10 10 6 5 8 8 8 7 7 7 10 10 10 9 6 5 8 8 8 7 7 7 10 10 10 9 9
0 1 2 1 2 3 1 2 3 3 4 5 6 6 6 4 5 6 6 6 7 4 5 6 6 6 7 7 8 9 10 10 10 11 11 11 8 9 10 10 10 11 11 11 12 8 9 10 10 10 11 11 11 12 13 8 9 10 10 10 11 11 11 12 13 13 8 9 10 10 10 11 11 11 13 12 12 12 8 9 10 10 10 11 11 11 13 12 12 12 13
0 1 2 3 4 5 3 4 5 6 7 8 9 10 10 7 8 9 10 10 11 7 8 9 10 10 11 11 7 8 9 10 10 12 12 12 7 8 9 10 10 12 12 12 11 7 8 9 10 10 12 12 12 11 11 7 8 9 10 10 12 12 12 12 12 12 7 8 9 10 10 12 12 12 12 12 12 11 7 8 9 10 10 12 12 12 12 12 12 11 11
--- order 2880 (x23) ---
0 0 0 0 0 0 0 0 0 0 1 1 1 1 1 1 1 1 1 1 2 1 1 1 1 1 2 2 1 1 1 1 1 2 2 2 3 4 4 4 4 5 5 5 5 4 3 4 4 4 5 5 5 5 6 4 4 3 4 4 5 5 5 5 6 6 4 4 4 3 4 5 5 5 5 6 6 6 4 4 4 4 3 5 5 5 5 6 6 6 6
0 0 0 0 0 0 1 1 1 1 1 1 1 1 2 1 1 1 1 2 3 1 1 1 1 2 3 3 1 1 1 1 3 2 3 3 1 1 1 1 3 2 3 3 3 1 1 1 1 3 3 2 3 2 3 1 1 1 1 3 3 2 3 3 2 3 1 1 1 1 3 3 3 2 2 3 3 2 1 1 1 1 3 3 3 2 3 2 2 3 3
0 0 0 1 2 3 1 2 3 4 2 3 1 5 5 2 3 1 5 5 4 3 1 2 5 5 5 5 3 1 2 5 5 5 5 4 6 6 6 7 7 7 7 7 7 6 6 6 7 7 7 7 7 7 8 6 6 6 7 7 7 7 7 7 8 8 6 6 6 7 7 7 7 7 7 8 8 8 6 6 6 7 7 7 7 7 7 8 8 8 8
0 0 1 0 1 1 0 1 1 1 2 3 4 4 4 2 4 3 4 4 5 2 4 4 3 4 5 5 2 4 4 4 3 5 5 5 6 7 7 7 7 8 8 8 8 6 7 7 7 7 8 8 8 8 9 6 7 7 7 7 8 8 8 8 9 9 6 7 7 7 7 8 8 8 8 9 9 9 6 7 7 7 7 8 8 8 8 9 9 9 9
0 0 1 1 0 1 1 1 0 0 2 2 2 2 2 2 2 2 2 2 3 2 2 2 2 2 3 3 4 4 4 4 4 5 5 5 4 4 4 4 4 5 5 5 6 4 4 4 4 4 5 5 5 7 7 4 4 4 4 4 5 5 5 7 7 6 4 4 4 4 4 5 5 5 7 7 7 7 4 4 4 4 4 5 5 5 7 7 7 7 6
0 0 1 2 3 3 2 3 3 4 2 3 3 5 6 2 3 3 5 6 6 2 3 3 6 5 4 5 2 3 3 6 5 5 4 6 7 8 8 9 9 9 9 9 9 7 8 8 9 9 9 9 9 9 10 7 8 8 9 9 9 9 9 9 10 10 7 8 8 9 9 9 9 9 9 10 10 10 7 8 8 9 9 9 9 9 9 10 10 10 10
0 0 1 2 3 3 4 5 6 7 4 5 6 7 8 4 6 5 7 9 10 4 6 5 7 10 9 8 11 12 12 13 14 14 14 14 11 12 12 13 14 14 14 14 15 11 12 12 13 14 14 14 14 15 15 11 12 12 13 14 14 14 14 15 15 15 11 12 12 13 14 14 14 14 15 15 15 15 11 12 12 13 14 14 14 14 15 15 15 15 15
0 0 1 2 3 3 4 5 6 7 4 6 5 7 8 9 10 10 11 12 12 9 10 10 11 12 12 13 14 15 15 16 17 17 18 18 14 15 15 16 17 17 18 18 19 14 15 15 16 17 17 18 18 19 19 14 15 15 16 17 17 18 18 19 19 19 14 15 15 16 17 17 18 18 19 19 19 19 14 15 15 16 17 17 18 18 19 19 19 19 19
0 1 1 1 1 0 2 3 4 5 4 5 3 2 6 5 4 2 3 6 7 3 2 5 4 7 6 6 8 8 8 8 9 9 9 9 8 8 8 8 9 9 9 9 10 8 8 8 8 9 9 9 9 10 10 8 8 8 8 9 9 9 9 10 10 10 8 8 8 8 9 9 9 9 10 10 10 10 8 8 8 8 9 9 9 9 10 10 10 10 10
0 1 1 1 1 2 1 1 2 3 1 1 3 2 3 1 1 3 3 2 2 4 4 5 5 5 5 5 4 4 5 5 5 5 5 6 4 4 5 5 5 5 5 6 6 7 7 8 8 8 8 8 9 9 9 7 7 8 8 8 8 8 9 9 9 10 7 7 8 8 8 8 8 9 9 9 10 10 7 7 8 8 8 8 8 9 9 9 10 10 10
0 1 1 1 1 2 1 1 3 4 1 1 3 4 4 1 1 3 4 4 4 1 1 3 4 4 4 4 1 1 3 4 4 4 4 4 1 1 4 3 2 3 3 3 3 1 1 4 3 3 2 3 3 3 4 1 1 4 3 3 3 2 3 3 4 4 1 1 4 3 3 3 3 2 3 4 4 4 1 1 4 3 3 3 3 3 2 4 4 4 4
0 1 1 1 1 2 3 3 4 5 3 3 5 4 6 7 8 9 9 10 10 8 7 9 9 10 10 11 12 12 13 13 14 14 15 15 12 12 13 13 14 14 15 15 16 12 12 13 13 14 14 15 15 16 16 12 12 13 13 14 14 15 15 16 16 16 12 12 13 13 14 14 15 15 16 16 16 16 12 12 13 13 14 14 15 15 16 16 16 16 16
0 1 1 1 1 2 3 4 5 6 3 4 6 5 7 4 3 5 6 8 9 4 3 6 5 9 8 7 10 10 11 11 12 12 12 12 10 10 11 11 12 12 12 12 13 10 10 11 11 12 12 12 12 13 13 10 10 11 11 12 12 12 12 13 13 13 10 10 11 11 12 12 12 12 13 13 13 13 10 10 11 11 12 12 12 12 13 13 13 13 13
0 1 2 1 2 3 1 2 4 5 1 2 5 4 3 6 7 8 8 8 8 6 7 8 8 8 8 9 6 7 8 8 8 8 9 9 10 11 12 12 12 12 13 13 13 10 11 12 12 12 12 13 13 13 14 10 11 12 12 12 12 13 13 13 14 14 10 11 12 12 12 12 13 13 13 14 14 14 10 11 12 12 12 12 13 13 13 14 14 14 14
0 1 2 1 2 3 2 1 4 5 2 1 5 4 3 6 6 7 7 7 7 6 6 7 7 7 7 8 6 6 7 7 7 7 8 8 9 9 10 10 10 10 11 11 11 9 9 10 10 10 10 11 11 11 12 9 9 10 10 10 10 11 11 11 12 12 9 9 10 10 10 10 11 11 11 12 12 12 9 9 10 10 10 10 11 11 11 12 12 12 12
0 1 2 1 2 3 4 5 6 6 4 5 6 6 7 8 9 10 10 11 11 8 9 10 10 11 11 12 8 9 10 10 11 11 12 12 13 14 15 15 16 16 17 17 17 13 14 15 15 16 16 17 17 17 18 13 14 15 15 16 16 17 17 17 18 18 13 14 15 15 16 16 17 17 17 18 18 18 13 14 15 15 16 16 17 17 17 18 18 18 18
0 1 2 2 1 0 3 4 5 6 6 5 4 3 7 5 6 3 4 8 9 4 3 6 5 9 8 7 10 10 10 10 11 11 11 11 10 10 10 10 11 11 11 11 12 10 10 10 10 11 11 11 11 12 12 10 10 10 10 11 11 11 11 12 12 12 10 10 10 10 11 11 11 11 12 12 12 12 10 10 10 10 11 11 11 11 12 12 12 12 12
0 1 2 2 1 3 4 4 5 5 4 4 5 5 6 7 7 8 8 9 9 7 7 8 8 9 9 10 7 7 8 8 9 9 10 10 11 11 12 12 13 13 14 14 14 11 11 12 12 13 13 14 14 14 15 11 11 12 12 13 13 14 14 14 15 15 11 11 12 12 13 13 14 14 14 15 15 15 11 11 12 12 13 13 14 14 14 15 15 15 15
0 1 2 2 1 3 4 5 6 7 4 5 6 7 8 5 4 7 6 9 10 5 4 7 6 10 9 8 11 11 12 12 13 13 13 13 11 11 12 12 13 13 13 13 14 11 11 12 12 13 13 13 13 14 14 11 11 12 12 13 13 13 13 14 14 14 11 11 12 12 13 13 13 13 14 14 14 14 11 11 12 12 13 13 13 13 14 14 14 14 14
0 1 2 2 1 3 4 5 6 7 5 4 7 6 8 9 9 10 10 11 11 9 9 10 10 11 11 12 13 13 14 14 15 15 16 16 13 13 14 14 15 15 16 16 17 13 13 14 14 15 15 16 16 17 17 13 13 14 14 15 15 16 16 17 17 17 13 13 14 14 15 15 16 16 17 17 17 17 13 13 14 14 15 15 16 16 17 17 17 17 17
0 1 2 3 4 5 6 7 8 9 6 7 8 9 10 6 7 8 9 11 12 6 7 8 9 12 11 10 13 14 15 16 17 17 17 17 13 14 15 16 17 17 17 17 18 13 14 15 16 17 17 17 17 18 18 13 14 15 16 17 17 17 17 18 18 18 13 14 15 16 17 17 17 17 18 18 18 18 13 14 15 16 17 17 17 17 18 18 18 18 18
0 1 2 3 4 5 6 7 8 9 6 7 8 9 10 11 12 13 14 15 15 11 12 13 14 15 15 16 17 18 19 20 21 21 22 22 17 18 19 20 21 21 22 22 23 17 18 19 20 21 21 22 22 23 23 17 18 19 20 21 21 22 22 23 23 23 17 18 19 20 21 21 22 22 23 23 23 23 17 18 19 20 21 21 22 22 23 23 23 23 23
0 1 2 3 4 5 6 7 8 9 10 11 12 13 14 10 11 12 13 14 15 10 11 12 13 14 15 15 10 11 12 13 14 15 15 15 16 17 18 19 20 21 21 21 21 16 17 18 19 20 21 21 21 21 22 16 17 18 19 20 21 21 21 21 22 22 16 17 18 19 20 21 21 21 21 22 22 22 16 17 18 19 20 21 21 21 21 22 22 22 22
--- order 3072 (x11) ---
0 0 1 2 3 3 2 3 3 1 1 0 0 2 2 3 2 2 0 0 3 3 2 2 0 0 3 1 4 4 4 4 4 4 4 4 4 4 4 4 4 4 4 4 5 4 4 4 4 4 4 4 4 6 6 4 4 4 4 4 4 4 4 6 6 5 4 4 4 4 4 4 4 4 6 6 6 6 4 4 4 4 4 4 4 4 6 6 6 6 5
0 1 1 1 1 0 2 2 2 2 2 2 2 2 3 2 2 2 2 4 4 2 2 2 2 4 4 3 5 5 5 5 6 6 6 6 5 5 5 5 6 6 6 6 7 5 5 5 5 6 6 6 6 8 8 5 5 5 5 6 6 6 6 8 8 7 5 5 5 5 6 6 6 6 8 8 8 8 5 5 5 5 6 6 6 6 8 8 8 8 7
0 1 1 1 1 2 1 1 2 3 1 1 4 5 5 1 1 4 5 5 3 1 1 3 2 2 4 4 1 1 5 4 4 2 2 5 1 1 5 4 4 2 2 5 3 6 6 7 7 7 7 7 7 7 7 6 6 7 7 7 7 7 7 7 7 8 6 6 7 7 7 7 7 7 7 7 8 8 6 6 7 7 7 7 7 7 7 7 8 8 8
0 1 1 1 1 2 1 1 3 3 1 1 3 3 2 4 4 5 5 5 5 4 4 5 5 5 5 6 4 4 5 5 5 5 7 7 4 4 5 5 5 5 7 7 6 8 8 9 9 9 9 10 10 10 10 8 8 9 9 9 9 10 10 10 10 11 8 8 9 9 9 9 10 10 10 10 11 11 8 8 9 9 9 9 10 10 10 10 11 11 11
0 1 1 1 1 2 1 1 3 4 1 1 4 3 2 5 5 6 6 6 6 5 5 6 6 6 6 7 5 5 6 6 6 6 8 8 5 5 6 6 6 6 8 8 7 5 5 6 6 6 6 8 8 8 8 5 5 6 6 6 6 8 8 8 8 7 5 5 6 6 6 6 8 8 8 8 8 8 5 5 6 6 6 6 8 8 8 8 8 8 7
0 1 1 1 1 2 3 3 4 4 3 3 4 4 5 6 6 7 7 8 8 6 6 7 7 8 8 9 6 6 7 7 8 8 10 10 6 6 7 7 8 8 10 10 9 6 6 7 7 8 8 10 10 10 10 6 6 7 7 8 8 10 10 10 10 9 6 6 7 7 8 8 10 10 10 10 10 10 6 6 7 7 8 8 10 10 10 10 10 10 9
0 1 2 1 2 3 1 2 4 4 1 2 4 4 3 1 2 5 5 5 5 1 2 5 5 5 5 3 1 2 5 5 5 5 4 4 1 2 5 5 5 5 4 4 3 1 2 5 5 5 5 5 5 5 5 1 2 5 5 5 5 5 5 5 5 3 1 2 5 5 5 5 5 5 5 5 4 4 1 2 5 5 5 5 5 5 5 5 4 4 3
0 1 2 1 2 3 1 2 4 4 1 2 4 4 3 1 2 5 5 5 5 1 2 5 5 5 5 3 1 2 5 5 5 5 4 4 1 2 5 5 5 5 4 4 3 6 7 8 8 8 8 8 8 8 8 6 7 8 8 8 8 8 8 8 8 9 6 7 8 8 8 8 8 8 8 8 9 9 6 7 8 8 8 8 8 8 8 8 9 9 9
0 1 2 1 2 3 1 2 4 4 1 2 4 4 3 2 1 5 5 5 5 2 1 5 5 5 5 3 2 1 5 5 5 5 4 4 2 1 5 5 5 5 4 4 3 6 6 7 7 7 7 7 7 7 7 6 6 7 7 7 7 7 7 7 7 8 6 6 7 7 7 7 7 7 7 7 8 8 6 6 7 7 7 7 7 7 7 7 8 8 8
0 1 2 1 2 3 1 2 4 4 1 2 4 4 3 5 6 7 7 7 7 5 6 7 7 7 7 8 5 6 7 7 7 7 9 9 5 6 7 7 7 7 9 9 8 5 6 7 7 7 7 9 9 9 9 5 6 7 7 7 7 9 9 9 9 8 5 6 7 7 7 7 9 9 9 9 9 9 5 6 7 7 7 7 9 9 9 9 9 9 8
0 1 2 1 2 3 2 1 4 4 2 1 4 4 3 5 5 6 6 6 6 5 5 6 6 6 6 7 5 5 6 6 6 6 8 8 5 5 6 6 6 6 8 8 7 5 5 6 6 6 6 8 8 8 8 5 5 6 6 6 6 8 8 8 8 7 5 5 6 6 6 6 8 8 8 8 8 8 5 5 6 6 6 6 8 8 8 8 8 8 7
--- order 3360 (x1) ---
0 1 1 1 1 2 1 1 2 3 1 1 4 4 3 1 1 4 3 4 2 1 1 3 2 4 3 2 1 1 3 4 2 2 3 4 5 5 6 6 6 6 6 6 6 5 5 6 6 6 6 6 6 6 7 5 5 6 6 6 6 6 6 6 7 7 5 5 6 6 6 6 6 6 6 7 7 7 5 5 6 6 6 6 6 6 6 7 7 7 7
--- order 3456 (x16) ---
0 0 0 1 2 2 2 1 2 3 2 2 1 3 3 4 4 4 5 5 5 4 4 4 5 5 5 6 4 4 4 5 5 5 6 6 4 4 4 5 5 5 6 6 6 7 7 7 8 8 8 9 9 9 9 7 7 7 8 8 8 9 9 9 9 10 7 7 7 8 8 8 9 9 9 9 10 10 7 7 7 8 8 8 9 9 9 9 10 10 10
0 0 0 1 2 3 2 3 1 4 3 1 2 4 4 5 5 5 6 6 6 5 5 5 6 6 6 7 5 5 5 6 6 6 7 8 5 5 5 6 6 6 7 8 8 5 5 5 6 6 6 7 8 8 8 5 5 5 6 6 6 8 7 7 7 7 5 5 5 6 6 6 8 7 7 7 7 8 5 5 5 6 6 6 8 7 7 7 7 8 8
0 0 1 0 1 1 1 0 0 0 1 0 0 0 1 2 2 2 2 2 2 2 2 2 2 2 2 3 2 2 2 2 2 2 4 5 2 2 2 2 2 2 4 5 5 2 2 2 2 2 2 4 5 5 5 2 2 2 2 2 2 5 4 3 4 4 2 2 2 2 2 2 5 4 4 3 4 5 2 2 2 2 2 2 5 4 4 4 3 5 5
0 0 1 0 2 2 0 2 2 1 3 4 4 4 4 3 4 4 4 4 5 3 4 4 4 4 5 5 6 7 7 7 7 8 8 8 6 7 7 7 7 8 8 8 9 6 7 7 7 7 8 8 8 9 10 6 7 7 7 7 8 8 8 9 10 10 6 7 7 7 7 8 8 8 10 9 9 9 6 7 7 7 7 8 8 8 10 9 9 9 10
0 1 1 1 1 2 1 1 2 2 3 3 4 4 4 3 3 4 4 4 5 3 3 4 4 4 5 5 6 6 7 7 7 8 8 8 6 6 7 7 7 8 8 8 9 6 6 7 7 7 8 8 8 10 10 6 6 7 7 7 8 8 8 10 10 9 6 6 7 7 7 8 8 8 10 10 10 10 6 6 7 7 7 8 8 8 10 10 10 10 9
0 1 1 1 1 2 3 3 4 4 3 3 4 4 5 3 3 4 4 5 5 6 6 7 7 8 8 8 6 6 7 7 8 8 8 9 6 6 7 7 8 8 8 9 9 10 10 11 11 12 12 12 13 13 13 10 10 11 11 12 12 12 13 13 13 14 10 10 11 11 12 12 12 13 13 13 14 14 10 10 11 11 12 12 12 13 13 13 14 14 14
0 1 1 1 1 2 3 4 5 5 3 4 5 5 6 3 4 5 5 6 6 4 3 5 5 7 7 7 4 3 5 5 7 7 7 6 4 3 5 5 7 7 7 6 6 8 8 9 9 10 10 10 10 10 10 8 8 9 9 10 10 10 10 10 10 11 8 8 9 9 10 10 10 10 10 10 11 11 8 8 9 9 10 10 10 10 10 10 11 11 11
0 1 2 1 2 3 1 2 3 3 2 1 4 4 4 2 1 4 4 4 3 2 1 4 4 4 3 3 5 5 6 6 6 6 6 6 5 5 6 6 6 6 6 6 7 5 5 6 6 6 6 6 6 8 8 5 5 6 6 6 6 6 6 8 8 7 5 5 6 6 6 6 6 6 8 8 8 8 5 5 6 6 6 6 6 6 8 8 8 8 7
0 1 2 1 2 3 1 2 3 4 1 2 3 4 4 1 2 4 3 3 3 1 2 4 3 3 3 4 5 6 7 7 7 7 7 7 5 6 7 7 7 7 7 7 8 5 6 7 7 7 7 7 7 9 9 5 6 7 7 7 7 7 7 9 9 8 5 6 7 7 7 7 7 7 9 9 9 9 5 6 7 7 7 7 7 7 9 9 9 9 8
0 1 2 1 2 3 4 5 6 6 4 5 6 6 7 4 5 6 6 7 8 4 5 6 6 7 8 8 4 5 6 6 8 7 7 7 4 5 6 6 8 7 7 7 8 9 10 11 11 12 12 12 12 12 12 9 10 11 11 12 12 12 12 12 12 13 9 10 11 11 12 12 12 12 12 12 13 13 9 10 11 11 12 12 12 12 12 12 13 13 13
0 1 2 2 1 0 3 3 3 3 3 3 3 3 4 3 3 3 3 4 4 5 5 5 5 6 6 6 5 5 5 5 6 6 6 7 5 5 5 5 6 6 6 7 7 8 8 8 8 9 9 9 10 10 10 8 8 8 8 9 9 9 10 10 10 11 8 8 8 8 9 9 9 10 10 10 11 11 8 8 8 8 9 9 9 10 10 10 11 11 11
0 1 2 2 1 0 3 4 4 3 3 4 4 3 5 3 4 4 3 5 5 4 3 3 4 6 6 6 4 3 3 4 6 6 6 5 4 3 3 4 6 6 6 5 5 7 7 7 7 8 8 8 8 8 8 7 7 7 7 8 8 8 8 8 8 9 7 7 7 7 8 8 8 8 8 8 9 9 7 7 7 7 8 8 8 8 8 8 9 9 9
0 1 2 2 1 3 4 4 5 5 4 4 5 5 6 4 4 5 5 6 7 4 4 5 5 6 7 7 4 4 5 5 7 6 6 6 4 4 5 5 7 6 6 6 7 8 8 9 9 10 10 10 10 10 10 8 8 9 9 10 10 10 10 10 10 11 8 8 9 9 10 10 10 10 10 10 11 11 8 8 9 9 10 10 10 10 10 10 11 11 11
0 1 2 3 2 2 2 1 3 0 2 3 0 1 2 4 4 4 4 4 4 4 4 4 4 4 4 5 4 4 4 4 4 4 5 5 4 4 4 4 4 4 5 5 5 6 6 6 6 6 6 7 7 7 7 6 6 6 6 6 6 7 7 7 7 8 6 6 6 6 6 6 7 7 7 7 8 8 6 6 6 6 6 6 7 7 7 7 8 8 8
0 1 2 3 2 2 2 1 3 0 2 3 0 1 2 4 5 5 5 4 4 4 5 5 5 4 4 6 4 5 5 5 4 4 6 6 4 5 5 5 4 4 6 6 6 5 4 4 4 5 5 7 7 7 7 5 4 4 4 5 5 7 7 7 7 6 5 4 4 4 5 5 7 7 7 7 6 6 5 4 4 4 5 5 7 7 7 7 6 6 6
0 1 2 3 4 5 3 4 5 6 3 4 5 6 6 7 8 9 10 10 10 7 8 9 10 10 10 11 7 8 9 10 10 10 11 11 7 8 9 10 10 10 11 11 11 12 13 14 15 15 15 16 16 16 16 12 13 14 15 15 15 16 16 16 16 17 12 13 14 15 15 15 16 16 16 16 17 17 12 13 14 15 15 15 16 16 16 16 17 17 17
--- order 3840 (x6) ---
0 0 1 0 1 2 0 2 1 1 3 4 5 5 4 3 4 5 5 4 6 3 5 4 4 5 7 7 3 5 4 4 5 7 7 6 8 9 9 9 9 10 10 10 10 8 9 9 9 9 10 10 10 10 11 8 9 9 9 9 10 10 10 10 11 11 8 9 9 9 9 10 10 10 10 11 11 11 8 9 9 9 9 10 10 10 10 11 11 11 11
0 0 1 0 1 2 0 2 1 2 0 2 2 1 1 3 4 4 4 4 4 3 4 4 4 4 4 5 3 4 4 4 4 4 6 6 3 4 4 4 4 4 6 6 5 3 4 4 4 4 4 6 6 6 6 3 4 4 4 4 4 6 6 6 6 5 3 4 4 4 4 4 6 6 6 6 6 6 3 4 4 4 4 4 6 6 6 6 6 6 5
0 0 1 0 2 3 0 3 2 1 0 4 4 4 4 0 4 4 4 4 1 0 4 4 4 4 2 3 0 4 4 4 4 3 2 1 5 6 6 6 6 6 6 6 6 5 6 6 6 6 6 6 6 6 7 5 6 6 6 6 6 6 6 6 7 7 5 6 6 6 6 6 6 6 6 7 7 7 5 6 6 6 6 6 6 6 6 7 7 7 7
0 0 1 0 2 3 0 3 2 1 4 5 5 5 5 4 5 5 5 5 6 4 5 5 5 5 7 7 4 5 5 5 5 7 7 6 8 9 9 9 9 10 10 10 10 8 9 9 9 9 10 10 10 10 11 8 9 9 9 9 10 10 10 10 11 11 8 9 9 9 9 10 10 10 10 11 11 11 8 9 9 9 9 10 10 10 10 11 11 11 11
0 0 1 2 3 3 2 3 3 4 5 6 6 7 7 5 6 6 7 7 8 5 6 6 7 7 9 9 5 6 6 7 7 9 9 8 10 11 11 12 12 13 13 13 13 10 11 11 12 12 13 13 13 13 14 10 11 11 12 12 13 13 13 13 14 14 10 11 11 12 12 13 13 13 13 14 14 14 10 11 11 12 12 13 13 13 13 14 14 14 14
0 1 2 3 4 5 6 7 8 9 6 7 8 9 10 6 7 8 9 11 11 6 7 8 9 11 11 10 6 7 8 9 11 11 11 11 6 7 8 9 11 11 11 11 10 6 7 8 9 11 11 11 11 11 11 6 7 8 9 11 11 11 11 11 11 10 6 7 8 9 11 11 11 11 11 11 11 11 6 7 8 9 11 11 11 11 11 11 11 11 10
--- order 4320 (x10) ---
0 0 0 1 1 1 1 1 1 2 1 1 1 3 4 1 1 1 5 4 4 1 1 1 4 3 5 2 1 1 1 4 5 2 3 4 6 6 6 7 7 7 7 7 7 6 6 6 7 7 7 7 7 7 8 6 6 6 7 7 7 7 7 7 8 8 6 6 6 7 7 7 7 7 7 8 8 8 6 6 6 7 7 7 7 7 7 8 8 8 8
0 0 0 1 1 1 1 1 1 2 3 4 5 6 6 4 5 3 6 6 7 5 3 4 6 6 7 7 8 8 8 9 9 10 10 10 8 8 8 9 9 10 10 10 11 8 8 8 9 9 10 10 10 11 11 8 8 8 9 9 10 10 10 11 11 11 8 8 8 9 9 10 10 10 11 11 11 11 8 8 8 9 9 10 10 10 11 11 11 11 11
0 0 0 1 2 2 1 2 2 1 2 1 2 0 2 2 1 2 2 0 1 2 2 1 0 2 0 2 2 2 1 2 0 2 0 1 3 3 3 3 3 3 3 3 3 3 3 3 3 3 3 3 3 3 4 3 3 3 3 3 3 3 3 3 4 4 3 3 3 3 3 3 3 3 3 4 4 4 3 3 3 3 3 3 3 3 3 4 4 4 4
0 0 0 1 2 2 2 1 2 3 2 2 1 3 3 4 4 4 5 5 5 4 4 4 5 5 5 6 4 4 4 5 5 5 6 6 7 7 7 8 8 8 9 9 9 7 7 7 8 8 8 9 9 9 10 7 7 7 8 8 8 9 9 9 10 10 7 7 7 8 8 8 9 9 9 10 10 10 7 7 7 8 8 8 9 9 9 10 10 10 10
0 0 1 0 1 1 2 3 3 3 4 5 6 6 7 4 6 5 6 7 8 4 6 6 5 7 8 8 9 10 10 10 11 12 12 12 9 10 10 10 11 12 12 12 13 9 10 10 10 11 12 12 12 13 13 9 10 10 10 11 12 12 12 13 13 13 9 10 10 10 11 12 12 12 13 13 13 13 9 10 10 10 11 12 12 12 13 13 13 13 13
0 0 1 1 0 1 1 1 0 0 2 2 2 2 2 2 2 2 2 2 3 2 2 2 2 2 3 3 4 4 4 4 4 5 5 5 4 4 4 4 4 5 5 5 6 4 4 4 4 4 5 5 5 6 7 4 4 4 4 4 5 5 5 6 7 7 4 4 4 4 4 5 5 5 7 6 6 6 4 4 4 4 4 5 5 5 7 6 6 6 7
0 1 2 1 2 3 1 2 3 3 2 1 4 5 6 2 1 5 6 4 3 2 1 6 4 5 3 3 7 7 8 8 8 8 8 8 7 7 8 8 8 8 8 8 9 7 7 8 8 8 8 8 8 9 9 7 7 8 8 8 8 8 8 9 9 9 7 7 8 8 8 8 8 8 9 9 9 9 7 7 8 8 8 8 8 8 9 9 9 9 9
0 1 2 1 2 3 1 2 4 5 1 2 6 5 5 1 2 5 4 6 3 1 2 5 6 3 4 5 7 8 9 9 9 9 9 9 7 8 9 9 9 9 9 9 10 7 8 9 9 9 9 9 9 10 10 7 8 9 9 9 9 9 9 10 10 10 7 8 9 9 9 9 9 9 10 10 10 10 7 8 9 9 9 9 9 9 10 10 10 10 10
0 1 2 3 4 5 3 4 5 6 3 4 5 6 6 7 8 9 10 10 10 7 8 9 10 10 10 11 7 8 9 10 10 10 11 11 12 13 14 15 15 15 16 16 16 12 13 14 15 15 15 16 16 16 17 12 13 14 15 15 15 16 16 16 17 17 12 13 14 15 15 15 16 16 16 17 17 17 12 13 14 15 15 15 16 16 16 17 17 17 17
0 1 2 3 4 5 6 7 8 9 10 11 12 13 14 10 11 12 13 14 15 10 11 12 13 14 15 15 16 17 18 19 20 21 21 21 16 17 18 19 20 21 21 21 22 16 17 18 19 20 21 21 21 22 22 16 17 18 19 20 21 21 21 22 22 22 16 17 18 19 20 21 21 21 22 22 22 22 16 17 18 19 20 21 21 21 22 22 22 22 22
--- order 4608 (x24) ---
0 0 1 0 1 2 0 2 1 1 3 4 4 4 4 5 6 7 7 6 8 5 6 7 7 6 8 9 5 6 7 7 6 8 9 9 5 6 7 7 6 8 9 9 9 5 7 6 6 7 8 10 10 10 10 5 7 6 6 7 8 10 10 10 10 9 5 7 6 6 7 8 10 10 10 10 9 9 5 7 6 6 7 8 10 10 10 10 9 9 9
0 0 1 0 2 2 0 2 2 1 1 0 0 0 0 2 0 0 0 0 2 2 0 0 0 0 2 1 3 4 4 4 4 3 3 3 3 4 4 4 4 3 3 3 5 3 4 4 4 4 3 3 3 5 5 4 3 3 3 3 4 4 4 6 6 6 4 3 3 3 3 4 4 4 6 6 6 5 4 3 3 3 3 4 4 4 6 6 6 5 5
0 0 1 2 3 3 2 3 3 1 1 0 0 2 2 3 2 2 0 0 3 3 2 2 0 0 3 1 4 4 4 4 4 4 4 4 4 4 4 4 4 4 4 4 5 4 4 4 4 4 4 4 4 5 6 4 4 4 4 4 4 4 4 5 6 6 4 4 4 4 4 4 4 4 6 5 5 5 4 4 4 4 4 4 4 4 6 5 5 5 6
0 0 1 2 3 3 2 3 3 4 2 3 3 4 4 5 6 6 7 7 7 5 6 6 7 7 7 8 5 6 6 7 7 7 9 9 5 6 6 7 7 7 9 9 8 5 6 6 7 7 7 9 9 9 9 5 6 6 7 7 7 9 9 9 9 8 5 6 6 7 7 7 9 9 9 9 9 9 5 6 6 7 7 7 9 9 9 9 9 9 8
0 1 1 1 1 0 2 2 2 2 2 2 2 2 0 2 2 2 2 1 1 2 2 2 2 1 1 0 3 3 3 3 3 3 3 3 3 3 3 3 3 3 3 3 4 3 3 3 3 3 3 3 3 4 4 5 5 5 5 5 5 5 5 6 6 6 5 5 5 5 5 5 5 5 6 6 6 7 5 5 5 5 5 5 5 5 6 6 6 7 7
0 1 1 1 1 0 2 2 2 2 2 2 2 2 3 2 2 2 2 4 4 2 2 2 2 4 4 3 5 5 5 5 6 6 6 6 5 5 5 5 6 6 6 6 7 5 5 5 5 6 6 6 6 7 8 5 5 5 5 6 6 6 6 7 8 8 5 5 5 5 6 6 6 6 8 7 7 7 5 5 5 5 6 6 6 6 8 7 7 7 8
0 1 1 1 1 2 1 1 3 3 1 1 3 3 2 1 1 3 3 3 3 1 1 3 3 3 3 2 4 4 5 5 5 5 5 5 4 4 5 5 5 5 5 5 6 4 4 5 5 5 5 5 5 7 7 4 4 5 5 5 5 5 5 7 7 6 4 4 5 5 5 5 5 5 7 7 7 7 4 4 5 5 5 5 5 5 7 7 7 7 6
0 1 1 1 1 2 1 1 3 4 1 1 4 3 2 5 5 6 6 6 6 5 5 6 6 6 6 7 5 5 6 6 6 6 7 7 5 5 6 6 6 6 7 7 7 8 8 9 9 9 9 10 10 10 10 8 8 9 9 9 9 10 10 10 10 11 8 8 9 9 9 9 10 10 10 10 11 11 8 8 9 9 9 9 10 10 10 10 11 11 11
0 1 1 1 1 2 1 1 3 4 1 1 4 3 2 5 6 7 7 7 7 5 6 7 7 7 7 8 5 6 7 7 7 7 8 8 5 6 7 7 7 7 8 8 8 6 5 7 7 7 7 9 9 9 9 6 5 7 7 7 7 9 9 9 9 8 6 5 7 7 7 7 9 9 9 9 8 8 6 5 7 7 7 7 9 9 9 9 8 8 8
0 1 1 1 1 2 3 3 4 4 3 3 4 4 5 3 3 4 4 6 6 3 3 4 4 6 6 5 3 3 4 4 6 6 6 6 3 3 4 4 6 6 6 6 5 7 7 8 8 9 9 9 9 9 9 7 7 8 8 9 9 9 9 9 9 10 7 7 8 8 9 9 9 9 9 9 10 10 7 7 8 8 9 9 9 9 9 9 10 10 10
0 1 1 1 1 2 3 3 4 4 3 3 4 4 5 6 6 7 7 8 8 6 6 7 7 8 8 9 6 6 7 7 8 8 9 9 6 6 7 7 8 8 9 9 9 10 10 11 11 12 12 13 13 13 13 10 10 11 11 12 12 13 13 13 13 14 10 10 11 11 12 12 13 13 13 13 14 14 10 10 11 11 12 12 13 13 13 13 14 14 14
0 1 1 1 1 2 3 3 4 4 3 3 4 4 5 6 7 8 8 9 9 6 7 8 8 9 9 10 6 7 8 8 9 9 10 10 6 7 8 8 9 9 10 10 10 7 6 8 8 9 9 11 11 11 11 7 6 8 8 9 9 11 11 11 11 10 7 6 8 8 9 9 11 11 11 11 10 10 7 6 8 8 9 9 11 11 11 11 10 10 10
0 1 2 1 2 2 2 1 0 1 2 1 1 0 2 3 3 3 3 3 3 3 3 3 3 3 3 4 3 3 3 3 3 3 5 5 3 3 3 3 3 3 5 5 4 3 3 3 3 3 3 5 5 5 5 3 3 3 3 3 3 5 5 5 5 4 3 3 3 3 3 3 5 5 5 5 5 5 3 3 3 3 3 3 5 5 5 5 5 5 4
0 1 2 1 2 3 1 2 3 4 1 2 3 5 5 1 2 3 5 5 4 1 2 3 5 5 5 5 1 2 3 5 5 5 5 4 1 2 4 3 3 3 3 3 3 1 2 5 3 3 3 3 3 3 5 1 2 5 3 3 3 3 3 3 5 4 1 2 5 3 3 3 3 3 3 5 5 5 1 2 5 3 3 3 3 3 3 5 5 5 4
0 1 2 1 2 3 1 2 4 4 1 2 4 4 3 1 2 4 4 4 4 1 2 4 4 4 4 3 2 1 5 5 5 5 5 5 2 1 5 5 5 5 5 5 3 2 1 5 5 5 5 5 5 4 4 2 1 5 5 5 5 5 5 4 4 3 2 1 5 5 5 5 5 5 4 4 4 4 2 1 5 5 5 5 5 5 4 4 4 4 3
0 1 2 1 2 3 1 2 4 4 1 2 4 4 3 5 6 7 7 7 7 5 6 7 7 7 7 8 5 6 7 7 7 7 8 8 5 6 7 7 7 7 8 8 8 9 10 11 11 11 11 12 12 12 12 9 10 11 11 11 11 12 12 12 12 13 9 10 11 11 11 11 12 12 12 12 13 13 9 10 11 11 11 11 12 12 12 12 13 13 13
0 1 2 1 2 3 1 2 4 5 1 2 5 4 3 6 7 8 8 8 8 6 7 8 8 8 8 9 6 7 8 8 8 8 9 10 6 7 8 8 8 8 9 10 10 6 7 8 8 8 8 9 10 10 10 6 7 8 8 8 8 10 9 9 9 9 6 7 8 8 8 8 10 9 9 9 9 10 6 7 8 8 8 8 10 9 9 9 9 10 10
0 1 2 1 2 3 2 1 4 4 2 1 4 4 3 5 5 6 6 6 6 5 5 6 6 6 6 7 5 5 6 6 6 6 7 7 5 5 6 6 6 6 7 7 7 8 8 9 9 9 9 10 10 10 10 8 8 9 9 9 9 10 10 10 10 11 8 8 9 9 9 9 10 10 10 10 11 11 8 8 9 9 9 9 10 10 10 10 11 11 11
0 1 2 1 2 3 2 1 4 4 2 1 4 4 3 5 6 7 7 8 8 5 6 7 7 8 8 9 5 6 7 7 8 8 9 9 5 6 7 7 8 8 9 9 9 6 5 8 8 7 7 10 10 10 10 6 5 8 8 7 7 10 10 10 10 9 6 5 8 8 7 7 10 10 10 10 9 9 6 5 8 8 7 7 10 10 10 10 9 9 9
0 1 2 1 2 3 2 1 4 5 2 1 5 4 3 6 6 7 7 7 7 6 6 7 7 7 7 8 6 6 7 7 7 7 8 9 6 6 7 7 7 7 8 9 9 6 6 7 7 7 7 8 9 9 9 6 6 7 7 7 7 9 8 8 8 8 6 6 7 7 7 7 9 8 8 8 8 9 6 6 7 7 7 7 9 8 8 8 8 9 9
0 1 2 1 2 3 4 5 6 6 4 5 6 6 7 8 9 10 10 11 11 8 9 10 10 11 11 12 8 9 10 10 11 11 12 13 8 9 10 10 11 11 12 13 13 8 9 10 10 11 11 12 13 13 13 8 9 10 10 11 11 13 12 12 12 12 8 9 10 10 11 11 13 12 12 12 12 13 8 9 10 10 11 11 13 12 12 12 12 13 13
0 1 2 2 1 0 3 3 3 3 3 3 3 3 4 3 3 3 3 5 5 3 3 3 3 5 5 4 3 3 3 3 5 5 5 5 3 3 3 3 5 5 5 5 4 6 6 6 6 7 7 7 7 7 7 6 6 6 6 7 7 7 7 7 7 8 6 6 6 6 7 7 7 7 7 7 8 8 6 6 6 6 7 7 7 7 7 7 8 8 8
0 1 2 2 1 0 3 3 3 3 3 3 3 3 4 5 6 6 5 7 7 5 6 6 5 7 7 8 5 6 6 5 7 7 8 8 5 6 6 5 7 7 8 8 8 6 5 5 6 7 7 9 9 9 9 6 5 5 6 7 7 9 9 9 9 8 6 5 5 6 7 7 9 9 9 9 8 8 6 5 5 6 7 7 9 9 9 9 8 8 8
0 1 2 2 1 3 4 4 5 5 4 4 5 5 6 7 7 8 8 9 9 7 7 8 8 9 9 10 7 7 8 8 9 9 10 11 7 7 8 8 9 9 10 11 11 7 7 8 8 9 9 10 11 11 11 7 7 8 8 9 9 11 10 10 10 10 7 7 8 8 9 9 11 10 10 10 10 11 7 7 8 8 9 9 11 10 10 10 10 11 11
--- order 4800 (x3) ---
0 0 1 1 0 1 1 1 0 0 2 2 2 2 2 2 2 2 2 2 0 2 2 2 2 2 0 1 2 2 2 2 2 1 0 1 2 2 2 2 2 1 1 0 0 3 3 3 3 3 3 3 3 3 3 3 3 3 3 3 3 3 3 3 3 4 3 3 3 3 3 3 3 3 3 3 4 4 3 3 3 3 3 3 3 3 3 3 4 4 4
0 1 1 1 1 2 3 3 4 4 3 3 4 4 5 3 3 4 4 5 6 3 3 4 4 6 5 6 3 3 4 4 6 6 5 5 7 7 8 8 9 9 9 9 9 7 7 8 8 9 9 9 9 9 10 7 7 8 8 9 9 9 9 9 10 10 7 7 8 8 9 9 9 9 9 10 10 10 7 7 8 8 9 9 9 9 9 10 10 10 10
0 1 2 2 1 0 3 3 3 3 3 3 3 3 4 3 3 3 3 4 5 3 3 3 3 5 4 5 3 3 3 3 5 5 4 4 6 6 6 6 7 7 7 7 7 6 6 6 6 7 7 7 7 7 8 6 6 6 6 7 7 7 7 7 8 8 6 6 6 6 7 7 7 7 7 8 8 8 6 6 6 6 7 7 7 7 7 8 8 8 8
--- order 5040 (x2) ---
0 0 0 0 0 0 0 0 0 0 0 0 0 0 0 0 0 0 0 0 0 1 2 2 2 2 2 2 2 1 2 2 2 2 2 3 2 2 1 2 2 2 2 3 3 2 2 2 1 2 2 2 3 3 3 2 2 2 2 1 2 2 3 3 3 3 2 2 2 2 2 1 2 3 3 3 3 3 2 2 2 2 2 2 1 3 3 3 3 3 3
0 1 2 3 4 5 6 7 8 9 10 11 12 13 14 15 16 17 18 19 20 21 22 23 24 25 26 27 21 22 23 24 25 26 27 28 21 22 23 24 25 26 27 28 28 21 22 23 24 25 26 27 28 28 28 21 22 23 24 25 26 27 28 28 28 28 21 22 23 24 25 26 27 28 28 28 28 28 21 22 23 24 25 26 27 28 28 28 28 28 28
--- order 5184 (x9) ---
0 0 1 0 1 1 1 0 0 0 1 0 0 0 1 2 2 2 2 2 2 2 2 2 2 2 2 3 4 5 5 5 4 4 6 6 4 5 5 5 4 4 6 6 7 4 5 5 5 4 4 6 6 7 7 5 4 4 4 5 5 6 6 8 8 8 5 4 4 4 5 5 6 6 8 8 8 7 5 4 4 4 5 5 6 6 8 8 8 7 7
0 0 1 0 1 1 2 3 3 3 2 3 3 3 4 2 3 3 3 4 4 5 6 6 6 7 7 7 5 6 6 6 7 7 7 8 5 6 6 6 7 7 7 8 8 9 10 10 10 11 11 11 12 12 12 9 10 10 10 11 11 11 12 12 12 13 9 10 10 10 11 11 11 12 12 12 13 13 9 10 10 10 11 11 11 12 12 12 13 13 13
0 0 1 0 2 3 0 3 2 1 4 5 5 5 5 4 5 5 5 5 6 4 5 5 5 5 6 6 4 5 5 5 5 7 7 7 4 5 5 5 5 7 7 7 6 4 5 5 5 5 7 7 7 6 6 4 5 5 5 5 7 7 7 7 7 7 4 5 5 5 5 7 7 7 7 7 7 6 4 5 5 5 5 7 7 7 7 7 7 6 6
0 0 1 2 3 3 2 3 3 4 5 6 6 7 7 5 6 6 7 7 8 5 6 6 7 7 8 8 5 6 6 7 7 9 9 9 5 6 6 7 7 9 9 9 8 5 6 6 7 7 9 9 9 8 8 5 6 6 7 7 9 9 9 9 9 9 5 6 6 7 7 9 9 9 9 9 9 8 5 6 6 7 7 9 9 9 9 9 9 8 8
0 1 1 1 1 2 1 1 2 2 3 3 4 4 4 3 3 4 4 4 5 3 3 4 4 4 5 5 6 6 7 7 7 8 8 8 6 6 7 7 7 8 8 8 9 6 6 7 7 7 8 8 8 9 10 6 6 7 7 7 8 8 8 9 10 10 6 6 7 7 7 8 8 8 10 9 9 9 6 6 7 7 7 8 8 8 10 9 9 9 10
0 1 2 1 2 3 1 2 3 3 2 1 4 4 4 2 1 4 4 4 3 2 1 4 4 4 3 3 5 5 6 6 6 6 6 6 5 5 6 6 6 6 6 6 7 5 5 6 6 6 6 6 6 7 8 5 5 6 6 6 6 6 6 7 8 8 5 5 6 6 6 6 6 6 8 7 7 7 5 5 6 6 6 6 6 6 8 7 7 7 8
0 1 2 1 2 3 1 2 3 4 1 2 3 4 4 1 2 4 3 3 3 1 2 4 3 3 3 4 2 1 5 6 6 6 5 5 2 1 5 6 6 6 5 5 4 2 1 5 6 6 6 5 5 4 4 2 1 6 5 5 5 6 6 3 3 3 2 1 6 5 5 5 6 6 3 3 3 4 2 1 6 5 5 5 6 6 3 3 3 4 4
0 1 2 1 2 3 1 2 3 4 1 2 3 4 4 1 2 4 3 3 3 1 2 4 3 3 3 4 5 6 7 7 7 7 7 7 5 6 7 7 7 7 7 7 8 5 6 7 7 7 7 7 7 8 9 5 6 7 7 7 7 7 7 8 9 9 5 6 7 7 7 7 7 7 9 8 8 8 5 6 7 7 7 7 7 7 9 8 8 8 9
0 1 2 1 2 3 1 2 3 4 1 2 3 4 4 1 2 5 6 6 6 1 2 5 6 6 6 4 1 2 5 6 6 6 4 4 1 2 6 5 5 5 3 3 3 1 2 6 5 5 5 3 3 3 4 1 2 6 5 5 5 3 3 3 4 4 1 2 4 3 3 3 5 5 5 6 6 6 1 2 4 3 3 3 5 5 5 6 6 6 4
--- order 5760 (x24) ---
0 0 0 0 0 0 1 1 1 1 1 1 1 1 2 1 1 1 1 3 4 1 1 1 1 3 4 4 1 1 1 1 3 4 4 4 1 1 1 1 3 4 4 4 4 1 1 1 1 4 3 2 3 3 3 1 1 1 1 4 3 3 2 3 3 4 1 1 1 1 4 3 3 3 2 3 4 4 1 1 1 1 4 3 3 3 3 2 4 4 4
0 0 0 1 2 2 1 2 2 3 2 1 2 4 4 2 1 2 4 4 3 2 2 1 4 4 4 4 2 2 1 4 4 4 4 3 5 5 5 6 6 6 6 6 6 5 5 5 6 6 6 6 6 6 7 5 5 5 6 6 6 6 6 6 7 7 5 5 5 6 6 6 6 6 6 7 7 7 5 5 5 6 6 6 6 6 6 7 7 7 7
0 0 1 0 1 2 0 2 1 2 0 2 2 1 1 3 4 4 4 4 4 3 4 4 4 4 4 5 3 4 4 4 4 4 5 5 3 4 4 4 4 4 5 5 5 6 7 7 7 7 7 8 8 8 8 6 7 7 7 7 7 8 8 8 8 9 6 7 7 7 7 7 8 8 8 8 9 9 6 7 7 7 7 7 8 8 8 8 9 9 9
0 0 1 0 2 3 0 2 3 3 0 2 3 3 3 0 3 2 1 2 2 0 3 2 2 1 2 3 0 3 2 2 2 1 3 3 4 5 5 5 5 5 5 5 5 4 5 5 5 5 5 5 5 5 6 4 5 5 5 5 5 5 5 5 6 6 4 5 5 5 5 5 5 5 5 6 6 6 4 5 5 5 5 5 5 5 5 6 6 6 6
0 0 1 2 3 3 4 5 6 7 4 5 6 7 8 4 6 5 7 9 9 4 6 5 7 9 9 8 10 11 11 12 13 13 13 13 10 11 11 12 13 13 13 13 14 10 11 11 12 13 13 13 13 14 14 10 11 11 12 13 13 13 13 14 14 14 10 11 11 12 13 13 13 13 14 14 14 14 10 11 11 12 13 13 13 13 14 14 14 14 14
0 0 1 2 3 4 2 4 3 5 6 7 7 8 8 6 7 7 8 8 9 6 7 7 8 8 9 9 6 7 7 8 8 9 9 9 10 11 11 12 12 13 13 13 13 10 11 11 12 12 13 13 13 13 14 10 11 11 12 12 13 13 13 13 14 14 10 11 11 12 12 13 13 13 13 14 14 14 10 11 11 12 12 13 13 13 13 14 14 14 14
0 1 1 1 1 0 2 3 2 3 2 3 3 2 4 3 2 2 3 4 5 3 2 3 2 5 4 4 6 6 6 6 7 7 7 7 6 6 6 6 7 7 7 7 8 6 6 6 6 7 7 7 7 8 8 6 6 6 6 7 7 7 7 8 8 8 6 6 6 6 7 7 7 7 8 8 8 8 6 6 6 6 7 7 7 7 8 8 8 8 8
0 1 1 1 1 0 2 3 4 4 4 4 2 3 5 4 4 3 2 5 6 3 2 4 4 6 5 5 7 7 7 7 8 8 8 8 7 7 7 7 8 8 8 8 9 7 7 7 7 8 8 8 8 9 9 7 7 7 7 8 8 8 8 9 9 9 7 7 7 7 8 8 8 8 9 9 9 9 7 7 7 7 8 8 8 8 9 9 9 9 9
0 1 1 1 1 2 1 1 3 4 1 1 4 3 2 5 5 6 6 6 6 5 5 6 6 6 6 7 5 5 6 6 6 6 7 7 8 8 9 9 9 9 10 10 10 8 8 9 9 9 9 10 10 10 11 8 8 9 9 9 9 10 10 10 11 11 8 8 9 9 9 9 10 10 10 11 11 11 8 8 9 9 9 9 10 10 10 11 11 11 11
0 1 1 1 1 2 3 3 4 4 3 3 4 4 5 6 6 7 7 8 8 6 6 7 7 8 8 9 6 6 7 7 8 8 9 9 10 10 11 11 12 12 13 13 13 10 10 11 11 12 12 13 13 13 14 10 10 11 11 12 12 13 13 13 14 14 10 10 11 11 12 12 13 13 13 14 14 14 10 10 11 11 12 12 13 13 13 14 14 14 14
0 1 1 1 1 2 3 4 5 5 3 4 5 5 6 4 3 5 5 7 8 4 3 5 5 8 7 6 9 9 10 10 11 11 11 11 9 9 10 10 11 11 11 11 12 9 9 10 10 11 11 11 11 12 12 9 9 10 10 11 11 11 11 12 12 12 9 9 10 10 11 11 11 11 12 12 12 12 9 9 10 10 11 11 11 11 12 12 12 12 12
0 1 2 1 2 3 1 2 4 4 1 2 4 4 3 5 6 7 7 7 7 5 6 7 7 7 7 8 5 6 7 7 7 7 8 8 9 10 11 11 11 11 12 12 12 9 10 11 11 11 11 12 12 12 13 9 10 11 11 11 11 12 12 12 13 13 9 10 11 11 11 11 12 12 12 13 13 13 9 10 11 11 11 11 12 12 12 13 13 13 13
0 1 2 1 2 3 2 1 4 4 2 1 4 4 3 5 5 6 6 6 6 5 5 6 6 6 6 7 5 5 6 6 6 6 7 7 8 8 9 9 9 9 10 10 10 8 8 9 9 9 9 10 10 10 11 8 8 9 9 9 9 10 10 10 11 11 8 8 9 9 9 9 10 10 10 11 11 11 8 8 9 9 9 9 10 10 10 11 11 11 11
0 1 2 1 2 3 4 5 6 6 4 5 6 6 7 4 5 6 6 8 9 4 5 6 6 9 8 7 10 11 12 12 13 13 13 13 10 11 12 12 13 13 13 13 14 10 11 12 12 13 13 13 13 14 14 10 11 12 12 13 13 13 13 14 14 14 10 11 12 12 13 13 13 13 14 14 14 14 10 11 12 12 13 13 13 13 14 14 14 14 14
0 1 2 1 2 3 4 5 6 6 4 5 6 6 7 8 9 10 10 11 11 8 9 10 10 11 11 12 13 14 15 15 16 16 17 17 13 14 15 15 16 16 17 17 18 13 14 15 15 16 16 17 17 18 18 13 14 15 15 16 16 17 17 18 18 18 13 14 15 15 16 16 17 17 18 18 18 18 13 14 15 15 16 16 17 17 18 18 18 18 18
0 1 2 2 1 0 3 4 4 3 3 4 4 3 5 4 3 3 4 6 7 4 3 3 4 7 6 5 8 8 8 8 9 9 9 9 8 8 8 8 9 9 9 9 10 8 8 8 8 9 9 9 9 10 10 8 8 8 8 9 9 9 9 10 10 10 8 8 8 8 9 9 9 9 10 10 10 10 8 8 8 8 9 9 9 9 10 10 10 10 10
0 1 2 2 1 3 4 4 5 5 4 4 5 5 6 4 4 5 5 7 8 4 4 5 5 8 7 6 9 9 10 10 11 11 11 11 9 9 10 10 11 11 11 11 12 9 9 10 10 11 11 11 11 12 12 9 9 10 10 11 11 11 11 12 12 12 9 9 10 10 11 11 11 11 12 12 12 12 9 9 10 10 11 11 11 11 12 12 12 12 12
0 1 2 2 1 3 4 4 5 5 4 4 5 5 6 7 7 8 8 9 9 7 7 8 8 9 9 10 11 11 12 12 13 13 14 14 11 11 12 12 13 13 14 14 15 11 11 12 12 13 13 14 14 15 15 11 11 12 12 13 13 14 14 15 15 15 11 11 12 12 13 13 14 14 15 15 15 15 11 11 12 12 13 13 14 14 15 15 15 15 15
0 1 2 2 1 3 4 5 6 7 4 5 6 7 8 5 4 7 6 9 9 5 4 7 6 9 9 8 10 10 11 11 12 12 12 12 10 10 11 11 12 12 12 12 13 10 10 11 11 12 12 12 12 13 13 10 10 11 11 12 12 12 12 13 13 13 10 10 11 11 12 12 12 12 13 13 13 13 10 10 11 11 12 12 12 12 13 13 13 13 13
0 1 2 3 2 4 5 4 2 2 4 5 3 1 0 2 1 5 0 3 2 2 3 0 5 1 2 4 6 6 6 6 6 6 6 6 6 6 6 6 6 6 6 6 7 6 6 6 6 6 6 6 6 7 7 6 6 6 6 6 6 6 6 7 7 7 6 6 6 6 6 6 6 6 7 7 7 7 6 6 6 6 6 6 6 6 7 7 7 7 7
0 1 2 3 4 5 3 4 5 6 3 4 5 7 7 3 4 5 7 7 6 3 4 5 7 7 7 7 3 4 5 7 7 7 7 6 8 9 10 11 11 11 11 11 11 8 9 10 11 11 11 11 11 11 12 8 9 10 11 11 11 11 11 11 12 12 8 9 10 11 11 11 11 11 11 12 12 12 8 9 10 11 11 11 11 11 11 12 12 12 12
0 1 2 3 4 5 3 4 5 6 7 8 9 10 10 7 8 9 10 10 11 7 8 9 10 10 11 11 7 8 9 10 10 11 11 11 12 13 14 15 15 16 16 16 16 12 13 14 15 15 16 16 16 16 17 12 13 14 15 15 16 16 16 16 17 17 12 13 14 15 15 16 16 16 16 17 17 17 12 13 14 15 15 16 16 16 16 17 17 17 17
0 1 2 3 4 5 6 5 4 2 5 6 3 1 0 4 3 6 0 1 2 2 1 0 6 3 4 5 7 7 7 7 7 7 7 7 7 7 7 7 7 7 7 7 8 7 7 7 7 7 7 7 7 8 8 7 7 7 7 7 7 7 7 8 8 8 7 7 7 7 7 7 7 7 8 8 8 8 7 7 7 7 7 7 7 7 8 8 8 8 8
0 1 2 3 4 5 6 7 8 9 6 7 8 9 10 6 7 8 9 11 11 6 7 8 9 11 11 10 12 13 14 15 16 16 16 16 12 13 14 15 16 16 16 16 17 12 13 14 15 16 16 16 16 17 17 12 13 14 15 16 16 16 16 17 17 17 12 13 14 15 16 16 16 16 17 17 17 17 12 13 14 15 16 16 16 16 17 17 17 17 17
--- order 6144 (x4) ---
0 1 1 1 1 0 2 2 2 2 2 2 2 2 0 2 2 2 2 1 1 2 2 2 2 1 1 0 3 3 3 3 3 3 3 3 3 3 3 3 3 3 3 3 4 3 3 3 3 3 3 3 3 5 5 3 3 3 3 3 3 3 3 5 5 4 3 3 3 3 3 3 3 3 5 5 5 5 3 3 3 3 3 3 3 3 5 5 5 5 4
0 1 1 1 1 2 1 1 3 3 1 1 3 3 2 1 1 4 4 4 4 1 1 4 4 4 4 2 1 1 4 4 4 4 3 3 1 1 4 4 4 4 3 3 2 1 1 4 4 4 4 4 4 4 4 1 1 4 4 4 4 4 4 4 4 2 1 1 4 4 4 4 4 4 4 4 3 3 1 1 4 4 4 4 4 4 4 4 3 3 2
0 1 1 1 1 2 1 1 3 3 1 1 3 3 2 1 1 4 4 4 4 1 1 4 4 4 4 2 1 1 4 4 4 4 3 3 1 1 4 4 4 4 3 3 2 5 5 6 6 6 6 6 6 6 6 5 5 6 6 6 6 6 6 6 6 7 5 5 6 6 6 6 6 6 6 6 7 7 5 5 6 6 6 6 6 6 6 6 7 7 7
0 1 1 1 1 2 1 1 3 3 1 1 3 3 2 4 4 5 5 5 5 4 4 5 5 5 5 6 4 4 5 5 5 5 7 7 4 4 5 5 5 5 7 7 6 4 4 5 5 5 5 7 7 7 7 4 4 5 5 5 5 7 7 7 7 6 4 4 5 5 5 5 7 7 7 7 7 7 4 4 5 5 5 5 7 7 7 7 7 7 6
--- order 6912 (x13) ---
0 0 0 1 2 2 2 1 2 3 2 2 1 3 3 4 4 4 5 5 5 4 4 4 5 5 5 6 4 4 4 5 5 5 6 7 4 4 4 5 5 5 6 7 7 4 4 4 5 5 5 6 7 7 7 4 4 4 5 5 5 7 6 6 6 6 4 4 4 5 5 5 7 6 6 6 6 7 4 4 4 5 5 5 7 6 6 6 6 7 7
0 0 1 0 1 1 2 3 3 3 2 3 3 3 4 2 3 3 3 5 5 2 3 3 3 5 5 4 2 3 3 3 5 5 5 5 2 3 3 3 5 5 5 5 4 6 7 7 7 8 8 8 8 8 8 6 7 7 7 8 8 8 8 8 8 9 6 7 7 7 8 8 8 8 8 8 9 9 6 7 7 7 8 8 8 8 8 8 9 9 9
0 0 1 1 0 0 2 3 3 2 2 3 3 2 4 2 3 3 2 4 4 3 2 2 3 5 5 5 3 2 2 3 5 5 5 4 3 2 2 3 5 5 5 4 4 6 6 6 6 7 7 7 7 7 7 6 6 6 6 7 7 7 7 7 7 8 6 6 6 6 7 7 7 7 7 7 8 8 6 6 6 6 7 7 7 7 7 7 8 8 8
0 0 1 2 3 3 2 3 3 4 2 3 3 4 4 5 6 6 7 7 7 5 6 6 7 7 7 8 5 6 6 7 7 7 8 8 5 6 6 7 7 7 8 8 8 9 10 10 11 11 11 12 12 12 12 9 10 10 11 11 11 12 12 12 12 13 9 10 10 11 11 11 12 12 12 12 13 13 9 10 10 11 11 11 12 12 12 12 13 13 13
0 0 1 2 3 3 2 3 3 4 2 3 3 4 4 5 6 7 8 8 8 5 6 7 8 8 8 9 5 6 7 8 8 8 9 9 5 6 7 8 8 8 9 9 9 5 7 6 8 8 8 10 10 10 10 5 7 6 8 8 8 10 10 10 10 9 5 7 6 8 8 8 10 10 10 10 9 9 5 7 6 8 8 8 10 10 10 10 9 9 9
0 1 1 1 1 0 2 2 2 2 2 2 2 2 3 2 2 2 2 3 3 4 4 4 4 5 5 5 4 4 4 4 5 5 5 6 4 4 4 4 5 5 5 6 6 7 7 7 7 8 8 8 9 9 9 7 7 7 7 8 8 8 9 9 9 10 7 7 7 7 8 8 8 9 9 9 10 10 7 7 7 7 8 8 8 9 9 9 10 10 10
0 1 1 1 1 2 1 1 2 3 1 1 2 3 3 1 1 3 2 2 2 1 1 3 2 2 2 3 4 4 5 5 5 5 5 5 4 4 5 5 5 5 5 5 6 4 4 5 5 5 5 5 5 7 7 4 4 5 5 5 5 5 5 7 7 6 4 4 5 5 5 5 5 5 7 7 7 7 4 4 5 5 5 5 5 5 7 7 7 7 6
0 1 1 1 1 2 3 3 4 4 3 3 4 4 5 3 3 4 4 5 6 3 3 4 4 5 6 6 3 3 4 4 6 5 5 5 3 3 4 4 6 5 5 5 6 7 7 8 8 9 9 9 9 9 9 7 7 8 8 9 9 9 9 9 9 10 7 7 8 8 9 9 9 9 9 9 10 10 7 7 8 8 9 9 9 9 9 9 10 10 10
0 1 2 1 2 2 2 1 0 1 2 1 1 0 2 3 3 3 3 3 3 3 3 3 3 3 3 4 3 3 3 3 3 3 4 4 3 3 3 3 3 3 4 4 4 5 5 5 5 5 5 6 6 6 6 5 5 5 5 5 5 6 6 6 6 7 5 5 5 5 5 5 6 6 6 6 7 7 5 5 5 5 5 5 6 6 6 6 7 7 7
0 1 2 1 2 2 2 1 0 1 2 1 1 0 2 3 4 4 4 3 3 3 4 4 4 3 3 5 3 4 4 4 3 3 5 5 3 4 4 4 3 3 5 5 5 4 3 3 3 4 4 6 6 6 6 4 3 3 3 4 4 6 6 6 6 5 4 3 3 3 4 4 6 6 6 6 5 5 4 3 3 3 4 4 6 6 6 6 5 5 5
0 1 2 2 1 0 3 3 3 3 3 3 3 3 4 3 3 3 3 4 5 3 3 3 3 4 5 5 3 3 3 3 5 4 4 4 3 3 3 3 5 4 4 4 5 6 6 6 6 7 7 7 7 7 7 6 6 6 6 7 7 7 7 7 7 8 6 6 6 6 7 7 7 7 7 7 8 8 6 6 6 6 7 7 7 7 7 7 8 8 8
0 1 2 3 2 2 2 1 3 0 2 3 0 1 2 4 4 4 4 4 4 4 4 4 4 4 4 5 4 4 4 4 4 4 5 6 4 4 4 4 4 4 5 6 6 4 4 4 4 4 4 5 6 6 6 4 4 4 4 4 4 6 5 5 5 5 4 4 4 4 4 4 6 5 5 5 5 6 4 4 4 4 4 4 6 5 5 5 5 6 6
0 1 2 3 4 5 3 4 5 6 3 4 5 6 6 7 8 9 10 10 10 7 8 9 10 10 10 11 7 8 9 10 10 10 11 12 7 8 9 10 10 10 11 12 12 7 8 9 10 10 10 11 12 12 12 7 8 9 10 10 10 12 11 11 11 11 7 8 9 10 10 10 12 11 11 11 11 12 7 8 9 10 10 10 12 11 11 11 11 12 12
--- order 7200 (x2) ---
0 0 1 0 1 2 0 2 1 2 0 2 2 1 1 3 4 4 4 4 4 3 4 4 4 4 4 5 3 4 4 4 4 4 5 5 6 7 7 7 7 7 8 8 8 6 7 7 7 7 7 8 8 8 9 6 7 7 7 7 7 8 8 8 9 9 6 7 7 7 7 7 8 8 8 9 9 9 6 7 7 7 7 7 8 8 8 9 9 9 9
0 1 2 3 4 5 3 4 5 6 3 4 5 6 7 3 4 5 7 6 7 3 4 5 7 7 6 6 8 9 10 11 11 11 11 11 8 9 10 11 11 11 11 11 12 8 9 10 11 11 11 11 11 12 12 8 9 10 11 11 11 11 11 12 12 12 8 9 10 11 11 11 11 11 12 12 12 12 8 9 10 11 11 11 11 11 12 12 12 12 12
--- order 7680 (x5) ---
0 0 1 0 1 2 0 3 4 4 0 3 4 4 2 0 2 1 1 3 3 0 4 3 3 1 1 4 0 4 3 3 1 1 4 2 5 6 6 6 6 6 6 6 6 5 6 6 6 6 6 6 6 6 7 5 6 6 6 6 6 6 6 6 7 7 5 6 6 6 6 6 6 6 6 7 7 7 5 6 6 6 6 6 6 6 6 7 7 7 7
0 0 1 0 2 2 0 2 2 1 3 4 4 4 4 3 4 4 4 4 5 3 4 4 4 4 6 6 3 4 4 4 4 6 6 5 7 8 8 8 8 9 9 9 9 7 8 8 8 8 9 9 9 9 10 7 8 8 8 8 9 9 9 9 10 10 7 8 8 8 8 9 9 9 9 10 10 10 7 8 8 8 8 9 9 9 9 10 10 10 10
0 1 1 1 1 0 1 1 2 2 1 1 2 2 0 2 2 1 1 2 2 2 2 1 1 2 2 0 2 2 2 2 1 1 1 1 2 2 2 2 1 1 1 1 0 3 3 3 3 3 3 3 3 3 3 3 3 3 3 3 3 3 3 3 3 4 3 3 3 3 3 3 3 3 3 3 4 4 3 3 3 3 3 3 3 3 3 3 4 4 4
0 1 2 1 2 3 4 5 6 6 4 5 6 6 7 4 5 6 6 8 8 4 5 6 6 8 8 7 4 5 6 6 8 8 8 8 4 5 6 6 8 8 8 8 7 4 5 6 6 8 8 8 8 8 8 4 5 6 6 8 8 8 8 8 8 7 4 5 6 6 8 8 8 8 8 8 8 8 4 5 6 6 8 8 8 8 8 8 8 8 7
0 1 2 2 1 3 4 4 5 5 4 4 5 5 6 4 4 5 5 7 7 4 4 5 5 7 7 6 4 4 5 5 7 7 7 7 4 4 5 5 7 7 7 7 6 4 4 5 5 7 7 7 7 7 7 4 4 5 5 7 7 7 7 7 7 6 4 4 5 5 7 7 7 7 7 7 7 7 4 4 5 5 7 7 7 7 7 7 7 7 6
--- order 7776 (x1) ---
0 1 2 1 2 3 1 2 3 3 4 5 6 6 6 4 5 6 6 6 7 4 5 6 6 6 7 7 4 5 6 6 6 8 8 8 4 5 6 6 6 8 8 8 7 4 5 6 6 6 8 8 8 7 7 4 5 6 6 6 8 8 8 8 8 8 4 5 6 6 6 8 8 8 8 8 8 7 4 5 6 6 6 8 8 8 8 8 8 7 7
--- order 8640 (x11) ---
0 0 0 0 1 1 0 1 1 0 1 0 1 0 1 1 0 1 1 0 0 1 1 0 0 1 0 1 1 1 0 1 0 1 0 0 2 2 2 2 2 2 2 2 2 2 2 2 2 2 2 2 2 2 3 2 2 2 2 2 2 2 2 2 3 3 2 2 2 2 2 2 2 2 2 3 3 3 2 2 2 2 2 2 2 2 2 3 3 3 3
0 0 0 1 1 1 1 1 1 2 1 1 1 3 4 1 1 1 3 4 4 1 1 1 4 3 2 3 1 1 1 4 3 3 2 4 5 5 5 6 6 6 6 6 6 5 5 5 6 6 6 6 6 6 7 5 5 5 6 6 6 6 6 6 7 7 5 5 5 6 6 6 6 6 6 7 7 7 5 5 5 6 6 6 6 6 6 7 7 7 7
0 0 0 1 1 1 1 1 1 2 3 4 4 5 5 4 3 4 5 5 6 4 4 3 5 5 6 6 7 7 7 8 8 9 9 9 7 7 7 8 8 9 9 9 10 7 7 7 8 8 9 9 9 10 10 7 7 7 8 8 9 9 9 10 10 10 7 7 7 8 8 9 9 9 10 10 10 10 7 7 7 8 8 9 9 9 10 10 10 10 10
0 0 1 2 3 3 2 3 3 4 2 3 3 4 4 5 6 6 7 7 7 5 6 6 7 7 7 8 5 6 6 7 7 7 8 8 9 10 10 11 11 11 12 12 12 9 10 10 11 11 11 12 12 12 13 9 10 10 11 11 11 12 12 12 13 13 9 10 10 11 11 11 12 12 12 13 13 13 9 10 10 11 11 11 12 12 12 13 13 13 13
0 0 1 2 3 4 2 3 4 5 2 3 4 5 5 2 4 3 6 6 6 2 4 3 6 6 6 5 2 4 3 6 6 6 5 5 7 8 8 9 9 9 9 9 9 7 8 8 9 9 9 9 9 9 10 7 8 8 9 9 9 9 9 9 10 10 7 8 8 9 9 9 9 9 9 10 10 10 7 8 8 9 9 9 9 9 9 10 10 10 10
0 0 1 2 3 4 2 4 3 5 6 7 7 8 8 6 7 7 8 8 9 6 7 7 8 8 9 9 10 11 11 12 12 13 13 13 10 11 11 12 12 13 13 13 14 10 11 11 12 12 13 13 13 14 14 10 11 11 12 12 13 13 13 14 14 14 10 11 11 12 12 13 13 13 14 14 14 14 10 11 11 12 12 13 13 13 14 14 14 14 14
0 1 1 1 1 2 1 1 3 4 1 1 5 4 4 1 1 4 3 5 2 1 1 4 5 2 3 4 6 6 7 7 7 7 7 7 6 6 7 7 7 7 7 7 8 6 6 7 7 7 7 7 7 8 8 6 6 7 7 7 7 7 7 8 8 8 6 6 7 7 7 7 7 7 8 8 8 8 6 6 7 7 7 7 7 7 8 8 8 8 8
0 1 2 1 2 3 1 2 3 3 2 1 4 5 5 2 1 5 4 5 3 2 1 5 5 4 3 3 6 6 7 7 7 7 7 7 6 6 7 7 7 7 7 7 8 6 6 7 7 7 7 7 7 8 8 6 6 7 7 7 7 7 7 8 8 8 6 6 7 7 7 7 7 7 8 8 8 8 6 6 7 7 7 7 7 7 8 8 8 8 8
0 1 2 1 2 3 1 2 4 5 1 2 4 5 5 1 2 5 4 3 4 1 2 5 4 4 3 5 6 7 8 8 8 8 8 8 6 7 8 8 8 8 8 8 9 6 7 8 8 8 8 8 8 9 9 6 7 8 8 8 8 8 8 9 9 9 6 7 8 8 8 8 8 8 9 9 9 9 6 7 8 8 8 8 8 8 9 9 9 9 9
0 1 2 3 4 5 3 4 5 6 3 4 5 6 7 3 4 5 6 7 7 3 4 5 7 6 6 6 3 4 5 7 6 6 6 7 8 9 10 11 11 11 11 11 11 8 9 10 11 11 11 11 11 11 12 8 9 10 11 11 11 11 11 11 12 12 8 9 10 11 11 11 11 11 11 12 12 12 8 9 10 11 11 11 11 11 11 12 12 12 12
0 1 2 3 4 5 3 4 5 6 7 8 9 10 10 7 8 9 10 10 11 7 8 9 10 10 11 11 12 13 14 15 15 16 16 16 12 13 14 15 15 16 16 16 17 12 13 14 15 15 16 16 16 17 17 12 13 14 15 15 16 16 16 17 17 17 12 13 14 15 15 16 16 16 17 17 17 17 12 13 14 15 15 16 16 16 17 17 17 17 17
--- order 9216 (x11) ---
0 0 1 1 0 0 2 2 2 2 2 2 2 2 3 4 5 5 4 6 6 4 5 5 4 6 6 7 4 5 5 4 6 6 7 7 4 5 5 4 6 6 7 7 7 5 4 4 5 6 6 8 8 8 8 5 4 4 5 6 6 8 8 8 8 7 5 4 4 5 6 6 8 8 8 8 7 7 5 4 4 5 6 6 8 8 8 8 7 7 7
0 1 1 1 1 0 2 2 2 2 2 2 2 2 0 2 2 2 2 1 1 2 2 2 2 1 1 0 3 3 3 3 3 3 3 3 3 3 3 3 3 3 3 3 4 3 3 3 3 3 3 3 3 4 5 3 3 3 3 3 3 3 3 4 5 5 3 3 3 3 3 3 3 3 5 4 4 4 3 3 3 3 3 3 3 3 5 4 4 4 5
0 1 1 1 1 0 2 2 2 2 2 2 2 2 3 2 2 2 2 4 4 2 2 2 2 4 4 3 2 2 2 2 4 4 4 4 2 2 2 2 4 4 4 4 3 5 5 5 5 6 6 6 6 6 6 5 5 5 5 6 6 6 6 6 6 7 5 5 5 5 6 6 6 6 6 6 7 7 5 5 5 5 6 6 6 6 6 6 7 7 7
0 1 1 1 1 2 1 1 2 3 1 1 2 4 4 1 1 2 4 4 3 1 1 2 4 4 4 4 1 1 2 4 4 4 4 3 1 1 3 2 2 2 2 2 2 1 1 4 2 2 2 2 2 2 4 1 1 4 2 2 2 2 2 2 4 3 1 1 4 2 2 2 2 2 2 4 4 4 1 1 4 2 2 2 2 2 2 4 4 4 3
0 1 1 1 1 2 1 1 3 3 1 1 3 3 2 4 4 5 5 5 5 4 4 5 5 5 5 6 4 4 5 5 5 5 6 6 4 4 5 5 5 5 6 6 6 7 7 8 8 8 8 9 9 9 9 7 7 8 8 8 8 9 9 9 9 10 7 7 8 8 8 8 9 9 9 9 10 10 7 7 8 8 8 8 9 9 9 9 10 10 10
0 1 1 1 1 2 1 1 3 3 1 1 3 3 2 4 5 6 6 6 6 4 5 6 6 6 6 7 4 5 6 6 6 6 7 7 4 5 6 6 6 6 7 7 7 5 4 6 6 6 6 8 8 8 8 5 4 6 6 6 6 8 8 8 8 7 5 4 6 6 6 6 8 8 8 8 7 7 5 4 6 6 6 6 8 8 8 8 7 7 7
0 1 1 1 1 2 1 1 3 4 1 1 4 3 2 5 5 6 6 6 6 5 5 6 6 6 6 7 5 5 6 6 6 6 7 8 5 5 6 6 6 6 7 8 8 5 5 6 6 6 6 7 8 8 8 5 5 6 6 6 6 8 7 7 7 7 5 5 6 6 6 6 8 7 7 7 7 8 5 5 6 6 6 6 8 7 7 7 7 8 8
0 1 1 1 1 2 3 3 4 4 3 3 4 4 5 6 6 7 7 8 8 6 6 7 7 8 8 9 6 6 7 7 8 8 9 10 6 6 7 7 8 8 9 10 10 6 6 7 7 8 8 9 10 10 10 6 6 7 7 8 8 10 9 9 9 9 6 6 7 7 8 8 10 9 9 9 9 10 6 6 7 7 8 8 10 9 9 9 9 10 10
0 1 2 1 2 3 1 2 3 3 1 2 3 3 3 4 5 6 6 6 6 4 5 6 6 6 6 7 4 5 6 6 6 6 8 8 4 5 6 6 6 6 8 8 7 4 5 6 6 6 6 8 8 8 8 4 5 6 6 6 6 8 8 8 8 7 4 5 6 6 6 6 8 8 8 8 8 8 4 5 6 6 6 6 8 8 8 8 8 8 7
0 1 2 1 2 3 1 2 4 4 1 2 4 4 3 5 6 7 7 7 7 5 6 7 7 7 7 8 5 6 7 7 7 7 8 9 5 6 7 7 7 7 8 9 9 5 6 7 7 7 7 8 9 9 9 5 6 7 7 7 7 9 8 8 8 8 5 6 7 7 7 7 9 8 8 8 8 9 5 6 7 7 7 7 9 8 8 8 8 9 9
0 1 2 1 2 3 2 1 4 4 2 1 4 4 3 5 5 6 6 6 6 5 5 6 6 6 6 7 5 5 6 6 6 6 7 8 5 5 6 6 6 6 7 8 8 5 5 6 6 6 6 7 8 8 8 5 5 6 6 6 6 8 7 7 7 7 5 5 6 6 6 6 8 7 7 7 7 8 5 5 6 6 6 6 8 7 7 7 7 8 8
--- order 9600 (x1) ---
0 0 1 1 0 1 1 1 0 0 2 2 2 2 2 2 2 2 2 2 3 2 2 2 2 2 4 4 2 2 2 2 2 4 4 3 5 5 5 5 5 6 6 6 6 5 5 5 5 5 6 6 6 6 7 5 5 5 5 5 6 6 6 6 7 7 5 5 5 5 5 6 6 6 6 7 7 7 5 5 5 5 5 6 6 6 6 7 7 7 7
--- order 10080 (x5) ---
0 0 1 0 1 2 0 3 3 2 0 3 2 3 1 0 2 1 3 2 1 0 2 3 1 1 2 3 4 5 5 5 5 5 5 5 4 5 5 5 5 5 5 5 6 4 5 5 5 5 5 5 5 6 6 4 5 5 5 5 5 5 5 6 6 6 4 5 5 5 5 5 5 5 6 6 6 6 4 5 5 5 5 5 5 5 6 6 6 6 6
0 0 1 2 3 3 4 5 5 6 7 8 9 10 11 7 9 8 10 11 12 13 14 14 15 16 17 17 13 14 14 15 16 17 17 18 13 14 14 15 16 17 17 18 18 13 14 14 15 16 17 17 18 18 18 13 14 14 15 16 17 17 18 18 18 18 13 14 14 15 16 17 17 18 18 18 18 18 13 14 14 15 16 17 17 18 18 18 18 18 18
0 0 1 2 3 4 2 4 3 5 6 7 8 9 10 6 8 7 10 9 11 12 13 13 14 14 15 15 12 13 13 14 14 15 15 16 12 13 13 14 14 15 15 16 16 12 13 13 14 14 15 15 16 16 16 12 13 13 14 14 15 15 16 16 16 16 12 13 13 14 14 15 15 16 16 16 16 16 12 13 13 14 14 15 15 16 16 16 16 16 16
0 1 2 1 2 2 1 2 2 2 1 2 2 2 2 1 2 2 2 2 2 1 2 2 2 2 2 2 2 1 0 1 1 1 1 1 2 1 1 0 1 1 1 1 2 2 1 1 1 0 1 1 1 2 2 2 1 1 1 1 0 1 1 2 2 2 2 1 1 1 1 1 0 1 2 2 2 2 2 1 1 1 1 1 1 0 2 2 2 2 2
0 1 2 3 4 5 6 7 8 9 10 11 12 13 14 10 11 12 13 14 15 16 17 18 19 20 21 21 16 17 18 19 20 21 21 22 16 17 18 19 20 21 21 22 22 16 17 18 19 20 21 21 22 22 22 16 17 18 19 20 21 21 22 22 22 22 16 17 18 19 20 21 21 22 22 22 22 22 16 17 18 19 20 21 21 22 22 22 22 22 22
--- order 10368 (x6) ---
0 0 1 0 1 1 2 3 3 3 2 3 3 3 4 2 3 3 3 4 5 2 3 3 3 4 5 5 2 3 3 3 5 4 4 4 2 3 3 3 5 4 4 4 5 6 7 7 7 8 8 8 8 8 8 6 7 7 7 8 8 8 8 8 8 9 6 7 7 7 8 8 8 8 8 8 9 9 6 7 7 7 8 8 8 8 8 8 9 9 9
0 0 1 0 2 2 0 2 2 1 3 4 4 4 4 3 4 4 4 4 5 3 4 4 4 4 5 5 3 4 4 4 4 6 6 6 3 4 4 4 4 6 6 6 5 3 4 4 4 4 6 6 6 5 5 3 4 4 4 4 6 6 6 6 6 6 3 4 4 4 4 6 6 6 6 6 6 5 3 4 4 4 4 6 6 6 6 6 6 5 5
0 1 1 1 1 2 1 1 2 3 1 1 2 3 3 1 1 3 2 2 2 1 1 3 2 2 2 3 4 4 5 5 5 5 5 5 4 4 5 5 5 5 5 5 6 4 4 5 5 5 5 5 5 6 7 4 4 5 5 5 5 5 5 6 7 7 4 4 5 5 5 5 5 5 7 6 6 6 4 4 5 5 5 5 5 5 7 6 6 6 7
0 1 1 1 1 2 1 1 2 3 1 1 2 3 3 1 1 4 5 5 5 1 1 4 5 5 5 3 1 1 4 5 5 5 3 3 1 1 5 4 4 4 2 2 2 1 1 5 4 4 4 2 2 2 3 1 1 5 4 4 4 2 2 2 3 3 1 1 3 2 2 2 4 4 4 5 5 5 1 1 3 2 2 2 4 4 4 5 5 5 3
0 1 2 1 2 3 1 2 3 4 1 2 3 4 4 1 2 4 3 3 3 1 2 4 3 3 3 4 2 1 5 5 5 5 5 5 2 1 5 5 5 5 5 5 3 2 1 5 5 5 5 5 5 3 4 2 1 5 5 5 5 5 5 3 4 4 2 1 5 5 5 5 5 5 4 3 3 3 2 1 5 5 5 5 5 5 4 3 3 3 4
0 1 2 1 2 3 1 2 3 4 1 2 3 4 4 1 2 5 5 5 5 1 2 5 5 5 5 3 1 2 5 5 5 5 3 4 1 2 5 5 5 5 3 4 4 1 2 5 5 5 5 4 3 3 3 1 2 5 5 5 5 4 3 3 3 4 1 2 4 3 3 3 5 5 5 5 5 5 1 2 4 3 3 3 5 5 5 5 5 5 4
--- order 11520 (x14) ---
0 0 1 0 1 2 0 2 1 2 0 2 2 1 1 3 4 4 4 4 4 3 4 4 4 4 4 5 3 4 4 4 4 4 5 6 3 4 4 4 4 4 5 6 6 3 4 4 4 4 4 5 6 6 6 3 4 4 4 4 4 6 5 5 5 5 3 4 4 4 4 4 6 5 5 5 5 6 3 4 4 4 4 4 6 5 5 5 5 6 6
0 0 1 0 2 3 0 3 2 1 4 5 5 5 5 4 5 5 5 5 6 4 5 5 5 5 6 6 4 5 5 5 5 6 6 6 7 8 8 8 8 9 9 9 9 7 8 8 8 8 9 9 9 9 10 7 8 8 8 8 9 9 9 9 10 10 7 8 8 8 8 9 9 9 9 10 10 10 7 8 8 8 8 9 9 9 9 10 10 10 10
0 0 1 2 3 1 2 1 3 1 3 2 2 0 0 1 0 2 2 0 1 1 2 0 0 2 1 3 4 4 4 4 4 4 4 4 4 4 4 4 4 4 4 4 5 4 4 4 4 4 4 4 4 5 5 4 4 4 4 4 4 4 4 5 5 5 4 4 4 4 4 4 4 4 5 5 5 5 4 4 4 4 4 4 4 4 5 5 5 5 5
0 0 1 2 3 3 2 3 3 4 2 3 3 5 5 2 3 3 5 5 4 2 3 3 5 5 5 5 2 3 3 5 5 5 5 4 6 7 7 8 8 8 8 8 8 6 7 7 8 8 8 8 8 8 9 6 7 7 8 8 8 8 8 8 9 9 6 7 7 8 8 8 8 8 8 9 9 9 6 7 7 8 8 8 8 8 8 9 9 9 9
0 0 1 2 3 3 2 3 3 4 5 6 6 7 7 5 6 6 7 7 8 5 6 6 7 7 8 8 5 6 6 7 7 8 8 8 9 10 10 11 11 12 12 12 12 9 10 10 11 11 12 12 12 12 13 9 10 10 11 11 12 12 12 12 13 13 9 10 10 11 11 12 12 12 12 13 13 13 9 10 10 11 11 12 12 12 12 13 13 13 13
0 1 1 1 1 2 1 1 3 3 1 1 3 3 2 4 4 5 5 5 5 4 4 5 5 5 5 6 4 4 5 5 5 5 6 6 7 7 8 8 8 8 9 9 9 7 7 8 8 8 8 9 9 9 10 7 7 8 8 8 8 9 9 9 10 10 7 7 8 8 8 8 9 9 9 10 10 10 7 7 8 8 8 8 9 9 9 10 10 10 10
0 1 1 1 1 2 3 3 4 4 3 3 4 4 5 3 3 4 4 6 7 3 3 4 4 7 6 5 8 8 9 9 10 10 10 10 8 8 9 9 10 10 10 10 11 8 8 9 9 10 10 10 10 11 11 8 8 9 9 10 10 10 10 11 11 11 8 8 9 9 10 10 10 10 11 11 11 11 8 8 9 9 10 10 10 10 11 11 11 11 11
0 1 1 1 1 2 3 3 4 4 3 3 4 4 5 6 6 7 7 8 8 6 6 7 7 8 8 9 10 10 11 11 12 12 13 13 10 10 11 11 12 12 13 13 14 10 10 11 11 12 12 13 13 14 14 10 10 11 11 12 12 13 13 14 14 14 10 10 11 11 12 12 13 13 14 14 14 14 10 10 11 11 12 12 13 13 14 14 14 14 14
0 1 1 1 1 2 3 4 5 5 3 4 5 5 6 4 3 5 5 7 7 4 3 5 5 7 7 6 8 8 9 9 10 10 10 10 8 8 9 9 10 10 10 10 11 8 8 9 9 10 10 10 10 11 11 8 8 9 9 10 10 10 10 11 11 11 8 8 9 9 10 10 10 10 11 11 11 11 8 8 9 9 10 10 10 10 11 11 11 11 11
0 1 2 1 2 3 4 3 2 2 3 4 1 1 0 2 1 0 4 1 2 2 1 4 0 1 2 3 5 5 5 5 5 5 5 5 5 5 5 5 5 5 5 5 6 5 5 5 5 5 5 5 5 6 6 5 5 5 5 5 5 5 5 6 6 6 5 5 5 5 5 5 5 5 6 6 6 6 5 5 5 5 5 5 5 5 6 6 6 6 6
0 1 2 1 2 3 4 5 6 6 4 5 6 6 7 4 5 6 6 8 8 4 5 6 6 8 8 7 9 10 11 11 12 12 12 12 9 10 11 11 12 12 12 12 13 9 10 11 11 12 12 12 12 13 13 9 10 11 11 12 12 12 12 13 13 13 9 10 11 11 12 12 12 12 13 13 13 13 9 10 11 11 12 12 12 12 13 13 13 13 13
0 1 2 2 1 0 3 3 3 3 3 3 3 3 4 3 3 3 3 5 6 3 3 3 3 6 5 4 7 7 7 7 8 8 8 8 7 7 7 7 8 8 8 8 9 7 7 7 7 8 8 8 8 9 9 7 7 7 7 8 8 8 8 9 9 9 7 7 7 7 8 8 8 8 9 9 9 9 7 7 7 7 8 8 8 8 9 9 9 9 9
0 1 2 2 1 0 3 4 4 3 3 4 4 3 5 4 3 3 4 6 6 4 3 3 4 6 6 5 7 7 7 7 8 8 8 8 7 7 7 7 8 8 8 8 9 7 7 7 7 8 8 8 8 9 9 7 7 7 7 8 8 8 8 9 9 9 7 7 7 7 8 8 8 8 9 9 9 9 7 7 7 7 8 8 8 8 9 9 9 9 9
0 1 2 2 1 3 4 4 5 5 4 4 5 5 6 4 4 5 5 7 7 4 4 5 5 7 7 6 8 8 9 9 10 10 10 10 8 8 9 9 10 10 10 10 11 8 8 9 9 10 10 10 10 11 11 8 8 9 9 10 10 10 10 11 11 11 8 8 9 9 10 10 10 10 11 11 11 11 8 8 9 9 10 10 10 10 11 11 11 11 11
--- order 12960 (x1) ---
0 0 1 1 0 1 1 1 0 0 2 2 2 2 2 2 2 2 2 2 3 2 2 2 2 2 3 3 2 2 2 2 2 4 4 4 2 2 2 2 2 4 4 4 3 2 2 2 2 2 4 4 4 3 3 2 2 2 2 2 4 4 4 4 4 4 2 2 2 2 2 4 4 4 4 4 4 3 2 2 2 2 2 4 4 4 4 4 4 3 3
--- order 13824 (x5) ---
0 0 0 1 1 1 1 1 1 2 1 1 1 2 2 3 3 3 4 4 4 3 3 3 4 4 4 5 3 3 3 4 4 4 6 6 3 3 3 4 4 4 6 6 5 3 3 3 4 4 4 6 6 6 6 3 3 3 4 4 4 6 6 6 6 5 3 3 3 4 4 4 6 6 6 6 6 6 3 3 3 4 4 4 6 6 6 6 6 6 5
0 0 1 2 3 3 2 3 3 4 2 3 3 4 4 5 6 6 7 7 7 5 6 6 7 7 7 8 5 6 6 7 7 7 8 9 5 6 6 7 7 7 8 9 9 5 6 6 7 7 7 8 9 9 9 5 6 6 7 7 7 9 8 8 8 8 5 6 6 7 7 7 9 8 8 8 8 9 5 6 6 7 7 7 9 8 8 8 8 9 9
0 1 1 1 1 0 2 2 2 2 2 2 2 2 3 2 2 2 2 3 4 2 2 2 2 3 4 4 2 2 2 2 4 3 3 3 2 2 2 2 4 3 3 3 4 5 5 5 5 6 6 6 6 6 6 5 5 5 5 6 6 6 6 6 6 7 5 5 5 5 6 6 6 6 6 6 7 7 5 5 5 5 6 6 6 6 6 6 7 7 7
0 1 2 1 2 2 2 1 0 1 2 1 1 0 2 3 3 3 3 3 3 3 3 3 3 3 3 4 3 3 3 3 3 3 4 5 3 3 3 3 3 3 4 5 5 3 3 3 3 3 3 4 5 5 5 3 3 3 3 3 3 5 4 4 4 4 3 3 3 3 3 3 5 4 4 4 4 5 3 3 3 3 3 3 5 4 4 4 4 5 5
0 1 2 1 2 3 1 2 3 3 1 2 3 3 3 4 5 6 6 6 6 4 5 6 6 6 6 7 4 5 6 6 6 6 7 7 4 5 6 6 6 6 7 7 7 8 9 10 10 10 10 11 11 11 11 8 9 10 10 10 10 11 11 11 11 12 8 9 10 10 10 10 11 11 11 11 12 12 8 9 10 10 10 10 11 11 11 11 12 12 12
--- order 14400 (x2) ---
0 0 1 2 3 3 2 3 3 4 2 3 3 4 5 2 3 3 5 4 5 2 3 3 5 5 4 4 6 7 7 8 8 8 8 8 6 7 7 8 8 8 8 8 9 6 7 7 8 8 8 8 8 9 9 6 7 7 8 8 8 8 8 9 9 9 6 7 7 8 8 8 8 8 9 9 9 9 6 7 7 8 8 8 8 8 9 9 9 9 9
0 1 2 3 4 5 6 7 8 9 6 7 8 9 10 6 7 8 9 10 10 6 7 8 9 10 10 10 6 7 8 9 10 10 10 10 11 12 13 14 15 15 15 15 15 11 12 13 14 15 15 15 15 15 16 11 12 13 14 15 15 15 15 15 16 16 11 12 13 14 15 15 15 15 15 16 16 16 11 12 13 14 15 15 15 15 15 16 16 16 16
--- order 15120 (x1) ---
0 0 1 0 1 1 2 3 4 5 2 4 5 3 6 2 5 3 4 6 6 7 8 8 8 9 9 9 7 8 8 8 9 9 9 10 7 8 8 8 9 9 9 10 10 7 8 8 8 9 9 9 10 10 10 7 8 8 8 9 9 9 10 10 10 10 7 8 8 8 9 9 9 10 10 10 10 10 7 8 8 8 9 9 9 10 10 10 10 10 10
--- order 15360 (x3) ---
0 0 1 0 2 2 0 2 2 1 0 3 3 3 3 0 3 3 3 3 1 0 3 3 3 3 2 2 0 3 3 3 3 2 2 1 4 5 5 5 5 5 5 5 5 4 5 5 5 5 5 5 5 5 6 4 5 5 5 5 5 5 5 5 6 6 4 5 5 5 5 5 5 5 5 6 6 6 4 5 5 5 5 5 5 5 5 6 6 6 6
0 1 1 1 1 2 3 3 4 4 3 3 4 4 5 3 3 4 4 6 6 3 3 4 4 6 6 5 3 3 4 4 6 6 6 6 3 3 4 4 6 6 6 6 5 3 3 4 4 6 6 6 6 6 6 3 3 4 4 6 6 6 6 6 6 5 3 3 4 4 6 6 6 6 6 6 6 6 3 3 4 4 6 6 6 6 6 6 6 6 5
0 1 2 2 1 0 3 3 3 3 3 3 3 3 4 3 3 3 3 5 5 3 3 3 3 5 5 4 3 3 3 3 5 5 5 5 3 3 3 3 5 5 5 5 4 3 3 3 3 5 5 5 5 5 5 3 3 3 3 5 5 5 5 5 5 4 3 3 3 3 5 5 5 5 5 5 5 5 3 3 3 3 5 5 5 5 5 5 5 5 4
--- order 15552 (x1) ---
0 1 1 1 1 2 1 1 2 2 3 3 4 4 4 3 3 4 4 4 5 3 3 4 4 4 5 5 3 3 4 4 4 6 6 6 3 3 4 4 4 6 6 6 5 3 3 4 4 4 6 6 6 5 5 3 3 4 4 4 6 6 6 6 6 6 3 3 4 4 4 6 6 6 6 6 6 5 3 3 4 4 4 6 6 6 6 6 6 5 5
--- order 17280 (x7) ---
0 0 0 0 0 0 1 2 2 2 2 1 2 2 3 2 2 1 2 3 3 2 2 2 1 3 3 3 4 4 4 4 5 5 5 5 4 4 4 4 5 5 5 5 6 4 4 4 4 5 5 5 5 6 6 4 4 4 4 5 5 5 5 6 6 6 4 4 4 4 5 5 5 5 6 6 6 6 4 4 4 4 5 5 5 5 6 6 6 6 6
0 0 1 0 2 3 0 3 2 1 4 5 5 5 5 4 5 5 5 5 6 4 5 5 5 5 6 6 7 8 8 8 8 9 9 9 7 8 8 8 8 9 9 9 10 7 8 8 8 8 9 9 9 10 10 7 8 8 8 8 9 9 9 10 10 10 7 8 8 8 8 9 9 9 10 10 10 10 7 8 8 8 8 9 9 9 10 10 10 10 10
0 0 1 2 3 3 2 3 3 4 2 3 3 4 5 2 3 3 4 5 5 2 3 3 5 4 4 4 2 3 3 5 4 4 4 5 6 7 7 8 8 8 8 8 8 6 7 7 8 8 8 8 8 8 9 6 7 7 8 8 8 8 8 8 9 9 6 7 7 8 8 8 8 8 8 9 9 9 6 7 7 8 8 8 8 8 8 9 9 9 9
0 0 1 2 3 3 2 3 3 4 5 6 6 7 7 5 6 6 7 7 8 5 6 6 7 7 8 8 9 10 10 11 11 12 12 12 9 10 10 11 11 12 12 12 13 9 10 10 11 11 12 12 12 13 13 9 10 10 11 11 12 12 12 13 13 13 9 10 10 11 11 12 12 12 13 13 13 13 9 10 10 11 11 12 12 12 13 13 13 13 13
0 1 1 1 1 2 1 1 3 4 1 1 3 4 4 1 1 4 3 2 3 1 1 4 3 3 2 4 5 5 6 6 6 6 6 6 5 5 6 6 6 6 6 6 7 5 5 6 6 6 6 6 6 7 7 5 5 6 6 6 6 6 6 7 7 7 5 5 6 6 6 6 6 6 7 7 7 7 5 5 6 6 6 6 6 6 7 7 7 7 7
0 1 2 1 2 3 1 2 3 3 4 5 6 6 6 4 5 6 6 6 7 4 5 6 6 6 7 7 4 5 6 6 6 7 7 7 8 9 10 10 10 11 11 11 11 8 9 10 10 10 11 11 11 11 12 8 9 10 10 10 11 11 11 11 12 12 8 9 10 10 10 11 11 11 11 12 12 12 8 9 10 10 10 11 11 11 11 12 12 12 12
0 1 2 3 4 5 6 7 8 9 6 7 8 9 10 6 7 8 9 10 10 6 7 8 9 10 10 10 11 12 13 14 15 15 15 15 11 12 13 14 15 15 15 15 16 11 12 13 14 15 15 15 15 16 16 11 12 13 14 15 15 15 15 16 16 16 11 12 13 14 15 15 15 15 16 16 16 16 11 12 13 14 15 15 15 15 16 16 16 16 16
--- order 18432 (x3) ---
0 1 1 1 1 0 1 1 1 1 1 1 1 1 0 2 2 2 2 2 2 2 2 2 2 2 2 3 2 2 2 2 2 2 4 4 2 2 2 2 2 2 4 4 3 2 2 2 2 2 2 4 4 4 4 2 2 2 2 2 2 4 4 4 4 3 2 2 2 2 2 2 4 4 4 4 4 4 2 2 2 2 2 2 4 4 4 4 4 4 3
0 1 1 1 1 2 1 1 2 2 1 1 2 2 2 3 3 4 4 4 4 3 3 4 4 4 4 5 3 3 4 4 4 4 6 6 3 3 4 4 4 4 6 6 5 3 3 4 4 4 4 6 6 6 6 3 3 4 4 4 4 6 6 6 6 5 3 3 4 4 4 4 6 6 6 6 6 6 3 3 4 4 4 4 6 6 6 6 6 6 5
0 1 1 1 1 2 1 1 3 3 1 1 3 3 2 4 4 5 5 5 5 4 4 5 5 5 5 6 4 4 5 5 5 5 6 7 4 4 5 5 5 5 6 7 7 4 4 5 5 5 5 6 7 7 7 4 4 5 5 5 5 7 6 6 6 6 4 4 5 5 5 5 7 6 6 6 6 7 4 4 5 5 5 5 7 6 6 6 6 7 7
--- order 20160 (x4) ---
0 0 1 2 3 4 2 3 4 5 2 4 3 6 7 2 4 3 7 6 5 8 9 9 10 10 10 10 8 9 9 10 10 10 10 11 8 9 9 10 10 10 10 11 11 8 9 9 10 10 10 10 11 11 11 8 9 9 10 10 10 10 11 11 11 11 8 9 9 10 10 10 10 11 11 11 11 11 8 9 9 10 10 10 10 11 11 11 11 11 11
0 0 1 2 3 4 2 4 3 5 6 7 7 8 8 6 7 7 8 8 9 10 11 11 12 12 13 13 10 11 11 12 12 13 13 14 10 11 11 12 12 13 13 14 14 10 11 11 12 12 13 13 14 14 14 10 11 11 12 12 13 13 14 14 14 14 10 11 11 12 12 13 13 14 14 14 14 14 10 11 11 12 12 13 13 14 14 14 14 14 14
0 1 2 3 4 5 3 4 5 6 3 4 5 7 8 3 4 5 8 7 6 9 10 11 12 12 12 12 9 10 11 12 12 12 12 13 9 10 11 12 12 12 12 13 13 9 10 11 12 12 12 12 13 13 13 9 10 11 12 12 12 12 13 13 13 13 9 10 11 12 12 12 12 13 13 13 13 13 9 10 11 12 12 12 12 13 13 13 13 13 13
0 1 2 3 4 5 3 4 5 6 7 8 9 10 10 7 8 9 10 10 11 12 13 14 15 15 16 16 12 13 14 15 15 16 16 17 12 13 14 15 15 16 16 17 17 12 13 14 15 15 16 16 17 17 17 12 13 14 15 15 16 16 17 17 17 17 12 13 14 15 15 16 16 17 17 17 17 17 12 13 14 15 15 16 16 17 17 17 17 17 17
--- order 20736 (x2) ---
0 0 0 1 1 1 1 1 1 2 1 1 1 2 2 3 3 3 4 4 4 3 3 3 4 4 4 5 3 3 3 4 4 4 5 5 3 3 3 4 4 4 5 5 5 6 6 6 7 7 7 8 8 8 8 6 6 6 7 7 7 8 8 8 8 9 6 6 6 7 7 7 8 8 8 8 9 9 6 6 6 7 7 7 8 8 8 8 9 9 9
0 1 1 1 1 2 1 1 2 3 1 1 2 3 3 1 1 4 4 4 4 1 1 4 4 4 4 2 1 1 4 4 4 4 2 3 1 1 4 4 4 4 2 3 3 1 1 4 4 4 4 3 2 2 2 1 1 4 4 4 4 3 2 2 2 3 1 1 3 2 2 2 4 4 4 4 4 4 1 1 3 2 2 2 4 4 4 4 4 4 3
--- order 23040 (x6) ---
0 0 1 0 1 1 2 3 3 3 2 3 3 3 4 2 3 3 3 5 5 2 3 3 3 5 5 4 2 3 3 3 5 5 5 5 2 3 3 3 5 5 5 5 4 2 3 3 3 5 5 5 5 5 5 2 3 3 3 5 5 5 5 5 5 4 2 3 3 3 5 5 5 5 5 5 5 5 2 3 3 3 5 5 5 5 5 5 5 5 4
0 0 1 0 2 2 0 2 2 1 3 4 4 4 4 3 4 4 4 4 5 3 4 4 4 4 5 5 3 4 4 4 4 5 5 5 6 7 7 7 7 8 8 8 8 6 7 7 7 7 8 8 8 8 9 6 7 7 7 7 8 8 8 8 9 9 6 7 7 7 7 8 8 8 8 9 9 9 6 7 7 7 7 8 8 8 8 9 9 9 9
0 0 1 1 0 0 2 3 3 2 2 3 3 2 4 3 2 2 3 5 5 3 2 2 3 5 5 4 6 6 6 6 7 7 7 7 6 6 6 6 7 7 7 7 8 6 6 6 6 7 7 7 7 8 8 6 6 6 6 7 7 7 7 8 8 8 6 6 6 6 7 7 7 7 8 8 8 8 6 6 6 6 7 7 7 7 8 8 8 8 8
0 1 1 1 1 2 3 3 4 4 3 3 4 4 5 3 3 4 4 6 6 3 3 4 4 6 6 5 7 7 8 8 9 9 9 9 7 7 8 8 9 9 9 9 10 7 7 8 8 9 9 9 9 10 10 7 7 8 8 9 9 9 9 10 10 10 7 7 8 8 9 9 9 9 10 10 10 10 7 7 8 8 9 9 9 9 10 10 10 10 10
0 1 2 2 1 0 3 3 3 3 3 3 3 3 0 3 3 3 3 1 2 3 3 3 3 2 1 0 4 4 4 4 4 4 4 4 4 4 4 4 4 4 4 4 5 4 4 4 4 4 4 4 4 5 5 4 4 4 4 4 4 4 4 5 5 5 4 4 4 4 4 4 4 4 5 5 5 5 4 4 4 4 4 4 4 4 5 5 5 5 5
0 1 2 2 1 0 3 3 3 3 3 3 3 3 4 3 3 3 3 5 5 3 3 3 3 5 5 4 6 6 6 6 7 7 7 7 6 6 6 6 7 7 7 7 8 6 6 6 6 7 7 7 7 8 8 6 6 6 6 7 7 7 7 8 8 8 6 6 6 6 7 7 7 7 8 8 8 8 6 6 6 6 7 7 7 7 8 8 8 8 8
--- order 25920 (x2) ---
0 0 0 1 1 1 1 1 1 2 1 1 1 2 2 3 3 3 4 4 4 3 3 3 4 4 4 5 3 3 3 4 4 4 5 5 6 6 6 7 7 7 8 8 8 6 6 6 7 7 7 8 8 8 9 6 6 6 7 7 7 8 8 8 9 9 6 6 6 7 7 7 8 8 8 9 9 9 6 6 6 7 7 7 8 8 8 9 9 9 9
0 1 2 1 2 3 1 2 3 3 4 5 6 6 6 4 5 6 6 6 7 4 5 6 6 6 7 7 8 9 10 10 10 11 11 11 8 9 10 10 10 11 11 11 12 8 9 10 10 10 11 11 11 12 12 8 9 10 10 10 11 11 11 12 12 12 8 9 10 10 10 11 11 11 12 12 12 12 8 9 10 10 10 11 11 11 12 12 12 12 12
--- order 27648 (x5) ---
0 0 1 0 1 1 1 0 0 0 1 0 0 0 1 2 2 2 2 2 2 2 2 2 2 2 2 3 2 2 2 2 2 2 4 4 2 2 2 2 2 2 4 4 3 2 2 2 2 2 2 4 4 4 4 2 2 2 2 2 2 4 4 4 4 3 2 2 2 2 2 2 4 4 4 4 4 4 2 2 2 2 2 2 4 4 4 4 4 4 3
0 1 1 1 1 0 1 1 1 1 1 1 1 1 0 2 2 2 2 2 2 2 2 2 2 2 2 3 2 2 2 2 2 2 3 3 2 2 2 2 2 2 3 3 3 4 4 4 4 4 4 5 5 5 5 4 4 4 4 4 4 5 5 5 5 6 4 4 4 4 4 4 5 5 5 5 6 6 4 4 4 4 4 4 5 5 5 5 6 6 6
0 1 1 1 1 2 1 1 2 2 1 1 2 2 2 3 3 4 4 4 4 3 3 4 4 4 4 5 3 3 4 4 4 4 5 5 3 3 4 4 4 4 5 5 5 6 6 7 7 7 7 8 8 8 8 6 6 7 7 7 7 8 8 8 8 9 6 6 7 7 7 7 8 8 8 8 9 9 6 6 7 7 7 7 8 8 8 8 9 9 9
0 1 1 1 1 2 1 1 2 2 1 1 2 2 2 3 4 5 5 5 5 3 4 5 5 5 5 6 3 4 5 5 5 5 6 6 3 4 5 5 5 5 6 6 6 4 3 5 5 5 5 7 7 7 7 4 3 5 5 5 5 7 7 7 7 6 4 3 5 5 5 5 7 7 7 7 6 6 4 3 5 5 5 5 7 7 7 7 6 6 6
0 1 2 1 2 3 1 2 3 3 1 2 3 3 3 4 5 6 6 6 6 4 5 6 6 6 6 7 4 5 6 6 6 6 7 8 4 5 6 6 6 6 7 8 8 4 5 6 6 6 6 7 8 8 8 4 5 6 6 6 6 8 7 7 7 7 4 5 6 6 6 6 8 7 7 7 7 8 4 5 6 6 6 6 8 7 7 7 7 8 8
--- order 28800 (x6) ---
0 0 1 1 0 1 1 1 0 0 2 2 2 2 2 2 2 2 2 2 3 2 2 2 2 2 3 3 2 2 2 2 2 3 3 3 4 4 4 4 4 5 5 5 5 4 4 4 4 4 5 5 5 5 6 4 4 4 4 4 5 5 5 5 6 6 4 4 4 4 4 5 5 5 5 6 6 6 4 4 4 4 4 5 5 5 5 6 6 6 6
0 0 1 2 3 3 4 5 6 7 4 5 6 7 8 4 5 6 7 8 8 4 5 6 7 8 8 8 4 5 6 7 8 8 8 8 4 6 5 7 9 9 9 9 9 4 6 5 7 9 9 9 9 9 8 4 6 5 7 9 9 9 9 9 8 8 4 6 5 7 9 9 9 9 9 8 8 8 4 6 5 7 9 9 9 9 9 8 8 8 8
0 1 2 1 2 3 4 5 6 6 4 5 6 6 7 4 5 6 6 7 7 4 5 6 6 7 7 7 4 5 6 6 7 7 7 7 8 9 10 10 11 11 11 11 11 8 9 10 10 11 11 11 11 11 12 8 9 10 10 11 11 11 11 11 12 12 8 9 10 10 11 11 11 11 11 12 12 12 8 9 10 10 11 11 11 11 11 12 12 12 12
0 1 2 2 1 3 4 4 5 5 4 4 5 5 6 4 4 5 5 6 6 4 4 5 5 6 6 6 4 4 5 5 6 6 6 6 7 7 8 8 9 9 9 9 9 7 7 8 8 9 9 9 9 9 10 7 7 8 8 9 9 9 9 9 10 10 7 7 8 8 9 9 9 9 9 10 10 10 7 7 8 8 9 9 9 9 9 10 10 10 10
0 1 2 2 1 3 4 5 6 7 4 5 6 7 8 4 5 6 7 8 8 4 5 6 7 8 8 8 4 5 6 7 8 8 8 8 5 4 7 6 9 9 9 9 9 5 4 7 6 9 9 9 9 9 8 5 4 7 6 9 9 9 9 9 8 8 5 4 7 6 9 9 9 9 9 8 8 8 5 4 7 6 9 9 9 9 9 8 8 8 8
0 1 2 3 4 5 6 7 8 9 6 7 8 9 10 6 7 8 9 10 11 6 7 8 9 10 11 11 6 7 8 9 10 11 11 11 6 7 8 9 10 11 11 11 11 6 7 8 9 11 10 10 10 10 10 6 7 8 9 11 10 10 10 10 10 11 6 7 8 9 11 10 10 10 10 10 11 11 6 7 8 9 11 10 10 10 10 10 11 11 11
--- order 30240 (x3) ---
0 0 1 0 1 1 2 3 4 4 2 4 3 4 5 2 4 4 3 5 5 6 7 7 7 8 8 8 6 7 7 7 8 8 8 9 6 7 7 7 8 8 8 9 9 6 7 7 7 8 8 8 9 9 9 6 7 7 7 8 8 8 9 9 9 9 6 7 7 7 8 8 8 9 9 9 9 9 6 7 7 7 8 8 8 9 9 9 9 9 9
0 0 1 0 2 3 0 4 3 3 0 3 2 4 1 0 3 4 1 2 3 5 6 6 6 6 6 6 5 6 6 6 6 6 6 7 5 6 6 6 6 6 6 7 7 5 6 6 6 6 6 6 7 7 7 5 6 6 6 6 6 6 7 7 7 7 5 6 6 6 6 6 6 7 7 7 7 7 5 6 6 6 6 6 6 7 7 7 7 7 7
0 1 2 3 4 5 6 7 8 9 6 7 8 9 10 6 7 8 9 10 10 11 12 13 14 15 15 15 11 12 13 14 15 15 15 16 11 12 13 14 15 15 15 16 16 11 12 13 14 15 15 15 16 16 16 11 12 13 14 15 15 15 16 16 16 16 11 12 13 14 15 15 15 16 16 16 16 16 11 12 13 14 15 15 15 16 16 16 16 16 16
--- order 30720 (x1) ---
0 1 1 1 1 0 2 2 2 2 2 2 2 2 3 2 2 2 2 4 4 2 2 2 2 4 4 3 2 2 2 2 4 4 4 4 2 2 2 2 4 4 4 4 3 2 2 2 2 4 4 4 4 4 4 2 2 2 2 4 4 4 4 4 4 3 2 2 2 2 4 4 4 4 4 4 4 4 2 2 2 2 4 4 4 4 4 4 4 4 3
--- order 31104 (x2) ---
0 0 1 0 1 1 0 2 2 2 0 2 2 2 1 0 2 2 2 1 1 0 2 2 2 2 2 2 0 2 2 2 2 2 2 1 0 2 2 2 2 2 2 1 1 3 4 4 4 4 4 4 4 4 4 3 4 4 4 4 4 4 4 4 4 5 3 4 4 4 4 4 4 4 4 4 5 5 3 4 4 4 4 4 4 4 4 4 5 5 5
0 1 2 1 2 3 1 2 3 3 1 2 4 4 4 1 2 4 4 4 3 1 2 4 4 4 3 3 1 2 4 4 4 4 4 4 1 2 4 4 4 4 4 4 3 1 2 4 4 4 4 4 4 3 3 1 2 4 4 4 4 4 4 4 4 4 1 2 4 4 4 4 4 4 4 4 4 3 1 2 4 4 4 4 4 4 4 4 4 3 3
--- order 34560 (x7) ---
0 0 0 1 1 1 1 1 1 2 1 1 1 3 3 1 1 1 3 3 2 1 1 1 3 3 3 3 1 1 1 3 3 3 3 2 4 4 4 5 5 5 5 5 5 4 4 4 5 5 5 5 5 5 6 4 4 4 5 5 5 5 5 5 6 6 4 4 4 5 5 5 5 5 5 6 6 6 4 4 4 5 5 5 5 5 5 6 6 6 6
0 0 1 0 2 2 0 2 2 1 3 4 4 4 4 3 4 4 4 4 5 3 4 4 4 4 5 5 6 7 7 7 7 8 8 8 6 7 7 7 7 8 8 8 9 6 7 7 7 7 8 8 8 9 9 6 7 7 7 7 8 8 8 9 9 9 6 7 7 7 7 8 8 8 9 9 9 9 6 7 7 7 7 8 8 8 9 9 9 9 9
0 1 1 1 1 2 1 1 2 2 3 3 4 4 4 3 3 4 4 4 5 3 3 4 4 4 5 5 3 3 4 4 4 5 5 5 6 6 7 7 7 8 8 8 8 6 6 7 7 7 8 8 8 8 9 6 6 7 7 7 8 8 8 8 9 9 6 6 7 7 7 8 8 8 8 9 9 9 6 6 7 7 7 8 8 8 8 9 9 9 9
0 1 2 1 2 2 1 2 2 2 2 1 0 1 1 2 1 1 0 1 2 2 1 1 1 0 2 2 3 3 3 3 3 3 3 3 3 3 3 3 3 3 3 3 4 3 3 3 3 3 3 3 3 4 4 3 3 3 3 3 3 3 3 4 4 4 3 3 3 3 3 3 3 3 4 4 4 4 3 3 3 3 3 3 3 3 4 4 4 4 4
0 1 2 1 2 3 1 2 4 4 1 2 4 4 3 1 2 4 4 4 4 1 2 4 4 4 4 3 5 6 7 7 7 7 7 7 5 6 7 7 7 7 7 7 8 5 6 7 7 7 7 7 7 8 8 5 6 7 7 7 7 7 7 8 8 8 5 6 7 7 7 7 7 7 8 8 8 8 5 6 7 7 7 7 7 7 8 8 8 8 8
0 1 2 1 2 3 4 5 6 6 4 5 6 6 7 4 5 6 6 7 7 4 5 6 6 7 7 7 8 9 10 10 11 11 11 11 8 9 10 10 11 11 11 11 12 8 9 10 10 11 11 11 11 12 12 8 9 10 10 11 11 11 11 12 12 12 8 9 10 10 11 11 11 11 12 12 12 12 8 9 10 10 11 11 11 11 12 12 12 12 12
0 1 2 2 1 3 4 4 5 5 4 4 5 5 6 4 4 5 5 6 6 4 4 5 5 6 6 6 7 7 8 8 9 9 9 9 7 7 8 8 9 9 9 9 10 7 7 8 8 9 9 9 9 10 10 7 7 8 8 9 9 9 9 10 10 10 7 7 8 8 9 9 9 9 10 10 10 10 7 7 8 8 9 9 9 9 10 10 10 10 10
--- order 40320 (x5) ---
0 0 1 2 3 3 2 3 3 4 2 3 3 5 6 2 3 3 6 5 4 7 8 8 9 9 9 9 7 8 8 9 9 9 9 10 7 8 8 9 9 9 9 10 10 7 8 8 9 9 9 9 10 10 10 7 8 8 9 9 9 9 10 10 10 10 7 8 8 9 9 9 9 10 10 10 10 10 7 8 8 9 9 9 9 10 10 10 10 10 10
0 0 1 2 3 3 2 3 3 4 5 6 6 7 7 5 6 6 7 7 8 9 10 10 11 11 12 12 9 10 10 11 11 12 12 13 9 10 10 11 11 12 12 13 13 9 10 10 11 11 12 12 13 13 13 9 10 10 11 11 12 12 13 13 13 13 9 10 10 11 11 12 12 13 13 13 13 13 9 10 10 11 11 12 12 13 13 13 13 13 13
0 0 1 2 3 4 2 3 4 5 2 4 3 6 6 2 4 3 6 6 5 7 8 8 9 9 9 9 7 8 8 9 9 9 9 10 7 8 8 9 9 9 9 10 10 7 8 8 9 9 9 9 10 10 10 7 8 8 9 9 9 9 10 10 10 10 7 8 8 9 9 9 9 10 10 10 10 10 7 8 8 9 9 9 9 10 10 10 10 10 10
0 1 2 3 4 5 3 4 5 6 3 4 5 7 7 3 4 5 7 7 6 8 9 10 11 11 11 11 8 9 10 11 11 11 11 12 8 9 10 11 11 11 11 12 12 8 9 10 11 11 11 11 12 12 12 8 9 10 11 11 11 11 12 12 12 12 8 9 10 11 11 11 11 12 12 12 12 12 8 9 10 11 11 11 11 12 12 12 12 12 12
0 1 2 3 4 5 6 7 8 9 10 11 12 13 14 15 16 17 18 19 20 15 16 17 18 19 20 21 15 16 17 18 19 20 21 21 15 16 17 18 19 20 21 21 21 15 16 17 18 19 20 21 21 21 21 15 16 17 18 19 20 21 21 21 21 21 15 16 17 18 19 20 21 21 21 21 21 21 15 16 17 18 19 20 21 21 21 21 21 21 21
--- order 41472 (x3) ---
0 0 0 1 1 1 1 1 1 2 1 1 1 2 2 3 3 3 4 4 4 3 3 3 4 4 4 5 3 3 3 4 4 4 5 6 3 3 3 4 4 4 5 6 6 3 3 3 4 4 4 5 6 6 6 3 3 3 4 4 4 6 5 5 5 5 3 3 3 4 4 4 6 5 5 5 5 6 3 3 3 4 4 4 6 5 5 5 5 6 6
0 0 1 0 1 1 1 0 0 0 1 0 0 0 1 2 2 2 2 2 2 2 2 2 2 2 2 3 2 2 2 2 2 2 3 3 2 2 2 2 2 2 3 3 3 4 4 4 4 4 4 5 5 5 5 4 4 4 4 4 4 5 5 5 5 6 4 4 4 4 4 4 5 5 5 5 6 6 4 4 4 4 4 4 5 5 5 5 6 6 6
0 0 1 0 1 1 1 0 0 0 1 0 0 0 1 2 3 3 3 2 2 2 3 3 3 2 2 4 2 3 3 3 2 2 4 4 2 3 3 3 2 2 4 4 4 3 2 2 2 3 3 5 5 5 5 3 2 2 2 3 3 5 5 5 5 4 3 2 2 2 3 3 5 5 5 5 4 4 3 2 2 2 3 3 5 5 5 5 4 4 4
--- order 43200 (x1) ---
0 0 1 1 0 1 1 1 0 0 2 2 2 2 2 2 2 2 2 2 3 2 2 2 2 2 3 3 4 4 4 4 4 5 5 5 4 4 4 4 4 5 5 5 6 4 4 4 4 4 5 5 5 6 6 4 4 4 4 4 5 5 5 6 6 6 4 4 4 4 4 5 5 5 6 6 6 6 4 4 4 4 4 5 5 5 6 6 6 6 6
--- order 46080 (x4) ---
0 0 1 0 2 2 0 2 2 1 0 2 2 2 2 0 2 2 2 2 1 0 2 2 2 2 2 2 0 2 2 2 2 2 2 1 3 4 4 4 4 4 4 4 4 3 4 4 4 4 4 4 4 4 5 3 4 4 4 4 4 4 4 4 5 5 3 4 4 4 4 4 4 4 4 5 5 5 3 4 4 4 4 4 4 4 4 5 5 5 5
0 0 1 2 3 3 2 3 3 1 1 0 0 2 2 3 2 2 0 0 3 3 2 2 0 0 3 1 4 4 4 4 4 4 4 4 4 4 4 4 4 4 4 4 5 4 4 4 4 4 4 4 4 5 5 4 4 4 4 4 4 4 4 5 5 5 4 4 4 4 4 4 4 4 5 5 5 5 4 4 4 4 4 4 4 4 5 5 5 5 5
0 1 1 1 1 0 2 2 2 2 2 2 2 2 3 2 2 2 2 4 4 2 2 2 2 4 4 3 5 5 5 5 6 6 6 6 5 5 5 5 6 6 6 6 7 5 5 5 5 6 6 6 6 7 7 5 5 5 5 6 6 6 6 7 7 7 5 5 5 5 6 6 6 6 7 7 7 7 5 5 5 5 6 6 6 6 7 7 7 7 7
0 1 2 1 2 3 1 2 4 4 1 2 4 4 3 1 2 4 4 4 4 1 2 4 4 4 4 3 1 2 4 4 4 4 4 4 1 2 4 4 4 4 4 4 3 1 2 4 4 4 4 4 4 4 4 1 2 4 4 4 4 4 4 4 4 3 1 2 4 4 4 4 4 4 4 4 4 4 1 2 4 4 4 4 4 4 4 4 4 4 3
--- order 50400 (x1) ---
0 1 2 1 2 3 1 2 3 4 1 2 4 3 4 1 2 4 4 3 3 5 6 7 7 7 7 7 5 6 7 7 7 7 7 8 5 6 7 7 7 7 7 8 8 5 6 7 7 7 7 7 8 8 8 5 6 7 7 7 7 7 8 8 8 8 5 6 7 7 7 7 7 8 8 8 8 8 5 6 7 7 7 7 7 8 8 8 8 8 8
--- order 51840 (x4) ---
0 0 0 1 1 1 1 1 1 2 1 1 1 2 3 1 1 1 2 3 3 1 1 1 3 2 2 2 1 1 1 3 2 2 2 3 4 4 4 5 5 5 5 5 5 4 4 4 5 5 5 5 5 5 6 4 4 4 5 5 5 5 5 5 6 6 4 4 4 5 5 5 5 5 5 6 6 6 4 4 4 5 5 5 5 5 5 6 6 6 6
0 1 1 1 1 2 1 1 2 2 3 3 4 4 4 3 3 4 4 4 5 3 3 4 4 4 5 5 6 6 7 7 7 8 8 8 6 6 7 7 7 8 8 8 9 6 6 7 7 7 8 8 8 9 9 6 6 7 7 7 8 8 8 9 9 9 6 6 7 7 7 8 8 8 9 9 9 9 6 6 7 7 7 8 8 8 9 9 9 9 9
0 1 2 1 2 3 1 2 3 3 2 1 4 4 4 2 1 4 4 4 3 2 1 4 4 4 3 3 5 5 6 6 6 6 6 6 5 5 6 6 6 6 6 6 7 5 5 6 6 6 6 6 6 7 7 5 5 6 6 6 6 6 6 7 7 7 5 5 6 6 6 6 6 6 7 7 7 7 5 5 6 6 6 6 6 6 7 7 7 7 7
0 1 2 1 2 3 1 2 3 4 1 2 3 4 4 1 2 4 3 3 3 1 2 4 3 3 3 4 5 6 7 7 7 7 7 7 5 6 7 7 7 7 7 7 8 5 6 7 7 7 7 7 7 8 8 5 6 7 7 7 7 7 7 8 8 8 5 6 7 7 7 7 7 7 8 8 8 8 5 6 7 7 7 7 7 7 8 8 8 8 8
--- order 55296 (x2) ---
0 1 1 1 1 0 1 1 1 1 1 1 1 1 0 2 2 2 2 2 2 2 2 2 2 2 2 3 2 2 2 2 2 2 3 4 2 2 2 2 2 2 3 4 4 2 2 2 2 2 2 3 4 4 4 2 2 2 2 2 2 4 3 3 3 3 2 2 2 2 2 2 4 3 3 3 3 4 2 2 2 2 2 2 4 3 3 3 3 4 4
0 1 1 1 1 2 1 1 2 2 1 1 2 2 2 3 3 4 4 4 4 3 3 4 4 4 4 5 3 3 4 4 4 4 5 6 3 3 4 4 4 4 5 6 6 3 3 4 4 4 4 5 6 6 6 3 3 4 4 4 4 6 5 5 5 5 3 3 4 4 4 4 6 5 5 5 5 6 3 3 4 4 4 4 6 5 5 5 5 6 6
--- order 57600 (x6) ---
0 1 1 1 1 2 3 3 4 4 3 3 4 4 5 3 3 4 4 5 5 3 3 4 4 5 5 5 3 3 4 4 5 5 5 5 6 6 7 7 8 8 8 8 8 6 6 7 7 8 8 8 8 8 9 6 6 7 7 8 8 8 8 8 9 9 6 6 7 7 8 8 8 8 8 9 9 9 6 6 7 7 8 8 8 8 8 9 9 9 9
0 1 1 1 1 2 3 4 5 5 3 4 5 5 6 3 4 5 5 6 6 3 4 5 5 6 6 6 3 4 5 5 6 6 6 6 4 3 5 5 7 7 7 7 7 4 3 5 5 7 7 7 7 7 6 4 3 5 5 7 7 7 7 7 6 6 4 3 5 5 7 7 7 7 7 6 6 6 4 3 5 5 7 7 7 7 7 6 6 6 6
0 1 2 1 2 3 4 5 6 6 4 5 6 6 7 4 5 6 6 7 8 4 5 6 6 7 8 8 4 5 6 6 7 8 8 8 4 5 6 6 7 8 8 8 8 4 5 6 6 8 7 7 7 7 7 4 5 6 6 8 7 7 7 7 7 8 4 5 6 6 8 7 7 7 7 7 8 8 4 5 6 6 8 7 7 7 7 7 8 8 8
0 1 2 2 1 0 3 3 3 3 3 3 3 3 4 3 3 3 3 4 4 3 3 3 3 4 4 4 3 3 3 3 4 4 4 4 5 5 5 5 6 6 6 6 6 5 5 5 5 6 6 6 6 6 7 5 5 5 5 6 6 6 6 6 7 7 5 5 5 5 6 6 6 6 6 7 7 7 5 5 5 5 6 6 6 6 6 7 7 7 7
0 1 2 2 1 0 3 4 4 3 3 4 4 3 5 3 4 4 3 5 5 3 4 4 3 5 5 5 3 4 4 3 5 5 5 5 4 3 3 4 6 6 6 6 6 4 3 3 4 6 6 6 6 6 5 4 3 3 4 6 6 6 6 6 5 5 4 3 3 4 6 6 6 6 6 5 5 5 4 3 3 4 6 6 6 6 6 5 5 5 5
0 1 2 2 1 3 4 4 5 5 4 4 5 5 6 4 4 5 5 6 7 4 4 5 5 6 7 7 4 4 5 5 6 7 7 7 4 4 5 5 6 7 7 7 7 4 4 5 5 7 6 6 6 6 6 4 4 5 5 7 6 6 6 6 6 7 4 4 5 5 7 6 6 6 6 6 7 7 4 4 5 5 7 6 6 6 6 6 7 7 7
--- order 60480 (x3) ---
0 0 1 0 2 3 0 2 3 3 0 3 2 1 2 0 3 2 2 1 3 4 5 5 5 5 5 5 4 5 5 5 5 5 5 6 4 5 5 5 5 5 5 6 6 4 5 5 5 5 5 5 6 6 6 4 5 5 5 5 5 5 6 6 6 6 4 5 5 5 5 5 5 6 6 6 6 6 4 5 5 5 5 5 5 6 6 6 6 6 6
0 1 2 1 2 3 4 5 6 6 4 5 6 6 7 4 5 6 6 7 7 8 9 10 10 11 11 11 8 9 10 10 11 11 11 12 8 9 10 10 11 11 11 12 12 8 9 10 10 11 11 11 12 12 12 8 9 10 10 11 11 11 12 12 12 12 8 9 10 10 11 11 11 12 12 12 12 12 8 9 10 10 11 11 11 12 12 12 12 12 12
0 1 2 2 1 3 4 4 5 5 4 4 5 5 6 4 4 5 5 6 6 7 7 8 8 9 9 9 7 7 8 8 9 9 9 10 7 7 8 8 9 9 9 10 10 7 7 8 8 9 9 9 10 10 10 7 7 8 8 9 9 9 10 10 10 10 7 7 8 8 9 9 9 10 10 10 10 10 7 7 8 8 9 9 9 10 10 10 10 10 10
--- order 62208 (x1) ---
0 1 1 1 1 2 1 1 2 2 1 1 3 3 3 1 1 3 3 3 2 1 1 3 3 3 2 2 1 1 3 3 3 3 3 3 1 1 3 3 3 3 3 3 2 1 1 3 3 3 3 3 3 2 2 1 1 3 3 3 3 3 3 3 3 3 1 1 3 3 3 3 3 3 3 3 3 2 1 1 3 3 3 3 3 3 3 3 3 2 2
--- order 69120 (x4) ---
0 0 1 0 1 1 0 1 1 1 2 3 3 3 3 2 3 3 3 3 4 2 3 3 3 3 4 4 2 3 3 3 3 4 4 4 5 6 6 6 6 7 7 7 7 5 6 6 6 6 7 7 7 7 8 5 6 6 6 6 7 7 7 7 8 8 5 6 6 6 6 7 7 7 7 8 8 8 5 6 6 6 6 7 7 7 7 8 8 8 8
0 1 1 1 1 2 1 1 3 3 1 1 3 3 2 1 1 3 3 3 3 1 1 3 3 3 3 2 4 4 5 5 5 5 5 5 4 4 5 5 5 5 5 5 6 4 4 5 5 5 5 5 5 6 6 4 4 5 5 5 5 5 5 6 6 6 4 4 5 5 5 5 5 5 6 6 6 6 4 4 5 5 5 5 5 5 6 6 6 6 6
0 1 1 1 1 2 3 3 4 4 3 3 4 4 5 3 3 4 4 5 5 3 3 4 4 5 5 5 6 6 7 7 8 8 8 8 6 6 7 7 8 8 8 8 9 6 6 7 7 8 8 8 8 9 9 6 6 7 7 8 8 8 8 9 9 9 6 6 7 7 8 8 8 8 9 9 9 9 6 6 7 7 8 8 8 8 9 9 9 9 9
0 1 2 2 1 0 3 3 3 3 3 3 3 3 4 3 3 3 3 4 4 3 3 3 3 4 4 4 5 5 5 5 6 6 6 6 5 5 5 5 6 6 6 6 7 5 5 5 5 6 6 6 6 7 7 5 5 5 5 6 6 6 6 7 7 7 5 5 5 5 6 6 6 6 7 7 7 7 5 5 5 5 6 6 6 6 7 7 7 7 7
--- order 70560 (x1) ---
0 0 1 2 2 1 2 1 2 0 1 0 2 1 0 1 2 0 0 1 2 3 3 3 3 3 3 3 3 3 3 3 3 3 3 4 3 3 3 3 3 3 3 4 4 3 3 3 3 3 3 3 4 4 4 3 3 3 3 3 3 3 4 4 4 4 3 3 3 3 3 3 3 4 4 4 4 4 3 3 3 3 3 3 3 4 4 4 4 4 4
--- order 80640 (x4) ---
0 0 1 2 3 3 2 3 3 4 2 3 3 5 5 2 3 3 5 5 4 6 7 7 8 8 8 8 6 7 7 8 8 8 8 9 6 7 7 8 8 8 8 9 9 6 7 7 8 8 8 8 9 9 9 6 7 7 8 8 8 8 9 9 9 9 6 7 7 8 8 8 8 9 9 9 9 9 6 7 7 8 8 8 8 9 9 9 9 9 9
0 0 1 2 3 3 4 5 6 7 4 6 5 7 8 9 10 10 11 12 12 9 10 10 11 12 12 13 9 10 10 11 12 12 13 13 9 10 10 11 12 12 13 13 13 9 10 10 11 12 12 13 13 13 13 9 10 10 11 12 12 13 13 13 13 13 9 10 10 11 12 12 13 13 13 13 13 13 9 10 10 11 12 12 13 13 13 13 13 13 13
0 1 2 2 1 3 4 5 6 7 5 4 7 6 8 9 9 10 10 11 11 9 9 10 10 11 11 12 9 9 10 10 11 11 12 12 9 9 10 10 11 11 12 12 12 9 9 10 10 11 11 12 12 12 12 9 9 10 10 11 11 12 12 12 12 12 9 9 10 10 11 11 12 12 12 12 12 12 9 9 10 10 11 11 12 12 12 12 12 12 12
0 1 2 3 4 5 6 7 8 9 6 7 8 9 10 11 12 13 14 15 15 11 12 13 14 15 15 16 11 12 13 14 15 15 16 16 11 12 13 14 15 15 16 16 16 11 12 13 14 15 15 16 16 16 16 11 12 13 14 15 15 16 16 16 16 16 11 12 13 14 15 15 16 16 16 16 16 16 11 12 13 14 15 15 16 16 16 16 16 16 16
--- order 82944 (x2) ---
0 0 1 0 1 1 1 0 0 0 1 0 0 0 1 2 2 2 2 2 2 2 2 2 2 2 2 3 2 2 2 2 2 2 3 4 2 2 2 2 2 2 3 4 4 2 2 2 2 2 2 3 4 4 4 2 2 2 2 2 2 4 3 3 3 3 2 2 2 2 2 2 4 3 3 3 3 4 2 2 2 2 2 2 4 3 3 3 3 4 4
0 1 2 1 2 3 1 2 3 3 1 2 3 3 4 1 2 3 3 4 4 1 2 3 3 4 4 4 1 2 3 4 3 3 3 3 1 2 3 4 3 3 3 3 4 1 2 3 4 3 3 3 3 4 4 1 2 4 3 3 3 3 3 3 3 3 1 2 4 3 3 3 3 3 3 3 3 4 1 2 4 3 3 3 3 3 3 3 3 4 4
--- order 86400 (x2) ---
0 0 1 0 1 1 2 3 3 3 2 3 3 3 4 2 3 3 3 4 4 2 3 3 3 4 4 4 2 3 3 3 4 4 4 4 5 6 6 6 7 7 7 7 7 5 6 6 6 7 7 7 7 7 8 5 6 6 6 7 7 7 7 7 8 8 5 6 6 6 7 7 7 7 7 8 8 8 5 6 6 6 7 7 7 7 7 8 8 8 8
0 1 2 3 4 5 3 4 5 6 3 4 5 6 6 3 4 5 6 6 6 3 4 5 6 6 6 6 7 8 9 10 10 10 10 10 7 8 9 10 10 10 10 10 11 7 8 9 10 10 10 10 10 11 11 7 8 9 10 10 10 10 10 11 11 11 7 8 9 10 10 10 10 10 11 11 11 11 7 8 9 10 10 10 10 10 11 11 11 11 11
--- order 92160 (x3) ---
0 0 0 0 0 0 1 1 1 1 1 1 1 1 2 1 1 1 1 3 3 1 1 1 1 3 3 2 1 1 1 1 3 3 3 3 1 1 1 1 3 3 3 3 2 1 1 1 1 3 3 3 3 3 3 1 1 1 1 3 3 3 3 3 3 2 1 1 1 1 3 3 3 3 3 3 3 3 1 1 1 1 3 3 3 3 3 3 3 3 2
0 1 1 1 1 0 2 2 2 2 2 2 2 2 0 2 2 2 2 1 1 2 2 2 2 1 1 0 3 3 3 3 3 3 3 3 3 3 3 3 3 3 3 3 4 3 3 3 3 3 3 3 3 4 4 3 3 3 3 3 3 3 3 4 4 4 3 3 3 3 3 3 3 3 4 4 4 4 3 3 3 3 3 3 3 3 4 4 4 4 4
0 1 1 1 1 2 1 1 3 3 1 1 3 3 2 1 1 3 3 3 3 1 1 3 3 3 3 2 1 1 3 3 3 3 3 3 1 1 3 3 3 3 3 3 2 1 1 3 3 3 3 3 3 3 3 1 1 3 3 3 3 3 3 3 3 2 1 1 3 3 3 3 3 3 3 3 3 3 1 1 3 3 3 3 3 3 3 3 3 3 2
--- order 100800 (x1) ---
0 1 1 1 1 2 1 1 2 3 1 1 3 2 3 1 1 3 3 2 2 4 4 5 5 5 5 5 4 4 5 5 5 5 5 6 4 4 5 5 5 5 5 6 6 4 4 5 5 5 5 5 6 6 6 4 4 5 5 5 5 5 6 6 6 6 4 4 5 5 5 5 5 6 6 6 6 6 4 4 5 5 5 5 5 6 6 6 6 6 6
--- order 103680 (x2) ---
0 0 1 0 1 1 2 3 3 3 2 3 3 3 4 2 3 3 3 4 4 2 3 3 3 4 4 4 5 6 6 6 7 7 7 7 5 6 6 6 7 7 7 7 8 5 6 6 6 7 7 7 7 8 8 5 6 6 6 7 7 7 7 8 8 8 5 6 6 6 7 7 7 7 8 8 8 8 5 6 6 6 7 7 7 7 8 8 8 8 8
0 1 1 1 1 2 1 1 2 3 1 1 2 3 3 1 1 3 2 2 2 1 1 3 2 2 2 3 4 4 5 5 5 5 5 5 4 4 5 5 5 5 5 5 6 4 4 5 5 5 5 5 5 6 6 4 4 5 5 5 5 5 5 6 6 6 4 4 5 5 5 5 5 5 6 6 6 6 4 4 5 5 5 5 5 5 6 6 6 6 6
--- order 115200 (x4) ---
0 0 1 1 0 0 2 3 3 2 2 3 3 2 4 2 3 3 2 4 4 2 3 3 2 4 4 4 2 3 3 2 4 4 4 4 3 2 2 3 5 5 5 5 5 3 2 2 3 5 5 5 5 5 4 3 2 2 3 5 5 5 5 5 4 4 3 2 2 3 5 5 5 5 5 4 4 4 3 2 2 3 5 5 5 5 5 4 4 4 4
0 1 1 1 1 0 2 2 2 2 2 2 2 2 3 2 2 2 2 3 3 2 2 2 2 3 3 3 2 2 2 2 3 3 3 3 4 4 4 4 5 5 5 5 5 4 4 4 4 5 5 5 5 5 6 4 4 4 4 5 5 5 5 5 6 6 4 4 4 4 5 5 5 5 5 6 6 6 4 4 4 4 5 5 5 5 5 6 6 6 6
0 1 1 1 1 2 3 3 4 4 3 3 4 4 5 3 3 4 4 5 6 3 3 4 4 5 6 6 3 3 4 4 5 6 6 6 3 3 4 4 5 6 6 6 6 3 3 4 4 6 5 5 5 5 5 3 3 4 4 6 5 5 5 5 5 6 3 3 4 4 6 5 5 5 5 5 6 6 3 3 4 4 6 5 5 5 5 5 6 6 6
0 1 2 2 1 0 3 3 3 3 3 3 3 3 4 3 3 3 3 4 5 3 3 3 3 4 5 5 3 3 3 3 4 5 5 5 3 3 3 3 4 5 5 5 5 3 3 3 3 5 4 4 4 4 4 3 3 3 3 5 4 4 4 4 4 5 3 3 3 3 5 4 4 4 4 4 5 5 3 3 3 3 5 4 4 4 4 4 5 5 5
--- order 120960 (x4) ---
0 0 0 1 2 3 2 3 1 4 3 1 2 4 4 5 5 5 6 6 6 5 5 5 6 6 6 7 5 5 5 6 6 6 7 7 5 5 5 6 6 6 7 7 7 5 5 5 6 6 6 7 7 7 7 5 5 5 6 6 6 7 7 7 7 7 5 5 5 6 6 6 7 7 7 7 7 7 5 5 5 6 6 6 7 7 7 7 7 7 7
0 1 1 1 1 2 3 3 4 4 3 3 4 4 5 3 3 4 4 5 5 6 6 7 7 8 8 8 6 6 7 7 8 8 8 9 6 6 7 7 8 8 8 9 9 6 6 7 7 8 8 8 9 9 9 6 6 7 7 8 8 8 9 9 9 9 6 6 7 7 8 8 8 9 9 9 9 9 6 6 7 7 8 8 8 9 9 9 9 9 9
0 1 2 2 1 0 3 3 3 3 3 3 3 3 4 3 3 3 3 4 4 5 5 5 5 6 6 6 5 5 5 5 6 6 6 7 5 5 5 5 6 6 6 7 7 5 5 5 5 6 6 6 7 7 7 5 5 5 5 6 6 6 7 7 7 7 5 5 5 5 6 6 6 7 7 7 7 7 5 5 5 5 6 6 6 7 7 7 7 7 7
0 1 2 3 4 5 3 4 5 6 3 4 5 6 6 3 4 5 6 6 6 7 8 9 10 10 10 10 7 8 9 10 10 10 10 11 7 8 9 10 10 10 10 11 11 7 8 9 10 10 10 10 11 11 11 7 8 9 10 10 10 10 11 11 11 11 7 8 9 10 10 10 10 11 11 11 11 11 7 8 9 10 10 10 10 11 11 11 11 11 11
--- order 138240 (x2) ---
0 0 1 0 1 2 0 1 2 2 0 1 2 2 2 0 2 1 1 1 1 0 2 1 1 1 1 2 0 2 1 1 1 1 2 2 3 4 4 4 4 4 4 4 4 3 4 4 4 4 4 4 4 4 5 3 4 4 4 4 4 4 4 4 5 5 3 4 4 4 4 4 4 4 4 5 5 5 3 4 4 4 4 4 4 4 4 5 5 5 5
0 1 1 1 1 0 2 2 2 2 2 2 2 2 3 2 2 2 2 3 3 2 2 2 2 3 3 3 4 4 4 4 5 5 5 5 4 4 4 4 5 5 5 5 6 4 4 4 4 5 5 5 5 6 6 4 4 4 4 5 5 5 5 6 6 6 4 4 4 4 5 5 5 5 6 6 6 6 4 4 4 4 5 5 5 5 6 6 6 6 6
--- order 155520 (x1) ---
0 0 0 1 1 1 1 1 1 0 1 1 1 0 0 1 1 1 1 1 1 1 1 1 1 1 1 0 1 1 1 1 1 1 0 0 2 2 2 2 2 2 2 2 2 2 2 2 2 2 2 2 2 2 3 2 2 2 2 2 2 2 2 2 3 3 2 2 2 2 2 2 2 2 2 3 3 3 2 2 2 2 2 2 2 2 2 3 3 3 3
--- order 161280 (x4) ---
0 1 2 1 2 3 1 2 4 5 1 2 5 4 3 6 7 8 8 8 8 6 7 8 8 8 8 9 6 7 8 8 8 8 9 9 6 7 8 8 8 8 9 9 9 6 7 8 8 8 8 9 9 9 9 6 7 8 8 8 8 9 9 9 9 9 6 7 8 8 8 8 9 9 9 9 9 9 6 7 8 8 8 8 9 9 9 9 9 9 9
0 1 2 1 2 3 2 1 4 5 2 1 5 4 3 6 6 7 7 7 7 6 6 7 7 7 7 8 6 6 7 7 7 7 8 8 6 6 7 7 7 7 8 8 8 6 6 7 7 7 7 8 8 8 8 6 6 7 7 7 7 8 8 8 8 8 6 6 7 7 7 7 8 8 8 8 8 8 6 6 7 7 7 7 8 8 8 8 8 8 8
0 1 2 1 2 3 4 5 6 6 4 5 6 6 7 8 9 10 10 11 11 8 9 10 10 11 11 12 8 9 10 10 11 11 12 12 8 9 10 10 11 11 12 12 12 8 9 10 10 11 11 12 12 12 12 8 9 10 10 11 11 12 12 12 12 12 8 9 10 10 11 11 12 12 12 12 12 12 8 9 10 10 11 11 12 12 12 12 12 12 12
0 1 2 2 1 3 4 4 5 5 4 4 5 5 6 7 7 8 8 9 9 7 7 8 8 9 9 10 7 7 8 8 9 9 10 10 7 7 8 8 9 9 10 10 10 7 7 8 8 9 9 10 10 10 10 7 7 8 8 9 9 10 10 10 10 10 7 7 8 8 9 9 10 10 10 10 10 10 7 7 8 8 9 9 10 10 10 10 10 10 10
--- order 165888 (x1) ---
0 1 1 1 1 2 1 1 2 2 1 1 2 2 3 1 1 2 2 3 3 1 1 2 2 3 3 3 1 1 2 3 2 2 2 2 1 1 2 3 2 2 2 2 3 1 1 2 3 2 2 2 2 3 3 1 1 3 2 2 2 2 2 2 2 2 1 1 3 2 2 2 2 2 2 2 2 3 1 1 3 2 2 2 2 2 2 2 2 3 3
--- order 172800 (x2) ---
0 0 1 0 1 1 2 3 3 3 2 3 3 3 4 2 3 3 3 4 5 2 3 3 3 4 5 5 2 3 3 3 4 5 5 5 2 3 3 3 4 5 5 5 5 2 3 3 3 5 4 4 4 4 4 2 3 3 3 5 4 4 4 4 4 5 2 3 3 3 5 4 4 4 4 4 5 5 2 3 3 3 5 4 4 4 4 4 5 5 5
0 0 1 2 3 3 2 3 3 4 2 3 3 4 4 2 3 3 4 4 4 2 3 3 4 4 4 4 5 6 6 7 7 7 7 7 5 6 6 7 7 7 7 7 8 5 6 6 7 7 7 7 7 8 8 5 6 6 7 7 7 7 7 8 8 8 5 6 6 7 7 7 7 7 8 8 8 8 5 6 6 7 7 7 7 7 8 8 8 8 8
--- order 181440 (x1) ---
0 0 1 0 1 1 2 3 3 3 2 3 3 3 4 2 3 3 3 4 4 5 6 6 6 7 7 7 5 6 6 6 7 7 7 8 5 6 6 6 7 7 7 8 8 5 6 6 6 7 7 7 8 8 8 5 6 6 6 7 7 7 8 8 8 8 5 6 6 6 7 7 7 8 8 8 8 8 5 6 6 6 7 7 7 8 8 8 8 8 8
--- order 230400 (x1) ---
0 1 1 1 1 0 2 2 2 2 2 2 2 2 3 2 2 2 2 3 4 2 2 2 2 3 4 4 2 2 2 2 3 4 4 4 2 2 2 2 3 4 4 4 4 2 2 2 2 4 3 3 3 3 3 2 2 2 2 4 3 3 3 3 3 4 2 2 2 2 4 3 3 3 3 3 4 4 2 2 2 2 4 3 3 3 3 3 4 4 4
--- order 241920 (x6) ---
0 0 0 1 2 2 2 1 2 3 2 2 1 3 3 4 4 4 5 5 5 4 4 4 5 5 5 6 4 4 4 5 5 5 6 6 4 4 4 5 5 5 6 6 6 4 4 4 5 5 5 6 6 6 6 4 4 4 5 5 5 6 6 6 6 6 4 4 4 5 5 5 6 6 6 6 6 6 4 4 4 5 5 5 6 6 6 6 6 6 6
0 0 1 0 2 2 0 2 2 1 0 2 2 2 2 0 2 2 2 2 1 3 4 4 4 4 4 4 3 4 4 4 4 4 4 5 3 4 4 4 4 4 4 5 5 3 4 4 4 4 4 4 5 5 5 3 4 4 4 4 4 4 5 5 5 5 3 4 4 4 4 4 4 5 5 5 5 5 3 4 4 4 4 4 4 5 5 5 5 5 5
0 0 1 2 3 3 2 3 3 4 2 3 3 4 4 2 3 3 4 4 4 5 6 6 7 7 7 7 5 6 6 7 7 7 7 8 5 6 6 7 7 7 7 8 8 5 6 6 7 7 7 7 8 8 8 5 6 6 7 7 7 7 8 8 8 8 5 6 6 7 7 7 7 8 8 8 8 8 5 6 6 7 7 7 7 8 8 8 8 8 8
0 1 1 1 1 0 2 2 2 2 2 2 2 2 3 2 2 2 2 3 3 4 4 4 4 5 5 5 4 4 4 4 5 5 5 6 4 4 4 4 5 5 5 6 6 4 4 4 4 5 5 5 6 6 6 4 4 4 4 5 5 5 6 6 6 6 4 4 4 4 5 5 5 6 6 6 6 6 4 4 4 4 5 5 5 6 6 6 6 6 6
0 1 2 3 2 2 2 1 3 0 2 3 0 1 2 4 4 4 4 4 4 4 4 4 4 4 4 5 4 4 4 4 4 4 5 5 4 4 4 4 4 4 5 5 5 4 4 4 4 4 4 5 5 5 5 4 4 4 4 4 4 5 5 5 5 5 4 4 4 4 4 4 5 5 5 5 5 5 4 4 4 4 4 4 5 5 5 5 5 5 5
0 1 2 3 4 5 3 4 5 6 3 4 5 6 6 7 8 9 10 10 10 7 8 9 10 10 10 11 7 8 9 10 10 10 11 11 7 8 9 10 10 10 11 11 11 7 8 9 10 10 10 11 11 11 11 7 8 9 10 10 10 11 11 11 11 11 7 8 9 10 10 10 11 11 11 11 11 11 7 8 9 10 10 10 11 11 11 11 11 11 11
--- order 276480 (x1) ---
0 1 1 1 1 0 1 1 1 1 1 1 1 1 0 1 1 1 1 1 1 1 1 1 1 1 1 0 2 2 2 2 2 2 2 2 2 2 2 2 2 2 2 2 3 2 2 2 2 2 2 2 2 3 3 2 2 2 2 2 2 2 2 3 3 3 2 2 2 2 2 2 2 2 3 3 3 3 2 2 2 2 2 2 2 2 3 3 3 3 3
--- order 322560 (x4) ---
0 1 1 1 1 2 1 1 3 4 1 1 4 3 2 5 5 6 6 6 6 5 5 6 6 6 6 7 5 5 6 6 6 6 7 7 5 5 6 6 6 6 7 7 7 5 5 6 6 6 6 7 7 7 7 5 5 6 6 6 6 7 7 7 7 7 5 5 6 6 6 6 7 7 7 7 7 7 5 5 6 6 6 6 7 7 7 7 7 7 7
0 1 1 1 1 2 3 3 4 4 3 3 4 4 5 6 6 7 7 8 8 6 6 7 7 8 8 9 6 6 7 7 8 8 9 9 6 6 7 7 8 8 9 9 9 6 6 7 7 8 8 9 9 9 9 6 6 7 7 8 8 9 9 9 9 9 6 6 7 7 8 8 9 9 9 9 9 9 6 6 7 7 8 8 9 9 9 9 9 9 9
0 1 2 1 2 3 1 2 4 4 1 2 4 4 3 5 6 7 7 7 7 5 6 7 7 7 7 8 5 6 7 7 7 7 8 8 5 6 7 7 7 7 8 8 8 5 6 7 7 7 7 8 8 8 8 5 6 7 7 7 7 8 8 8 8 8 5 6 7 7 7 7 8 8 8 8 8 8 5 6 7 7 7 7 8 8 8 8 8 8 8
0 1 2 1 2 3 2 1 4 4 2 1 4 4 3 5 5 6 6 6 6 5 5 6 6 6 6 7 5 5 6 6 6 6 7 7 5 5 6 6 6 6 7 7 7 5 5 6 6 6 6 7 7 7 7 5 5 6 6 6 6 7 7 7 7 7 5 5 6 6 6 6 7 7 7 7 7 7 5 5 6 6 6 6 7 7 7 7 7 7 7
--- order 345600 (x1) ---
0 0 0 0 0 0 1 1 1 1 1 1 1 1 2 1 1 1 1 2 2 1 1 1 1 2 2 2 1 1 1 1 2 2 2 2 3 3 3 3 4 4 4 4 4 3 3 3 3 4 4 4 4 4 5 3 3 3 3 4 4 4 4 4 5 5 3 3 3 3 4 4 4 4 4 5 5 5 3 3 3 3 4 4 4 4 4 5 5 5 5
--- order 362880 (x2) ---
0 0 1 0 1 2 0 1 2 2 0 2 1 1 1 0 2 1 1 1 2 3 4 4 4 4 4 4 3 4 4 4 4 4 4 5 3 4 4 4 4 4 4 5 5 3 4 4 4 4 4 4 5 5 5 3 4 4 4 4 4 4 5 5 5 5 3 4 4 4 4 4 4 5 5 5 5 5 3 4 4 4 4 4 4 5 5 5 5 5 5
0 1 2 3 4 5 6 7 8 9 10 11 12 13 14 10 11 12 13 14 15 10 11 12 13 14 15 15 10 11 12 13 14 15 15 15 10 11 12 13 14 15 15 15 15 10 11 12 13 14 15 15 15 15 15 10 11 12 13 14 15 15 15 15 15 15 10 11 12 13 14 15 15 15 15 15 15 15 10 11 12 13 14 15 15 15 15 15 15 15 15
--- order 403200 (x1) ---
0 0 1 0 1 2 0 2 1 2 0 2 2 1 1 3 4 4 4 4 4 3 4 4 4 4 4 5 3 4 4 4 4 4 5 5 3 4 4 4 4 4 5 5 5 3 4 4 4 4 4 5 5 5 5 3 4 4 4 4 4 5 5 5 5 5 3 4 4 4 4 4 5 5 5 5 5 5 3 4 4 4 4 4 5 5 5 5 5 5 5
--- order 414720 (x1) ---
0 0 0 0 0 0 1 1 1 1 1 1 1 1 2 1 1 1 1 2 2 1 1 1 1 2 2 2 3 3 3 3 4 4 4 4 3 3 3 3 4 4 4 4 5 3 3 3 3 4 4 4 4 5 5 3 3 3 3 4 4 4 4 5 5 5 3 3 3 3 4 4 4 4 5 5 5 5 3 3 3 3 4 4 4 4 5 5 5 5 5
--- order 483840 (x2) ---
0 0 1 2 3 3 2 3 3 4 2 3 3 4 4 5 6 6 7 7 7 5 6 6 7 7 7 8 5 6 6 7 7 7 8 8 5 6 6 7 7 7 8 8 8 5 6 6 7 7 7 8 8 8 8 5 6 6 7 7 7 8 8 8 8 8 5 6 6 7 7 7 8 8 8 8 8 8 5 6 6 7 7 7 8 8 8 8 8 8 8
0 1 2 1 2 2 2 1 0 1 2 1 1 0 2 3 3 3 3 3 3 3 3 3 3 3 3 4 3 3 3 3 3 3 4 4 3 3 3 3 3 3 4 4 4 3 3 3 3 3 3 4 4 4 4 3 3 3 3 3 3 4 4 4 4 4 3 3 3 3 3 3 4 4 4 4 4 4 3 3 3 3 3 3 4 4 4 4 4 4 4
--- order 518400 (x2) ---
0 0 0 1 1 1 1 1 1 2 1 1 1 2 2 1 1 1 2 2 2 1 1 1 2 2 2 2 3 3 3 4 4 4 4 4 3 3 3 4 4 4 4 4 5 3 3 3 4 4 4 4 4 5 5 3 3 3 4 4 4 4 4 5 5 5 3 3 3 4 4 4 4 4 5 5 5 5 3 3 3 4 4 4 4 4 5 5 5 5 5
0 1 2 1 2 3 1 2 3 3 1 2 3 3 3 1 2 3 3 3 3 1 2 3 3 3 3 3 4 5 6 6 6 6 6 6 4 5 6 6 6 6 6 6 7 4 5 6 6 6 6 6 6 7 7 4 5 6 6 6 6 6 6 7 7 7 4 5 6 6 6 6 6 6 7 7 7 7 4 5 6 6 6 6 6 6 7 7 7 7 7
--- order 604800 (x1) ---
0 1 2 1 2 3 1 2 3 3 1 2 3 3 3 1 2 3 3 3 3 4 5 6 6 6 6 6 4 5 6 6 6 6 6 7 4 5 6 6 6 6 6 7 7 4 5 6 6 6 6 6 7 7 7 4 5 6 6 6 6 6 7 7 7 7 4 5 6 6 6 6 6 7 7 7 7 7 4 5 6 6 6 6 6 7 7 7 7 7 7
--- order 645120 (x2) ---
0 1 1 1 1 0 1 1 1 1 1 1 1 1 0 1 1 1 1 1 1 1 1 1 1 1 1 0 1 1 1 1 1 1 1 1 1 1 1 1 1 1 1 1 0 1 1 1 1 1 1 1 1 1 1 1 1 1 1 1 1 1 1 1 1 0 1 1 1 1 1 1 1 1 1 1 1 1 1 1 1 1 1 1 1 1 1 1 1 1 0
0 1 1 1 1 2 1 1 3 3 1 1 3 3 2 4 4 5 5 5 5 4 4 5 5 5 5 6 4 4 5 5 5 5 6 6 4 4 5 5 5 5 6 6 6 4 4 5 5 5 5 6 6 6 6 4 4 5 5 5 5 6 6 6 6 6 4 4 5 5 5 5 6 6 6 6 6 6 4 4 5 5 5 5 6 6 6 6 6 6 6
--- order 691200 (x1) ---
0 0 0 0 0 0 1 1 1 1 1 1 1 1 2 1 1 1 1 2 3 1 1 1 1 2 3 3 1 1 1 1 2 3 3 3 1 1 1 1 2 3 3 3 3 1 1 1 1 3 2 2 2 2 2 1 1 1 1 3 2 2 2 2 2 3 1 1 1 1 3 2 2 2 2 2 3 3 1 1 1 1 3 2 2 2 2 2 3 3 3
--- order 725760 (x3) ---
0 0 0 1 1 1 1 1 1 2 1 1 1 2 2 1 1 1 2 2 2 3 3 3 4 4 4 4 3 3 3 4 4 4 4 5 3 3 3 4 4 4 4 5 5 3 3 3 4 4 4 4 5 5 5 3 3 3 4 4 4 4 5 5 5 5 3 3 3 4 4 4 4 5 5 5 5 5 3 3 3 4 4 4 4 5 5 5 5 5 5
0 0 1 2 3 4 2 4 3 5 6 7 7 8 8 6 7 7 8 8 9 6 7 7 8 8 9 9 6 7 7 8 8 9 9 9 6 7 7 8 8 9 9 9 9 6 7 7 8 8 9 9 9 9 9 6 7 7 8 8 9 9 9 9 9 9 6 7 7 8 8 9 9 9 9 9 9 9 6 7 7 8 8 9 9 9 9 9 9 9 9
0 1 2 3 4 5 3 4 5 6 7 8 9 10 10 7 8 9 10 10 11 7 8 9 10 10 11 11 7 8 9 10 10 11 11 11 7 8 9 10 10 11 11 11 11 7 8 9 10 10 11 11 11 11 11 7 8 9 10 10 11 11 11 11 11 11 7 8 9 10 10 11 11 11 11 11 11 11 7 8 9 10 10 11 11 11 11 11 11 11 11
--- order 829440 (x1) ---
0 0 1 0 1 1 0 1 1 1 1 0 0 0 0 1 0 0 0 0 1 1 0 0 0 0 1 1 2 2 2 2 2 2 2 2 2 2 2 2 2 2 2 2 3 2 2 2 2 2 2 2 2 3 3 2 2 2 2 2 2 2 2 3 3 3 2 2 2 2 2 2 2 2 3 3 3 3 2 2 2 2 2 2 2 2 3 3 3 3 3
--- order 967680 (x1) ---
0 1 2 1 2 3 1 2 3 3 1 2 3 3 3 4 5 6 6 6 6 4 5 6 6 6 6 7 4 5 6 6 6 6 7 7 4 5 6 6 6 6 7 7 7 4 5 6 6 6 6 7 7 7 7 4 5 6 6 6 6 7 7 7 7 7 4 5 6 6 6 6 7 7 7 7 7 7 4 5 6 6 6 6 7 7 7 7 7 7 7
--- order 1036800 (x3) ---
0 1 1 1 1 2 1 1 2 2 1 1 2 2 2 1 1 2 2 2 2 1 1 2 2 2 2 2 3 3 4 4 4 4 4 4 3 3 4 4 4 4 4 4 5 3 3 4 4 4 4 4 4 5 5 3 3 4 4 4 4 4 4 5 5 5 3 3 4 4 4 4 4 4 5 5 5 5 3 3 4 4 4 4 4 4 5 5 5 5 5
0 1 2 1 2 3 1 2 3 3 1 2 3 3 3 1 2 3 3 3 3 1 2 3 3 3 3 3 2 1 4 4 4 4 4 4 2 1 4 4 4 4 4 4 3 2 1 4 4 4 4 4 4 3 3 2 1 4 4 4 4 4 4 3 3 3 2 1 4 4 4 4 4 4 3 3 3 3 2 1 4 4 4 4 4 4 3 3 3 3 3
0 1 2 1 2 3 1 2 3 4 1 2 3 4 4 1 2 3 4 4 4 1 2 3 4 4 4 4 1 2 3 4 4 4 4 4 1 2 4 3 3 3 3 3 3 1 2 4 3 3 3 3 3 3 4 1 2 4 3 3 3 3 3 3 4 4 1 2 4 3 3 3 3 3 3 4 4 4 1 2 4 3 3 3 3 3 3 4 4 4 4
--- order 1209600 (x1) ---
0 1 1 1 1 2 1 1 2 2 1 1 2 2 2 1 1 2 2 2 2 3 3 4 4 4 4 4 3 3 4 4 4 4 4 5 3 3 4 4 4 4 4 5 5 3 3 4 4 4 4 4 5 5 5 3 3 4 4 4 4 4 5 5 5 5 3 3 4 4 4 4 4 5 5 5 5 5 3 3 4 4 4 4 4 5 5 5 5 5 5
--- order 1451520 (x3) ---
0 0 0 1 1 1 1 1 1 2 1 1 1 2 2 3 3 3 4 4 4 3 3 3 4 4 4 5 3 3 3 4 4 4 5 5 3 3 3 4 4 4 5 5 5 3 3 3 4 4 4 5 5 5 5 3 3 3 4 4 4 5 5 5 5 5 3 3 3 4 4 4 5 5 5 5 5 5 3 3 3 4 4 4 5 5 5 5 5 5 5
0 0 1 0 2 3 0 3 2 1 4 5 5 5 5 4 5 5 5 5 6 4 5 5 5 5 6 6 4 5 5 5 5 6 6 6 4 5 5 5 5 6 6 6 6 4 5 5 5 5 6 6 6 6 6 4 5 5 5 5 6 6 6 6 6 6 4 5 5 5 5 6 6 6 6 6 6 6 4 5 5 5 5 6 6 6 6 6 6 6 6
0 0 1 2 3 3 2 3 3 4 5 6 6 7 7 5 6 6 7 7 8 5 6 6 7 7 8 8 5 6 6 7 7 8 8 8 5 6 6 7 7 8 8 8 8 5 6 6 7 7 8 8 8 8 8 5 6 6 7 7 8 8 8 8 8 8 5 6 6 7 7 8 8 8 8 8 8 8 5 6 6 7 7 8 8 8 8 8 8 8 8
--- order 1935360 (x2) ---
0 1 1 1 1 0 1 1 1 1 1 1 1 1 0 2 2 2 2 2 2 2 2 2 2 2 2 3 2 2 2 2 2 2 3 3 2 2 2 2 2 2 3 3 3 2 2 2 2 2 2 3 3 3 3 2 2 2 2 2 2 3 3 3 3 3 2 2 2 2 2 2 3 3 3 3 3 3 2 2 2 2 2 2 3 3 3 3 3 3 3
0 1 1 1 1 2 1 1 2 2 1 1 2 2 2 3 3 4 4 4 4 3 3 4 4 4 4 5 3 3 4 4 4 4 5 5 3 3 4 4 4 4 5 5 5 3 3 4 4 4 4 5 5 5 5 3 3 4 4 4 4 5 5 5 5 5 3 3 4 4 4 4 5 5 5 5 5 5 3 3 4 4 4 4 5 5 5 5 5 5 5
--- order 2073600 (x1) ---
0 1 1 1 1 2 1 1 2 3 1 1 2 3 3 1 1 2 3 3 3 1 1 2 3 3 3 3 1 1 2 3 3 3 3 3 1 1 3 2 2 2 2 2 2 1 1 3 2 2 2 2 2 2 3 1 1 3 2 2 2 2 2 2 3 3 1 1 3 2 2 2 2 2 2 3 3 3 1 1 3 2 2 2 2 2 2 3 3 3 3
--- order 2177280 (x1) ---
0 1 2 1 2 3 1 2 3 3 4 5 6 6 6 4 5 6 6 6 7 4 5 6 6 6 7 7 4 5 6 6 6 7 7 7 4 5 6 6 6 7 7 7 7 4 5 6 6 6 7 7 7 7 7 4 5 6 6 6 7 7 7 7 7 7 4 5 6 6 6 7 7 7 7 7 7 7 4 5 6 6 6 7 7 7 7 7 7 7 7
--- order 2903040 (x2) ---
0 0 1 0 1 1 1 0 0 0 1 0 0 0 1 2 2 2 2 2 2 2 2 2 2 2 2 3 2 2 2 2 2 2 3 3 2 2 2 2 2 2 3 3 3 2 2 2 2 2 2 3 3 3 3 2 2 2 2 2 2 3 3 3 3 3 2 2 2 2 2 2 3 3 3 3 3 3 2 2 2 2 2 2 3 3 3 3 3 3 3
0 0 1 0 2 2 0 2 2 1 3 4 4 4 4 3 4 4 4 4 5 3 4 4 4 4 5 5 3 4 4 4 4 5 5 5 3 4 4 4 4 5 5 5 5 3 4 4 4 4 5 5 5 5 5 3 4 4 4 4 5 5 5 5 5 5 3 4 4 4 4 5 5 5 5 5 5 5 3 4 4 4 4 5 5 5 5 5 5 5 5
--- order 3628800 (x3) ---
0 0 1 0 1 1 0 1 1 1 0 1 1 1 1 0 1 1 1 1 1 2 3 3 3 3 3 3 2 3 3 3 3 3 3 4 2 3 3 3 3 3 3 4 4 2 3 3 3 3 3 3 4 4 4 2 3 3 3 3 3 3 4 4 4 4 2 3 3 3 3 3 3 4 4 4 4 4 2 3 3 3 3 3 3 4 4 4 4 4 4
0 0 1 1 0 1 1 1 0 0 2 2 2 2 2 2 2 2 2 2 3 2 2 2 2 2 3 3 2 2 2 2 2 3 3 3 2 2 2 2 2 3 3 3 3 2 2 2 2 2 3 3 3 3 3 2 2 2 2 2 3 3 3 3 3 3 2 2 2 2 2 3 3 3 3 3 3 3 2 2 2 2 2 3 3 3 3 3 3 3 3
0 1 2 3 4 5 6 7 8 9 6 7 8 9 10 6 7 8 9 10 10 6 7 8 9 10 10 10 6 7 8 9 10 10 10 10 6 7 8 9 10 10 10 10 10 6 7 8 9 10 10 10 10 10 10 6 7 8 9 10 10 10 10 10 10 10 6 7 8 9 10 10 10 10 10 10 10 10 6 7 8 9 10 10 10 10 10 10 10 10 10
--- order 4354560 (x1) ---
0 1 1 1 1 2 1 1 2 2 3 3 4 4 4 3 3 4 4 4 5 3 3 4 4 4 5 5 3 3 4 4 4 5 5 5 3 3 4 4 4 5 5 5 5 3 3 4 4 4 5 5 5 5 5 3 3 4 4 4 5 5 5 5 5 5 3 3 4 4 4 5 5 5 5 5 5 5 3 3 4 4 4 5 5 5 5 5 5 5 5
--- order 4838400 (x1) ---
0 0 1 0 1 1 0 1 1 1 0 1 1 1 1 2 3 3 3 3 3 2 3 3 3 3 3 4 2 3 3 3 3 3 4 4 2 3 3 3 3 3 4 4 4 2 3 3 3 3 3 4 4 4 4 2 3 3 3 3 3 4 4 4 4 4 2 3 3 3 3 3 4 4 4 4 4 4 2 3 3 3 3 3 4 4 4 4 4 4 4
--- order 7257600 (x2) ---
0 1 2 1 2 3 4 5 6 6 4 5 6 6 7 4 5 6 6 7 7 4 5 6 6 7 7 7 4 5 6 6 7 7 7 7 4 5 6 6 7 7 7 7 7 4 5 6 6 7 7 7 7 7 7 4 5 6 6 7 7 7 7 7 7 7 4 5 6 6 7 7 7 7 7 7 7 7 4 5 6 6 7 7 7 7 7 7 7 7 7
0 1 2 2 1 3 4 4 5 5 4 4 5 5 6 4 4 5 5 6 6 4 4 5 5 6 6 6 4 4 5 5 6 6 6 6 4 4 5 5 6 6 6 6 6 4 4 5 5 6 6 6 6 6 6 4 4 5 5 6 6 6 6 6 6 6 4 4 5 5 6 6 6 6 6 6 6 6 4 4 5 5 6 6 6 6 6 6 6 6 6
--- order 8709120 (x1) ---
0 0 1 0 1 1 0 1 1 1 2 3 3 3 3 2 3 3 3 3 4 2 3 3 3 3 4 4 2 3 3 3 3 4 4 4 2 3 3 3 3 4 4 4 4 2 3 3 3 3 4 4 4 4 4 2 3 3 3 3 4 4 4 4 4 4 2 3 3 3 3 4 4 4 4 4 4 4 2 3 3 3 3 4 4 4 4 4 4 4 4
--- order 14515200 (x2) ---
0 1 1 1 1 2 3 3 4 4 3 3 4 4 5 3 3 4 4 5 5 3 3 4 4 5 5 5 3 3 4 4 5 5 5 5 3 3 4 4 5 5 5 5 5 3 3 4 4 5 5 5 5 5 5 3 3 4 4 5 5 5 5 5 5 5 3 3 4 4 5 5 5 5 5 5 5 5 3 3 4 4 5 5 5 5 5 5 5 5 5
0 1 2 2 1 0 3 3 3 3 3 3 3 3 4 3 3 3 3 4 4 3 3 3 3 4 4 4 3 3 3 3 4 4 4 4 3 3 3 3 4 4 4 4 4 3 3 3 3 4 4 4 4 4 4 3 3 3 3 4 4 4 4 4 4 4 3 3 3 3 4 4 4 4 4 4 4 4 3 3 3 3 4 4 4 4 4 4 4 4 4
--- order 21772800 (x1) ---
0 0 1 0 1 1 2 3 3 3 2 3 3 3 4 2 3 3 3 4 4 2 3 3 3 4 4 4 2 3 3 3 4 4 4 4 2 3 3 3 4 4 4 4 4 2 3 3 3 4 4 4 4 4 4 2 3 3 3 4 4 4 4 4 4 4 2 3 3 3 4 4 4 4 4 4 4 4 2 3 3 3 4 4 4 4 4 4 4 4 4
--- order 25401600 (x1) ---
0 0 0 0 0 0 0 0 0 0 0 0 0 0 0 0 0 0 0 0 0 1 1 1 1 1 1 1 1 1 1 1 1 1 1 2 1 1 1 1 1 1 1 2 2 1 1 1 1 1 1 1 2 2 2 1 1 1 1 1 1 1 2 2 2 2 1 1 1 1 1 1 1 2 2 2 2 2 1 1 1 1 1 1 1 2 2 2 2 2 2
--- order 29030400 (x2) ---
0 0 0 0 0 0 0 0 0 0 0 0 0 0 0 1 1 1 1 1 1 1 1 1 1 1 1 2 1 1 1 1 1 1 2 2 1 1 1 1 1 1 2 2 2 1 1 1 1 1 1 2 2 2 2 1 1 1 1 1 1 2 2 2 2 2 1 1 1 1 1 1 2 2 2 2 2 2 1 1 1 1 1 1 2 2 2 2 2 2 2
0 1 1 1 1 0 2 2 2 2 2 2 2 2 3 2 2 2 2 3 3 2 2 2 2 3 3 3 2 2 2 2 3 3 3 3 2 2 2 2 3 3 3 3 3 2 2 2 2 3 3 3 3 3 3 2 2 2 2 3 3 3 3 3 3 3 2 2 2 2 3 3 3 3 3 3 3 3 2 2 2 2 3 3 3 3 3 3 3 3 3
--- order 39916800 (x1) ---
0 1 2 3 4 5 3 4 5 6 3 4 5 6 6 3 4 5 6 6 6 3 4 5 6 6 6 6 3 4 5 6 6 6 6 6 3 4 5 6 6 6 6 6 6 3 4 5 6 6 6 6 6 6 6 3 4 5 6 6 6 6 6 6 6 6 3 4 5 6 6 6 6 6 6 6 6 6 3 4 5 6 6 6 6 6 6 6 6 6 6
--- order 43545600 (x1) ---
0 0 0 0 0 0 0 0 0 0 1 1 1 1 1 1 1 1 1 1 2 1 1 1 1 1 2 2 1 1 1 1 1 2 2 2 1 1 1 1 1 2 2 2 2 1 1 1 1 1 2 2 2 2 2 1 1 1 1 1 2 2 2 2 2 2 1 1 1 1 1 2 2 2 2 2 2 2 1 1 1 1 1 2 2 2 2 2 2 2 2
--- order 50803200 (x1) ---
0 0 1 0 1 1 0 1 1 1 0 1 1 1 1 0 1 1 1 1 1 0 1 1 1 1 1 1 1 0 0 0 0 0 0 0 1 0 0 0 0 0 0 0 1 1 0 0 0 0 0 0 0 1 1 1 0 0 0 0 0 0 0 1 1 1 1 0 0 0 0 0 0 0 1 1 1 1 1 0 0 0 0 0 0 0 1 1 1 1 1
--- order 79833600 (x1) ---
0 0 1 2 3 3 2 3 3 4 2 3 3 4 4 2 3 3 4 4 4 2 3 3 4 4 4 4 2 3 3 4 4 4 4 4 2 3 3 4 4 4 4 4 4 2 3 3 4 4 4 4 4 4 4 2 3 3 4 4 4 4 4 4 4 4 2 3 3 4 4 4 4 4 4 4 4 4 2 3 3 4 4 4 4 4 4 4 4 4 4
--- order 87091200 (x1) ---
0 0 0 0 0 0 1 1 1 1 1 1 1 1 2 1 1 1 1 2 2 1 1 1 1 2 2 2 1 1 1 1 2 2 2 2 1 1 1 1 2 2 2 2 2 1 1 1 1 2 2 2 2 2 2 1 1 1 1 2 2 2 2 2 2 2 1 1 1 1 2 2 2 2 2 2 2 2 1 1 1 1 2 2 2 2 2 2 2 2 2
--- order 239500800 (x1) ---
0 0 0 1 1 1 1 1 1 2 1 1 1 2 2 1 1 1 2 2 2 1 1 1 2 2 2 2 1 1 1 2 2 2 2 2 1 1 1 2 2 2 2 2 2 1 1 1 2 2 2 2 2 2 2 1 1 1 2 2 2 2 2 2 2 2 1 1 1 2 2 2 2 2 2 2 2 2 1 1 1 2 2 2 2 2 2 2 2 2 2
--- order 479001600 (x1) ---
0 1 2 1 2 3 1 2 3 3 1 2 3 3 3 1 2 3 3 3 3 1 2 3 3 3 3 3 1 2 3 3 3 3 3 3 1 2 3 3 3 3 3 3 3 1 2 3 3 3 3 3 3 3 3 1 2 3 3 3 3 3 3 3 3 3 1 2 3 3 3 3 3 3 3 3 3 3 1 2 3 3 3 3 3 3 3 3 3 3 3
--- order 958003200 (x1) ---
0 1 1 1 1 2 1 1 2 2 1 1 2 2 2 1 1 2 2 2 2 1 1 2 2 2 2 2 1 1 2 2 2 2 2 2 1 1 2 2 2 2 2 2 2 1 1 2 2 2 2 2 2 2 2 1 1 2 2 2 2 2 2 2 2 2 1 1 2 2 2 2 2 2 2 2 2 2 1 1 2 2 2 2 2 2 2 2 2 2 2
--- order 6227020800 (x1) ---
0 0 1 0 1 1 0 1 1 1 0 1 1 1 1 0 1 1 1 1 1 0 1 1 1 1 1 1 0 1 1 1 1 1 1 1 0 1 1 1 1 1 1 1 1 0 1 1 1 1 1 1 1 1 1 0 1 1 1 1 1 1 1 1 1 1 0 1 1 1 1 1 1 1 1 1 1 1 0 1 1 1 1 1 1 1 1 1 1 1 1
--- order 87178291200 (x1) ---
0 0 0 0 0 0 0 0 0 0 0 0 0 0 0 0 0 0 0 0 0 0 0 0 0 0 0 0 0 0 0 0 0 0 0 0 0 0 0 0 0 0 0 0 0 0 0 0 0 0 0 0 0 0 0 0 0 0 0 0 0 0 0 0 0 0 0 0 0 0 0 0 0 0 0 0 0 0 0 0 0 0 0 0 0 0 0 0 0 0 0
