# catalog_taxonomy.tsv - machine taxonomy of all closed symmetry groups, N = 3..14
# (6112 entries: 3+8+11+27+36+90+131+282+394+948+1316+2866). Produced by code/classify_catalog.cpp
# (N=14 rows from the orbit-partition decomposition catalogue materials/14Spins.txt,
#  which uses the IR canonical representative; see code/catalog_format.cpp).
#
# id      = N/o<order>.<index>; <index> is the 1-based line position inside the
#           "--- order K ---" section of the anchor catalogue file:
#             N = 8        -> materials/8Spins.txt
#             N = 11..13   -> materials/11Spins.txt, 12Spins.txt, 13Spins.txt
#             other N      -> materials/<N>Spins_generated.txt
#           NOTE: regenerating a catalogue may permute lines inside a section
#           (parallel enumeration), so the committed files are the ID anchors.
# order   = |Aut| (recomputed independently; matches every section header)
# twins   = magnetic composite sizes n_g (identical rows off the mutual edge)
# gq      = |Gamma_q| = |Aut| / prod(n_g!)  (residual factor group order)
# orbits  = vertex orbit sizes under the full Aut
# fixedpt = y: has a fixed vertex (entry inherited from level N-1 by the tower
#           theorem); n: fixed-point-free (essentially new at this N).
#           Counts of 'n' per N reproduce f(N): 1,5,3,16,9,54,41,151,112,554,368,1550.
# cyclic  = y iff an element of order |Aut| exists
# maxelt  = maximal element order in Aut
# abelian, ambivalent = y/n, computed when |Aut| <= 2000, else '-'
#           (ambivalent: every element conjugate to its inverse <=> all
#            characters real <=> X-approximation blocks combine pairwise)
id	order	twins	gq	orbits	fixedpt	cyclic	maxelt	abelian	ambivalent
3/o1.1	1	1,1,1	1	1+1+1	y	y	1	y	y
3/o2.1	2	2,1	1	2+1	y	y	2	y	y
3/o6.1	6	3	1	3	n	n	3	n	y
4/o1.1	1	1,1,1,1	1	1+1+1+1	y	y	1	y	y
4/o2.1	2	1,1,1,1	2	2+2	n	y	2	y	y
4/o2.2	2	2,1,1	1	2+1+1	y	y	2	y	y
4/o4.1	4	1,1,1,1	4	4	n	n	2	y	y
4/o4.2	4	2,2	1	2+2	n	n	2	y	y
4/o6.1	6	3,1	1	3+1	y	n	3	n	y
4/o8.1	8	2,2	2	4	n	n	4	n	y
4/o24.1	24	4	1	4	n	n	4	n	y
5/o1.1	1	1,1,1,1,1	1	1+1+1+1+1	y	y	1	y	y
5/o2.1	2	2,1,1,1	1	2+1+1+1	y	y	2	y	y
5/o2.2	2	1,1,1,1,1	2	2+2+1	y	y	2	y	y
5/o4.1	4	1,1,1,1,1	4	4+1	y	n	2	y	y
5/o4.2	4	2,2,1	1	2+2+1	y	n	2	y	y
5/o6.1	6	3,1,1	1	3+1+1	y	n	3	n	y
5/o8.1	8	2,2,1	2	4+1	y	n	4	n	y
5/o10.1	10	1,1,1,1,1	10	5	n	n	5	n	y
5/o12.1	12	3,2	1	3+2	n	n	6	n	y
5/o24.1	24	4,1	1	4+1	y	n	4	n	y
5/o120.1	120	5	1	5	n	n	6	n	y
6/o1.1	1	1,1,1,1,1,1	1	1+1+1+1+1+1	y	y	1	y	y
6/o2.1	2	2,1,1,1,1	1	2+1+1+1+1	y	y	2	y	y
6/o2.2	2	1,1,1,1,1,1	2	2+2+2	n	y	2	y	y
6/o2.3	2	1,1,1,1,1,1	2	2+2+1+1	y	y	2	y	y
6/o3.1	3	1,1,1,1,1,1	3	3+3	n	y	3	y	n
6/o4.1	4	1,1,1,1,1,1	4	4+1+1	y	n	2	y	y
6/o4.2	4	2,1,1,1,1	2	2+2+2	n	n	2	y	y
6/o4.3	4	2,2,1,1	1	2+2+1+1	y	n	2	y	y
6/o4.4	4	1,1,1,1,1,1	4	4+2	n	n	2	y	y
6/o6.1	6	1,1,1,1,1,1	6	3+3	n	n	3	n	y
6/o6.2	6	3,1,1,1	1	3+1+1+1	y	n	3	n	y
6/o6.3	6	1,1,1,1,1,1	6	6	n	n	3	n	y
6/o8.1	8	2,1,1,1,1	4	4+2	n	n	2	y	y
6/o8.2	8	2,2,2	1	2+2+2	n	n	2	y	y
6/o8.3	8	2,2,1,1	2	4+2	n	n	4	n	y
6/o8.4	8	2,2,1,1	2	4+1+1	y	n	4	n	y
6/o10.1	10	1,1,1,1,1,1	10	5+1	y	n	5	n	y
6/o12.1	12	3,2,1	1	3+2+1	y	n	6	n	y
6/o12.2	12	1,1,1,1,1,1	12	6	n	n	6	n	y
6/o16.1	16	2,2,2	2	4+2	n	n	4	n	y
6/o24.1	24	4,1,1	1	4+1+1	y	n	4	n	y
6/o36.1	36	3,3	1	3+3	n	n	6	n	y
6/o48.1	48	4,2	1	4+2	n	n	6	n	y
6/o48.2	48	2,2,2	6	6	n	n	6	n	y
6/o72.1	72	3,3	2	6	n	n	6	n	y
6/o120.1	120	5,1	1	5+1	y	n	6	n	y
6/o720.1	720	6	1	6	n	n	6	n	y
7/o1.1	1	1,1,1,1,1,1,1	1	1+1+1+1+1+1+1	y	y	1	y	y
7/o2.1	2	1,1,1,1,1,1,1	2	2+2+2+1	y	y	2	y	y
7/o2.2	2	1,1,1,1,1,1,1	2	2+2+1+1+1	y	y	2	y	y
7/o2.3	2	2,1,1,1,1,1	1	2+1+1+1+1+1	y	y	2	y	y
7/o3.1	3	1,1,1,1,1,1,1	3	3+3+1	y	y	3	y	n
7/o4.1	4	2,1,1,1,1,1	2	2+2+2+1	y	n	2	y	y
7/o4.2	4	1,1,1,1,1,1,1	4	4+2+1	y	n	2	y	y
7/o4.3	4	1,1,1,1,1,1,1	4	4+1+1+1	y	n	2	y	y
7/o4.4	4	2,2,1,1,1	1	2+2+1+1+1	y	n	2	y	y
7/o6.1	6	3,1,1,1,1	1	3+1+1+1+1	y	n	3	n	y
7/o6.2	6	1,1,1,1,1,1,1	6	3+3+1	y	n	3	n	y
7/o6.3	6	1,1,1,1,1,1,1	6	6+1	y	n	3	n	y
7/o8.1	8	2,1,1,1,1,1	4	4+2+1	y	n	2	y	y
7/o8.2	8	2,2,2,1	1	2+2+2+1	y	n	2	y	y
7/o8.3	8	2,2,1,1,1	2	4+1+1+1	y	n	4	n	y
7/o8.4	8	2,2,1,1,1	2	4+2+1	y	n	4	n	y
7/o10.1	10	1,1,1,1,1,1,1	10	5+1+1	y	n	5	n	y
7/o12.1	12	3,1,1,1,1	2	3+2+2	n	n	6	n	y
7/o12.2	12	3,2,1,1	1	3+2+1+1	y	n	6	n	y
7/o12.3	12	1,1,1,1,1,1,1	12	6+1	y	n	6	n	y
7/o14.1	14	1,1,1,1,1,1,1	14	7	n	n	7	n	y
7/o16.1	16	2,2,2,1	2	4+2+1	y	n	4	n	y
7/o20.1	20	2,1,1,1,1,1	10	5+2	n	n	10	n	y
7/o24.1	24	3,1,1,1,1	4	4+3	n	n	6	n	y
7/o24.2	24	3,2,2	1	3+2+2	n	n	6	n	y
7/o24.3	24	4,1,1,1	1	4+1+1+1	y	n	4	n	y
7/o36.1	36	3,3,1	1	3+3+1	y	n	6	n	y
7/o48.1	48	3,2,2	2	4+3	n	n	12	n	y
7/o48.2	48	4,2,1	1	4+2+1	y	n	6	n	y
7/o48.3	48	2,2,2,1	6	6+1	y	n	6	n	y
7/o72.1	72	3,3,1	2	6+1	y	n	6	n	y
7/o120.1	120	5,1,1	1	5+1+1	y	n	6	n	y
7/o144.1	144	4,3	1	4+3	n	n	12	n	y
7/o240.1	240	5,2	1	5+2	n	n	10	n	y
7/o720.1	720	6,1	1	6+1	y	n	6	n	y
7/o5040.1	5040	7	1	7	n	n	12	-	-
8/o1.1	1	1,1,1,1,1,1,1,1	1	1+1+1+1+1+1+1+1	y	y	1	y	y
8/o2.1	2	1,1,1,1,1,1,1,1	2	2+2+2+2	n	y	2	y	y
8/o2.2	2	1,1,1,1,1,1,1,1	2	2+2+2+1+1	y	y	2	y	y
8/o2.3	2	1,1,1,1,1,1,1,1	2	2+2+1+1+1+1	y	y	2	y	y
8/o2.4	2	2,1,1,1,1,1,1	1	2+1+1+1+1+1+1	y	y	2	y	y
8/o3.1	3	1,1,1,1,1,1,1,1	3	3+3+1+1	y	y	3	y	n
8/o4.1	4	1,1,1,1,1,1,1,1	4	4+2+2	n	n	2	y	y
8/o4.2	4	1,1,1,1,1,1,1,1	4	4+4	n	n	2	y	y
8/o4.3	4	1,1,1,1,1,1,1,1	4	4+2+2	n	n	2	y	y
8/o4.4	4	1,1,1,1,1,1,1,1	4	4+2+1+1	y	n	2	y	y
8/o4.5	4	1,1,1,1,1,1,1,1	4	2+2+2+2	n	n	2	y	y
8/o4.6	4	1,1,1,1,1,1,1,1	4	4+1+1+1+1	y	n	2	y	y
8/o4.7	4	2,1,1,1,1,1,1	2	2+2+2+2	n	n	2	y	y
8/o4.8	4	2,1,1,1,1,1,1	2	2+2+2+1+1	y	n	2	y	y
8/o4.9	4	2,2,1,1,1,1	1	2+2+1+1+1+1	y	n	2	y	y
8/o4.10	4	1,1,1,1,1,1,1,1	4	4+4	n	y	4	y	n
8/o6.1	6	1,1,1,1,1,1,1,1	6	6+1+1	y	n	3	n	y
8/o6.2	6	1,1,1,1,1,1,1,1	6	6+2	n	n	3	n	y
8/o6.3	6	1,1,1,1,1,1,1,1	6	3+3+1+1	y	n	3	n	y
8/o6.4	6	3,1,1,1,1,1	1	3+1+1+1+1+1	y	n	3	n	y
8/o6.5	6	2,1,1,1,1,1,1	3	3+3+2	n	y	6	y	n
8/o8.1	8	2,2,1,1,1,1	2	4+2+1+1	y	n	4	n	y
8/o8.2	8	2,2,1,1,1,1	2	4+2+2	n	n	4	n	y
8/o8.3	8	1,1,1,1,1,1,1,1	8	4+4	n	n	4	n	y
8/o8.4	8	1,1,1,1,1,1,1,1	8	4+4	n	n	4	n	y
8/o8.5	8	2,1,1,1,1,1,1	4	4+2+1+1	y	n	2	y	y
8/o8.6	8	1,1,1,1,1,1,1,1	8	4+2+2	n	n	2	y	y
8/o8.7	8	1,1,1,1,1,1,1,1	8	8	n	n	2	y	y
8/o8.8	8	1,1,1,1,1,1,1,1	8	8	n	n	4	n	y
8/o8.9	8	2,1,1,1,1,1,1	4	4+2+2	n	n	2	y	y
8/o8.10	8	1,1,1,1,1,1,1,1	8	4+4	n	n	2	y	y
8/o8.11	8	2,2,1,1,1,1	2	2+2+2+2	n	n	2	y	y
8/o8.12	8	2,2,2,1,1	1	2+2+2+1+1	y	n	2	y	y
8/o8.13	8	2,2,1,1,1,1	2	4+1+1+1+1	y	n	4	n	y
8/o10.1	10	1,1,1,1,1,1,1,1	10	5+1+1+1	y	n	5	n	y
8/o12.1	12	3,1,1,1,1,1	2	3+2+2+1	y	n	6	n	y
8/o12.2	12	2,1,1,1,1,1,1	6	3+3+2	n	n	6	n	y
8/o12.3	12	2,1,1,1,1,1,1	6	6+2	n	n	6	n	y
8/o12.4	12	1,1,1,1,1,1,1,1	12	6+2	n	n	6	n	y
8/o12.5	12	1,1,1,1,1,1,1,1	12	6+1+1	y	n	6	n	y
8/o12.6	12	3,2,1,1,1	1	3+2+1+1+1	y	n	6	n	y
8/o14.1	14	1,1,1,1,1,1,1,1	14	7+1	y	n	7	n	y
8/o16.1	16	1,1,1,1,1,1,1,1	16	8	n	n	8	n	y
8/o16.2	16	2,2,1,1,1,1	4	4+2+2	n	n	2	y	y
8/o16.3	16	2,2,1,1,1,1	4	4+2+2	n	n	4	n	y
8/o16.4	16	2,2,2,2	1	2+2+2+2	n	n	2	y	y
8/o16.5	16	2,2,1,1,1,1	4	4+4	n	n	4	n	y
8/o16.6	16	1,1,1,1,1,1,1,1	16	8	n	n	4	n	y
8/o16.7	16	2,2,2,1,1	2	4+2+2	n	n	4	n	y
8/o16.8	16	1,1,1,1,1,1,1,1	16	4+4	n	n	2	y	y
8/o16.9	16	2,2,2,1,1	2	4+2+1+1	y	n	4	n	y
8/o20.1	20	2,1,1,1,1,1,1	10	5+2+1	y	n	10	n	y
8/o24.1	24	2,1,1,1,1,1,1	12	6+2	n	n	6	n	y
8/o24.2	24	3,1,1,1,1,1	4	4+3+1	y	n	6	n	y
8/o24.3	24	1,1,1,1,1,1,1,1	24	4+4	n	n	4	n	y
8/o24.4	24	3,2,2,1	1	3+2+2+1	y	n	6	n	y
8/o24.5	24	4,1,1,1,1	1	4+1+1+1+1	y	n	4	n	y
8/o32.1	32	1,1,1,1,1,1,1,1	32	8	n	n	4	n	y
8/o32.2	32	2,2,1,1,1,1	8	4+4	n	n	4	n	y
8/o32.3	32	2,2,2,2	2	4+4	n	n	4	n	y
8/o32.4	32	2,2,2,2	2	4+2+2	n	n	4	n	y
8/o36.1	36	3,3,1,1	1	3+3+1+1	y	n	6	n	y
8/o48.1	48	1,1,1,1,1,1,1,1	48	8	n	n	6	n	y
8/o48.2	48	3,2,2,1	2	4+3+1	y	n	12	n	y
8/o48.3	48	4,1,1,1,1	2	4+2+2	n	n	6	n	y
8/o48.4	48	2,2,2,1,1	6	6+1+1	y	n	6	n	y
8/o48.5	48	4,2,1,1	1	4+2+1+1	y	n	6	n	y
8/o60.1	60	3,1,1,1,1,1	10	5+3	n	n	15	n	y
8/o64.1	64	2,2,2,2	4	8	n	n	4	n	y
8/o64.2	64	2,2,2,2	4	4+4	n	n	4	n	y
8/o72.1	72	3,3,2	1	3+3+2	n	n	6	n	y
8/o72.2	72	3,3,1,1	2	6+1+1	y	n	6	n	y
8/o72.3	72	3,3,1,1	2	6+2	n	n	6	n	y
8/o96.1	96	2,2,2,2	6	6+2	n	n	6	n	y
8/o96.2	96	4,1,1,1,1	4	4+4	n	n	6	n	y
8/o96.3	96	4,2,2	1	4+2+2	n	n	6	n	y
8/o120.1	120	5,1,1,1	1	5+1+1+1	y	n	6	n	y
8/o128.1	128	2,2,2,2	8	8	n	n	8	n	y
8/o144.1	144	3,3,2	2	6+2	n	n	6	n	y
8/o144.2	144	4,3,1	1	4+3+1	y	n	12	n	y
8/o192.1	192	4,2,2	2	4+4	n	n	12	n	y
8/o240.1	240	5,2,1	1	5+2+1	y	n	10	n	y
8/o384.1	384	2,2,2,2	24	8	n	n	8	n	y
8/o576.1	576	4,4	1	4+4	n	n	12	n	y
8/o720.1	720	5,3	1	5+3	n	n	15	n	y
8/o720.2	720	6,1,1	1	6+1+1	y	n	6	n	y
8/o1152.1	1152	4,4	2	8	n	n	12	n	y
8/o1440.1	1440	6,2	1	6+2	n	n	10	n	y
8/o5040.1	5040	7,1	1	7+1	y	n	12	-	-
8/o40320.1	40320	8	1	8	n	n	15	-	-
9/o1.1	1	1,1,1,1,1,1,1,1,1	1	1+1+1+1+1+1+1+1+1	y	y	1	y	y
9/o2.1	2	2,1,1,1,1,1,1,1	1	2+1+1+1+1+1+1+1	y	y	2	y	y
9/o2.2	2	1,1,1,1,1,1,1,1,1	2	2+2+1+1+1+1+1	y	y	2	y	y
9/o2.3	2	1,1,1,1,1,1,1,1,1	2	2+2+2+1+1+1	y	y	2	y	y
9/o2.4	2	1,1,1,1,1,1,1,1,1	2	2+2+2+2+1	y	y	2	y	y
9/o3.1	3	1,1,1,1,1,1,1,1,1	3	3+3+1+1+1	y	y	3	y	n
9/o3.2	3	1,1,1,1,1,1,1,1,1	3	3+3+3	n	y	3	y	n
9/o4.1	4	1,1,1,1,1,1,1,1,1	4	4+2+2+1	y	n	2	y	y
9/o4.2	4	1,1,1,1,1,1,1,1,1	4	2+2+2+2+1	y	n	2	y	y
9/o4.3	4	1,1,1,1,1,1,1,1,1	4	4+2+2+1	y	n	2	y	y
9/o4.4	4	2,2,1,1,1,1,1	1	2+2+1+1+1+1+1	y	n	2	y	y
9/o4.5	4	2,1,1,1,1,1,1,1	2	2+2+2+2+1	y	n	2	y	y
9/o4.6	4	1,1,1,1,1,1,1,1,1	4	4+4+1	y	y	4	y	n
9/o4.7	4	1,1,1,1,1,1,1,1,1	4	4+2+1+1+1	y	n	2	y	y
9/o4.8	4	2,1,1,1,1,1,1,1	2	2+2+2+1+1+1	y	n	2	y	y
9/o4.9	4	1,1,1,1,1,1,1,1,1	4	4+4+1	y	n	2	y	y
9/o4.10	4	1,1,1,1,1,1,1,1,1	4	4+1+1+1+1+1	y	n	2	y	y
9/o6.1	6	2,1,1,1,1,1,1,1	3	3+3+2+1	y	y	6	y	n
9/o6.2	6	1,1,1,1,1,1,1,1,1	6	6+3	n	y	6	y	n
9/o6.3	6	3,1,1,1,1,1,1	1	3+1+1+1+1+1+1	y	n	3	n	y
9/o6.4	6	1,1,1,1,1,1,1,1,1	6	6+2+1	y	n	3	n	y
9/o6.5	6	1,1,1,1,1,1,1,1,1	6	6+3	n	n	3	n	y
9/o6.6	6	1,1,1,1,1,1,1,1,1	6	3+3+3	n	n	3	n	y
9/o6.7	6	1,1,1,1,1,1,1,1,1	6	3+3+1+1+1	y	n	3	n	y
9/o6.8	6	1,1,1,1,1,1,1,1,1	6	6+1+1+1	y	n	3	n	y
9/o8.1	8	2,2,1,1,1,1,1	2	4+2+2+1	y	n	4	n	y
9/o8.2	8	2,2,2,1,1,1	1	2+2+2+1+1+1	y	n	2	y	y
9/o8.3	8	1,1,1,1,1,1,1,1,1	8	8+1	y	n	2	y	y
9/o8.4	8	2,2,1,1,1,1,1	2	4+2+1+1+1	y	n	4	n	y
9/o8.5	8	2,2,1,1,1,1,1	2	4+1+1+1+1+1	y	n	4	n	y
9/o8.6	8	2,2,1,1,1,1,1	2	2+2+2+2+1	y	n	2	y	y
9/o8.7	8	1,1,1,1,1,1,1,1,1	8	4+4+1	y	n	4	n	y
9/o8.8	8	1,1,1,1,1,1,1,1,1	8	8+1	y	n	4	n	y
9/o8.9	8	1,1,1,1,1,1,1,1,1	8	4+4+1	y	n	4	n	y
9/o8.10	8	1,1,1,1,1,1,1,1,1	8	4+4+1	y	n	2	y	y
9/o8.11	8	2,1,1,1,1,1,1,1	4	4+2+2+1	y	n	2	y	y
9/o8.12	8	1,1,1,1,1,1,1,1,1	8	4+2+2+1	y	n	2	y	y
9/o8.13	8	2,1,1,1,1,1,1,1	4	4+2+1+1+1	y	n	2	y	y
9/o10.1	10	1,1,1,1,1,1,1,1,1	10	5+1+1+1+1	y	n	5	n	y
9/o12.1	12	2,1,1,1,1,1,1,1	6	6+2+1	y	n	6	n	y
9/o12.2	12	2,1,1,1,1,1,1,1	6	3+3+2+1	y	n	6	n	y
9/o12.3	12	1,1,1,1,1,1,1,1,1	12	6+2+1	y	n	6	n	y
9/o12.4	12	1,1,1,1,1,1,1,1,1	12	6+1+1+1	y	n	6	n	y
9/o12.5	12	3,1,1,1,1,1,1	2	3+2+2+2	n	n	6	n	y
9/o12.6	12	3,2,1,1,1,1	1	3+2+1+1+1+1	y	n	6	n	y
9/o12.7	12	3,1,1,1,1,1,1	2	3+2+2+1+1	y	n	6	n	y
9/o12.8	12	1,1,1,1,1,1,1,1,1	12	6+3	n	n	6	n	y
9/o14.1	14	1,1,1,1,1,1,1,1,1	14	7+1+1	y	n	7	n	y
9/o16.1	16	2,2,2,2,1	1	2+2+2+2+1	y	n	2	y	y
9/o16.2	16	2,2,2,1,1,1	2	4+2+2+1	y	n	4	n	y
9/o16.3	16	2,2,1,1,1,1,1	4	4+2+2+1	y	n	4	n	y
9/o16.4	16	2,2,1,1,1,1,1	4	4+4+1	y	n	4	n	y
9/o16.5	16	1,1,1,1,1,1,1,1,1	16	8+1	y	n	8	n	y
9/o16.6	16	2,2,2,1,1,1	2	4+2+1+1+1	y	n	4	n	y
9/o16.7	16	1,1,1,1,1,1,1,1,1	16	8+1	y	n	4	n	y
9/o16.8	16	2,2,1,1,1,1,1	4	4+2+2+1	y	n	2	y	y
9/o16.9	16	1,1,1,1,1,1,1,1,1	16	4+4+1	y	n	2	y	y
9/o18.1	18	1,1,1,1,1,1,1,1,1	18	9	n	n	3	n	y
9/o18.2	18	1,1,1,1,1,1,1,1,1	18	9	n	n	9	n	y
9/o18.3	18	3,1,1,1,1,1,1	3	3+3+3	n	n	6	n	n
9/o20.1	20	1,1,1,1,1,1,1,1,1	20	5+2+2	n	n	10	n	y
9/o20.2	20	2,1,1,1,1,1,1,1	10	5+2+1+1	y	n	10	n	y
9/o24.1	24	1,1,1,1,1,1,1,1,1	24	4+4+1	y	n	4	n	y
9/o24.2	24	3,1,1,1,1,1,1	4	4+3+2	n	n	6	n	y
9/o24.3	24	3,2,2,1,1	1	3+2+2+1+1	y	n	6	n	y
9/o24.4	24	2,1,1,1,1,1,1,1	12	6+2+1	y	n	6	n	y
9/o24.5	24	3,1,1,1,1,1,1	4	4+3+1+1	y	n	6	n	y
9/o24.6	24	4,1,1,1,1,1	1	4+1+1+1+1+1	y	n	4	n	y
9/o24.7	24	3,2,1,1,1,1	2	3+2+2+2	n	n	6	n	y
9/o24.8	24	2,2,2,1,1,1	3	6+3	n	n	6	n	n
9/o28.1	28	2,1,1,1,1,1,1,1	14	7+2	n	n	14	n	y
9/o32.1	32	2,2,2,2,1	2	4+4+1	y	n	4	n	y
9/o32.2	32	2,2,2,2,1	2	4+2+2+1	y	n	4	n	y
9/o32.3	32	1,1,1,1,1,1,1,1,1	32	8+1	y	n	4	n	y
9/o32.4	32	2,2,1,1,1,1,1	8	4+4+1	y	n	4	n	y
9/o36.1	36	3,1,1,1,1,1,1	6	6+3	n	n	6	n	y
9/o36.2	36	1,1,1,1,1,1,1,1,1	36	9	n	n	6	n	y
9/o36.3	36	3,1,1,1,1,1,1	6	3+3+3	n	n	6	n	y
9/o36.4	36	3,3,1,1,1	1	3+3+1+1+1	y	n	6	n	y
9/o40.1	40	2,2,1,1,1,1,1	10	5+2+2	n	n	10	n	y
9/o40.2	40	1,1,1,1,1,1,1,1,1	40	5+4	n	n	10	n	y
9/o48.1	48	3,2,2,1,1	2	4+3+1+1	y	n	12	n	y
9/o48.2	48	3,2,2,1,1	2	4+3+2	n	n	12	n	y
9/o48.3	48	2,2,2,1,1,1	6	6+1+1+1	y	n	6	n	y
9/o48.4	48	1,1,1,1,1,1,1,1,1	48	8+1	y	n	6	n	y
9/o48.5	48	3,2,1,1,1,1	4	4+3+2	n	n	6	n	y
9/o48.6	48	4,2,1,1,1	1	4+2+1+1+1	y	n	6	n	y
9/o48.7	48	3,2,2,2	1	3+2+2+2	n	n	6	n	y
9/o48.8	48	2,2,2,1,1,1	6	6+3	n	n	6	n	y
9/o48.9	48	4,1,1,1,1,1	2	4+2+2+1	y	n	6	n	y
9/o60.1	60	3,1,1,1,1,1,1	10	5+3+1	y	n	15	n	y
9/o64.1	64	2,2,2,2,1	4	4+4+1	y	n	4	n	y
9/o64.2	64	2,2,2,2,1	4	8+1	y	n	4	n	y
9/o72.1	72	3,1,1,1,1,1,1	12	6+3	n	n	6	n	y
9/o72.2	72	1,1,1,1,1,1,1,1,1	72	9	n	n	6	n	y
9/o72.3	72	3,3,2,1	1	3+3+2+1	y	n	6	n	y
9/o72.4	72	3,3,1,1,1	2	6+2+1	y	n	6	n	y
9/o72.5	72	3,3,1,1,1	2	6+1+1+1	y	n	6	n	y
9/o80.1	80	2,2,1,1,1,1,1	20	5+4	n	n	20	n	y
9/o96.1	96	3,2,2,2	2	4+3+2	n	n	12	n	y
9/o96.2	96	2,2,2,2,1	6	6+2+1	y	n	6	n	y
9/o96.3	96	4,2,2,1	1	4+2+2+1	y	n	6	n	y
9/o96.4	96	4,1,1,1,1,1	4	4+4+1	y	n	6	n	y
9/o120.1	120	5,1,1,1,1	1	5+1+1+1+1	y	n	6	n	y
9/o128.1	128	2,2,2,2,1	8	8+1	y	n	8	n	y
9/o144.1	144	4,3,1,1	1	4+3+1+1	y	n	12	n	y
9/o144.2	144	3,3,2,1	2	6+2+1	y	n	6	n	y
9/o192.1	192	4,2,2,1	2	4+4+1	y	n	12	n	y
9/o216.1	216	3,3,3	1	3+3+3	n	n	6	n	y
9/o240.1	240	4,1,1,1,1,1	10	5+4	n	n	20	n	y
9/o240.2	240	5,2,1,1	1	5+2+1+1	y	n	10	n	y
9/o240.3	240	5,1,1,1,1	2	5+2+2	n	n	10	n	y
9/o288.1	288	4,3,2	1	4+3+2	n	n	12	n	y
9/o288.2	288	3,2,2,2	6	6+3	n	n	12	n	y
9/o384.1	384	2,2,2,2,1	24	8+1	y	n	8	n	y
9/o432.1	432	3,3,3	2	6+3	n	n	12	n	y
9/o480.1	480	5,2,2	1	5+2+2	n	n	10	n	y
9/o480.2	480	5,1,1,1,1	4	5+4	n	n	10	n	y
9/o576.1	576	4,4,1	1	4+4+1	y	n	12	n	y
9/o720.1	720	5,3,1	1	5+3+1	y	n	15	n	y
9/o720.2	720	6,1,1,1	1	6+1+1+1	y	n	6	n	y
9/o960.1	960	5,2,2	2	5+4	n	n	20	n	y
9/o1152.1	1152	4,4,1	2	8+1	y	n	12	n	y
9/o1296.1	1296	3,3,3	6	9	n	n	12	n	y
9/o1440.1	1440	6,2,1	1	6+2+1	y	n	10	n	y
9/o2880.1	2880	5,4	1	5+4	n	n	20	-	-
9/o4320.1	4320	6,3	1	6+3	n	n	15	-	-
9/o5040.1	5040	7,1,1	1	7+1+1	y	n	12	-	-
9/o10080.1	10080	7,2	1	7+2	n	n	14	-	-
9/o40320.1	40320	8,1	1	8+1	y	n	15	-	-
9/o362880.1	362880	9	1	9	n	n	20	-	-
10/o1.1	1	1,1,1,1,1,1,1,1,1,1	1	1+1+1+1+1+1+1+1+1+1	y	y	1	y	y
10/o2.1	2	1,1,1,1,1,1,1,1,1,1	2	2+2+2+2+1+1	y	y	2	y	y
10/o2.2	2	2,1,1,1,1,1,1,1,1	1	2+1+1+1+1+1+1+1+1	y	y	2	y	y
10/o2.3	2	1,1,1,1,1,1,1,1,1,1	2	2+2+2+1+1+1+1	y	y	2	y	y
10/o2.4	2	1,1,1,1,1,1,1,1,1,1	2	2+2+2+2+2	n	y	2	y	y
10/o2.5	2	1,1,1,1,1,1,1,1,1,1	2	2+2+1+1+1+1+1+1	y	y	2	y	y
10/o3.1	3	1,1,1,1,1,1,1,1,1,1	3	3+3+3+1	y	y	3	y	n
10/o3.2	3	1,1,1,1,1,1,1,1,1,1	3	3+3+1+1+1+1	y	y	3	y	n
10/o4.1	4	2,2,1,1,1,1,1,1	1	2+2+1+1+1+1+1+1	y	n	2	y	y
10/o4.2	4	1,1,1,1,1,1,1,1,1,1	4	4+4+2	n	n	2	y	y
10/o4.3	4	1,1,1,1,1,1,1,1,1,1	4	2+2+2+2+1+1	y	n	2	y	y
10/o4.4	4	2,1,1,1,1,1,1,1,1	2	2+2+2+2+1+1	y	n	2	y	y
10/o4.5	4	1,1,1,1,1,1,1,1,1,1	4	4+2+2+2	n	n	2	y	y
10/o4.6	4	1,1,1,1,1,1,1,1,1,1	4	4+2+1+1+1+1	y	n	2	y	y
10/o4.7	4	1,1,1,1,1,1,1,1,1,1	4	4+4+1+1	y	n	2	y	y
10/o4.8	4	1,1,1,1,1,1,1,1,1,1	4	4+4+2	n	y	4	y	n
10/o4.9	4	1,1,1,1,1,1,1,1,1,1	4	4+2+2+2	n	n	2	y	y
10/o4.10	4	1,1,1,1,1,1,1,1,1,1	4	4+2+2+1+1	y	n	2	y	y
10/o4.11	4	2,1,1,1,1,1,1,1,1	2	2+2+2+1+1+1+1	y	n	2	y	y
10/o4.12	4	1,1,1,1,1,1,1,1,1,1	4	4+2+2+1+1	y	n	2	y	y
10/o4.13	4	1,1,1,1,1,1,1,1,1,1	4	2+2+2+2+2	n	n	2	y	y
10/o4.14	4	1,1,1,1,1,1,1,1,1,1	4	4+2+2+2	n	n	2	y	y
10/o4.15	4	2,1,1,1,1,1,1,1,1	2	2+2+2+2+2	n	n	2	y	y
10/o4.16	4	1,1,1,1,1,1,1,1,1,1	4	4+1+1+1+1+1+1	y	n	2	y	y
10/o4.17	4	1,1,1,1,1,1,1,1,1,1	4	4+4+1+1	y	y	4	y	n
10/o5.1	5	1,1,1,1,1,1,1,1,1,1	5	5+5	n	y	5	y	n
10/o6.1	6	1,1,1,1,1,1,1,1,1,1	6	6+3+1	y	n	3	n	y
10/o6.2	6	1,1,1,1,1,1,1,1,1,1	6	6+2+2	n	n	3	n	y
10/o6.3	6	1,1,1,1,1,1,1,1,1,1	6	3+3+2+2	n	y	6	y	n
10/o6.4	6	2,1,1,1,1,1,1,1,1	3	3+3+2+1+1	y	y	6	y	n
10/o6.5	6	1,1,1,1,1,1,1,1,1,1	6	6+2+1+1	y	n	3	n	y
10/o6.6	6	1,1,1,1,1,1,1,1,1,1	6	6+3+1	y	y	6	y	n
10/o6.7	6	3,1,1,1,1,1,1,1	1	3+1+1+1+1+1+1+1	y	n	3	n	y
10/o6.8	6	1,1,1,1,1,1,1,1,1,1	6	3+3+3+1	y	n	3	n	y
10/o6.9	6	1,1,1,1,1,1,1,1,1,1	6	3+3+1+1+1+1	y	n	3	n	y
10/o6.10	6	1,1,1,1,1,1,1,1,1,1	6	6+1+1+1+1	y	n	3	n	y
10/o8.1	8	1,1,1,1,1,1,1,1,1,1	8	8+2	n	n	2	y	y
10/o8.2	8	1,1,1,1,1,1,1,1,1,1	8	4+4+1+1	y	n	2	y	y
10/o8.3	8	2,1,1,1,1,1,1,1,1	4	4+2+2+2	n	n	2	y	y
10/o8.4	8	2,1,1,1,1,1,1,1,1	4	4+2+2+2	n	n	2	y	y
10/o8.5	8	1,1,1,1,1,1,1,1,1,1	8	4+2+2+2	n	n	2	y	y
10/o8.6	8	1,1,1,1,1,1,1,1,1,1	8	4+2+2+1+1	y	n	2	y	y
10/o8.7	8	2,2,1,1,1,1,1,1	2	4+2+2+2	n	n	4	n	y
10/o8.8	8	2,2,1,1,1,1,1,1	2	4+2+1+1+1+1	y	n	4	n	y
10/o8.9	8	2,1,1,1,1,1,1,1,1	4	4+2+2+1+1	y	n	2	y	y
10/o8.10	8	1,1,1,1,1,1,1,1,1,1	8	4+4+2	n	n	2	y	y
10/o8.11	8	1,1,1,1,1,1,1,1,1,1	8	8+2	n	n	4	n	y
10/o8.12	8	2,1,1,1,1,1,1,1,1	4	4+2+1+1+1+1	y	n	2	y	y
10/o8.13	8	2,1,1,1,1,1,1,1,1	4	4+4+2	n	n	4	y	n
10/o8.14	8	2,1,1,1,1,1,1,1,1	4	2+2+2+2+2	n	n	2	y	y
10/o8.15	8	1,1,1,1,1,1,1,1,1,1	8	8+1+1	y	n	2	y	y
10/o8.16	8	2,1,1,1,1,1,1,1,1	4	4+4+2	n	n	2	y	y
10/o8.17	8	2,2,1,1,1,1,1,1	2	4+1+1+1+1+1+1	y	n	4	n	y
10/o8.18	8	1,1,1,1,1,1,1,1,1,1	8	4+4+1+1	y	n	4	n	y
10/o8.19	8	1,1,1,1,1,1,1,1,1,1	8	4+4+2	n	n	4	n	y
10/o8.20	8	2,2,1,1,1,1,1,1	2	2+2+2+2+2	n	n	2	y	y
10/o8.21	8	1,1,1,1,1,1,1,1,1,1	8	4+4+2	n	n	2	y	y
10/o8.22	8	1,1,1,1,1,1,1,1,1,1	8	8+1+1	y	n	4	n	y
10/o8.23	8	1,1,1,1,1,1,1,1,1,1	8	8+2	n	n	4	n	y
10/o8.24	8	1,1,1,1,1,1,1,1,1,1	8	4+4+2	n	n	4	n	y
10/o8.25	8	2,2,1,1,1,1,1,1	2	4+2+2+1+1	y	n	4	n	y
10/o8.26	8	2,2,1,1,1,1,1,1	2	2+2+2+2+1+1	y	n	2	y	y
10/o8.27	8	2,2,2,1,1,1,1	1	2+2+2+1+1+1+1	y	n	2	y	y
10/o8.28	8	1,1,1,1,1,1,1,1,1,1	8	4+4+1+1	y	n	4	n	y
10/o8.29	8	1,1,1,1,1,1,1,1,1,1	8	4+2+2+2	n	n	2	y	y
10/o10.1	10	1,1,1,1,1,1,1,1,1,1	10	5+1+1+1+1+1	y	n	5	n	y
10/o10.2	10	1,1,1,1,1,1,1,1,1,1	10	5+5	n	n	5	n	y
10/o10.3	10	1,1,1,1,1,1,1,1,1,1	10	10	n	n	5	n	y
10/o12.1	12	2,1,1,1,1,1,1,1,1	6	6+2+2	n	n	6	n	y
10/o12.2	12	2,1,1,1,1,1,1,1,1	6	3+3+2+1+1	y	n	6	n	y
10/o12.3	12	1,1,1,1,1,1,1,1,1,1	12	6+2+1+1	y	n	6	n	y
10/o12.4	12	1,1,1,1,1,1,1,1,1,1	12	6+2+2	n	n	6	n	y
10/o12.5	12	1,1,1,1,1,1,1,1,1,1	12	6+1+1+1+1	y	n	6	n	y
10/o12.6	12	1,1,1,1,1,1,1,1,1,1	12	3+3+2+2	n	n	6	n	y
10/o12.7	12	3,1,1,1,1,1,1,1	2	3+2+2+2+1	y	n	6	n	y
10/o12.8	12	1,1,1,1,1,1,1,1,1,1	12	6+3+1	y	n	6	n	y
10/o12.9	12	2,1,1,1,1,1,1,1,1	6	6+2+1+1	y	n	6	n	y
10/o12.10	12	2,2,1,1,1,1,1,1	3	3+3+2+2	n	n	6	y	n
10/o12.11	12	3,1,1,1,1,1,1,1	2	3+2+2+1+1+1	y	n	6	n	y
10/o12.12	12	3,2,1,1,1,1,1	1	3+2+1+1+1+1+1	y	n	6	n	y
10/o12.13	12	1,1,1,1,1,1,1,1,1,1	12	6+2+2	n	n	6	n	y
10/o12.14	12	1,1,1,1,1,1,1,1,1,1	12	4+3+3	n	n	6	y	n
10/o12.15	12	1,1,1,1,1,1,1,1,1,1	12	6+4	n	n	6	n	y
10/o14.1	14	1,1,1,1,1,1,1,1,1,1	14	7+1+1+1	y	n	7	n	y
10/o16.1	16	2,1,1,1,1,1,1,1,1	8	4+2+2+2	n	n	2	y	y
10/o16.2	16	2,2,1,1,1,1,1,1	4	4+2+2+2	n	n	2	y	y
10/o16.3	16	2,1,1,1,1,1,1,1,1	8	4+4+2	n	n	2	y	y
10/o16.4	16	2,2,1,1,1,1,1,1	4	4+2+2+2	n	n	4	n	y
10/o16.5	16	1,1,1,1,1,1,1,1,1,1	16	8+2	n	n	8	n	y
10/o16.6	16	2,2,1,1,1,1,1,1	4	4+4+2	n	n	4	n	y
10/o16.7	16	2,2,2,1,1,1,1	2	4+2+2+1+1	y	n	4	n	y
10/o16.8	16	2,1,1,1,1,1,1,1,1	8	4+4+2	n	n	4	n	y
10/o16.9	16	1,1,1,1,1,1,1,1,1,1	16	4+4+2	n	n	2	y	y
10/o16.10	16	2,1,1,1,1,1,1,1,1	8	8+2	n	n	4	n	y
10/o16.11	16	2,2,1,1,1,1,1,1	4	4+2+2+1+1	y	n	2	y	y
10/o16.12	16	2,2,1,1,1,1,1,1	4	4+4+1+1	y	n	4	n	y
10/o16.13	16	2,2,1,1,1,1,1,1	4	4+2+2+2	n	n	4	n	y
10/o16.14	16	2,2,2,1,1,1,1	2	4+2+2+2	n	n	4	n	y
10/o16.15	16	1,1,1,1,1,1,1,1,1,1	16	8+1+1	y	n	8	n	y
10/o16.16	16	2,1,1,1,1,1,1,1,1	8	8+2	n	n	2	y	y
10/o16.17	16	2,2,1,1,1,1,1,1	4	4+2+2+1+1	y	n	4	n	y
10/o16.18	16	1,1,1,1,1,1,1,1,1,1	16	8+1+1	y	n	4	n	y
10/o16.19	16	2,2,2,1,1,1,1	2	2+2+2+2+2	n	n	2	y	y
10/o16.20	16	2,1,1,1,1,1,1,1,1	8	4+4+2	n	n	4	n	y
10/o16.21	16	2,2,2,1,1,1,1	2	4+2+1+1+1+1	y	n	4	n	y
10/o16.22	16	1,1,1,1,1,1,1,1,1,1	16	8+2	n	n	4	n	y
10/o16.23	16	1,1,1,1,1,1,1,1,1,1	16	8+2	n	n	4	n	y
10/o16.24	16	2,2,1,1,1,1,1,1	4	4+4+2	n	n	4	n	y
10/o16.25	16	2,2,2,2,1,1	1	2+2+2+2+1+1	y	n	2	y	y
10/o16.26	16	1,1,1,1,1,1,1,1,1,1	16	4+4+1+1	y	n	2	y	y
10/o18.1	18	3,1,1,1,1,1,1,1	3	3+3+3+1	y	n	6	n	n
10/o18.2	18	1,1,1,1,1,1,1,1,1,1	18	9+1	y	n	9	n	y
10/o18.3	18	1,1,1,1,1,1,1,1,1,1	18	9+1	y	n	3	n	y
10/o20.1	20	1,1,1,1,1,1,1,1,1,1	20	5+2+2+1	y	n	10	n	y
10/o20.2	20	1,1,1,1,1,1,1,1,1,1	20	10	n	n	10	n	y
10/o20.3	20	2,1,1,1,1,1,1,1,1	10	5+2+1+1+1	y	n	10	n	y
10/o20.4	20	1,1,1,1,1,1,1,1,1,1	20	10	n	n	5	n	n
10/o24.1	24	1,1,1,1,1,1,1,1,1,1	24	6+4	n	n	6	n	y
10/o24.2	24	1,1,1,1,1,1,1,1,1,1	24	6+2+2	n	n	6	n	y
10/o24.3	24	1,1,1,1,1,1,1,1,1,1	24	6+4	n	n	6	n	y
10/o24.4	24	4,1,1,1,1,1,1	1	4+1+1+1+1+1+1	y	n	4	n	y
10/o24.5	24	3,2,2,1,1,1	1	3+2+2+1+1+1	y	n	6	n	y
10/o24.6	24	1,1,1,1,1,1,1,1,1,1	24	4+4+1+1	y	n	4	n	y
10/o24.7	24	1,1,1,1,1,1,1,1,1,1	24	4+3+3	n	n	6	n	y
10/o24.8	24	1,1,1,1,1,1,1,1,1,1	24	6+4	n	n	4	n	y
10/o24.9	24	2,2,1,1,1,1,1,1	6	3+3+2+2	n	n	6	n	y
10/o24.10	24	2,2,1,1,1,1,1,1	6	6+2+2	n	n	6	n	y
10/o24.11	24	3,1,1,1,1,1,1,1	4	4+3+1+1+1	y	n	6	n	y
10/o24.12	24	2,1,1,1,1,1,1,1,1	12	6+2+1+1	y	n	6	n	y
10/o24.13	24	3,1,1,1,1,1,1,1	4	4+3+2+1	y	n	6	n	y
10/o24.14	24	3,2,1,1,1,1,1	2	3+2+2+2+1	y	n	6	n	y
10/o24.15	24	2,2,1,1,1,1,1,1	6	6+4	n	n	6	n	n
10/o24.16	24	2,2,2,1,1,1,1	3	6+3+1	y	n	6	n	n
10/o24.17	24	2,2,1,1,1,1,1,1	6	4+3+3	n	n	12	n	n
10/o24.18	24	2,1,1,1,1,1,1,1,1	12	6+2+2	n	n	6	n	y
10/o28.1	28	2,1,1,1,1,1,1,1,1	14	7+2+1	y	n	14	n	y
10/o32.1	32	2,2,2,1,1,1,1	4	4+2+2+2	n	n	2	y	y
10/o32.2	32	1,1,1,1,1,1,1,1,1,1	32	8+2	n	n	4	n	y
10/o32.3	32	1,1,1,1,1,1,1,1,1,1	32	8+1+1	y	n	4	n	y
10/o32.4	32	2,2,2,2,1,1	2	4+2+2+2	n	n	4	n	y
10/o32.5	32	2,2,1,1,1,1,1,1	8	4+4+1+1	y	n	4	n	y
10/o32.6	32	2,2,2,2,2	1	2+2+2+2+2	n	n	2	y	y
10/o32.7	32	2,2,2,1,1,1,1	4	4+2+2+2	n	n	4	n	y
10/o32.8	32	2,1,1,1,1,1,1,1,1	16	8+2	n	n	8	n	y
10/o32.9	32	2,1,1,1,1,1,1,1,1	16	4+4+2	n	n	2	y	y
10/o32.10	32	2,2,2,2,1,1	2	4+4+1+1	y	n	4	n	y
10/o32.11	32	2,2,2,2,1,1	2	4+2+2+1+1	y	n	4	n	y
10/o32.12	32	2,2,1,1,1,1,1,1	8	4+4+2	n	n	4	n	y
10/o32.13	32	2,2,2,2,1,1	2	4+4+2	n	n	4	n	y
10/o32.14	32	2,2,1,1,1,1,1,1	8	4+4+2	n	n	4	n	y
10/o32.15	32	2,1,1,1,1,1,1,1,1	16	8+2	n	n	4	n	y
10/o32.16	32	2,2,2,1,1,1,1	4	4+4+2	n	n	4	n	y
10/o36.1	36	3,1,1,1,1,1,1,1	6	6+3+1	y	n	6	n	y
10/o36.2	36	3,3,1,1,1,1	1	3+3+1+1+1+1	y	n	6	n	y
10/o36.3	36	1,1,1,1,1,1,1,1,1,1	36	9+1	y	n	6	n	y
10/o36.4	36	3,1,1,1,1,1,1,1	6	3+3+3+1	y	n	6	n	y
10/o40.1	40	2,2,1,1,1,1,1,1	10	5+2+2+1	y	n	10	n	y
10/o40.2	40	1,1,1,1,1,1,1,1,1,1	40	5+4+1	y	n	10	n	y
10/o48.1	48	1,1,1,1,1,1,1,1,1,1	48	8+2	n	n	6	n	y
10/o48.2	48	4,1,1,1,1,1,1	2	4+2+2+2	n	n	6	n	y
10/o48.3	48	2,2,1,1,1,1,1,1	12	4+3+3	n	n	12	n	y
10/o48.4	48	1,1,1,1,1,1,1,1,1,1	48	6+4	n	n	6	n	y
10/o48.5	48	3,2,2,2,1	1	3+2+2+2+1	y	n	6	n	y
10/o48.6	48	2,2,2,1,1,1,1	6	6+1+1+1+1	y	n	6	n	y
10/o48.7	48	3,2,2,1,1,1	2	4+3+2+1	y	n	12	n	y
10/o48.8	48	1,1,1,1,1,1,1,1,1,1	48	8+1+1	y	n	6	n	y
10/o48.9	48	2,2,1,1,1,1,1,1	12	6+4	n	n	12	n	y
10/o48.10	48	2,2,2,1,1,1,1	6	6+3+1	y	n	6	n	y
10/o48.11	48	4,1,1,1,1,1,1	2	4+2+2+1+1	y	n	6	n	y
10/o48.12	48	2,2,1,1,1,1,1,1	12	6+4	n	n	12	n	y
10/o48.13	48	2,1,1,1,1,1,1,1,1	24	4+4+2	n	n	6	n	y
10/o48.14	48	2,2,1,1,1,1,1,1	12	6+2+2	n	n	6	n	y
10/o48.15	48	4,2,1,1,1,1	1	4+2+1+1+1+1	y	n	6	n	y
10/o48.16	48	3,2,1,1,1,1,1	4	4+3+2+1	y	n	6	n	y
10/o48.17	48	3,2,2,1,1,1	2	4+3+1+1+1	y	n	12	n	y
10/o60.1	60	3,1,1,1,1,1,1,1	10	5+3+1+1	y	n	15	n	y
10/o64.1	64	2,2,2,2,1,1	4	4+4+1+1	y	n	4	n	y
10/o64.2	64	2,2,2,2,2	2	4+4+2	n	n	4	n	y
10/o64.3	64	2,2,2,2,2	2	4+2+2+2	n	n	4	n	y
10/o64.4	64	2,2,2,2,1,1	4	4+4+2	n	n	4	n	y
10/o64.5	64	2,2,2,2,1,1	4	8+2	n	n	4	n	y
10/o64.6	64	2,1,1,1,1,1,1,1,1	32	8+2	n	n	4	n	y
10/o64.7	64	2,2,2,2,1,1	4	8+1+1	y	n	4	n	y
10/o64.8	64	2,2,2,1,1,1,1	8	4+4+2	n	n	4	n	y
10/o72.1	72	4,1,1,1,1,1,1	3	4+3+3	n	n	12	n	n
10/o72.2	72	1,1,1,1,1,1,1,1,1,1	72	9+1	y	n	6	n	y
10/o72.3	72	3,3,1,1,1,1	2	6+2+1+1	y	n	6	n	y
10/o72.4	72	3,1,1,1,1,1,1,1	12	6+3+1	y	n	6	n	y
10/o72.5	72	3,3,1,1,1,1	2	3+3+2+2	n	n	6	n	y
10/o72.6	72	3,3,2,1,1	1	3+3+2+1+1	y	n	6	n	y
10/o72.7	72	3,3,1,1,1,1	2	6+1+1+1+1	y	n	6	n	y
10/o72.8	72	3,3,1,1,1,1	2	6+2+2	n	n	6	n	y
10/o80.1	80	2,2,1,1,1,1,1,1	20	5+4+1	y	n	20	n	y
10/o84.1	84	3,1,1,1,1,1,1,1	14	7+3	n	n	21	n	y
10/o96.1	96	4,1,1,1,1,1,1	4	4+4+2	n	n	6	n	y
10/o96.2	96	4,2,1,1,1,1	2	4+2+2+2	n	n	6	n	y
10/o96.3	96	4,2,2,1,1	1	4+2+2+1+1	y	n	6	n	y
10/o96.4	96	2,2,1,1,1,1,1,1	24	6+4	n	n	12	n	y
10/o96.5	96	3,2,2,2,1	2	4+3+2+1	y	n	12	n	y
10/o96.6	96	2,2,2,2,1,1	6	6+2+1+1	y	n	6	n	y
10/o96.7	96	2,1,1,1,1,1,1,1,1	48	8+2	n	n	6	n	y
10/o96.8	96	4,1,1,1,1,1,1	4	4+4+1+1	y	n	6	n	y
10/o96.9	96	2,2,2,1,1,1,1	12	6+2+2	n	n	6	n	y
10/o100.1	100	1,1,1,1,1,1,1,1,1,1	100	5+5	n	n	10	n	y
10/o120.1	120	1,1,1,1,1,1,1,1,1,1	120	10	n	n	6	n	y
10/o120.2	120	3,2,1,1,1,1,1	10	5+3+2	n	n	30	n	y
10/o120.3	120	1,1,1,1,1,1,1,1,1,1	120	5+5	n	n	6	n	y
10/o120.4	120	5,1,1,1,1,1	1	5+1+1+1+1+1	y	n	6	n	y
10/o128.1	128	2,2,2,2,2	4	8+2	n	n	4	n	y
10/o128.2	128	2,2,2,2,2	4	4+4+2	n	n	4	n	y
10/o128.3	128	2,2,2,2,1,1	8	8+2	n	n	8	n	y
10/o128.4	128	2,2,2,2,1,1	8	8+1+1	y	n	8	n	y
10/o144.1	144	4,1,1,1,1,1,1	6	6+4	n	n	12	n	y
10/o144.2	144	3,3,2,1,1	2	6+2+2	n	n	6	n	y
10/o144.3	144	3,3,1,1,1,1	4	6+2+2	n	n	6	n	y
10/o144.4	144	4,1,1,1,1,1,1	6	4+3+3	n	n	12	n	y
10/o144.5	144	3,3,1,1,1,1	4	6+4	n	n	6	n	y
10/o144.6	144	3,3,2,2	1	3+3+2+2	n	n	6	n	y
10/o144.7	144	4,3,1,1,1	1	4+3+1+1+1	y	n	12	n	y
10/o144.8	144	3,3,2,1,1	2	6+2+1+1	y	n	6	n	y
10/o144.9	144	3,3,1,1,1,1	4	4+3+3	n	n	6	n	y
10/o192.1	192	4,2,1,1,1,1	4	4+4+2	n	n	6	n	y
10/o192.2	192	2,2,2,2,2	6	6+2+2	n	n	6	n	y
10/o192.3	192	4,2,2,2	1	4+2+2+2	n	n	6	n	y
10/o192.4	192	4,2,2,1,1	2	4+4+2	n	n	12	n	y
10/o192.5	192	2,2,2,1,1,1,1	24	6+4	n	n	6	n	y
10/o192.6	192	4,2,2,1,1	2	4+4+1+1	y	n	12	n	y
10/o200.1	200	1,1,1,1,1,1,1,1,1,1	200	10	n	n	10	n	y
10/o216.1	216	3,3,3,1	1	3+3+3+1	y	n	6	n	y
10/o240.1	240	5,2,1,1,1	1	5+2+1+1+1	y	n	10	n	y
10/o240.2	240	4,1,1,1,1,1,1	10	5+4+1	y	n	20	n	y
10/o240.3	240	1,1,1,1,1,1,1,1,1,1	240	10	n	n	10	n	y
10/o240.4	240	5,1,1,1,1,1	2	5+2+2+1	y	n	10	n	y
10/o256.1	256	2,2,2,2,2	8	8+2	n	n	8	n	y
10/o288.1	288	4,1,1,1,1,1,1	12	6+4	n	n	12	n	y
10/o288.2	288	4,3,2,1	1	4+3+2+1	y	n	12	n	y
10/o288.3	288	3,3,2,2	2	6+2+2	n	n	6	n	y
10/o288.4	288	3,2,2,2,1	6	6+3+1	y	n	12	n	y
10/o288.5	288	3,3,2,2	2	4+3+3	n	n	12	n	y
10/o288.6	288	3,3,1,1,1,1	8	6+4	n	n	6	n	y
10/o288.7	288	3,3,2,2	2	6+4	n	n	12	n	y
10/o320.1	320	2,2,2,2,2	10	10	n	n	10	n	y
10/o384.1	384	2,2,2,2,2	12	6+4	n	n	12	n	y
10/o384.2	384	4,2,2,2	2	4+4+2	n	n	12	n	y
10/o384.3	384	2,2,2,2,1,1	24	8+1+1	y	n	8	n	y
10/o432.1	432	3,3,3,1	2	6+3+1	y	n	12	n	y
10/o480.1	480	5,1,1,1,1,1	4	5+4+1	y	n	10	n	y
10/o480.2	480	5,2,2,1	1	5+2+2+1	y	n	10	n	y
10/o576.1	576	3,3,2,2	4	6+4	n	n	12	n	y
10/o576.2	576	4,4,1,1	1	4+4+1+1	y	n	12	n	y
10/o720.1	720	6,1,1,1,1	1	6+1+1+1+1	y	n	6	n	y
10/o720.2	720	5,3,1,1	1	5+3+1+1	y	n	15	n	y
10/o768.1	768	2,2,2,2,2	24	8+2	n	n	8	n	y
10/o864.1	864	4,3,3	1	4+3+3	n	n	12	n	y
10/o960.1	960	5,2,2,1	2	5+4+1	y	n	20	n	y
10/o1152.1	1152	4,4,2	1	4+4+2	n	n	12	n	y
10/o1152.2	1152	4,2,2,2	6	6+4	n	n	12	n	y
10/o1152.3	1152	4,4,1,1	2	8+1+1	y	n	12	n	y
10/o1152.4	1152	4,4,1,1	2	8+2	n	n	12	n	y
10/o1200.1	1200	5,1,1,1,1,1	10	5+5	n	n	30	n	y
10/o1296.1	1296	3,3,3,1	6	9+1	y	n	12	n	y
10/o1440.1	1440	6,1,1,1,1	2	6+2+2	n	n	10	n	y
10/o1440.2	1440	6,2,1,1	1	6+2+1+1	y	n	10	n	y
10/o1440.3	1440	5,3,2	1	5+3+2	n	n	30	n	y
10/o1728.1	1728	4,3,3	2	6+4	n	n	12	n	y
10/o2304.1	2304	4,4,2	2	8+2	n	n	12	-	-
10/o2880.1	2880	5,4,1	1	5+4+1	y	n	20	-	-
10/o2880.2	2880	6,1,1,1,1	4	6+4	n	n	10	-	-
10/o2880.3	2880	6,2,2	1	6+2+2	n	n	10	-	-
10/o3840.1	3840	2,2,2,2,2	120	10	n	n	12	-	-
10/o4320.1	4320	6,3,1	1	6+3+1	y	n	15	-	-
10/o5040.1	5040	7,1,1,1	1	7+1+1+1	y	n	12	-	-
10/o5760.1	5760	6,2,2	2	6+4	n	n	20	-	-
10/o10080.1	10080	7,2,1	1	7+2+1	y	n	14	-	-
10/o14400.1	14400	5,5	1	5+5	n	n	30	-	-
10/o17280.1	17280	6,4	1	6+4	n	n	20	-	-
10/o28800.1	28800	5,5	2	10	n	n	30	-	-
10/o30240.1	30240	7,3	1	7+3	n	n	30	-	-
10/o40320.1	40320	8,1,1	1	8+1+1	y	n	15	-	-
10/o80640.1	80640	8,2	1	8+2	n	n	30	-	-
10/o362880.1	362880	9,1	1	9+1	y	n	20	-	-
10/o3628800.1	3628800	10	1	10	n	n	30	-	-
11/o1.1	1	1,1,1,1,1,1,1,1,1,1,1	1	1+1+1+1+1+1+1+1+1+1+1	y	y	1	y	y
11/o2.1	2	1,1,1,1,1,1,1,1,1,1,1	2	2+2+2+1+1+1+1+1	y	y	2	y	y
11/o2.2	2	1,1,1,1,1,1,1,1,1,1,1	2	2+2+2+2+2+1	y	y	2	y	y
11/o2.3	2	2,1,1,1,1,1,1,1,1,1	1	2+1+1+1+1+1+1+1+1+1	y	y	2	y	y
11/o2.4	2	1,1,1,1,1,1,1,1,1,1,1	2	2+2+2+2+1+1+1	y	y	2	y	y
11/o2.5	2	1,1,1,1,1,1,1,1,1,1,1	2	2+2+1+1+1+1+1+1+1	y	y	2	y	y
11/o3.1	3	1,1,1,1,1,1,1,1,1,1,1	3	3+3+1+1+1+1+1	y	y	3	y	n
11/o3.2	3	1,1,1,1,1,1,1,1,1,1,1	3	3+3+3+1+1	y	y	3	y	n
11/o4.1	4	1,1,1,1,1,1,1,1,1,1,1	4	4+1+1+1+1+1+1+1	y	n	2	y	y
11/o4.2	4	1,1,1,1,1,1,1,1,1,1,1	4	4+2+1+1+1+1+1	y	n	2	y	y
11/o4.3	4	1,1,1,1,1,1,1,1,1,1,1	4	4+2+2+2+1	y	n	2	y	y
11/o4.4	4	1,1,1,1,1,1,1,1,1,1,1	4	4+2+2+1+1+1	y	n	2	y	y
11/o4.5	4	1,1,1,1,1,1,1,1,1,1,1	4	2+2+2+2+2+1	y	n	2	y	y
11/o4.6	4	1,1,1,1,1,1,1,1,1,1,1	4	4+2+2+2+1	y	n	2	y	y
11/o4.7	4	2,2,1,1,1,1,1,1,1	1	2+2+1+1+1+1+1+1+1	y	n	2	y	y
11/o4.8	4	1,1,1,1,1,1,1,1,1,1,1	4	4+4+2+1	y	n	2	y	y
11/o4.9	4	1,1,1,1,1,1,1,1,1,1,1	4	4+2+2+1+1+1	y	n	2	y	y
11/o4.10	4	1,1,1,1,1,1,1,1,1,1,1	4	4+2+2+2+1	y	n	2	y	y
11/o4.11	4	2,1,1,1,1,1,1,1,1,1	2	2+2+2+2+2+1	y	n	2	y	y
11/o4.12	4	1,1,1,1,1,1,1,1,1,1,1	4	4+4+2+1	y	y	4	y	n
11/o4.13	4	2,1,1,1,1,1,1,1,1,1	2	2+2+2+1+1+1+1+1	y	n	2	y	y
11/o4.14	4	1,1,1,1,1,1,1,1,1,1,1	4	4+4+1+1+1	y	n	2	y	y
11/o4.15	4	2,1,1,1,1,1,1,1,1,1	2	2+2+2+2+1+1+1	y	n	2	y	y
11/o4.16	4	1,1,1,1,1,1,1,1,1,1,1	4	4+4+1+1+1	y	y	4	y	n
11/o4.17	4	1,1,1,1,1,1,1,1,1,1,1	4	2+2+2+2+1+1+1	y	n	2	y	y
11/o5.1	5	1,1,1,1,1,1,1,1,1,1,1	5	5+5+1	y	y	5	y	n
11/o6.1	6	1,1,1,1,1,1,1,1,1,1,1	6	6+1+1+1+1+1	y	n	3	n	y
11/o6.2	6	1,1,1,1,1,1,1,1,1,1,1	6	6+2+2+1	y	n	3	n	y
11/o6.3	6	1,1,1,1,1,1,1,1,1,1,1	6	6+2+1+1+1	y	n	3	n	y
11/o6.4	6	1,1,1,1,1,1,1,1,1,1,1	6	3+3+1+1+1+1+1	y	n	3	n	y
11/o6.5	6	2,1,1,1,1,1,1,1,1,1	3	3+3+2+1+1+1	y	y	6	y	n
11/o6.6	6	1,1,1,1,1,1,1,1,1,1,1	6	6+3+1+1	y	n	3	n	y
11/o6.7	6	1,1,1,1,1,1,1,1,1,1,1	6	6+3+2	n	n	3	n	y
11/o6.8	6	1,1,1,1,1,1,1,1,1,1,1	6	6+3+2	n	y	6	y	n
11/o6.9	6	2,1,1,1,1,1,1,1,1,1	3	3+3+3+2	n	y	6	y	n
11/o6.10	6	3,1,1,1,1,1,1,1,1	1	3+1+1+1+1+1+1+1+1	y	n	3	n	y
11/o6.11	6	1,1,1,1,1,1,1,1,1,1,1	6	3+3+3+1+1	y	n	3	n	y
11/o6.12	6	1,1,1,1,1,1,1,1,1,1,1	6	3+3+2+2+1	y	y	6	y	n
11/o6.13	6	1,1,1,1,1,1,1,1,1,1,1	6	6+3+1+1	y	y	6	y	n
11/o8.1	8	1,1,1,1,1,1,1,1,1,1,1	8	4+2+2+2+1	y	n	2	y	y
11/o8.2	8	1,1,1,1,1,1,1,1,1,1,1	8	4+4+1+1+1	y	n	2	y	y
11/o8.3	8	2,1,1,1,1,1,1,1,1,1	4	4+2+2+1+1+1	y	n	2	y	y
11/o8.4	8	1,1,1,1,1,1,1,1,1,1,1	8	4+2+2+2+1	y	n	2	y	y
11/o8.5	8	1,1,1,1,1,1,1,1,1,1,1	8	4+2+2+1+1+1	y	n	2	y	y
11/o8.6	8	2,1,1,1,1,1,1,1,1,1	4	4+2+2+2+1	y	n	2	y	y
11/o8.7	8	1,1,1,1,1,1,1,1,1,1,1	8	4+4+2+1	y	n	2	y	y
11/o8.8	8	1,1,1,1,1,1,1,1,1,1,1	8	8+1+1+1	y	n	4	n	y
11/o8.9	8	1,1,1,1,1,1,1,1,1,1,1	8	4+4+1+1+1	y	n	4	n	y
11/o8.10	8	1,1,1,1,1,1,1,1,1,1,1	8	8+1+1+1	y	n	2	y	y
11/o8.11	8	1,1,1,1,1,1,1,1,1,1,1	8	8+2+1	y	n	4	n	y
11/o8.12	8	2,2,2,1,1,1,1,1	1	2+2+2+1+1+1+1+1	y	n	2	y	y
11/o8.13	8	2,2,1,1,1,1,1,1,1	2	2+2+2+2+1+1+1	y	n	2	y	y
11/o8.14	8	2,1,1,1,1,1,1,1,1,1	4	2+2+2+2+2+1	y	n	2	y	y
11/o8.15	8	1,1,1,1,1,1,1,1,1,1,1	8	4+4+1+1+1	y	n	4	n	y
11/o8.16	8	1,1,1,1,1,1,1,1,1,1,1	8	4+4+2+1	y	n	4	n	y
11/o8.17	8	2,1,1,1,1,1,1,1,1,1	4	4+4+2+1	y	n	4	y	n
11/o8.18	8	2,2,1,1,1,1,1,1,1	2	4+2+2+1+1+1	y	n	4	n	y
11/o8.19	8	1,1,1,1,1,1,1,1,1,1,1	8	8+2+1	y	n	2	y	y
11/o8.20	8	2,2,1,1,1,1,1,1,1	2	4+2+1+1+1+1+1	y	n	4	n	y
11/o8.21	8	2,2,1,1,1,1,1,1,1	2	4+2+2+2+1	y	n	4	n	y
11/o8.22	8	1,1,1,1,1,1,1,1,1,1,1	8	4+4+2+1	y	n	4	n	y
11/o8.23	8	2,2,1,1,1,1,1,1,1	2	4+1+1+1+1+1+1+1	y	n	4	n	y
11/o8.24	8	2,2,1,1,1,1,1,1,1	2	2+2+2+2+2+1	y	n	2	y	y
11/o8.25	8	2,1,1,1,1,1,1,1,1,1	4	4+2+1+1+1+1+1	y	n	2	y	y
11/o8.26	8	2,1,1,1,1,1,1,1,1,1	4	4+4+2+1	y	n	2	y	y
11/o8.27	8	2,1,1,1,1,1,1,1,1,1	4	4+2+2+2+1	y	n	2	y	y
11/o8.28	8	1,1,1,1,1,1,1,1,1,1,1	8	4+4+2+1	y	n	2	y	y
11/o8.29	8	1,1,1,1,1,1,1,1,1,1,1	8	8+2+1	y	n	4	n	y
11/o10.1	10	1,1,1,1,1,1,1,1,1,1,1	10	10+1	y	n	5	n	y
11/o10.2	10	1,1,1,1,1,1,1,1,1,1,1	10	5+5+1	y	n	5	n	y
11/o10.3	10	1,1,1,1,1,1,1,1,1,1,1	10	5+1+1+1+1+1+1	y	n	5	n	y
11/o12.1	12	2,1,1,1,1,1,1,1,1,1	6	6+2+1+1+1	y	n	6	n	y
11/o12.2	12	2,1,1,1,1,1,1,1,1,1	6	6+2+2+1	y	n	6	n	y
11/o12.3	12	1,1,1,1,1,1,1,1,1,1,1	12	6+2+2+1	y	n	6	n	y
11/o12.4	12	1,1,1,1,1,1,1,1,1,1,1	12	6+2+1+1+1	y	n	6	n	y
11/o12.5	12	3,2,1,1,1,1,1,1	1	3+2+1+1+1+1+1+1	y	n	6	n	y
11/o12.6	12	1,1,1,1,1,1,1,1,1,1,1	12	6+1+1+1+1+1	y	n	6	n	y
11/o12.7	12	3,1,1,1,1,1,1,1,1	2	3+2+2+2+1+1	y	n	6	n	y
11/o12.8	12	3,1,1,1,1,1,1,1,1	2	3+2+2+1+1+1+1	y	n	6	n	y
11/o12.9	12	3,1,1,1,1,1,1,1,1	2	3+2+2+2+2	n	n	6	n	y
11/o12.10	12	1,1,1,1,1,1,1,1,1,1,1	12	6+2+2+1	y	n	6	n	y
11/o12.11	12	1,1,1,1,1,1,1,1,1,1,1	12	3+3+2+2+1	y	n	6	n	y
11/o12.12	12	1,1,1,1,1,1,1,1,1,1,1	12	6+3+1+1	y	n	6	n	y
11/o12.13	12	1,1,1,1,1,1,1,1,1,1,1	12	6+4+1	y	n	6	n	y
11/o12.14	12	2,1,1,1,1,1,1,1,1,1	6	3+3+2+1+1+1	y	n	6	n	y
11/o12.15	12	1,1,1,1,1,1,1,1,1,1,1	12	6+3+2	n	n	6	n	y
11/o12.16	12	2,2,1,1,1,1,1,1,1	3	3+3+2+2+1	y	n	6	y	n
11/o12.17	12	2,1,1,1,1,1,1,1,1,1	6	6+3+2	n	n	6	y	n
11/o12.18	12	2,1,1,1,1,1,1,1,1,1	6	3+3+3+2	n	n	6	n	y
11/o12.19	12	2,1,1,1,1,1,1,1,1,1	6	6+3+2	n	n	6	n	y
11/o12.20	12	1,1,1,1,1,1,1,1,1,1,1	12	4+3+3+1	y	n	6	y	n
11/o14.1	14	1,1,1,1,1,1,1,1,1,1,1	14	7+1+1+1+1	y	n	7	n	y
11/o16.1	16	1,1,1,1,1,1,1,1,1,1,1	16	4+4+1+1+1	y	n	2	y	y
11/o16.2	16	2,1,1,1,1,1,1,1,1,1	8	8+2+1	y	n	2	y	y
11/o16.3	16	2,1,1,1,1,1,1,1,1,1	8	8+2+1	y	n	4	n	y
11/o16.4	16	2,1,1,1,1,1,1,1,1,1	8	4+4+2+1	y	n	2	y	y
11/o16.5	16	2,2,1,1,1,1,1,1,1	4	4+2+2+1+1+1	y	n	2	y	y
11/o16.6	16	2,2,1,1,1,1,1,1,1	4	4+2+2+2+1	y	n	2	y	y
11/o16.7	16	2,1,1,1,1,1,1,1,1,1	8	4+2+2+2+1	y	n	2	y	y
11/o16.8	16	2,2,2,1,1,1,1,1	2	2+2+2+2+2+1	y	n	2	y	y
11/o16.9	16	1,1,1,1,1,1,1,1,1,1,1	16	8+1+1+1	y	n	4	n	y
11/o16.10	16	1,1,1,1,1,1,1,1,1,1,1	16	4+4+2+1	y	n	2	y	y
11/o16.11	16	2,2,1,1,1,1,1,1,1	4	4+2+2+2+1	y	n	4	n	y
11/o16.12	16	2,2,2,1,1,1,1,1	2	4+2+2+1+1+1	y	n	4	n	y
11/o16.13	16	2,2,1,1,1,1,1,1,1	4	4+2+2+2+1	y	n	4	n	y
11/o16.14	16	1,1,1,1,1,1,1,1,1,1,1	16	8+2+1	y	n	4	n	y
11/o16.15	16	1,1,1,1,1,1,1,1,1,1,1	16	8+1+1+1	y	n	8	n	y
11/o16.16	16	2,1,1,1,1,1,1,1,1,1	8	4+4+2+1	y	n	4	n	y
11/o16.17	16	2,2,2,1,1,1,1,1	2	4+2+2+2+1	y	n	4	n	y
11/o16.18	16	2,2,1,1,1,1,1,1,1	4	4+4+2+1	y	n	4	n	y
11/o16.19	16	1,1,1,1,1,1,1,1,1,1,1	16	8+2+1	y	n	8	n	y
11/o16.20	16	2,2,2,1,1,1,1,1	2	4+2+1+1+1+1+1	y	n	4	n	y
11/o16.21	16	1,1,1,1,1,1,1,1,1,1,1	16	8+2+1	y	n	4	n	y
11/o16.22	16	2,2,1,1,1,1,1,1,1	4	4+2+2+1+1+1	y	n	4	n	y
11/o16.23	16	2,2,1,1,1,1,1,1,1	4	4+4+2+1	y	n	4	n	y
11/o16.24	16	2,1,1,1,1,1,1,1,1,1	8	4+4+2+1	y	n	4	n	y
11/o16.25	16	2,2,2,2,1,1,1	1	2+2+2+2+1+1+1	y	n	2	y	y
11/o16.26	16	2,2,1,1,1,1,1,1,1	4	4+4+1+1+1	y	n	4	n	y
11/o18.1	18	1,1,1,1,1,1,1,1,1,1,1	18	9+1+1	y	n	9	n	y
11/o18.2	18	3,1,1,1,1,1,1,1,1	3	3+3+3+1+1	y	n	6	n	n
11/o18.3	18	1,1,1,1,1,1,1,1,1,1,1	18	9+1+1	y	n	3	n	y
11/o20.1	20	2,1,1,1,1,1,1,1,1,1	10	5+2+1+1+1+1	y	n	10	n	y
11/o20.2	20	1,1,1,1,1,1,1,1,1,1,1	20	5+2+2+2	n	n	10	n	y
11/o20.3	20	1,1,1,1,1,1,1,1,1,1,1	20	10+1	y	n	5	n	n
11/o20.4	20	1,1,1,1,1,1,1,1,1,1,1	20	5+2+2+1+1	y	n	10	n	y
11/o20.5	20	1,1,1,1,1,1,1,1,1,1,1	20	10+1	y	n	10	n	y
11/o22.1	22	1,1,1,1,1,1,1,1,1,1,1	22	11	n	n	11	n	y
11/o24.1	24	1,1,1,1,1,1,1,1,1,1,1	24	4+3+3+1	y	n	6	n	y
11/o24.2	24	3,1,1,1,1,1,1,1,1	4	4+4+3	n	n	6	n	y
11/o24.3	24	3,1,1,1,1,1,1,1,1	4	4+3+1+1+1+1	y	n	6	n	y
11/o24.4	24	3,1,1,1,1,1,1,1,1	4	4+3+2+2	n	n	6	n	y
11/o24.5	24	3,1,1,1,1,1,1,1,1	4	4+3+2+2	n	n	6	n	y
11/o24.6	24	2,1,1,1,1,1,1,1,1,1	12	6+2+1+1+1	y	n	6	n	y
11/o24.7	24	3,2,1,1,1,1,1,1	2	3+2+2+2+2	n	n	6	n	y
11/o24.8	24	2,2,2,1,1,1,1,1	3	6+3+1+1	y	n	6	n	n
11/o24.9	24	3,2,2,1,1,1,1	1	3+2+2+1+1+1+1	y	n	6	n	y
11/o24.10	24	1,1,1,1,1,1,1,1,1,1,1	24	6+4+1	y	n	4	n	y
11/o24.11	24	1,1,1,1,1,1,1,1,1,1,1	24	6+2+2+1	y	n	6	n	y
11/o24.12	24	2,1,1,1,1,1,1,1,1,1	12	6+3+2	n	n	6	n	y
11/o24.13	24	1,1,1,1,1,1,1,1,1,1,1	24	6+4+1	y	n	6	n	y
11/o24.14	24	3,2,1,1,1,1,1,1	2	3+2+2+2+1+1	y	n	6	n	y
11/o24.15	24	2,2,1,1,1,1,1,1,1	6	4+3+3+1	y	n	12	n	n
11/o24.16	24	3,1,1,1,1,1,1,1,1	4	4+4+3	n	n	12	n	n
11/o24.17	24	1,1,1,1,1,1,1,1,1,1,1	24	4+4+1+1+1	y	n	4	n	y
11/o24.18	24	3,1,1,1,1,1,1,1,1	4	4+3+2+1+1	y	n	6	n	y
11/o24.19	24	4,1,1,1,1,1,1,1	1	4+1+1+1+1+1+1+1	y	n	4	n	y
11/o24.20	24	2,1,1,1,1,1,1,1,1,1	12	6+2+2+1	y	n	6	n	y
11/o24.21	24	2,2,1,1,1,1,1,1,1	6	6+2+2+1	y	n	6	n	y
11/o24.22	24	1,1,1,1,1,1,1,1,1,1,1	24	6+4+1	y	n	6	n	y
11/o24.23	24	2,2,1,1,1,1,1,1,1	6	6+4+1	y	n	6	n	n
11/o24.24	24	2,2,1,1,1,1,1,1,1	6	3+3+2+2+1	y	n	6	n	y
11/o24.25	24	3,1,1,1,1,1,1,1,1	4	3+2+2+2+2	n	n	6	n	y
11/o28.1	28	1,1,1,1,1,1,1,1,1,1,1	28	7+2+2	n	n	14	n	y
11/o28.2	28	2,1,1,1,1,1,1,1,1,1	14	7+2+1+1	y	n	14	n	y
11/o30.1	30	1,1,1,1,1,1,1,1,1,1,1	30	5+3+3	n	n	15	n	n
11/o32.1	32	2,1,1,1,1,1,1,1,1,1	16	4+4+2+1	y	n	2	y	y
11/o32.2	32	2,2,2,1,1,1,1,1	4	4+2+2+2+1	y	n	2	y	y
11/o32.3	32	2,1,1,1,1,1,1,1,1,1	16	8+2+1	y	n	4	n	y
11/o32.4	32	2,2,1,1,1,1,1,1,1	8	4+4+1+1+1	y	n	4	n	y
11/o32.5	32	2,2,1,1,1,1,1,1,1	8	4+4+2+1	y	n	4	n	y
11/o32.6	32	2,2,2,1,1,1,1,1	4	4+2+2+2+1	y	n	4	n	y
11/o32.7	32	2,2,2,2,1,1,1	2	4+2+2+1+1+1	y	n	4	n	y
11/o32.8	32	2,2,2,2,1,1,1	2	4+4+2+1	y	n	4	n	y
11/o32.9	32	2,2,2,2,1,1,1	2	4+4+1+1+1	y	n	4	n	y
11/o32.10	32	1,1,1,1,1,1,1,1,1,1,1	32	8+2+1	y	n	4	n	y
11/o32.11	32	2,2,2,2,2,1	1	2+2+2+2+2+1	y	n	2	y	y
11/o32.12	32	2,2,2,1,1,1,1,1	4	4+4+2+1	y	n	4	n	y
11/o32.13	32	2,1,1,1,1,1,1,1,1,1	16	8+2+1	y	n	8	n	y
11/o32.14	32	2,2,1,1,1,1,1,1,1	8	4+4+2+1	y	n	4	n	y
11/o32.15	32	2,2,2,2,1,1,1	2	4+2+2+2+1	y	n	4	n	y
11/o32.16	32	1,1,1,1,1,1,1,1,1,1,1	32	8+1+1+1	y	n	4	n	y
11/o36.1	36	2,1,1,1,1,1,1,1,1,1	18	9+2	n	n	6	n	y
11/o36.2	36	3,1,1,1,1,1,1,1,1	6	6+3+1+1	y	n	6	n	y
11/o36.3	36	3,1,1,1,1,1,1,1,1	6	3+3+3+1+1	y	n	6	n	y
11/o36.4	36	3,1,1,1,1,1,1,1,1	6	6+3+2	n	n	6	n	y
11/o36.5	36	3,3,1,1,1,1,1	1	3+3+1+1+1+1+1	y	n	6	n	y
11/o36.6	36	2,1,1,1,1,1,1,1,1,1	18	9+2	n	n	18	n	y
11/o36.7	36	3,2,1,1,1,1,1,1	3	3+3+3+2	n	n	6	n	n
11/o36.8	36	1,1,1,1,1,1,1,1,1,1,1	36	9+1+1	y	n	6	n	y
11/o40.1	40	2,1,1,1,1,1,1,1,1,1	20	5+2+2+2	n	n	10	n	y
11/o40.2	40	2,2,1,1,1,1,1,1,1	10	5+2+2+1+1	y	n	10	n	y
11/o40.3	40	1,1,1,1,1,1,1,1,1,1,1	40	5+4+2	n	n	10	n	y
11/o40.4	40	1,1,1,1,1,1,1,1,1,1,1	40	5+4+1+1	y	n	10	n	y
11/o48.1	48	3,2,1,1,1,1,1,1	4	4+3+2+1+1	y	n	6	n	y
11/o48.2	48	3,2,1,1,1,1,1,1	4	4+3+2+2	n	n	6	n	y
11/o48.3	48	3,1,1,1,1,1,1,1,1	8	8+3	n	n	12	n	y
11/o48.4	48	3,1,1,1,1,1,1,1,1	8	4+4+3	n	n	6	n	y
11/o48.5	48	3,1,1,1,1,1,1,1,1	8	8+3	n	n	6	n	y
11/o48.6	48	2,2,1,1,1,1,1,1,1	12	6+4+1	y	n	12	n	y
11/o48.7	48	3,2,2,1,1,1,1	2	3+2+2+2+2	n	n	6	n	y
11/o48.8	48	2,2,2,2,1,1,1	3	6+3+2	n	n	6	n	n
11/o48.9	48	3,2,2,2,1,1	1	3+2+2+2+1+1	y	n	6	n	y
11/o48.10	48	3,1,1,1,1,1,1,1,1	8	4+4+3	n	n	12	n	y
11/o48.11	48	3,1,1,1,1,1,1,1,1	8	4+3+2+2	n	n	6	n	y
11/o48.12	48	1,1,1,1,1,1,1,1,1,1,1	48	6+4+1	y	n	6	n	y
11/o48.13	48	1,1,1,1,1,1,1,1,1,1,1	48	8+2+1	y	n	6	n	y
11/o48.14	48	2,2,1,1,1,1,1,1,1	12	4+3+3+1	y	n	12	n	y
11/o48.15	48	4,1,1,1,1,1,1,1	2	4+2+2+2+1	y	n	6	n	y
11/o48.16	48	2,2,2,1,1,1,1,1	6	6+3+1+1	y	n	6	n	y
11/o48.17	48	3,1,1,1,1,1,1,1,1	8	4+4+3	n	n	12	n	y
11/o48.18	48	2,2,1,1,1,1,1,1,1	12	6+4+1	y	n	12	n	y
11/o48.19	48	2,1,1,1,1,1,1,1,1,1	24	4+4+2+1	y	n	6	n	y
11/o48.20	48	3,2,2,1,1,1,1	2	4+3+2+2	n	n	12	n	y
11/o48.21	48	3,2,2,1,1,1,1	2	4+3+2+1+1	y	n	12	n	y
11/o48.22	48	4,1,1,1,1,1,1,1	2	4+2+2+1+1+1	y	n	6	n	y
11/o48.23	48	4,2,1,1,1,1,1	1	4+2+1+1+1+1+1	y	n	6	n	y
11/o48.24	48	2,2,2,1,1,1,1,1	6	6+1+1+1+1+1	y	n	6	n	y
11/o48.25	48	3,2,2,1,1,1,1	2	4+3+1+1+1+1	y	n	12	n	y
11/o48.26	48	1,1,1,1,1,1,1,1,1,1,1	48	8+1+1+1	y	n	6	n	y
11/o48.27	48	2,2,1,1,1,1,1,1,1	12	6+2+2+1	y	n	6	n	y
11/o56.1	56	1,1,1,1,1,1,1,1,1,1,1	56	7+4	n	n	14	n	y
11/o56.2	56	2,2,1,1,1,1,1,1,1	14	7+2+2	n	n	14	n	y
11/o60.1	60	1,1,1,1,1,1,1,1,1,1,1	60	6+5	n	n	15	n	y
11/o60.2	60	3,1,1,1,1,1,1,1,1	10	5+3+1+1+1	y	n	15	n	y
11/o60.3	60	1,1,1,1,1,1,1,1,1,1,1	60	5+3+3	n	n	15	n	y
11/o64.1	64	2,2,2,2,1,1,1	4	8+1+1+1	y	n	4	n	y
11/o64.2	64	2,2,2,2,1,1,1	4	8+2+1	y	n	4	n	y
11/o64.3	64	2,1,1,1,1,1,1,1,1,1	32	8+2+1	y	n	4	n	y
11/o64.4	64	2,2,2,2,1,1,1	4	4+4+2+1	y	n	4	n	y
11/o64.5	64	2,2,2,1,1,1,1,1	8	4+4+2+1	y	n	4	n	y
11/o64.6	64	2,2,2,2,2,1	2	4+4+2+1	y	n	4	n	y
11/o64.7	64	2,2,2,2,1,1,1	4	4+4+1+1+1	y	n	4	n	y
11/o64.8	64	2,2,2,2,2,1	2	4+2+2+2+1	y	n	4	n	y
11/o72.1	72	3,1,1,1,1,1,1,1,1	12	6+3+1+1	y	n	6	n	y
11/o72.2	72	3,1,1,1,1,1,1,1,1	12	6+3+2	n	n	6	n	y
11/o72.3	72	4,1,1,1,1,1,1,1	3	4+3+3+1	y	n	12	n	n
11/o72.4	72	3,3,1,1,1,1,1	2	3+3+2+2+1	y	n	6	n	y
11/o72.5	72	3,3,2,1,1,1	1	3+3+2+1+1+1	y	n	6	n	y
11/o72.6	72	3,3,1,1,1,1,1	2	6+2+1+1+1	y	n	6	n	y
11/o72.7	72	3,3,1,1,1,1,1	2	6+1+1+1+1+1	y	n	6	n	y
11/o72.8	72	3,3,1,1,1,1,1	2	6+2+2+1	y	n	6	n	y
11/o72.9	72	2,1,1,1,1,1,1,1,1,1	36	9+2	n	n	6	n	y
11/o72.10	72	3,2,1,1,1,1,1,1	6	3+3+3+2	n	n	6	n	y
11/o72.11	72	3,2,1,1,1,1,1,1	6	6+3+2	n	n	6	n	y
11/o72.12	72	1,1,1,1,1,1,1,1,1,1,1	72	9+1+1	y	n	6	n	y
11/o80.1	80	2,2,2,1,1,1,1,1	10	5+2+2+2	n	n	10	n	y
11/o80.2	80	2,2,1,1,1,1,1,1,1	20	5+4+2	n	n	20	n	y
11/o80.3	80	2,2,1,1,1,1,1,1,1	20	5+4+1+1	y	n	20	n	y
11/o80.4	80	2,1,1,1,1,1,1,1,1,1	40	5+4+2	n	n	10	n	y
11/o84.1	84	3,1,1,1,1,1,1,1,1	14	7+3+1	y	n	21	n	y
11/o96.1	96	3,1,1,1,1,1,1,1,1	16	4+4+3	n	n	6	n	y
11/o96.2	96	4,1,1,1,1,1,1,1	4	4+4+1+1+1	y	n	6	n	y
11/o96.3	96	2,2,2,1,1,1,1,1	12	6+2+2+1	y	n	6	n	y
11/o96.4	96	3,2,2,2,1,1	2	4+3+2+2	n	n	12	n	y
11/o96.5	96	3,2,2,2,1,1	2	4+3+2+1+1	y	n	12	n	y
11/o96.6	96	2,1,1,1,1,1,1,1,1,1	48	8+2+1	y	n	6	n	y
11/o96.7	96	2,2,2,2,1,1,1	6	6+2+1+1+1	y	n	6	n	y
11/o96.8	96	3,1,1,1,1,1,1,1,1	16	8+3	n	n	24	n	y
11/o96.9	96	3,2,2,1,1,1,1	4	4+3+2+2	n	n	6	n	y
11/o96.10	96	3,2,2,2,2	1	3+2+2+2+2	n	n	6	n	y
11/o96.11	96	3,2,2,1,1,1,1	4	4+4+3	n	n	12	n	y
11/o96.12	96	2,2,2,2,1,1,1	6	6+3+2	n	n	6	n	y
11/o96.13	96	3,1,1,1,1,1,1,1,1	16	8+3	n	n	12	n	y
11/o96.14	96	3,2,2,1,1,1,1	4	4+3+2+2	n	n	12	n	y
11/o96.15	96	2,2,1,1,1,1,1,1,1	24	6+4+1	y	n	12	n	y
11/o96.16	96	4,1,1,1,1,1,1,1	4	4+4+2+1	y	n	6	n	y
11/o96.17	96	4,2,2,1,1,1	1	4+2+2+1+1+1	y	n	6	n	y
11/o96.18	96	4,2,1,1,1,1,1	2	4+2+2+2+1	y	n	6	n	y
11/o100.1	100	1,1,1,1,1,1,1,1,1,1,1	100	5+5+1	y	n	10	n	y
11/o112.1	112	2,2,1,1,1,1,1,1,1	28	7+4	n	n	28	n	y
11/o120.1	120	1,1,1,1,1,1,1,1,1,1,1	120	6+5	n	n	30	n	y
11/o120.2	120	3,2,1,1,1,1,1,1	10	5+3+2+1	y	n	30	n	y
11/o120.3	120	1,1,1,1,1,1,1,1,1,1,1	120	10+1	y	n	6	n	y
11/o120.4	120	5,1,1,1,1,1,1	1	5+1+1+1+1+1+1	y	n	6	n	y
11/o120.5	120	1,1,1,1,1,1,1,1,1,1,1	120	5+5+1	y	n	6	n	y
11/o128.1	128	2,2,2,2,2,1	4	4+4+2+1	y	n	4	n	y
11/o128.2	128	2,2,2,2,1,1,1	8	8+1+1+1	y	n	8	n	y
11/o128.3	128	2,2,2,2,2,1	4	8+2+1	y	n	4	n	y
11/o128.4	128	2,2,2,2,1,1,1	8	8+2+1	y	n	8	n	y
11/o144.1	144	4,1,1,1,1,1,1,1	6	6+4+1	y	n	12	n	y
11/o144.2	144	3,1,1,1,1,1,1,1,1	24	4+4+3	n	n	12	n	y
11/o144.3	144	3,3,2,1,1,1	2	6+2+2+1	y	n	6	n	y
11/o144.4	144	4,3,1,1,1,1	1	4+3+1+1+1+1	y	n	12	n	y
11/o144.5	144	3,3,1,1,1,1,1	4	6+4+1	y	n	6	n	y
11/o144.6	144	4,1,1,1,1,1,1,1	6	4+3+3+1	y	n	12	n	y
11/o144.7	144	2,1,1,1,1,1,1,1,1,1	72	9+2	n	n	6	n	y
11/o144.8	144	3,3,2,2,1	1	3+3+2+2+1	y	n	6	n	y
11/o144.9	144	3,3,2,1,1,1	2	6+2+1+1+1	y	n	6	n	y
11/o144.10	144	3,2,1,1,1,1,1,1	12	6+3+2	n	n	6	n	y
11/o144.11	144	3,3,1,1,1,1,1	4	4+3+3+1	y	n	6	n	y
11/o144.12	144	3,3,1,1,1,1,1	4	6+2+2+1	y	n	6	n	y
11/o160.1	160	2,2,2,1,1,1,1,1	20	5+4+2	n	n	20	n	y
11/o192.1	192	3,2,2,1,1,1,1	8	4+4+3	n	n	12	n	y
11/o192.2	192	4,2,1,1,1,1,1	4	4+4+2+1	y	n	6	n	y
11/o192.3	192	4,2,2,2,1	1	4+2+2+2+1	y	n	6	n	y
11/o192.4	192	2,2,2,1,1,1,1,1	24	6+4+1	y	n	6	n	y
11/o192.5	192	2,2,2,2,2,1	6	6+2+2+1	y	n	6	n	y
11/o192.6	192	3,2,2,2,2	2	4+4+3	n	n	12	n	y
11/o192.7	192	4,2,2,1,1,1	2	4+4+2+1	y	n	12	n	y
11/o192.8	192	4,2,2,1,1,1	2	4+4+1+1+1	y	n	12	n	y
11/o192.9	192	3,2,2,2,2	2	4+3+2+2	n	n	12	n	y
11/o192.10	192	3,1,1,1,1,1,1,1,1	32	8+3	n	n	12	n	y
11/o200.1	200	1,1,1,1,1,1,1,1,1,1,1	200	10+1	y	n	10	n	y
11/o216.1	216	3,3,3,1,1	1	3+3+3+1+1	y	n	6	n	y
11/o240.1	240	5,1,1,1,1,1,1	2	5+2+2+1+1	y	n	10	n	y
11/o240.2	240	4,1,1,1,1,1,1,1	10	5+4+1+1	y	n	20	n	y
11/o240.3	240	5,1,1,1,1,1,1	2	5+2+2+2	n	n	10	n	y
11/o240.4	240	1,1,1,1,1,1,1,1,1,1,1	240	10+1	y	n	10	n	y
11/o240.5	240	5,2,1,1,1,1	1	5+2+1+1+1+1	y	n	10	n	y
11/o256.1	256	2,2,2,2,2,1	8	8+2+1	y	n	8	n	y
11/o288.1	288	4,3,2,1,1	1	4+3+2+1+1	y	n	12	n	y
11/o288.2	288	3,3,2,2,1	2	6+4+1	y	n	12	n	y
11/o288.3	288	3,1,1,1,1,1,1,1,1	48	8+3	n	n	12	n	y
11/o288.4	288	3,3,2,2,1	2	6+2+2+1	y	n	6	n	y
11/o288.5	288	3,3,2,2,1	2	4+3+3+1	y	n	12	n	y
11/o288.6	288	4,3,1,1,1,1	2	4+3+2+2	n	n	12	n	y
11/o288.7	288	4,1,1,1,1,1,1,1	12	6+4+1	y	n	12	n	y
11/o288.8	288	3,3,1,1,1,1,1	8	6+4+1	y	n	6	n	y
11/o288.9	288	3,2,2,2,1,1	6	6+3+1+1	y	n	12	n	y
11/o320.1	320	2,2,2,2,2,1	10	10+1	y	n	10	n	y
11/o336.1	336	4,1,1,1,1,1,1,1	14	7+4	n	n	28	n	y
11/o360.1	360	3,3,1,1,1,1,1	10	5+3+3	n	n	30	n	y
11/o360.2	360	5,1,1,1,1,1,1	3	5+3+3	n	n	15	n	n
11/o384.1	384	2,2,2,2,1,1,1	24	8+1+1+1	y	n	8	n	y
11/o384.2	384	2,2,2,2,2,1	12	6+4+1	y	n	12	n	y
11/o384.3	384	3,2,2,2,2	4	8+3	n	n	12	n	y
11/o384.4	384	4,2,2,2,1	2	4+4+2+1	y	n	12	n	y
11/o384.5	384	3,2,2,2,2	4	4+4+3	n	n	12	n	y
11/o432.1	432	3,3,3,1,1	2	6+3+1+1	y	n	12	n	y
11/o432.2	432	3,3,3,1,1	2	6+3+2	n	n	12	n	y
11/o432.3	432	3,3,3,2	1	3+3+3+2	n	n	6	n	y
11/o480.1	480	5,1,1,1,1,1,1	4	5+4+1+1	y	n	10	n	y
11/o480.2	480	4,2,1,1,1,1,1	10	5+4+2	n	n	30	n	y
11/o480.3	480	5,2,2,1,1	1	5+2+2+1+1	y	n	10	n	y
11/o480.4	480	5,1,1,1,1,1,1	4	5+4+2	n	n	10	n	y
11/o480.5	480	2,2,2,1,1,1,1,1	60	6+5	n	n	30	n	y
11/o480.6	480	5,2,1,1,1,1	2	5+2+2+2	n	n	10	n	y
11/o576.1	576	3,3,2,2,1	4	6+4+1	y	n	12	n	y
11/o576.2	576	4,3,2,2	1	4+3+2+2	n	n	12	n	y
11/o576.3	576	4,3,1,1,1,1	4	4+4+3	n	n	12	n	y
11/o576.4	576	4,4,1,1,1	1	4+4+1+1+1	y	n	12	n	y
11/o576.5	576	3,2,2,2,2	6	6+3+2	n	n	12	n	y
11/o720.1	720	5,1,1,1,1,1,1	6	6+5	n	n	15	n	y
11/o720.2	720	5,1,1,1,1,1,1	6	5+3+3	n	n	15	n	y
11/o720.3	720	3,3,1,1,1,1,1	20	6+5	n	n	30	n	y
11/o720.4	720	5,3,1,1,1	1	5+3+1+1+1	y	n	15	n	y
11/o720.5	720	6,1,1,1,1,1	1	6+1+1+1+1+1	y	n	6	n	y
11/o768.1	768	3,2,2,2,2	8	8+3	n	n	24	n	y
11/o768.2	768	2,2,2,2,2,1	24	8+2+1	y	n	8	n	y
11/o864.1	864	4,3,3,1	1	4+3+3+1	y	n	12	n	y
11/o864.2	864	3,3,3,2	2	6+3+2	n	n	12	n	y
11/o960.1	960	5,2,1,1,1,1	4	5+4+2	n	n	10	n	y
11/o960.2	960	5,2,2,1,1	2	5+4+1+1	y	n	20	n	y
11/o960.3	960	5,2,2,1,1	2	5+4+2	n	n	20	n	y
11/o960.4	960	5,2,2,2	1	5+2+2+2	n	n	10	n	y
11/o1152.1	1152	4,3,2,2	2	4+4+3	n	n	12	n	y
11/o1152.2	1152	4,4,1,1,1	2	8+2+1	y	n	12	n	y
11/o1152.3	1152	4,4,1,1,1	2	8+1+1+1	y	n	12	n	y
11/o1152.4	1152	4,4,2,1	1	4+4+2+1	y	n	12	n	y
11/o1152.5	1152	4,2,2,2,1	6	6+4+1	y	n	12	n	y
11/o1200.1	1200	5,1,1,1,1,1,1	10	5+5+1	y	n	30	n	y
11/o1296.1	1296	3,3,3,1,1	6	9+1+1	y	n	12	n	y
11/o1440.1	1440	5,3,2,1	1	5+3+2+1	y	n	30	n	y
11/o1440.2	1440	5,1,1,1,1,1,1	12	6+5	n	n	30	n	y
11/o1440.3	1440	6,2,1,1,1	1	6+2+1+1+1	y	n	10	n	y
11/o1440.4	1440	6,1,1,1,1,1	2	6+2+2+1	y	n	10	n	y
11/o1728.1	1728	4,3,3,1	2	6+4+1	y	n	12	n	y
11/o1920.1	1920	5,2,2,2	2	5+4+2	n	n	20	n	y
11/o2304.1	2304	4,4,2,1	2	8+2+1	y	n	12	-	-
11/o2304.2	2304	3,2,2,2,2	24	8+3	n	n	24	-	-
11/o2592.1	2592	3,3,3,2	6	9+2	n	n	18	-	-
11/o2880.1	2880	6,2,2,1	1	6+2+2+1	y	n	10	-	-
11/o2880.2	2880	6,1,1,1,1,1	4	6+4+1	y	n	10	-	-
11/o2880.3	2880	5,4,1,1	1	5+4+1+1	y	n	20	-	-
11/o3456.1	3456	4,4,3	1	4+4+3	n	n	12	-	-
11/o3840.1	3840	2,2,2,2,2,1	120	10+1	y	n	12	-	-
11/o4320.1	4320	6,3,1,1	1	6+3+1+1	y	n	15	-	-
11/o4320.2	4320	5,3,3	1	5+3+3	n	n	30	-	-
11/o5040.1	5040	7,1,1,1,1	1	7+1+1+1+1	y	n	12	-	-
11/o5760.1	5760	6,2,2,1	2	6+4+1	y	n	20	-	-
11/o5760.2	5760	5,4,2	1	5+4+2	n	n	30	-	-
11/o5760.3	5760	5,2,2,2	6	6+5	n	n	30	-	-
11/o6912.1	6912	4,4,3	2	8+3	n	n	24	-	-
11/o7200.1	7200	6,1,1,1,1,1	10	6+5	n	n	30	-	-
11/o8640.1	8640	6,3,2	1	6+3+2	n	n	30	-	-
11/o8640.2	8640	5,3,3	2	6+5	n	n	30	-	-
11/o10080.1	10080	7,2,1,1	1	7+2+1+1	y	n	14	-	-
11/o10080.2	10080	7,1,1,1,1	2	7+2+2	n	n	14	-	-
11/o14400.1	14400	5,5,1	1	5+5+1	y	n	30	-	-
11/o17280.1	17280	6,4,1	1	6+4+1	y	n	20	-	-
11/o20160.1	20160	7,1,1,1,1	4	7+4	n	n	14	-	-
11/o20160.2	20160	7,2,2	1	7+2+2	n	n	14	-	-
11/o28800.1	28800	5,5,1	2	10+1	y	n	30	-	-
11/o30240.1	30240	7,3,1	1	7+3+1	y	n	30	-	-
11/o40320.1	40320	7,2,2	2	7+4	n	n	28	-	-
11/o40320.2	40320	8,1,1,1	1	8+1+1+1	y	n	15	-	-
11/o80640.1	80640	8,2,1	1	8+2+1	y	n	30	-	-
11/o86400.1	86400	6,5	1	6+5	n	n	30	-	-
11/o120960.1	120960	7,4	1	7+4	n	n	30	-	-
11/o241920.1	241920	8,3	1	8+3	n	n	30	-	-
11/o362880.1	362880	9,1,1	1	9+1+1	y	n	20	-	-
11/o725760.1	725760	9,2	1	9+2	n	n	30	-	-
11/o3628800.1	3628800	10,1	1	10+1	y	n	30	-	-
11/o39916800.1	39916800	11	1	11	n	n	30	-	-
12/o1.1	1	1,1,1,1,1,1,1,1,1,1,1,1	1	1+1+1+1+1+1+1+1+1+1+1+1	y	y	1	y	y
12/o2.1	2	1,1,1,1,1,1,1,1,1,1,1,1	2	2+2+2+2+1+1+1+1	y	y	2	y	y
12/o2.2	2	1,1,1,1,1,1,1,1,1,1,1,1	2	2+2+2+1+1+1+1+1+1	y	y	2	y	y
12/o2.3	2	1,1,1,1,1,1,1,1,1,1,1,1	2	2+2+2+2+2+1+1	y	y	2	y	y
12/o2.4	2	1,1,1,1,1,1,1,1,1,1,1,1	2	2+2+2+2+2+2	n	y	2	y	y
12/o2.5	2	2,1,1,1,1,1,1,1,1,1,1	1	2+1+1+1+1+1+1+1+1+1+1	y	y	2	y	y
12/o2.6	2	1,1,1,1,1,1,1,1,1,1,1,1	2	2+2+1+1+1+1+1+1+1+1	y	y	2	y	y
12/o3.1	3	1,1,1,1,1,1,1,1,1,1,1,1	3	3+3+3+1+1+1	y	y	3	y	n
12/o3.2	3	1,1,1,1,1,1,1,1,1,1,1,1	3	3+3+3+3	n	y	3	y	n
12/o3.3	3	1,1,1,1,1,1,1,1,1,1,1,1	3	3+3+1+1+1+1+1+1	y	y	3	y	n
12/o4.1	4	2,2,1,1,1,1,1,1,1,1	1	2+2+1+1+1+1+1+1+1+1	y	n	2	y	y
12/o4.2	4	1,1,1,1,1,1,1,1,1,1,1,1	4	4+4+4	n	n	2	y	y
12/o4.3	4	2,1,1,1,1,1,1,1,1,1,1	2	2+2+2+2+1+1+1+1	y	n	2	y	y
12/o4.4	4	1,1,1,1,1,1,1,1,1,1,1,1	4	2+2+2+2+2+2	n	n	2	y	y
12/o4.5	4	1,1,1,1,1,1,1,1,1,1,1,1	4	4+2+2+2+2	n	n	2	y	y
12/o4.6	4	1,1,1,1,1,1,1,1,1,1,1,1	4	4+2+2+1+1+1+1	y	n	2	y	y
12/o4.7	4	1,1,1,1,1,1,1,1,1,1,1,1	4	2+2+2+2+1+1+1+1	y	n	2	y	y
12/o4.8	4	1,1,1,1,1,1,1,1,1,1,1,1	4	4+4+2+2	n	n	2	y	y
12/o4.9	4	2,1,1,1,1,1,1,1,1,1,1	2	2+2+2+2+2+2	n	n	2	y	y
12/o4.10	4	1,1,1,1,1,1,1,1,1,1,1,1	4	4+2+2+2+1+1	y	n	2	y	y
12/o4.11	4	1,1,1,1,1,1,1,1,1,1,1,1	4	4+4+2+1+1	y	n	2	y	y
12/o4.12	4	1,1,1,1,1,1,1,1,1,1,1,1	4	4+4+2+2	n	n	2	y	y
12/o4.13	4	1,1,1,1,1,1,1,1,1,1,1,1	4	4+2+2+2+2	n	n	2	y	y
12/o4.14	4	2,1,1,1,1,1,1,1,1,1,1	2	2+2+2+2+2+1+1	y	n	2	y	y
12/o4.15	4	1,1,1,1,1,1,1,1,1,1,1,1	4	4+2+2+2+2	n	n	2	y	y
12/o4.16	4	2,1,1,1,1,1,1,1,1,1,1	2	2+2+2+1+1+1+1+1+1	y	n	2	y	y
12/o4.17	4	1,1,1,1,1,1,1,1,1,1,1,1	4	4+2+2+1+1+1+1	y	n	2	y	y
12/o4.18	4	1,1,1,1,1,1,1,1,1,1,1,1	4	4+2+2+2+1+1	y	n	2	y	y
12/o4.19	4	1,1,1,1,1,1,1,1,1,1,1,1	4	2+2+2+2+2+1+1	y	n	2	y	y
12/o4.20	4	1,1,1,1,1,1,1,1,1,1,1,1	4	4+4+1+1+1+1	y	y	4	y	n
12/o4.21	4	1,1,1,1,1,1,1,1,1,1,1,1	4	4+4+4	n	y	4	y	n
12/o4.22	4	1,1,1,1,1,1,1,1,1,1,1,1	4	4+4+2+1+1	y	y	4	y	n
12/o4.23	4	1,1,1,1,1,1,1,1,1,1,1,1	4	2+2+2+2+2+2	n	n	2	y	y
12/o4.24	4	1,1,1,1,1,1,1,1,1,1,1,1	4	4+4+1+1+1+1	y	n	2	y	y
12/o4.25	4	1,1,1,1,1,1,1,1,1,1,1,1	4	4+2+1+1+1+1+1+1	y	n	2	y	y
12/o4.26	4	1,1,1,1,1,1,1,1,1,1,1,1	4	4+2+2+2+2	n	n	2	y	y
12/o4.27	4	1,1,1,1,1,1,1,1,1,1,1,1	4	4+2+2+2+1+1	y	n	2	y	y
12/o4.28	4	1,1,1,1,1,1,1,1,1,1,1,1	4	4+1+1+1+1+1+1+1+1	y	n	2	y	y
12/o4.29	4	1,1,1,1,1,1,1,1,1,1,1,1	4	4+4+2+2	n	y	4	y	n
12/o5.1	5	1,1,1,1,1,1,1,1,1,1,1,1	5	5+5+1+1	y	y	5	y	n
12/o6.1	6	1,1,1,1,1,1,1,1,1,1,1,1	6	3+3+1+1+1+1+1+1	y	n	3	n	y
12/o6.2	6	1,1,1,1,1,1,1,1,1,1,1,1	6	6+1+1+1+1+1+1	y	n	3	n	y
12/o6.3	6	1,1,1,1,1,1,1,1,1,1,1,1	6	6+2+2+1+1	y	n	3	n	y
12/o6.4	6	1,1,1,1,1,1,1,1,1,1,1,1	6	6+6	n	n	3	n	y
12/o6.5	6	1,1,1,1,1,1,1,1,1,1,1,1	6	6+3+2+1	y	n	3	n	y
12/o6.6	6	1,1,1,1,1,1,1,1,1,1,1,1	6	6+6	n	y	6	y	n
12/o6.7	6	1,1,1,1,1,1,1,1,1,1,1,1	6	6+3+3	n	n	3	n	y
12/o6.8	6	1,1,1,1,1,1,1,1,1,1,1,1	6	3+3+3+1+1+1	y	n	3	n	y
12/o6.9	6	1,1,1,1,1,1,1,1,1,1,1,1	6	6+2+1+1+1+1	y	n	3	n	y
12/o6.10	6	1,1,1,1,1,1,1,1,1,1,1,1	6	6+3+2+1	y	y	6	y	n
12/o6.11	6	1,1,1,1,1,1,1,1,1,1,1,1	6	6+3+1+1+1	y	y	6	y	n
12/o6.12	6	1,1,1,1,1,1,1,1,1,1,1,1	6	3+3+2+2+2	n	y	6	y	n
12/o6.13	6	1,1,1,1,1,1,1,1,1,1,1,1	6	6+2+2+2	n	n	3	n	y
12/o6.14	6	2,1,1,1,1,1,1,1,1,1,1	3	3+3+3+2+1	y	y	6	y	n
12/o6.15	6	1,1,1,1,1,1,1,1,1,1,1,1	6	3+3+2+2+1+1	y	y	6	y	n
12/o6.16	6	2,1,1,1,1,1,1,1,1,1,1	3	3+3+2+1+1+1+1	y	y	6	y	n
12/o6.17	6	1,1,1,1,1,1,1,1,1,1,1,1	6	3+3+3+3	n	n	3	n	y
12/o6.18	6	3,1,1,1,1,1,1,1,1,1	1	3+1+1+1+1+1+1+1+1+1	y	n	3	n	y
12/o6.19	6	1,1,1,1,1,1,1,1,1,1,1,1	6	6+3+1+1+1	y	n	3	n	y
12/o6.20	6	1,1,1,1,1,1,1,1,1,1,1,1	6	6+3+3	n	y	6	y	n
12/o8.1	8	1,1,1,1,1,1,1,1,1,1,1,1	8	4+4+2+2	n	n	2	y	y
12/o8.2	8	1,1,1,1,1,1,1,1,1,1,1,1	8	8+2+2	n	n	2	y	y
12/o8.3	8	1,1,1,1,1,1,1,1,1,1,1,1	8	4+2+2+2+2	n	n	2	y	y
12/o8.4	8	1,1,1,1,1,1,1,1,1,1,1,1	8	4+4+4	n	n	2	y	y
12/o8.5	8	1,1,1,1,1,1,1,1,1,1,1,1	8	4+4+2+2	n	n	2	y	y
12/o8.6	8	1,1,1,1,1,1,1,1,1,1,1,1	8	4+2+2+2+2	n	n	2	y	y
12/o8.7	8	1,1,1,1,1,1,1,1,1,1,1,1	8	4+4+2+1+1	y	n	2	y	y
12/o8.8	8	1,1,1,1,1,1,1,1,1,1,1,1	8	8+4	n	n	2	y	y
12/o8.9	8	2,1,1,1,1,1,1,1,1,1,1	4	4+2+2+2+1+1	y	n	2	y	y
12/o8.10	8	2,1,1,1,1,1,1,1,1,1,1	4	4+2+2+2+1+1	y	n	2	y	y
12/o8.11	8	2,1,1,1,1,1,1,1,1,1,1	4	4+4+2+2	n	n	2	y	y
12/o8.12	8	1,1,1,1,1,1,1,1,1,1,1,1	8	4+2+2+2+2	n	n	2	y	y
12/o8.13	8	1,1,1,1,1,1,1,1,1,1,1,1	8	4+4+2+2	n	n	2	y	y
12/o8.14	8	1,1,1,1,1,1,1,1,1,1,1,1	8	4+2+2+1+1+1+1	y	n	2	y	y
12/o8.15	8	1,1,1,1,1,1,1,1,1,1,1,1	8	4+2+2+2+1+1	y	n	2	y	y
12/o8.16	8	2,1,1,1,1,1,1,1,1,1,1	4	4+2+2+2+2	n	n	2	y	y
12/o8.17	8	1,1,1,1,1,1,1,1,1,1,1,1	8	4+4+1+1+1+1	y	n	2	y	y
12/o8.18	8	1,1,1,1,1,1,1,1,1,1,1,1	8	8+1+1+1+1	y	n	2	y	y
12/o8.19	8	2,2,2,1,1,1,1,1,1	1	2+2+2+1+1+1+1+1+1	y	n	2	y	y
12/o8.20	8	2,2,1,1,1,1,1,1,1,1	2	2+2+2+2+1+1+1+1	y	n	2	y	y
12/o8.21	8	2,1,1,1,1,1,1,1,1,1,1	4	4+2+2+1+1+1+1	y	n	2	y	y
12/o8.22	8	2,2,1,1,1,1,1,1,1,1	2	2+2+2+2+2+1+1	y	n	2	y	y
12/o8.23	8	2,1,1,1,1,1,1,1,1,1,1	4	2+2+2+2+2+1+1	y	n	2	y	y
12/o8.24	8	1,1,1,1,1,1,1,1,1,1,1,1	8	8+1+1+1+1	y	n	4	n	y
12/o8.25	8	1,1,1,1,1,1,1,1,1,1,1,1	8	4+4+2+1+1	y	n	4	n	y
12/o8.26	8	2,1,1,1,1,1,1,1,1,1,1	4	4+2+2+2+2	n	n	2	y	y
12/o8.27	8	1,1,1,1,1,1,1,1,1,1,1,1	8	2+2+2+2+2+2	n	n	2	y	y
12/o8.28	8	1,1,1,1,1,1,1,1,1,1,1,1	8	4+4+4	n	n	4	n	y
12/o8.29	8	1,1,1,1,1,1,1,1,1,1,1,1	8	4+4+4	n	n	4	n	y
12/o8.30	8	1,1,1,1,1,1,1,1,1,1,1,1	8	8+2+2	n	n	4	n	y
12/o8.31	8	1,1,1,1,1,1,1,1,1,1,1,1	8	4+4+1+1+1+1	y	n	4	n	y
12/o8.32	8	1,1,1,1,1,1,1,1,1,1,1,1	8	4+4+1+1+1+1	y	n	4	n	y
12/o8.33	8	2,1,1,1,1,1,1,1,1,1,1	4	4+4+2+1+1	y	n	4	y	n
12/o8.34	8	1,1,1,1,1,1,1,1,1,1,1,1	8	4+4+2+2	n	n	4	y	n
12/o8.35	8	1,1,1,1,1,1,1,1,1,1,1,1	8	8+2+1+1	y	n	4	n	y
12/o8.36	8	1,1,1,1,1,1,1,1,1,1,1,1	8	8+4	n	n	4	y	n
12/o8.37	8	1,1,1,1,1,1,1,1,1,1,1,1	8	4+2+2+2+1+1	y	n	2	y	y
12/o8.38	8	2,2,1,1,1,1,1,1,1,1	2	4+1+1+1+1+1+1+1+1	y	n	4	n	y
12/o8.39	8	2,2,1,1,1,1,1,1,1,1	2	4+2+2+2+2	n	n	4	n	y
12/o8.40	8	1,1,1,1,1,1,1,1,1,1,1,1	8	4+4+4	n	n	4	n	y
12/o8.41	8	2,1,1,1,1,1,1,1,1,1,1	4	4+2+2+2+2	n	n	2	y	y
12/o8.42	8	1,1,1,1,1,1,1,1,1,1,1,1	8	4+4+2+2	n	n	4	n	y
12/o8.43	8	1,1,1,1,1,1,1,1,1,1,1,1	8	4+4+2+2	n	n	2	y	y
12/o8.44	8	1,1,1,1,1,1,1,1,1,1,1,1	8	8+4	n	y	8	y	n
12/o8.45	8	2,2,1,1,1,1,1,1,1,1	2	4+2+2+2+1+1	y	n	4	n	y
12/o8.46	8	1,1,1,1,1,1,1,1,1,1,1,1	8	4+4+2+2	n	n	4	n	y
12/o8.47	8	1,1,1,1,1,1,1,1,1,1,1,1	8	4+4+2+2	n	n	2	y	y
12/o8.48	8	1,1,1,1,1,1,1,1,1,1,1,1	8	4+2+2+2+2	n	n	2	y	y
12/o8.49	8	2,1,1,1,1,1,1,1,1,1,1	4	4+4+2+2	n	n	4	y	n
12/o8.50	8	1,1,1,1,1,1,1,1,1,1,1,1	8	8+2+1+1	y	n	2	y	y
12/o8.51	8	1,1,1,1,1,1,1,1,1,1,1,1	8	4+4+4	n	n	4	y	n
12/o8.52	8	1,1,1,1,1,1,1,1,1,1,1,1	8	8+2+1+1	y	n	4	n	y
12/o8.53	8	1,1,1,1,1,1,1,1,1,1,1,1	8	4+4+2+2	n	n	4	n	y
12/o8.54	8	1,1,1,1,1,1,1,1,1,1,1,1	8	8+4	n	n	4	n	y
12/o8.55	8	1,1,1,1,1,1,1,1,1,1,1,1	8	4+4+4	n	n	2	y	y
12/o8.56	8	2,1,1,1,1,1,1,1,1,1,1	4	4+2+1+1+1+1+1+1	y	n	2	y	y
12/o8.57	8	1,1,1,1,1,1,1,1,1,1,1,1	8	8+4	n	n	4	n	y
12/o8.58	8	1,1,1,1,1,1,1,1,1,1,1,1	8	4+4+2+1+1	y	n	2	y	y
12/o8.59	8	2,1,1,1,1,1,1,1,1,1,1	4	4+4+2+1+1	y	n	2	y	y
12/o8.60	8	2,2,1,1,1,1,1,1,1,1	2	2+2+2+2+2+2	n	n	2	y	y
12/o8.61	8	1,1,1,1,1,1,1,1,1,1,1,1	8	8+2+2	n	n	2	y	y
12/o8.62	8	2,2,1,1,1,1,1,1,1,1	2	4+2+1+1+1+1+1+1	y	n	4	n	y
12/o8.63	8	1,1,1,1,1,1,1,1,1,1,1,1	8	8+2+2	n	n	4	n	y
12/o8.64	8	2,1,1,1,1,1,1,1,1,1,1	4	2+2+2+2+2+2	n	n	2	y	y
12/o8.65	8	1,1,1,1,1,1,1,1,1,1,1,1	8	4+4+2+2	n	n	2	y	y
12/o8.66	8	1,1,1,1,1,1,1,1,1,1,1,1	8	8+2+2	n	n	4	n	y
12/o8.67	8	1,1,1,1,1,1,1,1,1,1,1,1	8	4+4+2+1+1	y	n	4	n	y
12/o8.68	8	1,1,1,1,1,1,1,1,1,1,1,1	8	8+2+2	n	n	4	n	y
12/o8.69	8	2,2,1,1,1,1,1,1,1,1	2	4+2+2+1+1+1+1	y	n	4	n	y
12/o9.1	9	1,1,1,1,1,1,1,1,1,1,1,1	9	3+3+3+3	n	n	3	y	n
12/o9.2	9	1,1,1,1,1,1,1,1,1,1,1,1	9	9+3	n	n	3	y	n
12/o9.3	9	1,1,1,1,1,1,1,1,1,1,1,1	9	9+3	n	y	9	y	n
12/o10.1	10	1,1,1,1,1,1,1,1,1,1,1,1	10	10+2	n	n	5	n	y
12/o10.2	10	1,1,1,1,1,1,1,1,1,1,1,1	10	5+5+1+1	y	n	5	n	y
12/o10.3	10	1,1,1,1,1,1,1,1,1,1,1,1	10	10+1+1	y	n	5	n	y
12/o10.4	10	1,1,1,1,1,1,1,1,1,1,1,1	10	5+1+1+1+1+1+1+1	y	n	5	n	y
12/o10.5	10	2,1,1,1,1,1,1,1,1,1,1	5	5+5+2	n	y	10	y	n
12/o12.1	12	2,2,1,1,1,1,1,1,1,1	3	3+3+2+2+1+1	y	n	6	y	n
12/o12.2	12	1,1,1,1,1,1,1,1,1,1,1,1	12	6+2+2+2	n	n	6	n	y
12/o12.3	12	1,1,1,1,1,1,1,1,1,1,1,1	12	6+6	n	n	6	n	y
12/o12.4	12	1,1,1,1,1,1,1,1,1,1,1,1	12	6+2+2+1+1	y	n	6	n	y
12/o12.5	12	2,1,1,1,1,1,1,1,1,1,1	6	6+2+2+1+1	y	n	6	n	y
12/o12.6	12	1,1,1,1,1,1,1,1,1,1,1,1	12	6+4+1+1	y	n	6	n	y
12/o12.7	12	1,1,1,1,1,1,1,1,1,1,1,1	12	12	n	n	3	n	n
12/o12.8	12	2,1,1,1,1,1,1,1,1,1,1	6	6+2+2+2	n	n	6	n	y
12/o12.9	12	1,1,1,1,1,1,1,1,1,1,1,1	12	12	n	n	6	n	y
12/o12.10	12	2,1,1,1,1,1,1,1,1,1,1	6	3+3+3+2+1	y	n	6	n	y
12/o12.11	12	1,1,1,1,1,1,1,1,1,1,1,1	12	4+3+3+2	n	n	6	y	n
12/o12.12	12	1,1,1,1,1,1,1,1,1,1,1,1	12	6+1+1+1+1+1+1	y	n	6	n	y
12/o12.13	12	1,1,1,1,1,1,1,1,1,1,1,1	12	6+4+2	n	n	6	n	y
12/o12.14	12	3,2,1,1,1,1,1,1,1	1	3+2+1+1+1+1+1+1+1	y	n	6	n	y
12/o12.15	12	2,1,1,1,1,1,1,1,1,1,1	6	3+3+2+2+2	n	n	6	y	n
12/o12.16	12	1,1,1,1,1,1,1,1,1,1,1,1	12	6+2+1+1+1+1	y	n	6	n	y
12/o12.17	12	1,1,1,1,1,1,1,1,1,1,1,1	12	6+2+2+2	n	n	6	n	y
12/o12.18	12	1,1,1,1,1,1,1,1,1,1,1,1	12	6+2+2+2	n	n	6	n	y
12/o12.19	12	1,1,1,1,1,1,1,1,1,1,1,1	12	4+3+3+1+1	y	n	6	y	n
12/o12.20	12	1,1,1,1,1,1,1,1,1,1,1,1	12	6+4+2	n	n	6	n	y
12/o12.21	12	3,1,1,1,1,1,1,1,1,1	2	3+2+2+2+2+1	y	n	6	n	y
12/o12.22	12	3,1,1,1,1,1,1,1,1,1	2	3+2+2+2+1+1+1	y	n	6	n	y
12/o12.23	12	1,1,1,1,1,1,1,1,1,1,1,1	12	6+3+2+1	y	n	6	n	y
12/o12.24	12	1,1,1,1,1,1,1,1,1,1,1,1	12	6+2+2+1+1	y	n	6	n	y
12/o12.25	12	2,1,1,1,1,1,1,1,1,1,1	6	6+3+2+1	y	n	6	y	n
12/o12.26	12	1,1,1,1,1,1,1,1,1,1,1,1	12	6+6	n	n	6	y	n
12/o12.27	12	1,1,1,1,1,1,1,1,1,1,1,1	12	6+6	n	n	6	n	y
12/o12.28	12	2,1,1,1,1,1,1,1,1,1,1	6	6+3+2+1	y	n	6	n	y
12/o12.29	12	1,1,1,1,1,1,1,1,1,1,1,1	12	6+3+3	n	n	6	n	y
12/o12.30	12	1,1,1,1,1,1,1,1,1,1,1,1	12	6+3+1+1+1	y	n	6	n	y
12/o12.31	12	2,1,1,1,1,1,1,1,1,1,1	6	3+3+2+1+1+1+1	y	n	6	n	y
12/o12.32	12	1,1,1,1,1,1,1,1,1,1,1,1	12	6+6	n	n	6	n	y
12/o12.33	12	1,1,1,1,1,1,1,1,1,1,1,1	12	3+3+2+2+1+1	y	n	6	n	y
12/o12.34	12	2,1,1,1,1,1,1,1,1,1,1	6	6+2+1+1+1+1	y	n	6	n	y
12/o12.35	12	3,1,1,1,1,1,1,1,1,1	2	3+2+2+1+1+1+1+1	y	n	6	n	y
12/o12.36	12	1,1,1,1,1,1,1,1,1,1,1,1	12	3+3+2+2+2	n	n	6	n	y
12/o14.1	14	1,1,1,1,1,1,1,1,1,1,1,1	14	7+1+1+1+1+1	y	n	7	n	y
12/o16.1	16	1,1,1,1,1,1,1,1,1,1,1,1	16	4+4+2+2	n	n	2	y	y
12/o16.2	16	1,1,1,1,1,1,1,1,1,1,1,1	16	8+4	n	n	2	y	y
12/o16.3	16	1,1,1,1,1,1,1,1,1,1,1,1	16	8+2+2	n	n	2	y	y
12/o16.4	16	1,1,1,1,1,1,1,1,1,1,1,1	16	4+4+2+1+1	y	n	2	y	y
12/o16.5	16	2,2,1,1,1,1,1,1,1,1	4	2+2+2+2+2+2	n	n	2	y	y
12/o16.6	16	2,1,1,1,1,1,1,1,1,1,1	8	4+4+2+1+1	y	n	2	y	y
12/o16.7	16	2,1,1,1,1,1,1,1,1,1,1	8	8+2+1+1	y	n	4	n	y
12/o16.8	16	1,1,1,1,1,1,1,1,1,1,1,1	16	4+2+2+2+2	n	n	2	y	y
12/o16.9	16	1,1,1,1,1,1,1,1,1,1,1,1	16	4+4+2+2	n	n	2	y	y
12/o16.10	16	2,2,2,1,1,1,1,1,1	2	2+2+2+2+2+1+1	y	n	2	y	y
12/o16.11	16	1,1,1,1,1,1,1,1,1,1,1,1	16	4+4+4	n	n	4	n	y
12/o16.12	16	2,1,1,1,1,1,1,1,1,1,1	8	4+4+2+2	n	n	2	y	y
12/o16.13	16	2,2,1,1,1,1,1,1,1,1	4	4+4+2+2	n	n	2	y	y
12/o16.14	16	2,2,2,1,1,1,1,1,1	2	2+2+2+2+2+2	n	n	2	y	y
12/o16.15	16	2,2,1,1,1,1,1,1,1,1	4	4+2+2+2+2	n	n	2	y	y
12/o16.16	16	2,1,1,1,1,1,1,1,1,1,1	8	8+2+2	n	n	4	n	y
12/o16.17	16	2,1,1,1,1,1,1,1,1,1,1	8	4+4+2+2	n	n	2	y	y
12/o16.18	16	2,1,1,1,1,1,1,1,1,1,1	8	4+2+2+2+2	n	n	2	y	y
12/o16.19	16	2,1,1,1,1,1,1,1,1,1,1	8	4+2+2+2+1+1	y	n	2	y	y
12/o16.20	16	1,1,1,1,1,1,1,1,1,1,1,1	16	4+4+4	n	n	4	y	n
12/o16.21	16	2,1,1,1,1,1,1,1,1,1,1	8	8+2+2	n	n	4	n	y
12/o16.22	16	1,1,1,1,1,1,1,1,1,1,1,1	16	8+4	n	n	4	n	y
12/o16.23	16	2,2,2,1,1,1,1,1,1	2	4+2+2+1+1+1+1	y	n	4	n	y
12/o16.24	16	1,1,1,1,1,1,1,1,1,1,1,1	16	4+4+2+2	n	n	2	y	y
12/o16.25	16	2,2,1,1,1,1,1,1,1,1	4	4+4+2+2	n	n	4	n	y
12/o16.26	16	1,1,1,1,1,1,1,1,1,1,1,1	16	8+2+2	n	n	4	n	y
12/o16.27	16	1,1,1,1,1,1,1,1,1,1,1,1	16	4+4+4	n	n	4	n	y
12/o16.28	16	2,2,1,1,1,1,1,1,1,1	4	4+4+4	n	n	4	n	n
12/o16.29	16	2,2,1,1,1,1,1,1,1,1	4	4+2+2+2+2	n	n	4	n	y
12/o16.30	16	1,1,1,1,1,1,1,1,1,1,1,1	16	8+4	n	n	4	n	y
12/o16.31	16	1,1,1,1,1,1,1,1,1,1,1,1	16	8+1+1+1+1	y	n	4	n	y
12/o16.32	16	1,1,1,1,1,1,1,1,1,1,1,1	16	4+4+2+2	n	n	4	n	y
12/o16.33	16	2,1,1,1,1,1,1,1,1,1,1	8	4+2+2+2+2	n	n	2	y	y
12/o16.34	16	2,2,1,1,1,1,1,1,1,1	4	4+2+2+2+1+1	y	n	2	y	y
12/o16.35	16	2,2,1,1,1,1,1,1,1,1	4	4+2+2+2+2	n	n	2	y	y
12/o16.36	16	2,2,1,1,1,1,1,1,1,1	4	4+2+2+1+1+1+1	y	n	2	y	y
12/o16.37	16	2,2,1,1,1,1,1,1,1,1	4	4+4+1+1+1+1	y	n	4	n	y
12/o16.38	16	1,1,1,1,1,1,1,1,1,1,1,1	16	8+2+2	n	n	4	n	y
12/o16.39	16	2,1,1,1,1,1,1,1,1,1,1	8	4+4+2+1+1	y	n	4	n	y
12/o16.40	16	1,1,1,1,1,1,1,1,1,1,1,1	16	4+4+2+2	n	n	4	n	y
12/o16.41	16	1,1,1,1,1,1,1,1,1,1,1,1	16	8+2+1+1	y	n	4	n	y
12/o16.42	16	2,2,1,1,1,1,1,1,1,1	4	4+2+2+2+1+1	y	n	4	n	y
12/o16.43	16	1,1,1,1,1,1,1,1,1,1,1,1	16	8+4	n	n	4	n	n
12/o16.44	16	1,1,1,1,1,1,1,1,1,1,1,1	16	8+4	n	n	4	n	y
12/o16.45	16	2,2,1,1,1,1,1,1,1,1	4	4+4+4	n	n	4	n	y
12/o16.46	16	1,1,1,1,1,1,1,1,1,1,1,1	16	8+4	n	n	8	n	y
12/o16.47	16	1,1,1,1,1,1,1,1,1,1,1,1	16	8+1+1+1+1	y	n	8	n	y
12/o16.48	16	2,2,1,1,1,1,1,1,1,1	4	4+2+2+2+2	n	n	4	n	y
12/o16.49	16	1,1,1,1,1,1,1,1,1,1,1,1	16	4+4+4	n	n	2	y	y
12/o16.50	16	1,1,1,1,1,1,1,1,1,1,1,1	16	8+2+2	n	n	4	n	y
12/o16.51	16	1,1,1,1,1,1,1,1,1,1,1,1	16	4+4+1+1+1+1	y	n	2	y	y
12/o16.52	16	1,1,1,1,1,1,1,1,1,1,1,1	16	8+2+2	n	n	4	n	y
12/o16.53	16	1,1,1,1,1,1,1,1,1,1,1,1	16	8+2+1+1	y	n	8	n	y
12/o16.54	16	1,1,1,1,1,1,1,1,1,1,1,1	16	8+2+2	n	n	4	n	y
12/o16.55	16	2,1,1,1,1,1,1,1,1,1,1	8	4+4+2+1+1	y	n	4	n	y
12/o16.56	16	2,1,1,1,1,1,1,1,1,1,1	8	4+4+2+2	n	n	4	n	y
12/o16.57	16	2,2,1,1,1,1,1,1,1,1	4	4+2+2+2+2	n	n	4	n	y
12/o16.58	16	2,2,1,1,1,1,1,1,1,1	4	4+4+2+2	n	n	4	y	n
12/o16.59	16	1,1,1,1,1,1,1,1,1,1,1,1	16	8+4	n	n	4	n	y
12/o16.60	16	1,1,1,1,1,1,1,1,1,1,1,1	16	8+4	n	n	8	n	y
12/o16.61	16	1,1,1,1,1,1,1,1,1,1,1,1	16	4+4+4	n	n	2	y	y
12/o16.62	16	1,1,1,1,1,1,1,1,1,1,1,1	16	8+2+2	n	n	8	n	y
12/o16.63	16	2,1,1,1,1,1,1,1,1,1,1	8	8+2+1+1	y	n	2	y	y
12/o16.64	16	2,2,2,2,1,1,1,1	1	2+2+2+2+1+1+1+1	y	n	2	y	y
12/o16.65	16	2,2,2,1,1,1,1,1,1	2	4+2+2+2+2	n	n	4	n	y
12/o16.66	16	2,2,1,1,1,1,1,1,1,1	4	4+2+2+1+1+1+1	y	n	4	n	y
12/o16.67	16	2,2,1,1,1,1,1,1,1,1	4	4+2+2+2+1+1	y	n	4	n	y
12/o16.68	16	2,2,1,1,1,1,1,1,1,1	4	4+4+2+2	n	n	4	n	y
12/o16.69	16	2,2,2,1,1,1,1,1,1	2	4+2+1+1+1+1+1+1	y	n	4	n	y
12/o16.70	16	1,1,1,1,1,1,1,1,1,1,1,1	16	8+4	n	n	4	n	y
12/o16.71	16	1,1,1,1,1,1,1,1,1,1,1,1	16	4+4+2+2	n	n	2	y	y
12/o16.72	16	2,1,1,1,1,1,1,1,1,1,1	8	8+2+2	n	n	2	y	y
12/o16.73	16	1,1,1,1,1,1,1,1,1,1,1,1	16	8+2+1+1	y	n	4	n	y
12/o16.74	16	2,2,1,1,1,1,1,1,1,1	4	4+4+2+1+1	y	n	4	n	y
12/o16.75	16	1,1,1,1,1,1,1,1,1,1,1,1	16	4+4+4	n	n	2	y	y
12/o16.76	16	2,2,1,1,1,1,1,1,1,1	4	4+4+2+2	n	n	4	n	y
12/o16.77	16	2,2,2,1,1,1,1,1,1	2	4+2+2+2+1+1	y	n	4	n	y
12/o16.78	16	2,2,1,1,1,1,1,1,1,1	4	4+4+2+1+1	y	n	4	n	y
12/o16.79	16	2,2,1,1,1,1,1,1,1,1	4	4+4+2+2	n	n	4	n	y
12/o16.80	16	2,1,1,1,1,1,1,1,1,1,1	8	4+4+2+2	n	n	4	n	y
12/o18.1	18	1,1,1,1,1,1,1,1,1,1,1,1	18	9+3	n	n	3	n	y
12/o18.2	18	1,1,1,1,1,1,1,1,1,1,1,1	18	6+6	n	n	6	n	n
12/o18.3	18	1,1,1,1,1,1,1,1,1,1,1,1	18	6+3+3	n	n	6	n	n
12/o18.4	18	1,1,1,1,1,1,1,1,1,1,1,1	18	9+3	n	n	6	n	n
12/o18.5	18	1,1,1,1,1,1,1,1,1,1,1,1	18	9+1+1+1	y	n	9	n	y
12/o18.6	18	1,1,1,1,1,1,1,1,1,1,1,1	18	9+1+1+1	y	n	3	n	y
12/o18.7	18	1,1,1,1,1,1,1,1,1,1,1,1	18	3+3+3+3	n	n	6	n	n
12/o18.8	18	1,1,1,1,1,1,1,1,1,1,1,1	18	9+3	n	n	9	n	y
12/o18.9	18	3,1,1,1,1,1,1,1,1,1	3	3+3+3+3	n	n	6	n	n
12/o18.10	18	1,1,1,1,1,1,1,1,1,1,1,1	18	6+6	n	n	3	n	y
12/o18.11	18	3,1,1,1,1,1,1,1,1,1	3	3+3+3+1+1+1	y	n	6	n	n
12/o20.1	20	2,1,1,1,1,1,1,1,1,1,1	10	10+2	n	n	10	n	y
12/o20.2	20	1,1,1,1,1,1,1,1,1,1,1,1	20	5+2+2+2+1	y	n	10	n	y
12/o20.3	20	1,1,1,1,1,1,1,1,1,1,1,1	20	10+1+1	y	n	10	n	y
12/o20.4	20	2,1,1,1,1,1,1,1,1,1,1	10	5+5+2	n	n	10	n	y
12/o20.5	20	1,1,1,1,1,1,1,1,1,1,1,1	20	5+2+2+1+1+1	y	n	10	n	y
12/o20.6	20	2,1,1,1,1,1,1,1,1,1,1	10	5+2+1+1+1+1+1	y	n	10	n	y
12/o20.7	20	1,1,1,1,1,1,1,1,1,1,1,1	20	10+2	n	n	5	n	n
12/o20.8	20	1,1,1,1,1,1,1,1,1,1,1,1	20	10+1+1	y	n	5	n	n
12/o20.9	20	1,1,1,1,1,1,1,1,1,1,1,1	20	10+2	n	n	10	n	y
12/o22.1	22	1,1,1,1,1,1,1,1,1,1,1,1	22	11+1	y	n	11	n	y
12/o24.1	24	2,1,1,1,1,1,1,1,1,1,1	12	6+4+2	n	n	6	n	y
12/o24.2	24	1,1,1,1,1,1,1,1,1,1,1,1	24	6+4+1+1	y	n	6	n	y
12/o24.3	24	1,1,1,1,1,1,1,1,1,1,1,1	24	6+4+2	n	n	6	n	y
12/o24.4	24	2,1,1,1,1,1,1,1,1,1,1	12	4+3+3+2	n	n	6	y	n
12/o24.5	24	4,1,1,1,1,1,1,1,1	1	4+1+1+1+1+1+1+1+1	y	n	4	n	y
12/o24.6	24	2,2,1,1,1,1,1,1,1,1	6	6+4+2	n	n	6	n	n
12/o24.7	24	3,1,1,1,1,1,1,1,1,1	4	4+3+2+1+1+1	y	n	6	n	y
12/o24.8	24	3,1,1,1,1,1,1,1,1,1	4	3+2+2+2+2+1	y	n	6	n	y
12/o24.9	24	2,1,1,1,1,1,1,1,1,1,1	12	6+2+2+2	n	n	6	n	y
12/o24.10	24	2,2,1,1,1,1,1,1,1,1	6	6+2+2+2	n	n	6	n	y
12/o24.11	24	1,1,1,1,1,1,1,1,1,1,1,1	24	12	n	n	4	n	y
12/o24.12	24	1,1,1,1,1,1,1,1,1,1,1,1	24	12	n	n	6	n	n
12/o24.13	24	1,1,1,1,1,1,1,1,1,1,1,1	24	12	n	n	6	n	y
12/o24.14	24	1,1,1,1,1,1,1,1,1,1,1,1	24	4+4+1+1+1+1	y	n	4	n	y
12/o24.15	24	3,2,1,1,1,1,1,1,1	2	3+2+2+2+2+1	y	n	6	n	y
12/o24.16	24	1,1,1,1,1,1,1,1,1,1,1,1	24	6+4+2	n	n	6	n	y
12/o24.17	24	1,1,1,1,1,1,1,1,1,1,1,1	24	12	n	n	12	n	y
12/o24.18	24	1,1,1,1,1,1,1,1,1,1,1,1	24	6+2+2+1+1	y	n	6	n	y
12/o24.19	24	2,1,1,1,1,1,1,1,1,1,1	12	6+2+1+1+1+1	y	n	6	n	y
12/o24.20	24	3,1,1,1,1,1,1,1,1,1	4	4+4+3+1	y	n	12	n	n
12/o24.21	24	1,1,1,1,1,1,1,1,1,1,1,1	24	6+4+1+1	y	n	4	n	y
12/o24.22	24	2,1,1,1,1,1,1,1,1,1,1	12	6+3+2+1	y	n	6	n	y
12/o24.23	24	2,2,1,1,1,1,1,1,1,1	6	4+3+3+2	n	n	12	n	n
12/o24.24	24	2,1,1,1,1,1,1,1,1,1,1	12	6+2+2+2	n	n	6	n	y
12/o24.25	24	1,1,1,1,1,1,1,1,1,1,1,1	24	4+4+4	n	n	4	n	y
12/o24.26	24	3,1,1,1,1,1,1,1,1,1	4	4+4+3+1	y	n	6	n	y
12/o24.27	24	1,1,1,1,1,1,1,1,1,1,1,1	24	6+6	n	n	6	n	y
12/o24.28	24	2,2,1,1,1,1,1,1,1,1	6	3+3+2+2+1+1	y	n	6	n	y
12/o24.29	24	2,2,1,1,1,1,1,1,1,1	6	6+2+2+1+1	y	n	6	n	y
12/o24.30	24	2,2,1,1,1,1,1,1,1,1	6	4+3+3+1+1	y	n	12	n	n
12/o24.31	24	2,2,1,1,1,1,1,1,1,1	6	6+4+1+1	y	n	6	n	n
12/o24.32	24	1,1,1,1,1,1,1,1,1,1,1,1	24	6+2+2+2	n	n	6	n	y
12/o24.33	24	1,1,1,1,1,1,1,1,1,1,1,1	24	4+3+3+2	n	n	6	n	y
12/o24.34	24	2,2,2,1,1,1,1,1,1	3	3+3+2+2+2	n	n	6	y	n
12/o24.35	24	1,1,1,1,1,1,1,1,1,1,1,1	24	6+4+1+1	y	n	6	n	y
12/o24.36	24	2,2,2,1,1,1,1,1,1	3	6+3+1+1+1	y	n	6	n	n
12/o24.37	24	2,1,1,1,1,1,1,1,1,1,1	12	6+2+2+1+1	y	n	6	n	y
12/o24.38	24	1,1,1,1,1,1,1,1,1,1,1,1	24	6+4+2	n	n	6	n	y
12/o24.39	24	3,1,1,1,1,1,1,1,1,1	4	4+3+2+2+1	y	n	6	n	y
12/o24.40	24	2,1,1,1,1,1,1,1,1,1,1	12	3+3+2+2+2	n	n	6	n	y
12/o24.41	24	1,1,1,1,1,1,1,1,1,1,1,1	24	6+2+2+2	n	n	6	n	y
12/o24.42	24	3,1,1,1,1,1,1,1,1,1	4	4+3+2+2+1	y	n	6	n	y
12/o24.43	24	3,2,2,1,1,1,1,1	1	3+2+2+1+1+1+1+1	y	n	6	n	y
12/o24.44	24	2,2,2,1,1,1,1,1,1	3	6+3+3	n	n	6	n	n
12/o24.45	24	1,1,1,1,1,1,1,1,1,1,1,1	24	6+6	n	n	6	n	n
12/o24.46	24	1,1,1,1,1,1,1,1,1,1,1,1	24	12	n	n	6	n	n
12/o24.47	24	3,1,1,1,1,1,1,1,1,1	4	4+3+1+1+1+1+1	y	n	6	n	y
12/o24.48	24	1,1,1,1,1,1,1,1,1,1,1,1	24	4+3+3+1+1	y	n	6	n	y
12/o24.49	24	1,1,1,1,1,1,1,1,1,1,1,1	24	6+4+2	n	n	6	n	y
12/o24.50	24	3,2,1,1,1,1,1,1,1	2	3+2+2+2+1+1+1	y	n	6	n	y
12/o28.1	28	2,1,1,1,1,1,1,1,1,1,1	14	7+2+1+1+1	y	n	14	n	y
12/o28.2	28	1,1,1,1,1,1,1,1,1,1,1,1	28	7+2+2+1	y	n	14	n	y
12/o30.1	30	1,1,1,1,1,1,1,1,1,1,1,1	30	5+3+3+1	y	n	15	n	n
12/o32.1	32	1,1,1,1,1,1,1,1,1,1,1,1	32	4+4+2+2	n	n	2	y	y
12/o32.2	32	2,1,1,1,1,1,1,1,1,1,1	16	4+4+2+1+1	y	n	2	y	y
12/o32.3	32	2,2,1,1,1,1,1,1,1,1	8	4+4+2+2	n	n	2	y	y
12/o32.4	32	2,2,1,1,1,1,1,1,1,1	8	4+2+2+2+2	n	n	2	y	y
12/o32.5	32	2,2,1,1,1,1,1,1,1,1	8	4+4+2+2	n	n	4	n	y
12/o32.6	32	2,2,1,1,1,1,1,1,1,1	8	4+4+2+2	n	n	4	n	y
12/o32.7	32	2,1,1,1,1,1,1,1,1,1,1	16	8+2+1+1	y	n	4	n	y
12/o32.8	32	2,2,1,1,1,1,1,1,1,1	8	4+4+2+2	n	n	4	n	y
12/o32.9	32	2,2,1,1,1,1,1,1,1,1	8	4+4+2+2	n	n	4	n	y
12/o32.10	32	2,2,2,1,1,1,1,1,1	4	4+4+2+2	n	n	4	n	y
12/o32.11	32	2,2,2,1,1,1,1,1,1	4	4+2+2+2+2	n	n	2	y	y
12/o32.12	32	2,2,1,1,1,1,1,1,1,1	8	4+4+1+1+1+1	y	n	4	n	y
12/o32.13	32	2,2,1,1,1,1,1,1,1,1	8	4+4+2+1+1	y	n	4	n	y
12/o32.14	32	2,2,2,1,1,1,1,1,1	4	4+2+2+2+1+1	y	n	2	y	y
12/o32.15	32	1,1,1,1,1,1,1,1,1,1,1,1	32	4+4+4	n	n	4	n	y
12/o32.16	32	2,2,1,1,1,1,1,1,1,1	8	4+4+4	n	n	4	n	y
12/o32.17	32	2,2,2,1,1,1,1,1,1	4	4+4+2+2	n	n	4	n	y
12/o32.18	32	2,2,1,1,1,1,1,1,1,1	8	8+2+2	n	n	2	y	y
12/o32.19	32	2,2,2,2,1,1,1,1	2	2+2+2+2+2+2	n	n	2	y	y
12/o32.20	32	1,1,1,1,1,1,1,1,1,1,1,1	32	8+2+2	n	n	4	n	y
12/o32.21	32	2,2,1,1,1,1,1,1,1,1	8	4+2+2+2+2	n	n	4	n	y
12/o32.22	32	2,2,2,2,2,1,1	1	2+2+2+2+2+1+1	y	n	2	y	y
12/o32.23	32	2,1,1,1,1,1,1,1,1,1,1	16	8+2+1+1	y	n	8	n	y
12/o32.24	32	2,2,2,1,1,1,1,1,1	4	4+2+2+2+2	n	n	4	n	y
12/o32.25	32	2,2,1,1,1,1,1,1,1,1	8	4+4+4	n	n	4	n	y
12/o32.26	32	1,1,1,1,1,1,1,1,1,1,1,1	32	8+1+1+1+1	y	n	4	n	y
12/o32.27	32	2,2,1,1,1,1,1,1,1,1	8	8+4	n	n	4	n	n
12/o32.28	32	2,2,2,2,1,1,1,1	2	4+4+2+1+1	y	n	4	n	y
12/o32.29	32	2,2,1,1,1,1,1,1,1,1	8	8+2+2	n	n	4	n	y
12/o32.30	32	2,1,1,1,1,1,1,1,1,1,1	16	8+2+2	n	n	4	n	y
12/o32.31	32	2,2,1,1,1,1,1,1,1,1	8	4+4+2+1+1	y	n	4	n	y
12/o32.32	32	1,1,1,1,1,1,1,1,1,1,1,1	32	8+2+2	n	n	8	n	y
12/o32.33	32	2,1,1,1,1,1,1,1,1,1,1	16	4+4+2+2	n	n	2	y	y
12/o32.34	32	1,1,1,1,1,1,1,1,1,1,1,1	32	8+2+2	n	n	4	n	y
12/o32.35	32	1,1,1,1,1,1,1,1,1,1,1,1	32	4+4+4	n	n	2	y	y
12/o32.36	32	2,2,2,2,1,1,1,1	2	4+2+2+2+1+1	y	n	4	n	y
12/o32.37	32	2,2,1,1,1,1,1,1,1,1	8	4+4+4	n	n	4	n	n
12/o32.38	32	2,2,1,1,1,1,1,1,1,1	8	4+4+4	n	n	4	n	y
12/o32.39	32	2,2,1,1,1,1,1,1,1,1	8	8+4	n	n	4	n	y
12/o32.40	32	2,2,2,1,1,1,1,1,1	4	4+4+2+1+1	y	n	4	n	y
12/o32.41	32	1,1,1,1,1,1,1,1,1,1,1,1	32	8+4	n	n	8	n	y
12/o32.42	32	1,1,1,1,1,1,1,1,1,1,1,1	32	8+4	n	n	4	n	y
12/o32.43	32	2,2,1,1,1,1,1,1,1,1	8	8+4	n	n	4	n	y
12/o32.44	32	2,2,1,1,1,1,1,1,1,1	8	4+4+4	n	n	4	n	y
12/o32.45	32	2,2,2,2,1,1,1,1	2	4+4+1+1+1+1	y	n	4	n	y
12/o32.46	32	1,1,1,1,1,1,1,1,1,1,1,1	32	8+4	n	n	4	n	y
12/o32.47	32	1,1,1,1,1,1,1,1,1,1,1,1	32	8+4	n	n	2	y	y
12/o32.48	32	2,2,2,2,1,1,1,1	2	4+2+2+1+1+1+1	y	n	4	n	y
12/o32.49	32	2,2,2,2,1,1,1,1	2	4+4+2+2	n	n	4	n	y
12/o32.50	32	2,2,1,1,1,1,1,1,1,1	8	4+4+4	n	n	4	n	y
12/o32.51	32	2,1,1,1,1,1,1,1,1,1,1	16	8+2+2	n	n	4	n	y
12/o32.52	32	2,2,1,1,1,1,1,1,1,1	8	4+4+2+2	n	n	4	n	y
12/o32.53	32	1,1,1,1,1,1,1,1,1,1,1,1	32	8+4	n	n	4	n	y
12/o32.54	32	2,1,1,1,1,1,1,1,1,1,1	16	8+2+2	n	n	8	n	y
12/o32.55	32	2,2,2,2,1,1,1,1	2	4+2+2+2+2	n	n	4	n	y
12/o32.56	32	1,1,1,1,1,1,1,1,1,1,1,1	32	8+4	n	n	4	n	y
12/o32.57	32	2,2,2,1,1,1,1,1,1	4	4+2+2+2+1+1	y	n	4	n	y
12/o32.58	32	1,1,1,1,1,1,1,1,1,1,1,1	32	8+2+1+1	y	n	4	n	y
12/o32.59	32	2,2,1,1,1,1,1,1,1,1	8	4+4+2+2	n	n	4	n	y
12/o32.60	32	2,2,1,1,1,1,1,1,1,1	8	4+4+2+2	n	n	4	n	y
12/o32.61	32	2,2,2,1,1,1,1,1,1	4	4+2+2+2+2	n	n	4	n	y
12/o32.62	32	1,1,1,1,1,1,1,1,1,1,1,1	32	8+4	n	n	4	n	y
12/o32.63	32	1,1,1,1,1,1,1,1,1,1,1,1	32	4+4+4	n	n	4	n	y
12/o36.1	36	1,1,1,1,1,1,1,1,1,1,1,1	36	6+3+3	n	n	6	n	n
12/o36.2	36	3,1,1,1,1,1,1,1,1,1	6	3+3+3+1+1+1	y	n	6	n	y
12/o36.3	36	1,1,1,1,1,1,1,1,1,1,1,1	36	9+1+1+1	y	n	6	n	y
12/o36.4	36	2,1,1,1,1,1,1,1,1,1,1	18	9+2+1	y	n	6	n	y
12/o36.5	36	1,1,1,1,1,1,1,1,1,1,1,1	36	6+6	n	n	6	n	y
12/o36.6	36	1,1,1,1,1,1,1,1,1,1,1,1	36	6+3+3	n	n	6	n	y
12/o36.7	36	3,2,1,1,1,1,1,1,1	3	3+3+3+2+1	y	n	6	n	n
12/o36.8	36	1,1,1,1,1,1,1,1,1,1,1,1	36	12	n	n	6	n	y
12/o36.9	36	1,1,1,1,1,1,1,1,1,1,1,1	36	9+3	n	n	6	n	y
12/o36.10	36	2,1,1,1,1,1,1,1,1,1,1	18	9+2+1	y	n	18	n	y
12/o36.11	36	3,3,1,1,1,1,1,1	1	3+3+1+1+1+1+1+1	y	n	6	n	y
12/o36.12	36	1,1,1,1,1,1,1,1,1,1,1,1	36	6+6	n	n	6	n	y
12/o36.13	36	3,1,1,1,1,1,1,1,1,1	6	3+3+3+3	n	n	6	n	y
12/o36.14	36	3,1,1,1,1,1,1,1,1,1	6	6+3+1+1+1	y	n	6	n	y
12/o36.15	36	3,1,1,1,1,1,1,1,1,1	6	6+3+3	n	n	6	n	y
12/o36.16	36	3,1,1,1,1,1,1,1,1,1	6	6+3+3	n	n	6	n	n
12/o36.17	36	3,1,1,1,1,1,1,1,1,1	6	6+3+2+1	y	n	6	n	y
12/o36.18	36	1,1,1,1,1,1,1,1,1,1,1,1	36	3+3+3+3	n	n	6	n	y
12/o40.1	40	2,1,1,1,1,1,1,1,1,1,1	20	10+2	n	n	10	n	y
12/o40.2	40	1,1,1,1,1,1,1,1,1,1,1,1	40	5+4+2+1	y	n	10	n	y
12/o40.3	40	1,1,1,1,1,1,1,1,1,1,1,1	40	5+4+1+1+1	y	n	10	n	y
12/o40.4	40	2,1,1,1,1,1,1,1,1,1,1	20	10+2	n	n	10	n	n
12/o40.5	40	2,2,1,1,1,1,1,1,1,1	10	5+2+2+1+1+1	y	n	10	n	y
12/o40.6	40	2,1,1,1,1,1,1,1,1,1,1	20	5+2+2+2+1	y	n	10	n	y
12/o48.1	48	3,1,1,1,1,1,1,1,1,1	8	8+3+1	y	n	6	n	y
12/o48.2	48	3,1,1,1,1,1,1,1,1,1	8	4+4+3+1	y	n	6	n	y
12/o48.3	48	2,1,1,1,1,1,1,1,1,1,1	24	6+4+2	n	n	6	n	y
12/o48.4	48	3,2,1,1,1,1,1,1,1	4	4+3+2+1+1+1	y	n	6	n	y
12/o48.5	48	3,1,1,1,1,1,1,1,1,1	8	4+3+2+2+1	y	n	6	n	y
12/o48.6	48	1,1,1,1,1,1,1,1,1,1,1,1	48	6+4+1+1	y	n	6	n	y
12/o48.7	48	3,2,2,2,1,1,1	1	3+2+2+2+1+1+1	y	n	6	n	y
12/o48.8	48	3,2,2,1,1,1,1,1	2	3+2+2+2+2+1	y	n	6	n	y
12/o48.9	48	2,2,2,1,1,1,1,1,1	6	3+3+2+2+2	n	n	6	n	y
12/o48.10	48	4,1,1,1,1,1,1,1,1	2	4+2+2+2+1+1	y	n	6	n	y
12/o48.11	48	4,1,1,1,1,1,1,1,1	2	4+2+2+2+2	n	n	6	n	y
12/o48.12	48	2,2,1,1,1,1,1,1,1,1	12	6+4+2	n	n	12	n	y
12/o48.13	48	2,1,1,1,1,1,1,1,1,1,1	24	4+4+2+1+1	y	n	6	n	y
12/o48.14	48	1,1,1,1,1,1,1,1,1,1,1,1	48	8+1+1+1+1	y	n	6	n	y
12/o48.15	48	1,1,1,1,1,1,1,1,1,1,1,1	48	4+4+2+2	n	n	6	n	y
12/o48.16	48	1,1,1,1,1,1,1,1,1,1,1,1	48	8+2+1+1	y	n	6	n	y
12/o48.17	48	1,1,1,1,1,1,1,1,1,1,1,1	48	12	n	n	12	n	y
12/o48.18	48	2,2,2,1,1,1,1,1,1	6	6+6	n	n	6	n	n
12/o48.19	48	2,2,1,1,1,1,1,1,1,1	12	6+4+2	n	n	12	n	y
12/o48.20	48	1,1,1,1,1,1,1,1,1,1,1,1	48	12	n	n	6	n	y
12/o48.21	48	2,2,1,1,1,1,1,1,1,1	12	6+4+2	n	n	12	n	y
12/o48.22	48	2,1,1,1,1,1,1,1,1,1,1	24	6+2+2+2	n	n	6	n	y
12/o48.23	48	2,1,1,1,1,1,1,1,1,1,1	24	4+3+3+2	n	n	6	n	y
12/o48.24	48	2,2,2,1,1,1,1,1,1	6	6+2+2+2	n	n	6	n	y
12/o48.25	48	3,2,2,1,1,1,1,1	2	4+3+2+1+1+1	y	n	12	n	y
12/o48.26	48	2,2,1,1,1,1,1,1,1,1	12	6+2+2+1+1	y	n	6	n	y
12/o48.27	48	1,1,1,1,1,1,1,1,1,1,1,1	48	8+4	n	n	6	n	y
12/o48.28	48	1,1,1,1,1,1,1,1,1,1,1,1	48	6+4+2	n	n	6	n	y
12/o48.29	48	2,2,1,1,1,1,1,1,1,1	12	6+4+1+1	y	n	12	n	y
12/o48.30	48	3,2,1,1,1,1,1,1,1	4	4+3+2+2+1	y	n	6	n	y
12/o48.31	48	2,2,2,1,1,1,1,1,1	6	6+6	n	n	6	n	y
12/o48.32	48	3,2,2,1,1,1,1,1	2	4+3+1+1+1+1+1	y	n	12	n	y
12/o48.33	48	4,1,1,1,1,1,1,1,1	2	4+2+2+1+1+1+1	y	n	6	n	y
12/o48.34	48	1,1,1,1,1,1,1,1,1,1,1,1	48	12	n	n	6	n	y
12/o48.35	48	2,1,1,1,1,1,1,1,1,1,1	24	6+4+2	n	n	6	n	y
12/o48.36	48	2,2,1,1,1,1,1,1,1,1	12	4+3+3+1+1	y	n	12	n	y
12/o48.37	48	3,1,1,1,1,1,1,1,1,1	8	4+4+3+1	y	n	12	n	y
12/o48.38	48	2,2,2,2,1,1,1,1	3	6+3+2+1	y	n	6	n	n
12/o48.39	48	2,2,2,1,1,1,1,1,1	6	6+3+1+1+1	y	n	6	n	y
12/o48.40	48	1,1,1,1,1,1,1,1,1,1,1,1	48	8+2+2	n	n	6	n	y
12/o48.41	48	3,1,1,1,1,1,1,1,1,1	8	4+4+3+1	y	n	12	n	y
12/o48.42	48	2,2,2,1,1,1,1,1,1	6	6+1+1+1+1+1+1	y	n	6	n	y
12/o48.43	48	2,2,1,1,1,1,1,1,1,1	12	6+4+1+1	y	n	12	n	y
12/o48.44	48	2,2,1,1,1,1,1,1,1,1	12	6+2+2+2	n	n	6	n	y
12/o48.45	48	2,2,2,1,1,1,1,1,1	6	6+4+2	n	n	6	n	n
12/o48.46	48	2,2,2,1,1,1,1,1,1	6	4+3+3+2	n	n	12	n	n
12/o48.47	48	2,1,1,1,1,1,1,1,1,1,1	24	6+4+2	n	n	6	n	y
12/o48.48	48	2,2,1,1,1,1,1,1,1,1	12	4+3+3+2	n	n	12	n	y
12/o48.49	48	2,2,2,1,1,1,1,1,1	6	6+3+3	n	n	6	n	y
12/o48.50	48	1,1,1,1,1,1,1,1,1,1,1,1	48	6+4+2	n	n	6	n	y
12/o48.51	48	3,2,2,1,1,1,1,1	2	4+3+2+2+1	y	n	12	n	y
12/o48.52	48	3,1,1,1,1,1,1,1,1,1	8	8+3+1	y	n	12	n	y
12/o48.53	48	4,2,1,1,1,1,1,1	1	4+2+1+1+1+1+1+1	y	n	6	n	y
12/o48.54	48	1,1,1,1,1,1,1,1,1,1,1,1	48	6+6	n	n	6	n	y
12/o56.1	56	1,1,1,1,1,1,1,1,1,1,1,1	56	7+4+1	y	n	14	n	y
12/o56.2	56	2,2,1,1,1,1,1,1,1,1	14	7+2+2+1	y	n	14	n	y
12/o60.1	60	3,1,1,1,1,1,1,1,1,1	10	5+3+1+1+1+1	y	n	15	n	y
12/o60.2	60	1,1,1,1,1,1,1,1,1,1,1,1	60	5+3+3+1	y	n	15	n	y
12/o60.3	60	1,1,1,1,1,1,1,1,1,1,1,1	60	6+5+1	y	n	15	n	y
12/o64.1	64	2,2,2,2,2,2	1	2+2+2+2+2+2	n	n	2	y	y
12/o64.2	64	1,1,1,1,1,1,1,1,1,1,1,1	64	4+4+4	n	n	2	y	y
12/o64.3	64	2,2,1,1,1,1,1,1,1,1	16	4+4+2+2	n	n	4	n	y
12/o64.4	64	2,2,2,2,1,1,1,1	4	4+4+2+2	n	n	4	n	y
12/o64.5	64	2,2,2,2,2,1,1	2	4+2+2+2+1+1	y	n	4	n	y
12/o64.6	64	2,2,2,1,1,1,1,1,1	8	4+4+2+2	n	n	4	n	y
12/o64.7	64	2,2,2,2,1,1,1,1	4	8+4	n	n	4	n	y
12/o64.8	64	1,1,1,1,1,1,1,1,1,1,1,1	64	8+4	n	n	8	n	y
12/o64.9	64	2,2,1,1,1,1,1,1,1,1	16	8+2+2	n	n	8	n	y
12/o64.10	64	2,2,2,2,1,1,1,1	4	4+2+2+2+2	n	n	4	n	y
12/o64.11	64	2,2,1,1,1,1,1,1,1,1	16	8+4	n	n	8	n	y
12/o64.12	64	2,1,1,1,1,1,1,1,1,1,1	32	8+2+1+1	y	n	4	n	y
12/o64.13	64	1,1,1,1,1,1,1,1,1,1,1,1	64	8+4	n	n	4	n	y
12/o64.14	64	1,1,1,1,1,1,1,1,1,1,1,1	64	8+4	n	n	4	n	y
12/o64.15	64	2,2,1,1,1,1,1,1,1,1	16	4+4+2+2	n	n	2	y	y
12/o64.16	64	2,2,2,2,2,1,1	2	4+2+2+2+2	n	n	4	n	y
12/o64.17	64	2,2,2,2,1,1,1,1	4	4+2+2+2+2	n	n	2	y	y
12/o64.18	64	2,2,2,2,1,1,1,1	4	8+2+2	n	n	4	n	y
12/o64.19	64	2,2,1,1,1,1,1,1,1,1	16	4+4+4	n	n	4	n	y
12/o64.20	64	2,2,2,2,1,1,1,1	4	4+4+4	n	n	4	n	y
12/o64.21	64	2,2,1,1,1,1,1,1,1,1	16	4+4+4	n	n	4	n	y
12/o64.22	64	2,2,1,1,1,1,1,1,1,1	16	8+2+2	n	n	4	n	y
12/o64.23	64	2,2,2,1,1,1,1,1,1	8	4+4+2+1+1	y	n	4	n	y
12/o64.24	64	2,2,2,2,1,1,1,1	4	8+2+2	n	n	4	n	y
12/o64.25	64	2,2,1,1,1,1,1,1,1,1	16	8+4	n	n	4	n	y
12/o64.26	64	2,2,2,2,2,1,1	2	4+4+2+2	n	n	4	n	y
12/o64.27	64	2,2,1,1,1,1,1,1,1,1	16	4+4+4	n	n	4	n	y
12/o64.28	64	2,1,1,1,1,1,1,1,1,1,1	32	8+2+2	n	n	4	n	y
12/o64.29	64	1,1,1,1,1,1,1,1,1,1,1,1	64	8+2+2	n	n	4	n	y
12/o64.30	64	2,2,1,1,1,1,1,1,1,1	16	8+4	n	n	4	n	y
12/o64.31	64	2,2,1,1,1,1,1,1,1,1	16	4+4+4	n	n	4	n	y
12/o64.32	64	2,2,2,2,1,1,1,1	4	4+4+4	n	n	4	n	y
12/o64.33	64	2,2,1,1,1,1,1,1,1,1	16	8+4	n	n	4	n	y
12/o64.34	64	2,2,2,2,1,1,1,1	4	4+4+2+2	n	n	4	n	y
12/o64.35	64	2,2,2,2,1,1,1,1	4	8+4	n	n	8	n	n
12/o64.36	64	2,2,2,2,1,1,1,1	4	8+2+1+1	y	n	4	n	y
12/o64.37	64	2,2,1,1,1,1,1,1,1,1	16	8+4	n	n	4	n	y
12/o64.38	64	2,2,2,2,1,1,1,1	4	4+4+2+2	n	n	4	n	y
12/o64.39	64	2,2,2,2,1,1,1,1	4	4+4+1+1+1+1	y	n	4	n	y
12/o64.40	64	2,2,2,2,1,1,1,1	4	4+4+2+1+1	y	n	4	n	y
12/o64.41	64	2,2,2,1,1,1,1,1,1	8	4+4+2+2	n	n	4	n	y
12/o64.42	64	2,2,2,2,2,1,1	2	4+4+2+1+1	y	n	4	n	y
12/o64.43	64	2,2,2,2,1,1,1,1	4	8+1+1+1+1	y	n	4	n	y
12/o64.44	64	2,2,2,2,1,1,1,1	4	4+4+2+2	n	n	4	n	y
12/o72.1	72	3,3,1,1,1,1,1,1	2	6+1+1+1+1+1+1	y	n	6	n	y
12/o72.2	72	3,3,2,1,1,1,1	1	3+3+2+1+1+1+1	y	n	6	n	y
12/o72.3	72	1,1,1,1,1,1,1,1,1,1,1,1	72	6+6	n	n	6	n	y
12/o72.4	72	3,1,1,1,1,1,1,1,1,1	12	6+3+1+1+1	y	n	6	n	y
12/o72.5	72	3,1,1,1,1,1,1,1,1,1	12	6+3+2+1	y	n	6	n	y
12/o72.6	72	3,3,1,1,1,1,1,1	2	6+2+2+2	n	n	6	n	y
12/o72.7	72	1,1,1,1,1,1,1,1,1,1,1,1	72	6+6	n	n	6	n	y
12/o72.8	72	1,1,1,1,1,1,1,1,1,1,1,1	72	12	n	n	6	n	y
12/o72.9	72	3,2,1,1,1,1,1,1,1	6	6+3+2+1	y	n	6	n	y
12/o72.10	72	3,2,1,1,1,1,1,1,1	6	3+3+3+2+1	y	n	6	n	y
12/o72.11	72	1,1,1,1,1,1,1,1,1,1,1,1	72	9+1+1+1	y	n	6	n	y
12/o72.12	72	2,1,1,1,1,1,1,1,1,1,1	36	9+2+1	y	n	6	n	y
12/o72.13	72	3,3,1,1,1,1,1,1	2	3+3+2+2+1+1	y	n	6	n	y
12/o72.14	72	3,3,1,1,1,1,1,1	2	3+3+2+2+2	n	n	6	n	y
12/o72.15	72	4,1,1,1,1,1,1,1,1	3	4+3+3+1+1	y	n	12	n	n
12/o72.16	72	1,1,1,1,1,1,1,1,1,1,1,1	72	6+6	n	n	6	n	y
12/o72.17	72	3,1,1,1,1,1,1,1,1,1	12	6+3+3	n	n	6	n	y
12/o72.18	72	3,3,1,1,1,1,1,1	2	6+2+2+1+1	y	n	6	n	y
12/o72.19	72	3,3,1,1,1,1,1,1	2	6+2+1+1+1+1	y	n	6	n	y
12/o72.20	72	1,1,1,1,1,1,1,1,1,1,1,1	72	6+3+3	n	n	6	n	y
12/o80.1	80	2,2,1,1,1,1,1,1,1,1	20	5+4+2+1	y	n	20	n	y
12/o80.2	80	2,2,2,1,1,1,1,1,1	10	5+2+2+2+1	y	n	10	n	y
12/o80.3	80	2,2,1,1,1,1,1,1,1,1	20	5+4+1+1+1	y	n	20	n	y
12/o80.4	80	2,1,1,1,1,1,1,1,1,1,1	40	5+4+2+1	y	n	10	n	y
12/o84.1	84	3,1,1,1,1,1,1,1,1,1	14	7+3+1+1	y	n	21	n	y
12/o96.1	96	3,2,2,1,1,1,1,1	4	4+3+2+2+1	y	n	6	n	y
12/o96.2	96	4,1,1,1,1,1,1,1,1	4	4+4+1+1+1+1	y	n	6	n	y
12/o96.3	96	4,1,1,1,1,1,1,1,1	4	4+4+2+1+1	y	n	6	n	y
12/o96.4	96	4,1,1,1,1,1,1,1,1	4	4+4+4	n	n	12	n	n
12/o96.5	96	4,1,1,1,1,1,1,1,1	4	4+2+2+2+2	n	n	6	n	y
12/o96.6	96	2,2,1,1,1,1,1,1,1,1	24	6+4+2	n	n	12	n	y
12/o96.7	96	2,2,2,2,1,1,1,1	6	6+2+1+1+1+1	y	n	6	n	y
12/o96.8	96	4,1,1,1,1,1,1,1,1	4	4+4+2+2	n	n	6	n	y
12/o96.9	96	3,1,1,1,1,1,1,1,1,1	16	8+3+1	y	n	12	n	y
12/o96.10	96	2,2,1,1,1,1,1,1,1,1	24	6+4+1+1	y	n	12	n	y
12/o96.11	96	2,2,2,1,1,1,1,1,1	12	6+2+2+2	n	n	6	n	y
12/o96.12	96	2,2,2,1,1,1,1,1,1	12	4+3+3+2	n	n	12	n	y
12/o96.13	96	2,2,2,1,1,1,1,1,1	12	6+2+2+2	n	n	6	n	y
12/o96.14	96	2,2,1,1,1,1,1,1,1,1	24	6+4+2	n	n	12	n	y
12/o96.15	96	1,1,1,1,1,1,1,1,1,1,1,1	96	4+4+4	n	n	6	n	y
12/o96.16	96	2,1,1,1,1,1,1,1,1,1,1	48	8+2+2	n	n	6	n	y
12/o96.17	96	3,1,1,1,1,1,1,1,1,1	16	4+4+3+1	y	n	6	n	y
12/o96.18	96	2,2,2,1,1,1,1,1,1	12	6+4+2	n	n	12	n	y
12/o96.19	96	2,2,2,1,1,1,1,1,1	12	6+4+2	n	n	12	n	y
12/o96.20	96	3,2,2,2,1,1,1	2	4+3+2+1+1+1	y	n	12	n	y
12/o96.21	96	1,1,1,1,1,1,1,1,1,1,1,1	96	12	n	n	6	n	y
12/o96.22	96	3,1,1,1,1,1,1,1,1,1	16	8+3+1	y	n	24	n	y
12/o96.23	96	4,2,2,1,1,1,1	1	4+2+2+1+1+1+1	y	n	6	n	y
12/o96.24	96	1,1,1,1,1,1,1,1,1,1,1,1	96	8+2+2	n	n	6	n	y
12/o96.25	96	2,1,1,1,1,1,1,1,1,1,1	48	8+2+1+1	y	n	6	n	y
12/o96.26	96	3,2,2,2,2,1	1	3+2+2+2+2+1	y	n	6	n	y
12/o96.27	96	2,1,1,1,1,1,1,1,1,1,1	48	6+4+2	n	n	6	n	y
12/o96.28	96	1,1,1,1,1,1,1,1,1,1,1,1	96	8+4	n	n	6	n	y
12/o96.29	96	3,2,2,1,1,1,1,1	4	4+3+2+2+1	y	n	12	n	y
12/o96.30	96	3,2,2,2,1,1,1	2	4+3+2+2+1	y	n	12	n	y
12/o96.31	96	2,2,2,1,1,1,1,1,1	12	6+6	n	n	6	n	y
12/o96.32	96	2,2,1,1,1,1,1,1,1,1	24	4+4+2+2	n	n	6	n	y
12/o96.33	96	4,2,1,1,1,1,1,1	2	4+2+2+2+1+1	y	n	6	n	y
12/o96.34	96	4,1,1,1,1,1,1,1,1	4	4+4+2+2	n	n	6	n	y
12/o96.35	96	2,2,2,1,1,1,1,1,1	12	6+2+2+1+1	y	n	6	n	y
12/o96.36	96	3,2,2,1,1,1,1,1	4	4+4+3+1	y	n	12	n	y
12/o96.37	96	4,1,1,1,1,1,1,1,1	4	4+4+4	n	n	6	n	y
12/o96.38	96	2,2,2,2,1,1,1,1	6	6+3+2+1	y	n	6	n	y
12/o96.39	96	4,2,1,1,1,1,1,1	2	4+2+2+2+2	n	n	6	n	y
12/o100.1	100	1,1,1,1,1,1,1,1,1,1,1,1	100	5+5+1+1	y	n	10	n	y
12/o108.1	108	3,1,1,1,1,1,1,1,1,1	18	9+3	n	n	6	n	y
12/o108.2	108	3,1,1,1,1,1,1,1,1,1	18	9+3	n	n	18	n	y
12/o108.3	108	3,3,1,1,1,1,1,1	3	3+3+3+3	n	n	6	n	n
12/o112.1	112	2,2,1,1,1,1,1,1,1,1	28	7+4+1	y	n	28	n	y
12/o120.1	120	1,1,1,1,1,1,1,1,1,1,1,1	120	6+5+1	y	n	30	n	y
12/o120.2	120	5,1,1,1,1,1,1,1	1	5+1+1+1+1+1+1+1	y	n	6	n	y
12/o120.3	120	1,1,1,1,1,1,1,1,1,1,1,1	120	12	n	n	10	n	y
12/o120.4	120	3,2,1,1,1,1,1,1,1	10	5+3+2+1+1	y	n	30	n	y
12/o120.5	120	3,1,1,1,1,1,1,1,1,1	20	5+3+2+2	n	n	30	n	y
12/o120.6	120	1,1,1,1,1,1,1,1,1,1,1,1	120	10+1+1	y	n	6	n	y
12/o120.7	120	1,1,1,1,1,1,1,1,1,1,1,1	120	5+5+1+1	y	n	6	n	y
12/o128.1	128	2,2,2,2,1,1,1,1	8	4+4+2+2	n	n	4	n	y
12/o128.2	128	2,2,2,2,2,1,1	4	8+2+1+1	y	n	4	n	y
12/o128.3	128	2,2,2,2,1,1,1,1	8	4+4+4	n	n	4	n	y
12/o128.4	128	2,2,2,2,2,2	2	4+2+2+2+2	n	n	4	n	y
12/o128.5	128	2,2,2,2,1,1,1,1	8	4+4+4	n	n	4	n	y
12/o128.6	128	2,2,2,2,2,2	2	4+4+4	n	n	4	n	y
12/o128.7	128	2,2,1,1,1,1,1,1,1,1	32	4+4+4	n	n	4	n	y
12/o128.8	128	2,2,2,2,2,2	2	4+4+2+2	n	n	4	n	y
12/o128.9	128	2,2,1,1,1,1,1,1,1,1	32	8+4	n	n	4	n	y
12/o128.10	128	2,2,2,2,1,1,1,1	8	8+1+1+1+1	y	n	8	n	y
12/o128.11	128	1,1,1,1,1,1,1,1,1,1,1,1	128	8+4	n	n	4	n	y
12/o128.12	128	2,2,2,2,1,1,1,1	8	8+4	n	n	8	n	y
12/o128.13	128	2,2,2,2,2,1,1	4	4+4+2+1+1	y	n	4	n	y
12/o128.14	128	2,2,2,2,1,1,1,1	8	8+2+2	n	n	8	n	y
12/o128.15	128	2,2,2,2,1,1,1,1	8	8+2+1+1	y	n	8	n	y
12/o128.16	128	2,2,1,1,1,1,1,1,1,1	32	8+4	n	n	4	n	y
12/o128.17	128	2,2,2,2,1,1,1,1	8	8+4	n	n	4	n	y
12/o128.18	128	2,2,1,1,1,1,1,1,1,1	32	8+4	n	n	8	n	y
12/o128.19	128	2,2,2,2,1,1,1,1	8	8+2+2	n	n	4	n	y
12/o128.20	128	2,2,2,2,2,1,1	4	4+4+2+2	n	n	4	n	y
12/o128.21	128	2,2,2,2,2,1,1	4	8+2+2	n	n	4	n	y
12/o128.22	128	2,2,2,2,1,1,1,1	8	8+4	n	n	8	n	y
12/o128.23	128	2,2,1,1,1,1,1,1,1,1	32	8+2+2	n	n	4	n	y
12/o128.24	128	2,2,2,2,1,1,1,1	8	4+4+2+2	n	n	4	n	y
12/o140.1	140	1,1,1,1,1,1,1,1,1,1,1,1	140	7+5	n	n	35	n	y
12/o144.1	144	4,1,1,1,1,1,1,1,1	6	4+3+3+1+1	y	n	12	n	y
12/o144.2	144	4,2,1,1,1,1,1,1	3	4+3+3+2	n	n	12	n	n
12/o144.3	144	1,1,1,1,1,1,1,1,1,1,1,1	144	12	n	n	12	n	y
12/o144.4	144	2,2,2,1,1,1,1,1,1	18	6+3+3	n	n	12	n	n
12/o144.5	144	3,3,1,1,1,1,1,1	4	4+3+3+2	n	n	6	n	y
12/o144.6	144	1,1,1,1,1,1,1,1,1,1,1,1	144	6+6	n	n	6	n	y
12/o144.7	144	3,3,2,1,1,1,1	2	6+2+1+1+1+1	y	n	6	n	y
12/o144.8	144	3,3,1,1,1,1,1,1	4	6+4+2	n	n	6	n	y
12/o144.9	144	3,3,2,2,1,1	1	3+3+2+2+1+1	y	n	6	n	y
12/o144.10	144	3,2,1,1,1,1,1,1,1	12	6+3+2+1	y	n	6	n	y
12/o144.11	144	3,3,1,1,1,1,1,1	4	6+4+2	n	n	6	n	y
12/o144.12	144	3,3,1,1,1,1,1,1	4	6+2+2+1+1	y	n	6	n	y
12/o144.13	144	3,3,1,1,1,1,1,1	4	6+2+2+2	n	n	6	n	y
12/o144.14	144	3,2,2,2,1,1,1	3	6+3+3	n	n	6	n	n
12/o144.15	144	1,1,1,1,1,1,1,1,1,1,1,1	144	12	n	n	6	n	y
12/o144.16	144	4,1,1,1,1,1,1,1,1	6	6+4+2	n	n	12	n	y
12/o144.17	144	4,1,1,1,1,1,1,1,1	6	6+4+1+1	y	n	12	n	y
12/o144.18	144	3,3,2,1,1,1,1	2	6+2+2+1+1	y	n	6	n	y
12/o144.19	144	3,3,1,1,1,1,1,1	4	6+2+2+2	n	n	6	n	y
12/o144.20	144	3,3,2,1,1,1,1	2	6+2+2+2	n	n	6	n	y
12/o144.21	144	2,1,1,1,1,1,1,1,1,1,1	72	9+2+1	y	n	6	n	y
12/o144.22	144	3,3,1,1,1,1,1,1	4	6+4+1+1	y	n	6	n	y
12/o144.23	144	3,3,1,1,1,1,1,1	4	4+3+3+1+1	y	n	6	n	y
12/o144.24	144	4,3,1,1,1,1,1	1	4+3+1+1+1+1+1	y	n	12	n	y
12/o144.25	144	3,1,1,1,1,1,1,1,1,1	24	4+4+3+1	y	n	12	n	y
12/o144.26	144	3,3,2,1,1,1,1	2	3+3+2+2+2	n	n	6	n	y
12/o160.1	160	2,2,2,1,1,1,1,1,1	20	5+4+2+1	y	n	20	n	y
12/o168.1	168	3,2,1,1,1,1,1,1,1	14	7+3+2	n	n	42	n	y
12/o192.1	192	4,1,1,1,1,1,1,1,1	8	8+4	n	n	6	n	y
12/o192.2	192	4,1,1,1,1,1,1,1,1	8	4+4+4	n	n	6	n	y
12/o192.3	192	4,1,1,1,1,1,1,1,1	8	4+4+2+2	n	n	6	n	y
12/o192.4	192	1,1,1,1,1,1,1,1,1,1,1,1	192	8+4	n	n	6	n	y
12/o192.5	192	4,2,2,2,1,1	1	4+2+2+2+1+1	y	n	6	n	y
12/o192.6	192	4,2,2,1,1,1,1	2	4+4+2+2	n	n	12	n	y
12/o192.7	192	2,2,2,2,2,2	3	6+6	n	n	6	n	n
12/o192.8	192	2,2,1,1,1,1,1,1,1,1	48	4+4+4	n	n	12	n	y
12/o192.9	192	3,1,1,1,1,1,1,1,1,1	32	8+3+1	y	n	12	n	y
12/o192.10	192	2,2,2,1,1,1,1,1,1	24	6+4+2	n	n	6	n	y
12/o192.11	192	2,2,1,1,1,1,1,1,1,1	48	8+4	n	n	12	n	y
12/o192.12	192	2,2,2,1,1,1,1,1,1	24	6+4+2	n	n	12	n	y
12/o192.13	192	2,2,1,1,1,1,1,1,1,1	48	8+2+2	n	n	6	n	y
12/o192.14	192	3,2,2,1,1,1,1,1	8	4+4+3+1	y	n	12	n	y
12/o192.15	192	4,2,1,1,1,1,1,1	4	4+4+2+2	n	n	6	n	y
12/o192.16	192	4,1,1,1,1,1,1,1,1	8	4+4+4	n	n	12	n	y
12/o192.17	192	2,2,2,2,2,1,1	6	6+2+2+1+1	y	n	6	n	y
12/o192.18	192	4,2,2,1,1,1,1	2	4+4+1+1+1+1	y	n	12	n	y
12/o192.19	192	4,2,2,1,1,1,1	2	4+4+2+1+1	y	n	12	n	y
12/o192.20	192	3,2,2,2,2,1	2	4+4+3+1	y	n	12	n	y
12/o192.21	192	4,2,1,1,1,1,1,1	4	4+4+2+1+1	y	n	6	n	y
12/o192.22	192	4,1,1,1,1,1,1,1,1	8	8+4	n	n	12	n	y
12/o192.23	192	4,1,1,1,1,1,1,1,1	8	4+4+4	n	n	12	n	y
12/o192.24	192	2,2,2,1,1,1,1,1,1	24	6+4+1+1	y	n	6	n	y
12/o192.25	192	4,2,2,1,1,1,1	2	4+2+2+2+2	n	n	6	n	y
12/o192.26	192	3,2,2,2,2,1	2	4+3+2+2+1	y	n	12	n	y
12/o192.27	192	2,2,2,2,1,1,1,1	12	6+2+2+2	n	n	6	n	y
12/o200.1	200	2,1,1,1,1,1,1,1,1,1,1	100	5+5+2	n	n	10	n	y
12/o200.2	200	1,1,1,1,1,1,1,1,1,1,1,1	200	10+2	n	n	10	n	y
12/o200.3	200	1,1,1,1,1,1,1,1,1,1,1,1	200	10+1+1	y	n	10	n	y
12/o216.1	216	3,3,1,1,1,1,1,1	6	3+3+3+3	n	n	6	n	y
12/o216.2	216	3,3,1,1,1,1,1,1	6	6+3+3	n	n	12	n	n
12/o216.3	216	3,3,1,1,1,1,1,1	6	6+3+3	n	n	6	n	y
12/o216.4	216	3,1,1,1,1,1,1,1,1,1	36	9+3	n	n	6	n	y
12/o216.5	216	3,3,1,1,1,1,1,1	6	6+6	n	n	6	n	n
12/o216.6	216	3,3,3,1,1,1	1	3+3+3+1+1+1	y	n	6	n	y
12/o240.1	240	5,1,1,1,1,1,1,1	2	5+2+2+1+1+1	y	n	10	n	y
12/o240.2	240	5,2,1,1,1,1,1	1	5+2+1+1+1+1+1	y	n	10	n	y
12/o240.3	240	3,2,2,1,1,1,1,1	10	5+3+2+2	n	n	30	n	y
12/o240.4	240	1,1,1,1,1,1,1,1,1,1,1,1	240	10+2	n	n	10	n	y
12/o240.5	240	5,1,1,1,1,1,1,1	2	5+2+2+2+1	y	n	10	n	y
12/o240.6	240	2,1,1,1,1,1,1,1,1,1,1	120	10+2	n	n	10	n	y
12/o240.7	240	4,1,1,1,1,1,1,1,1	10	5+4+1+1+1	y	n	20	n	y
12/o240.8	240	2,1,1,1,1,1,1,1,1,1,1	120	5+5+2	n	n	10	n	y
12/o240.9	240	3,1,1,1,1,1,1,1,1,1	40	5+4+3	n	n	30	n	y
12/o240.10	240	1,1,1,1,1,1,1,1,1,1,1,1	240	10+1+1	y	n	10	n	y
12/o256.1	256	2,2,2,2,1,1,1,1	16	8+4	n	n	4	n	y
12/o256.2	256	2,2,2,2,1,1,1,1	16	8+4	n	n	8	n	y
12/o256.3	256	2,2,2,2,1,1,1,1	16	8+2+2	n	n	8	n	y
12/o256.4	256	2,2,2,2,2,2	4	8+2+2	n	n	4	n	y
12/o256.5	256	2,2,2,2,2,1,1	8	8+2+2	n	n	8	n	y
12/o256.6	256	2,2,2,2,2,2	4	4+4+4	n	n	4	n	y
12/o256.7	256	2,2,2,2,2,2	4	4+4+2+2	n	n	4	n	y
12/o256.8	256	2,2,2,2,2,1,1	8	8+2+1+1	y	n	8	n	y
12/o256.9	256	2,2,2,2,1,1,1,1	16	4+4+4	n	n	4	n	y
12/o256.10	256	2,2,2,2,2,2	4	8+4	n	n	4	n	y
12/o256.11	256	2,2,1,1,1,1,1,1,1,1	64	8+4	n	n	4	n	y
12/o288.1	288	3,3,1,1,1,1,1,1	8	6+4+1+1	y	n	6	n	y
12/o288.2	288	3,3,2,2,1,1	2	4+3+3+1+1	y	n	12	n	y
12/o288.3	288	3,3,2,2,2	1	3+3+2+2+2	n	n	6	n	y
12/o288.4	288	3,3,2,1,1,1,1	4	6+4+2	n	n	6	n	y
12/o288.5	288	3,3,2,1,1,1,1	4	4+3+3+2	n	n	6	n	y
12/o288.6	288	4,1,1,1,1,1,1,1,1	12	6+4+1+1	y	n	12	n	y
12/o288.7	288	4,1,1,1,1,1,1,1,1	12	6+4+2	n	n	12	n	y
12/o288.8	288	3,3,2,2,1,1	2	6+2+2+1+1	y	n	6	n	y
12/o288.9	288	3,3,2,2,1,1	2	6+4+2	n	n	12	n	y
12/o288.10	288	2,2,2,1,1,1,1,1,1	36	6+6	n	n	12	n	y
12/o288.11	288	3,1,1,1,1,1,1,1,1,1	48	8+3+1	y	n	12	n	y
12/o288.12	288	3,3,2,1,1,1,1	4	6+2+2+2	n	n	6	n	y
12/o288.13	288	3,3,2,2,1,1	2	6+2+2+2	n	n	6	n	y
12/o288.14	288	2,2,2,1,1,1,1,1,1	36	6+3+3	n	n	12	n	y
12/o288.15	288	3,3,1,1,1,1,1,1	8	6+4+2	n	n	6	n	y
12/o288.16	288	3,3,1,1,1,1,1,1	8	6+4+2	n	n	6	n	y
12/o288.17	288	1,1,1,1,1,1,1,1,1,1,1,1	288	12	n	n	12	n	y
12/o288.18	288	4,2,1,1,1,1,1,1	6	4+3+3+2	n	n	12	n	y
12/o288.19	288	3,2,2,2,1,1,1	6	6+3+1+1+1	y	n	12	n	y
12/o288.20	288	3,2,2,2,1,1,1	6	6+3+3	n	n	12	n	y
12/o288.21	288	3,3,2,2,1,1	2	6+4+1+1	y	n	12	n	y
12/o288.22	288	4,2,1,1,1,1,1,1	6	6+4+2	n	n	12	n	y
12/o288.23	288	3,3,2,2,1,1	2	4+3+3+2	n	n	12	n	y
12/o288.24	288	4,3,1,1,1,1,1	2	4+3+2+2+1	y	n	12	n	y
12/o288.25	288	4,3,2,1,1,1	1	4+3+2+1+1+1	y	n	12	n	y
12/o320.1	320	2,2,2,2,2,1,1	10	10+1+1	y	n	10	n	y
12/o336.1	336	4,1,1,1,1,1,1,1,1	14	7+4+1	y	n	28	n	y
12/o360.1	360	3,3,1,1,1,1,1,1	10	5+3+3+1	y	n	30	n	y
12/o360.2	360	5,1,1,1,1,1,1,1	3	5+3+3+1	y	n	15	n	n
12/o384.1	384	4,1,1,1,1,1,1,1,1	16	4+4+4	n	n	6	n	y
12/o384.2	384	4,2,2,2,2	1	4+2+2+2+2	n	n	6	n	y
12/o384.3	384	2,2,2,2,1,1,1,1	24	8+4	n	n	8	n	y
12/o384.4	384	4,2,2,1,1,1,1	4	4+4+4	n	n	12	n	y
12/o384.5	384	2,2,2,2,2,1,1	12	6+4+1+1	y	n	12	n	y
12/o384.6	384	4,1,1,1,1,1,1,1,1	16	8+4	n	n	24	n	y
12/o384.7	384	2,2,2,2,2,2	6	12	n	n	6	n	n
12/o384.8	384	2,2,2,2,1,1,1,1	24	8+1+1+1+1	y	n	8	n	y
12/o384.9	384	4,1,1,1,1,1,1,1,1	16	8+4	n	n	12	n	y
12/o384.10	384	4,2,2,1,1,1,1	4	4+4+2+2	n	n	6	n	y
12/o384.11	384	2,2,2,2,2,2	6	6+6	n	n	6	n	y
12/o384.12	384	1,1,1,1,1,1,1,1,1,1,1,1	384	12	n	n	6	n	y
12/o384.13	384	2,2,2,2,1,1,1,1	24	6+4+2	n	n	6	n	y
12/o384.14	384	2,2,1,1,1,1,1,1,1,1	96	8+4	n	n	12	n	y
12/o384.15	384	2,2,2,2,2,1,1	12	6+4+2	n	n	12	n	y
12/o384.16	384	3,2,2,2,2,1	4	4+4+3+1	y	n	12	n	y
12/o384.17	384	4,2,2,1,1,1,1	4	4+4+2+2	n	n	12	n	y
12/o384.18	384	3,2,2,2,2,1	4	8+3+1	y	n	12	n	y
12/o384.19	384	4,2,2,2,1,1	2	4+4+2+2	n	n	12	n	y
12/o384.20	384	2,2,2,2,2,2	6	6+2+2+2	n	n	6	n	y
12/o384.21	384	4,2,2,2,1,1	2	4+4+2+1+1	y	n	12	n	y
12/o400.1	400	2,1,1,1,1,1,1,1,1,1,1	200	10+2	n	n	10	n	y
12/o432.1	432	3,3,1,1,1,1,1,1	12	6+3+3	n	n	12	n	y
12/o432.2	432	3,3,3,1,1,1	2	6+3+1+1+1	y	n	12	n	y
12/o432.3	432	3,3,3,1,1,1	2	6+3+2+1	y	n	12	n	y
12/o432.4	432	3,3,1,1,1,1,1,1	12	6+3+3	n	n	6	n	y
12/o432.5	432	3,3,1,1,1,1,1,1	12	6+6	n	n	12	n	y
12/o432.6	432	3,3,1,1,1,1,1,1	12	6+6	n	n	12	n	y
12/o432.7	432	3,1,1,1,1,1,1,1,1,1	72	9+3	n	n	12	n	y
12/o432.8	432	3,3,3,2,1	1	3+3+3+2+1	y	n	6	n	y
12/o480.1	480	2,2,2,1,1,1,1,1,1	60	6+5+1	y	n	30	n	y
12/o480.2	480	5,1,1,1,1,1,1,1	4	5+4+2+1	y	n	10	n	y
12/o480.3	480	4,2,1,1,1,1,1,1	10	5+4+2+1	y	n	30	n	y
12/o480.4	480	5,1,1,1,1,1,1,1	4	5+4+1+1+1	y	n	10	n	y
12/o480.5	480	2,1,1,1,1,1,1,1,1,1,1	240	10+2	n	n	10	n	y
12/o480.6	480	3,2,2,1,1,1,1,1	20	5+4+3	n	n	60	n	y
12/o480.7	480	5,2,2,1,1,1	1	5+2+2+1+1+1	y	n	10	n	y
12/o480.8	480	5,2,1,1,1,1,1	2	5+2+2+2+1	y	n	10	n	y
12/o512.1	512	2,2,2,2,1,1,1,1	32	8+4	n	n	8	n	y
12/o512.2	512	2,2,2,2,2,2	8	8+4	n	n	8	n	y
12/o512.3	512	2,2,2,2,2,2	8	8+4	n	n	4	n	y
12/o512.4	512	2,2,2,2,2,2	8	8+2+2	n	n	8	n	y
12/o512.5	512	2,2,2,2,2,2	8	4+4+4	n	n	4	n	y
12/o576.1	576	3,3,2,1,1,1,1	8	6+4+2	n	n	6	n	y
12/o576.2	576	3,3,2,2,2	2	6+2+2+2	n	n	6	n	y
12/o576.3	576	3,3,2,2,1,1	4	6+4+2	n	n	12	n	y
12/o576.4	576	2,2,2,1,1,1,1,1,1	72	6+6	n	n	12	n	y
12/o576.5	576	4,1,1,1,1,1,1,1,1	24	4+4+4	n	n	12	n	y
12/o576.6	576	3,3,2,2,2	2	6+4+2	n	n	12	n	y
12/o576.7	576	4,3,2,2,1	1	4+3+2+2+1	y	n	12	n	y
12/o576.8	576	3,3,2,2,2	2	4+3+3+2	n	n	12	n	y
12/o576.9	576	3,2,2,2,2,1	6	6+3+2+1	y	n	12	n	y
12/o576.10	576	3,3,2,2,1,1	4	6+4+1+1	y	n	12	n	y
12/o576.11	576	3,3,2,2,1,1	4	6+4+2	n	n	12	n	y
12/o576.12	576	4,2,1,1,1,1,1,1	12	6+4+2	n	n	12	n	y
12/o576.13	576	4,3,1,1,1,1,1	4	4+4+3+1	y	n	12	n	y
12/o576.14	576	4,4,1,1,1,1	1	4+4+1+1+1+1	y	n	12	n	y
12/o640.1	640	2,2,2,2,2,2	10	10+2	n	n	10	n	y
12/o648.1	648	3,3,3,1,1,1	3	9+3	n	n	9	n	n
12/o720.1	720	1,1,1,1,1,1,1,1,1,1,1,1	720	6+6	n	n	6	n	y
12/o720.2	720	5,1,1,1,1,1,1,1	6	6+5+1	y	n	15	n	y
12/o720.3	720	5,1,1,1,1,1,1,1	6	5+3+3+1	y	n	15	n	y
12/o720.4	720	6,1,1,1,1,1,1	1	6+1+1+1+1+1+1	y	n	6	n	y
12/o720.5	720	3,3,1,1,1,1,1,1	20	6+5+1	y	n	30	n	y
12/o720.6	720	5,3,1,1,1,1	1	5+3+1+1+1+1	y	n	15	n	y
12/o768.1	768	4,2,2,1,1,1,1	8	4+4+4	n	n	12	n	y
12/o768.2	768	4,2,2,2,2	2	4+4+2+2	n	n	12	n	y
12/o768.3	768	4,2,2,2,2	2	4+4+4	n	n	12	n	y
12/o768.4	768	2,2,2,2,2,2	12	6+4+2	n	n	12	n	y
12/o768.5	768	2,2,2,2,2,1,1	24	8+2+1+1	y	n	8	n	y
12/o768.6	768	2,2,2,2,1,1,1,1	48	8+2+2	n	n	8	n	y
12/o768.7	768	3,2,2,2,2,1	8	8+3+1	y	n	24	n	y
12/o768.8	768	4,1,1,1,1,1,1,1,1	32	8+4	n	n	12	n	y
12/o768.9	768	2,2,2,2,2,2	12	12	n	n	12	n	y
12/o864.1	864	3,3,1,1,1,1,1,1	24	6+6	n	n	12	n	y
12/o864.2	864	3,3,3,2,1	2	6+3+2+1	y	n	12	n	y
12/o864.3	864	4,3,3,1,1	1	4+3+3+1+1	y	n	12	n	y
12/o960.1	960	5,2,1,1,1,1,1	4	5+4+2+1	y	n	10	n	y
12/o960.2	960	5,2,2,1,1,1	2	5+4+1+1+1	y	n	20	n	y
12/o960.3	960	5,2,2,2,1	1	5+2+2+2+1	y	n	10	n	y
12/o960.4	960	5,2,2,1,1,1	2	5+4+2+1	y	n	20	n	y
12/o1024.1	1024	2,2,2,2,2,2	16	8+4	n	n	8	n	y
12/o1152.1	1152	4,4,1,1,1,1	2	8+2+2	n	n	12	n	y
12/o1152.2	1152	4,1,1,1,1,1,1,1,1	48	8+4	n	n	12	n	y
12/o1152.3	1152	4,4,1,1,1,1	2	8+2+1+1	y	n	12	n	y
12/o1152.4	1152	3,3,2,2,2	4	6+4+2	n	n	12	n	y
12/o1152.5	1152	4,3,2,2,1	2	4+4+3+1	y	n	12	n	y
12/o1152.6	1152	4,2,2,2,1,1	6	6+4+1+1	y	n	12	n	y
12/o1152.7	1152	4,4,2,1,1	1	4+4+2+1+1	y	n	12	n	y
12/o1152.8	1152	4,4,1,1,1,1	2	8+1+1+1+1	y	n	12	n	y
12/o1152.9	1152	4,4,1,1,1,1	2	4+4+2+2	n	n	12	n	y
12/o1200.1	1200	5,1,1,1,1,1,1,1	10	5+5+1+1	y	n	30	n	y
12/o1296.1	1296	3,3,3,3	1	3+3+3+3	n	n	6	n	y
12/o1296.2	1296	3,3,3,1,1,1	6	9+3	n	n	12	n	y
12/o1296.3	1296	3,3,3,1,1,1	6	9+1+1+1	y	n	12	n	y
12/o1440.1	1440	6,1,1,1,1,1,1	2	6+2+2+2	n	n	10	n	y
12/o1440.2	1440	5,3,2,1,1	1	5+3+2+1+1	y	n	30	n	y
12/o1440.3	1440	5,1,1,1,1,1,1,1	12	6+5+1	y	n	30	n	y
12/o1440.4	1440	4,3,1,1,1,1,1	10	5+4+3	n	n	60	n	y
12/o1440.5	1440	5,3,1,1,1,1	2	5+3+2+2	n	n	30	n	y
12/o1440.6	1440	6,1,1,1,1,1,1	2	6+2+2+1+1	y	n	10	n	y
12/o1440.7	1440	6,2,1,1,1,1	1	6+2+1+1+1+1	y	n	10	n	y
12/o1440.8	1440	1,1,1,1,1,1,1,1,1,1,1,1	1440	12	n	n	10	n	y
12/o1536.1	1536	2,2,2,2,1,1,1,1	96	8+4	n	n	8	n	y
12/o1536.2	1536	2,2,2,2,2,2	24	8+2+2	n	n	8	n	y
12/o1536.3	1536	4,2,2,2,2	4	4+4+4	n	n	12	n	y
12/o1536.4	1536	4,2,2,2,2	4	8+4	n	n	12	n	y
12/o1680.1	1680	5,1,1,1,1,1,1,1	14	7+5	n	n	42	n	y
12/o1728.1	1728	4,3,3,1,1	2	6+4+2	n	n	12	n	y
12/o1728.2	1728	4,3,3,1,1	2	6+4+1+1	y	n	12	n	y
12/o1728.3	1728	4,3,3,2	1	4+3+3+2	n	n	12	n	y
12/o1728.4	1728	3,3,2,2,2	6	6+3+3	n	n	12	n	y
12/o1920.1	1920	5,2,2,2,1	2	5+4+2+1	y	n	20	n	y
12/o2160.1	2160	6,1,1,1,1,1,1	3	6+3+3	n	n	15	-	-
12/o2304.1	2304	4,4,2,2	1	4+4+2+2	n	n	12	-	-
12/o2304.2	2304	4,4,1,1,1,1	4	4+4+4	n	n	12	-	-
12/o2304.3	2304	2,2,2,2,2,2	36	6+6	n	n	12	-	-
12/o2304.4	2304	4,4,2,1,1	2	8+2+1+1	y	n	12	-	-
12/o2304.5	2304	4,4,2,1,1	2	8+2+2	n	n	12	-	-
12/o2304.6	2304	3,2,2,2,2,1	24	8+3+1	y	n	24	-	-
12/o2304.7	2304	4,2,2,2,2	6	6+4+2	n	n	12	-	-
12/o2304.8	2304	4,4,1,1,1,1	4	8+4	n	n	12	-	-
12/o2304.9	2304	4,4,1,1,1,1	4	8+2+2	n	n	12	-	-
12/o2400.1	2400	5,2,1,1,1,1,1	10	5+5+2	n	n	30	-	-
12/o2592.1	2592	3,3,3,3	2	6+3+3	n	n	12	-	-
12/o2592.2	2592	3,3,3,2,1	6	9+2+1	y	n	18	-	-
12/o2592.3	2592	3,3,3,3	2	6+6	n	n	12	-	-
12/o2880.1	2880	6,1,1,1,1,1,1	4	6+4+2	n	n	10	-	-
12/o2880.2	2880	5,3,1,1,1,1	4	5+4+3	n	n	30	-	-
12/o2880.3	2880	6,2,1,1,1,1	2	6+2+2+2	n	n	10	-	-
12/o2880.4	2880	6,1,1,1,1,1,1	4	6+4+1+1	y	n	10	-	-
12/o2880.5	2880	5,3,2,2	1	5+3+2+2	n	n	30	-	-
12/o2880.6	2880	6,2,2,1,1	1	6+2+2+1+1	y	n	10	-	-
12/o2880.7	2880	5,4,1,1,1	1	5+4+1+1+1	y	n	20	-	-
12/o3072.1	3072	2,2,2,2,2,2	48	12	n	n	12	-	-
12/o3072.2	3072	2,2,2,2,2,2	48	8+4	n	n	12	-	-
12/o3072.3	3072	4,2,2,2,2	8	8+4	n	n	24	-	-
12/o3456.1	3456	4,3,3,2	2	6+4+2	n	n	12	-	-
12/o3456.2	3456	3,3,2,2,2	12	6+6	n	n	12	-	-
12/o3456.3	3456	4,4,3,1	1	4+4+3+1	y	n	12	-	-
12/o3840.1	3840	2,2,2,2,2,1,1	120	10+1+1	y	n	12	-	-
12/o4320.1	4320	6,3,1,1,1	1	6+3+1+1+1	y	n	15	-	-
12/o4320.2	4320	6,1,1,1,1,1,1	6	6+3+3	n	n	15	-	-
12/o4320.3	4320	5,3,3,1	1	5+3+3+1	y	n	30	-	-
12/o4320.4	4320	6,1,1,1,1,1,1	6	6+6	n	n	15	-	-
12/o4608.1	4608	4,4,1,1,1,1	8	8+4	n	n	12	-	-
12/o4608.2	4608	4,4,2,2	2	8+4	n	n	12	-	-
12/o4608.3	4608	4,4,2,2	2	8+2+2	n	n	12	-	-
12/o4608.4	4608	2,2,2,2,2,2	72	12	n	n	12	-	-
12/o4608.5	4608	4,4,2,2	2	4+4+4	n	n	12	-	-
12/o5040.1	5040	7,1,1,1,1,1	1	7+1+1+1+1+1	y	n	12	-	-
12/o5184.1	5184	3,3,3,3	4	6+6	n	n	12	-	-
12/o5184.2	5184	3,3,3,3	4	12	n	n	12	-	-
12/o5760.1	5760	6,2,1,1,1,1	4	6+4+2	n	n	10	-	-
12/o5760.2	5760	6,2,2,1,1	2	6+4+1+1	y	n	20	-	-
12/o5760.3	5760	6,2,2,2	1	6+2+2+2	n	n	10	-	-
12/o5760.4	5760	5,3,2,2	2	5+4+3	n	n	60	-	-
12/o5760.5	5760	5,2,2,2,1	6	6+5+1	y	n	30	-	-
12/o5760.6	5760	6,2,2,1,1	2	6+4+2	n	n	20	-	-
12/o5760.7	5760	5,4,2,1	1	5+4+2+1	y	n	30	-	-
12/o6912.1	6912	4,4,3,1	2	8+3+1	y	n	24	-	-
12/o7200.1	7200	6,1,1,1,1,1,1	10	6+5+1	y	n	30	-	-
12/o7680.1	7680	2,2,2,2,2,2	120	10+2	n	n	12	-	-
12/o7776.1	7776	3,3,3,3	6	9+3	n	n	18	-	-
12/o8640.1	8640	6,3,2,1	1	6+3+2+1	y	n	30	-	-
12/o8640.2	8640	6,1,1,1,1,1,1	12	6+6	n	n	30	-	-
12/o8640.3	8640	5,3,3,1	2	6+5+1	y	n	30	-	-
12/o9216.1	9216	4,2,2,2,2	24	8+4	n	n	24	-	-
12/o9216.2	9216	4,4,2,2	4	8+4	n	n	12	-	-
12/o10080.1	10080	7,2,1,1,1	1	7+2+1+1+1	y	n	14	-	-
12/o10080.2	10080	7,1,1,1,1,1	2	7+2+2+1	y	n	14	-	-
12/o10368.1	10368	3,3,3,3	8	12	n	n	12	-	-
12/o11520.1	11520	6,2,2,2	2	6+4+2	n	n	20	-	-
12/o13824.1	13824	4,4,4	1	4+4+4	n	n	12	-	-
12/o14400.1	14400	5,5,1,1	1	5+5+1+1	y	n	30	-	-
12/o17280.1	17280	5,4,3	1	5+4+3	n	n	60	-	-
12/o17280.2	17280	6,4,1,1	1	6+4+1+1	y	n	20	-	-
12/o20160.1	20160	7,1,1,1,1,1	4	7+4+1	y	n	14	-	-
12/o20160.2	20160	7,2,2,1	1	7+2+2+1	y	n	14	-	-
12/o25920.1	25920	6,3,3	1	6+3+3	n	n	30	-	-
12/o27648.1	27648	4,4,4	2	8+4	n	n	24	-	-
12/o28800.1	28800	5,5,1,1	2	10+2	n	n	30	-	-
12/o28800.2	28800	5,5,1,1	2	10+1+1	y	n	30	-	-
12/o28800.3	28800	5,5,2	1	5+5+2	n	n	30	-	-
12/o30240.1	30240	7,3,1,1	1	7+3+1+1	y	n	30	-	-
12/o31104.1	31104	3,3,3,3	24	12	n	n	18	-	-
12/o34560.1	34560	6,2,2,2	6	6+6	n	n	30	-	-
12/o34560.2	34560	6,4,2	1	6+4+2	n	n	30	-	-
12/o40320.1	40320	8,1,1,1,1	1	8+1+1+1+1	y	n	15	-	-
12/o40320.2	40320	7,2,2,1	2	7+4+1	y	n	28	-	-
12/o46080.1	46080	2,2,2,2,2,2	720	12	n	n	12	-	-
12/o50400.1	50400	7,1,1,1,1,1	10	7+5	n	n	60	-	-
12/o51840.1	51840	6,3,3	2	6+6	n	n	30	-	-
12/o57600.1	57600	5,5,2	2	10+2	n	n	30	-	-
12/o60480.1	60480	7,3,2	1	7+3+2	n	n	42	-	-
12/o80640.1	80640	8,1,1,1,1	2	8+2+2	n	n	30	-	-
12/o80640.2	80640	8,2,1,1	1	8+2+1+1	y	n	30	-	-
12/o82944.1	82944	4,4,4	6	12	n	n	24	-	-
12/o86400.1	86400	6,5,1	1	6+5+1	y	n	30	-	-
12/o120960.1	120960	7,4,1	1	7+4+1	y	n	30	-	-
12/o161280.1	161280	8,1,1,1,1	4	8+4	n	n	30	-	-
12/o161280.2	161280	8,2,2	1	8+2+2	n	n	30	-	-
12/o241920.1	241920	8,3,1	1	8+3+1	y	n	30	-	-
12/o322560.1	322560	8,2,2	2	8+4	n	n	60	-	-
12/o362880.1	362880	9,1,1,1	1	9+1+1+1	y	n	20	-	-
12/o518400.1	518400	6,6	1	6+6	n	n	30	-	-
12/o604800.1	604800	7,5	1	7+5	n	n	60	-	-
12/o725760.1	725760	9,2,1	1	9+2+1	y	n	30	-	-
12/o967680.1	967680	8,4	1	8+4	n	n	60	-	-
12/o1036800.1	1036800	6,6	2	12	n	n	30	-	-
12/o2177280.1	2177280	9,3	1	9+3	n	n	60	-	-
12/o3628800.1	3628800	10,1,1	1	10+1+1	y	n	30	-	-
12/o7257600.1	7257600	10,2	1	10+2	n	n	42	-	-
12/o39916800.1	39916800	11,1	1	11+1	y	n	30	-	-
12/o479001600.1	479001600	12	1	12	n	n	60	-	-
13/o1.1	1	1,1,1,1,1,1,1,1,1,1,1,1,1	1	1+1+1+1+1+1+1+1+1+1+1+1+1	y	y	1	y	y
13/o2.1	2	2,1,1,1,1,1,1,1,1,1,1,1	1	2+1+1+1+1+1+1+1+1+1+1+1	y	y	2	y	y
13/o2.2	2	1,1,1,1,1,1,1,1,1,1,1,1,1	2	2+2+1+1+1+1+1+1+1+1+1	y	y	2	y	y
13/o2.3	2	1,1,1,1,1,1,1,1,1,1,1,1,1	2	2+2+2+1+1+1+1+1+1+1	y	y	2	y	y
13/o2.4	2	1,1,1,1,1,1,1,1,1,1,1,1,1	2	2+2+2+2+1+1+1+1+1	y	y	2	y	y
13/o2.5	2	1,1,1,1,1,1,1,1,1,1,1,1,1	2	2+2+2+2+2+1+1+1	y	y	2	y	y
13/o2.6	2	1,1,1,1,1,1,1,1,1,1,1,1,1	2	2+2+2+2+2+2+1	y	y	2	y	y
13/o3.1	3	1,1,1,1,1,1,1,1,1,1,1,1,1	3	3+3+1+1+1+1+1+1+1	y	y	3	y	n
13/o3.2	3	1,1,1,1,1,1,1,1,1,1,1,1,1	3	3+3+3+1+1+1+1	y	y	3	y	n
13/o3.3	3	1,1,1,1,1,1,1,1,1,1,1,1,1	3	3+3+3+3+1	y	y	3	y	n
13/o4.1	4	1,1,1,1,1,1,1,1,1,1,1,1,1	4	4+4+1+1+1+1+1	y	y	4	y	n
13/o4.2	4	1,1,1,1,1,1,1,1,1,1,1,1,1	4	4+4+2+1+1+1	y	y	4	y	n
13/o4.3	4	1,1,1,1,1,1,1,1,1,1,1,1,1	4	4+4+2+2+1	y	y	4	y	n
13/o4.4	4	1,1,1,1,1,1,1,1,1,1,1,1,1	4	4+4+4+1	y	y	4	y	n
13/o4.5	4	1,1,1,1,1,1,1,1,1,1,1,1,1	4	4+1+1+1+1+1+1+1+1+1	y	n	2	y	y
13/o4.6	4	1,1,1,1,1,1,1,1,1,1,1,1,1	4	4+2+1+1+1+1+1+1+1	y	n	2	y	y
13/o4.7	4	1,1,1,1,1,1,1,1,1,1,1,1,1	4	4+2+2+1+1+1+1+1	y	n	2	y	y
13/o4.8	4	1,1,1,1,1,1,1,1,1,1,1,1,1	4	4+2+2+1+1+1+1+1	y	n	2	y	y
13/o4.9	4	1,1,1,1,1,1,1,1,1,1,1,1,1	4	4+4+1+1+1+1+1	y	n	2	y	y
13/o4.10	4	1,1,1,1,1,1,1,1,1,1,1,1,1	4	4+2+2+2+1+1+1	y	n	2	y	y
13/o4.11	4	1,1,1,1,1,1,1,1,1,1,1,1,1	4	4+2+2+2+1+1+1	y	n	2	y	y
13/o4.12	4	1,1,1,1,1,1,1,1,1,1,1,1,1	4	4+2+2+2+1+1+1	y	n	2	y	y
13/o4.13	4	1,1,1,1,1,1,1,1,1,1,1,1,1	4	4+4+2+1+1+1	y	n	2	y	y
13/o4.14	4	1,1,1,1,1,1,1,1,1,1,1,1,1	4	4+2+2+2+2+1	y	n	2	y	y
13/o4.15	4	1,1,1,1,1,1,1,1,1,1,1,1,1	4	4+2+2+2+2+1	y	n	2	y	y
13/o4.16	4	1,1,1,1,1,1,1,1,1,1,1,1,1	4	4+2+2+2+2+1	y	n	2	y	y
13/o4.17	4	1,1,1,1,1,1,1,1,1,1,1,1,1	4	4+2+2+2+2+1	y	n	2	y	y
13/o4.18	4	1,1,1,1,1,1,1,1,1,1,1,1,1	4	4+4+2+2+1	y	n	2	y	y
13/o4.19	4	1,1,1,1,1,1,1,1,1,1,1,1,1	4	4+4+2+2+1	y	n	2	y	y
13/o4.20	4	1,1,1,1,1,1,1,1,1,1,1,1,1	4	4+4+4+1	y	n	2	y	y
13/o4.21	4	2,2,1,1,1,1,1,1,1,1,1	1	2+2+1+1+1+1+1+1+1+1+1	y	n	2	y	y
13/o4.22	4	2,1,1,1,1,1,1,1,1,1,1,1	2	2+2+2+1+1+1+1+1+1+1	y	n	2	y	y
13/o4.23	4	2,1,1,1,1,1,1,1,1,1,1,1	2	2+2+2+2+1+1+1+1+1	y	n	2	y	y
13/o4.24	4	1,1,1,1,1,1,1,1,1,1,1,1,1	4	2+2+2+2+1+1+1+1+1	y	n	2	y	y
13/o4.25	4	2,1,1,1,1,1,1,1,1,1,1,1	2	2+2+2+2+2+1+1+1	y	n	2	y	y
13/o4.26	4	1,1,1,1,1,1,1,1,1,1,1,1,1	4	2+2+2+2+2+1+1+1	y	n	2	y	y
13/o4.27	4	2,1,1,1,1,1,1,1,1,1,1,1	2	2+2+2+2+2+2+1	y	n	2	y	y
13/o4.28	4	1,1,1,1,1,1,1,1,1,1,1,1,1	4	2+2+2+2+2+2+1	y	n	2	y	y
13/o4.29	4	1,1,1,1,1,1,1,1,1,1,1,1,1	4	2+2+2+2+2+2+1	y	n	2	y	y
13/o5.1	5	1,1,1,1,1,1,1,1,1,1,1,1,1	5	5+5+1+1+1	y	y	5	y	n
13/o6.1	6	2,1,1,1,1,1,1,1,1,1,1,1	3	3+3+2+1+1+1+1+1	y	y	6	y	n
13/o6.2	6	1,1,1,1,1,1,1,1,1,1,1,1,1	6	3+3+2+2+1+1+1	y	y	6	y	n
13/o6.3	6	2,1,1,1,1,1,1,1,1,1,1,1	3	3+3+3+2+1+1	y	y	6	y	n
13/o6.4	6	1,1,1,1,1,1,1,1,1,1,1,1,1	6	6+3+2+1+1	y	y	6	y	n
13/o6.5	6	1,1,1,1,1,1,1,1,1,1,1,1,1	6	3+3+2+2+2+1	y	y	6	y	n
13/o6.6	6	1,1,1,1,1,1,1,1,1,1,1,1,1	6	3+3+3+2+2	n	y	6	y	n
13/o6.7	6	1,1,1,1,1,1,1,1,1,1,1,1,1	6	6+3+2+2	n	y	6	y	n
13/o6.8	6	3,1,1,1,1,1,1,1,1,1,1	1	3+1+1+1+1+1+1+1+1+1+1	y	n	3	n	y
13/o6.9	6	1,1,1,1,1,1,1,1,1,1,1,1,1	6	6+3+1+1+1+1	y	y	6	y	n
13/o6.10	6	1,1,1,1,1,1,1,1,1,1,1,1,1	6	6+3+3+1	y	y	6	y	n
13/o6.11	6	1,1,1,1,1,1,1,1,1,1,1,1,1	6	6+6+1	y	y	6	y	n
13/o6.12	6	1,1,1,1,1,1,1,1,1,1,1,1,1	6	6+3+2+1+1	y	n	3	n	y
13/o6.13	6	1,1,1,1,1,1,1,1,1,1,1,1,1	6	6+3+2+2	n	n	3	n	y
13/o6.14	6	1,1,1,1,1,1,1,1,1,1,1,1,1	6	6+2+1+1+1+1+1	y	n	3	n	y
13/o6.15	6	1,1,1,1,1,1,1,1,1,1,1,1,1	6	6+2+2+1+1+1	y	n	3	n	y
13/o6.16	6	1,1,1,1,1,1,1,1,1,1,1,1,1	6	6+2+2+2+1	y	n	3	n	y
13/o6.17	6	1,1,1,1,1,1,1,1,1,1,1,1,1	6	3+3+1+1+1+1+1+1+1	y	n	3	n	y
13/o6.18	6	1,1,1,1,1,1,1,1,1,1,1,1,1	6	6+1+1+1+1+1+1+1	y	n	3	n	y
13/o6.19	6	1,1,1,1,1,1,1,1,1,1,1,1,1	6	3+3+3+1+1+1+1	y	n	3	n	y
13/o6.20	6	1,1,1,1,1,1,1,1,1,1,1,1,1	6	6+3+1+1+1+1	y	n	3	n	y
13/o6.21	6	1,1,1,1,1,1,1,1,1,1,1,1,1	6	3+3+3+3+1	y	n	3	n	y
13/o6.22	6	1,1,1,1,1,1,1,1,1,1,1,1,1	6	6+3+3+1	y	n	3	n	y
13/o6.23	6	1,1,1,1,1,1,1,1,1,1,1,1,1	6	6+6+1	y	n	3	n	y
13/o8.1	8	1,1,1,1,1,1,1,1,1,1,1,1,1	8	8+4+1	y	y	8	y	n
13/o8.2	8	2,2,1,1,1,1,1,1,1,1,1	2	4+1+1+1+1+1+1+1+1+1	y	n	4	n	y
13/o8.3	8	2,2,1,1,1,1,1,1,1,1,1	2	4+2+1+1+1+1+1+1+1	y	n	4	n	y
13/o8.4	8	2,2,1,1,1,1,1,1,1,1,1	2	4+2+2+1+1+1+1+1	y	n	4	n	y
13/o8.5	8	2,2,1,1,1,1,1,1,1,1,1	2	4+2+2+2+1+1+1	y	n	4	n	y
13/o8.6	8	2,2,1,1,1,1,1,1,1,1,1	2	4+2+2+2+2+1	y	n	4	n	y
13/o8.7	8	1,1,1,1,1,1,1,1,1,1,1,1,1	8	8+4+1	y	n	4	y	n
13/o8.8	8	1,1,1,1,1,1,1,1,1,1,1,1,1	8	8+1+1+1+1+1	y	n	4	n	y
13/o8.9	8	1,1,1,1,1,1,1,1,1,1,1,1,1	8	8+2+1+1+1	y	n	4	n	y
13/o8.10	8	1,1,1,1,1,1,1,1,1,1,1,1,1	8	8+2+1+1+1	y	n	4	n	y
13/o8.11	8	1,1,1,1,1,1,1,1,1,1,1,1,1	8	8+2+2+1	y	n	4	n	y
13/o8.12	8	1,1,1,1,1,1,1,1,1,1,1,1,1	8	8+2+2+1	y	n	4	n	y
13/o8.13	8	1,1,1,1,1,1,1,1,1,1,1,1,1	8	8+2+2+1	y	n	4	n	y
13/o8.14	8	1,1,1,1,1,1,1,1,1,1,1,1,1	8	8+2+2+1	y	n	4	n	y
13/o8.15	8	1,1,1,1,1,1,1,1,1,1,1,1,1	8	8+4+1	y	n	4	n	y
13/o8.16	8	1,1,1,1,1,1,1,1,1,1,1,1,1	8	8+4+1	y	n	4	n	y
13/o8.17	8	1,1,1,1,1,1,1,1,1,1,1,1,1	8	4+4+2+1+1+1	y	n	4	n	y
13/o8.18	8	2,1,1,1,1,1,1,1,1,1,1,1	4	4+4+2+1+1+1	y	n	4	y	n
13/o8.19	8	1,1,1,1,1,1,1,1,1,1,1,1,1	8	4+4+2+2+1	y	n	4	n	y
13/o8.20	8	1,1,1,1,1,1,1,1,1,1,1,1,1	8	4+4+2+2+1	y	n	4	y	n
13/o8.21	8	1,1,1,1,1,1,1,1,1,1,1,1,1	8	4+4+2+2+1	y	n	4	n	y
13/o8.22	8	2,1,1,1,1,1,1,1,1,1,1,1	4	4+4+2+2+1	y	n	4	y	n
13/o8.23	8	1,1,1,1,1,1,1,1,1,1,1,1,1	8	4+4+1+1+1+1+1	y	n	4	n	y
13/o8.24	8	1,1,1,1,1,1,1,1,1,1,1,1,1	8	4+4+1+1+1+1+1	y	n	4	n	y
13/o8.25	8	1,1,1,1,1,1,1,1,1,1,1,1,1	8	4+4+2+1+1+1	y	n	4	n	y
13/o8.26	8	1,1,1,1,1,1,1,1,1,1,1,1,1	8	4+4+4+1	y	n	4	n	y
13/o8.27	8	1,1,1,1,1,1,1,1,1,1,1,1,1	8	4+4+4+1	y	n	4	n	y
13/o8.28	8	1,1,1,1,1,1,1,1,1,1,1,1,1	8	4+4+4+1	y	n	4	y	n
13/o8.29	8	1,1,1,1,1,1,1,1,1,1,1,1,1	8	4+4+2+2+1	y	n	4	n	y
13/o8.30	8	1,1,1,1,1,1,1,1,1,1,1,1,1	8	4+4+4+1	y	n	4	n	y
13/o8.31	8	2,2,2,1,1,1,1,1,1,1	1	2+2+2+1+1+1+1+1+1+1	y	n	2	y	y
13/o8.32	8	2,2,1,1,1,1,1,1,1,1,1	2	2+2+2+2+1+1+1+1+1	y	n	2	y	y
13/o8.33	8	2,2,1,1,1,1,1,1,1,1,1	2	2+2+2+2+2+1+1+1	y	n	2	y	y
13/o8.34	8	2,1,1,1,1,1,1,1,1,1,1,1	4	2+2+2+2+2+1+1+1	y	n	2	y	y
13/o8.35	8	2,2,1,1,1,1,1,1,1,1,1	2	2+2+2+2+2+2+1	y	n	2	y	y
13/o8.36	8	2,1,1,1,1,1,1,1,1,1,1,1	4	2+2+2+2+2+2+1	y	n	2	y	y
13/o8.37	8	1,1,1,1,1,1,1,1,1,1,1,1,1	8	2+2+2+2+2+2+1	y	n	2	y	y
13/o8.38	8	1,1,1,1,1,1,1,1,1,1,1,1,1	8	8+1+1+1+1+1	y	n	2	y	y
13/o8.39	8	1,1,1,1,1,1,1,1,1,1,1,1,1	8	8+2+1+1+1	y	n	2	y	y
13/o8.40	8	1,1,1,1,1,1,1,1,1,1,1,1,1	8	8+2+2+1	y	n	2	y	y
13/o8.41	8	1,1,1,1,1,1,1,1,1,1,1,1,1	8	8+2+2+1	y	n	2	y	y
13/o8.42	8	1,1,1,1,1,1,1,1,1,1,1,1,1	8	8+4+1	y	n	2	y	y
13/o8.43	8	1,1,1,1,1,1,1,1,1,1,1,1,1	8	4+4+2+2+1	y	n	2	y	y
13/o8.44	8	2,1,1,1,1,1,1,1,1,1,1,1	4	4+2+1+1+1+1+1+1+1	y	n	2	y	y
13/o8.45	8	1,1,1,1,1,1,1,1,1,1,1,1,1	8	4+2+2+1+1+1+1+1	y	n	2	y	y
13/o8.46	8	2,1,1,1,1,1,1,1,1,1,1,1	4	4+2+2+1+1+1+1+1	y	n	2	y	y
13/o8.47	8	1,1,1,1,1,1,1,1,1,1,1,1,1	8	4+2+2+2+1+1+1	y	n	2	y	y
13/o8.48	8	1,1,1,1,1,1,1,1,1,1,1,1,1	8	4+2+2+2+1+1+1	y	n	2	y	y
13/o8.49	8	2,1,1,1,1,1,1,1,1,1,1,1	4	4+2+2+2+1+1+1	y	n	2	y	y
13/o8.50	8	2,1,1,1,1,1,1,1,1,1,1,1	4	4+2+2+2+1+1+1	y	n	2	y	y
13/o8.51	8	1,1,1,1,1,1,1,1,1,1,1,1,1	8	4+4+2+1+1+1	y	n	2	y	y
13/o8.52	8	2,1,1,1,1,1,1,1,1,1,1,1	4	4+4+2+1+1+1	y	n	2	y	y
13/o8.53	8	1,1,1,1,1,1,1,1,1,1,1,1,1	8	4+2+2+2+2+1	y	n	2	y	y
13/o8.54	8	1,1,1,1,1,1,1,1,1,1,1,1,1	8	4+2+2+2+2+1	y	n	2	y	y
13/o8.55	8	1,1,1,1,1,1,1,1,1,1,1,1,1	8	4+2+2+2+2+1	y	n	2	y	y
13/o8.56	8	1,1,1,1,1,1,1,1,1,1,1,1,1	8	4+2+2+2+2+1	y	n	2	y	y
13/o8.57	8	1,1,1,1,1,1,1,1,1,1,1,1,1	8	4+4+2+2+1	y	n	2	y	y
13/o8.58	8	1,1,1,1,1,1,1,1,1,1,1,1,1	8	4+4+2+2+1	y	n	2	y	y
13/o8.59	8	2,1,1,1,1,1,1,1,1,1,1,1	4	4+2+2+2+2+1	y	n	2	y	y
13/o8.60	8	2,1,1,1,1,1,1,1,1,1,1,1	4	4+2+2+2+2+1	y	n	2	y	y
13/o8.61	8	1,1,1,1,1,1,1,1,1,1,1,1,1	8	4+4+2+2+1	y	n	2	y	y
13/o8.62	8	2,1,1,1,1,1,1,1,1,1,1,1	4	4+2+2+2+2+1	y	n	2	y	y
13/o8.63	8	1,1,1,1,1,1,1,1,1,1,1,1,1	8	4+4+2+2+1	y	n	2	y	y
13/o8.64	8	2,1,1,1,1,1,1,1,1,1,1,1	4	4+4+2+2+1	y	n	2	y	y
13/o8.65	8	1,1,1,1,1,1,1,1,1,1,1,1,1	8	4+4+1+1+1+1+1	y	n	2	y	y
13/o8.66	8	1,1,1,1,1,1,1,1,1,1,1,1,1	8	4+4+2+1+1+1	y	n	2	y	y
13/o8.67	8	1,1,1,1,1,1,1,1,1,1,1,1,1	8	4+4+2+2+1	y	n	2	y	y
13/o8.68	8	1,1,1,1,1,1,1,1,1,1,1,1,1	8	4+4+4+1	y	n	2	y	y
13/o8.69	8	1,1,1,1,1,1,1,1,1,1,1,1,1	8	4+4+4+1	y	n	2	y	y
13/o9.1	9	1,1,1,1,1,1,1,1,1,1,1,1,1	9	9+3+1	y	y	9	y	n
13/o9.2	9	1,1,1,1,1,1,1,1,1,1,1,1,1	9	3+3+3+3+1	y	n	3	y	n
13/o9.3	9	1,1,1,1,1,1,1,1,1,1,1,1,1	9	9+3+1	y	n	3	y	n
13/o10.1	10	2,1,1,1,1,1,1,1,1,1,1,1	5	5+5+2+1	y	y	10	y	n
13/o10.2	10	1,1,1,1,1,1,1,1,1,1,1,1,1	10	5+1+1+1+1+1+1+1+1	y	n	5	n	y
13/o10.3	10	1,1,1,1,1,1,1,1,1,1,1,1,1	10	10+1+1+1	y	n	5	n	y
13/o10.4	10	1,1,1,1,1,1,1,1,1,1,1,1,1	10	10+2+1	y	n	5	n	y
13/o10.5	10	1,1,1,1,1,1,1,1,1,1,1,1,1	10	5+5+1+1+1	y	n	5	n	y
13/o12.1	12	3,2,1,1,1,1,1,1,1,1	1	3+2+1+1+1+1+1+1+1+1	y	n	6	n	y
13/o12.2	12	3,1,1,1,1,1,1,1,1,1,1	2	3+2+2+1+1+1+1+1+1	y	n	6	n	y
13/o12.3	12	3,1,1,1,1,1,1,1,1,1,1	2	3+2+2+2+1+1+1+1	y	n	6	n	y
13/o12.4	12	3,1,1,1,1,1,1,1,1,1,1	2	3+2+2+2+2+1+1	y	n	6	n	y
13/o12.5	12	3,1,1,1,1,1,1,1,1,1,1	2	3+2+2+2+2+2	n	n	6	n	y
13/o12.6	12	1,1,1,1,1,1,1,1,1,1,1,1,1	12	6+2+1+1+1+1+1	y	n	6	n	y
13/o12.7	12	1,1,1,1,1,1,1,1,1,1,1,1,1	12	6+2+2+1+1+1	y	n	6	n	y
13/o12.8	12	1,1,1,1,1,1,1,1,1,1,1,1,1	12	6+2+2+2+1	y	n	6	n	y
13/o12.9	12	1,1,1,1,1,1,1,1,1,1,1,1,1	12	6+1+1+1+1+1+1+1	y	n	6	n	y
13/o12.10	12	1,1,1,1,1,1,1,1,1,1,1,1,1	12	6+4+3	n	n	3	n	n
13/o12.11	12	1,1,1,1,1,1,1,1,1,1,1,1,1	12	4+3+3+1+1+1	y	n	6	y	n
13/o12.12	12	1,1,1,1,1,1,1,1,1,1,1,1,1	12	4+3+3+2+1	y	n	6	y	n
13/o12.13	12	1,1,1,1,1,1,1,1,1,1,1,1,1	12	4+3+3+3	n	n	6	y	n
13/o12.14	12	1,1,1,1,1,1,1,1,1,1,1,1,1	12	6+4+3	n	n	6	y	n
13/o12.15	12	1,1,1,1,1,1,1,1,1,1,1,1,1	12	6+4+3	n	n	6	n	y
13/o12.16	12	2,2,1,1,1,1,1,1,1,1,1	3	3+3+2+2+1+1+1	y	n	6	y	n
13/o12.17	12	2,1,1,1,1,1,1,1,1,1,1,1	6	3+3+2+2+2+1	y	n	6	y	n
13/o12.18	12	2,2,1,1,1,1,1,1,1,1,1	3	3+3+3+2+2	n	n	6	y	n
13/o12.19	12	2,1,1,1,1,1,1,1,1,1,1,1	6	6+3+2+2	n	n	6	y	n
13/o12.20	12	2,1,1,1,1,1,1,1,1,1,1,1	6	6+3+2+2	n	n	6	n	y
13/o12.21	12	2,1,1,1,1,1,1,1,1,1,1,1	6	6+2+2+1+1+1	y	n	6	n	y
13/o12.22	12	2,1,1,1,1,1,1,1,1,1,1,1	6	6+2+2+2+1	y	n	6	n	y
13/o12.23	12	1,1,1,1,1,1,1,1,1,1,1,1,1	12	6+2+2+2+1	y	n	6	n	y
13/o12.24	12	1,1,1,1,1,1,1,1,1,1,1,1,1	12	6+4+2+1	y	n	6	n	y
13/o12.25	12	2,1,1,1,1,1,1,1,1,1,1,1	6	3+3+2+1+1+1+1+1	y	n	6	n	y
13/o12.26	12	2,1,1,1,1,1,1,1,1,1,1,1	6	6+2+1+1+1+1+1	y	n	6	n	y
13/o12.27	12	1,1,1,1,1,1,1,1,1,1,1,1,1	12	6+4+1+1+1	y	n	6	n	y
13/o12.28	12	1,1,1,1,1,1,1,1,1,1,1,1,1	12	3+3+2+2+1+1+1	y	n	6	n	y
13/o12.29	12	1,1,1,1,1,1,1,1,1,1,1,1,1	12	6+2+2+1+1+1	y	n	6	n	y
13/o12.30	12	2,1,1,1,1,1,1,1,1,1,1,1	6	6+3+2+1+1	y	n	6	y	n
13/o12.31	12	2,1,1,1,1,1,1,1,1,1,1,1	6	3+3+3+2+1+1	y	n	6	n	y
13/o12.32	12	1,1,1,1,1,1,1,1,1,1,1,1,1	12	6+3+2+1+1	y	n	6	n	y
13/o12.33	12	2,1,1,1,1,1,1,1,1,1,1,1	6	6+3+2+1+1	y	n	6	n	y
13/o12.34	12	1,1,1,1,1,1,1,1,1,1,1,1,1	12	6+4+2+1	y	n	6	n	y
13/o12.35	12	1,1,1,1,1,1,1,1,1,1,1,1,1	12	3+3+2+2+2+1	y	n	6	n	y
13/o12.36	12	1,1,1,1,1,1,1,1,1,1,1,1,1	12	6+2+2+2+1	y	n	6	n	y
13/o12.37	12	1,1,1,1,1,1,1,1,1,1,1,1,1	12	6+3+2+2	n	n	6	y	n
13/o12.38	12	1,1,1,1,1,1,1,1,1,1,1,1,1	12	3+3+3+2+2	n	n	6	n	y
13/o12.39	12	1,1,1,1,1,1,1,1,1,1,1,1,1	12	6+3+2+2	n	n	6	n	y
13/o12.40	12	1,1,1,1,1,1,1,1,1,1,1,1,1	12	6+3+2+2	n	n	6	n	y
13/o12.41	12	1,1,1,1,1,1,1,1,1,1,1,1,1	12	6+3+1+1+1+1	y	n	6	n	y
13/o12.42	12	1,1,1,1,1,1,1,1,1,1,1,1,1	12	6+3+3+1	y	n	6	n	y
13/o12.43	12	1,1,1,1,1,1,1,1,1,1,1,1,1	12	6+6+1	y	n	6	n	y
13/o12.44	12	1,1,1,1,1,1,1,1,1,1,1,1,1	12	12+1	y	n	6	n	y
13/o12.45	12	1,1,1,1,1,1,1,1,1,1,1,1,1	12	6+6+1	y	n	6	n	y
13/o12.46	12	1,1,1,1,1,1,1,1,1,1,1,1,1	12	6+6+1	y	n	6	y	n
13/o12.47	12	1,1,1,1,1,1,1,1,1,1,1,1,1	12	6+6+1	y	n	6	n	y
13/o12.48	12	1,1,1,1,1,1,1,1,1,1,1,1,1	12	12+1	y	n	3	n	n
13/o14.1	14	1,1,1,1,1,1,1,1,1,1,1,1,1	14	7+1+1+1+1+1+1	y	n	7	n	y
13/o16.1	16	1,1,1,1,1,1,1,1,1,1,1,1,1	16	8+1+1+1+1+1	y	n	8	n	y
13/o16.2	16	1,1,1,1,1,1,1,1,1,1,1,1,1	16	8+2+1+1+1	y	n	8	n	y
13/o16.3	16	1,1,1,1,1,1,1,1,1,1,1,1,1	16	8+2+2+1	y	n	8	n	y
13/o16.4	16	1,1,1,1,1,1,1,1,1,1,1,1,1	16	8+4+1	y	n	4	n	n
13/o16.5	16	1,1,1,1,1,1,1,1,1,1,1,1,1	16	8+4+1	y	n	8	n	y
13/o16.6	16	1,1,1,1,1,1,1,1,1,1,1,1,1	16	8+4+1	y	n	8	n	y
13/o16.7	16	1,1,1,1,1,1,1,1,1,1,1,1,1	16	8+1+1+1+1+1	y	n	4	n	y
13/o16.8	16	1,1,1,1,1,1,1,1,1,1,1,1,1	16	8+2+1+1+1	y	n	4	n	y
13/o16.9	16	1,1,1,1,1,1,1,1,1,1,1,1,1	16	8+2+1+1+1	y	n	4	n	y
13/o16.10	16	1,1,1,1,1,1,1,1,1,1,1,1,1	16	8+2+2+1	y	n	4	n	y
13/o16.11	16	1,1,1,1,1,1,1,1,1,1,1,1,1	16	8+2+2+1	y	n	4	n	y
13/o16.12	16	1,1,1,1,1,1,1,1,1,1,1,1,1	16	8+2+2+1	y	n	4	n	y
13/o16.13	16	1,1,1,1,1,1,1,1,1,1,1,1,1	16	8+2+2+1	y	n	4	n	y
13/o16.14	16	1,1,1,1,1,1,1,1,1,1,1,1,1	16	8+4+1	y	n	4	n	y
13/o16.15	16	2,1,1,1,1,1,1,1,1,1,1,1	8	4+4+2+2+1	y	n	4	n	y
13/o16.16	16	2,2,1,1,1,1,1,1,1,1,1	4	4+4+2+2+1	y	n	4	n	y
13/o16.17	16	2,2,1,1,1,1,1,1,1,1,1	4	4+4+2+2+1	y	n	4	y	n
13/o16.18	16	2,2,2,1,1,1,1,1,1,1	2	4+2+1+1+1+1+1+1+1	y	n	4	n	y
13/o16.19	16	2,2,1,1,1,1,1,1,1,1,1	4	4+2+2+1+1+1+1+1	y	n	4	n	y
13/o16.20	16	2,2,2,1,1,1,1,1,1,1	2	4+2+2+1+1+1+1+1	y	n	4	n	y
13/o16.21	16	2,2,1,1,1,1,1,1,1,1,1	4	4+2+2+2+1+1+1	y	n	4	n	y
13/o16.22	16	2,2,1,1,1,1,1,1,1,1,1	4	4+2+2+2+1+1+1	y	n	4	n	y
13/o16.23	16	2,1,1,1,1,1,1,1,1,1,1,1	8	4+4+2+1+1+1	y	n	4	n	y
13/o16.24	16	2,2,2,1,1,1,1,1,1,1	2	4+2+2+2+1+1+1	y	n	4	n	y
13/o16.25	16	2,2,1,1,1,1,1,1,1,1,1	4	4+4+2+1+1+1	y	n	4	n	y
13/o16.26	16	2,1,1,1,1,1,1,1,1,1,1,1	8	4+4+2+1+1+1	y	n	4	n	y
13/o16.27	16	2,2,1,1,1,1,1,1,1,1,1	4	4+2+2+2+2+1	y	n	4	n	y
13/o16.28	16	2,2,1,1,1,1,1,1,1,1,1	4	4+2+2+2+2+1	y	n	4	n	y
13/o16.29	16	1,1,1,1,1,1,1,1,1,1,1,1,1	16	4+4+2+2+1	y	n	4	n	y
13/o16.30	16	2,2,1,1,1,1,1,1,1,1,1	4	4+2+2+2+2+1	y	n	4	n	y
13/o16.31	16	2,2,1,1,1,1,1,1,1,1,1	4	4+4+2+2+1	y	n	4	n	y
13/o16.32	16	1,1,1,1,1,1,1,1,1,1,1,1,1	16	4+4+2+2+1	y	n	4	n	y
13/o16.33	16	2,2,2,1,1,1,1,1,1,1	2	4+2+2+2+2+1	y	n	4	n	y
13/o16.34	16	2,2,1,1,1,1,1,1,1,1,1	4	4+4+2+2+1	y	n	4	n	y
13/o16.35	16	2,1,1,1,1,1,1,1,1,1,1,1	8	4+4+2+2+1	y	n	4	n	y
13/o16.36	16	2,2,1,1,1,1,1,1,1,1,1	4	4+4+1+1+1+1+1	y	n	4	n	y
13/o16.37	16	2,2,1,1,1,1,1,1,1,1,1	4	4+4+2+1+1+1	y	n	4	n	y
13/o16.38	16	2,2,1,1,1,1,1,1,1,1,1	4	4+4+4+1	y	n	4	n	n
13/o16.39	16	2,2,1,1,1,1,1,1,1,1,1	4	4+4+2+2+1	y	n	4	n	y
13/o16.40	16	2,2,1,1,1,1,1,1,1,1,1	4	4+4+4+1	y	n	4	n	y
13/o16.41	16	1,1,1,1,1,1,1,1,1,1,1,1,1	16	4+4+4+1	y	n	4	n	y
13/o16.42	16	1,1,1,1,1,1,1,1,1,1,1,1,1	16	8+4+1	y	n	4	n	y
13/o16.43	16	1,1,1,1,1,1,1,1,1,1,1,1,1	16	8+4+1	y	n	4	n	y
13/o16.44	16	2,1,1,1,1,1,1,1,1,1,1,1	8	8+2+1+1+1	y	n	4	n	y
13/o16.45	16	1,1,1,1,1,1,1,1,1,1,1,1,1	16	8+2+2+1	y	n	4	n	y
13/o16.46	16	2,1,1,1,1,1,1,1,1,1,1,1	8	8+2+2+1	y	n	4	n	y
13/o16.47	16	2,1,1,1,1,1,1,1,1,1,1,1	8	8+2+2+1	y	n	4	n	y
13/o16.48	16	1,1,1,1,1,1,1,1,1,1,1,1,1	16	8+4+1	y	n	4	n	y
13/o16.49	16	1,1,1,1,1,1,1,1,1,1,1,1,1	16	8+4+1	y	n	4	n	y
13/o16.50	16	1,1,1,1,1,1,1,1,1,1,1,1,1	16	4+4+4+1	y	n	4	n	y
13/o16.51	16	1,1,1,1,1,1,1,1,1,1,1,1,1	16	4+4+4+1	y	n	4	y	n
13/o16.52	16	2,2,1,1,1,1,1,1,1,1,1	4	4+2+2+1+1+1+1+1	y	n	2	y	y
13/o16.53	16	2,1,1,1,1,1,1,1,1,1,1,1	8	4+2+2+2+1+1+1	y	n	2	y	y
13/o16.54	16	2,2,1,1,1,1,1,1,1,1,1	4	4+2+2+2+1+1+1	y	n	2	y	y
13/o16.55	16	2,1,1,1,1,1,1,1,1,1,1,1	8	4+2+2+2+2+1	y	n	2	y	y
13/o16.56	16	1,1,1,1,1,1,1,1,1,1,1,1,1	16	4+2+2+2+2+1	y	n	2	y	y
13/o16.57	16	2,1,1,1,1,1,1,1,1,1,1,1	8	4+2+2+2+2+1	y	n	2	y	y
13/o16.58	16	2,2,1,1,1,1,1,1,1,1,1	4	4+2+2+2+2+1	y	n	2	y	y
13/o16.59	16	2,2,1,1,1,1,1,1,1,1,1	4	4+2+2+2+2+1	y	n	2	y	y
13/o16.60	16	2,1,1,1,1,1,1,1,1,1,1,1	8	4+4+2+2+1	y	n	2	y	y
13/o16.61	16	2,2,1,1,1,1,1,1,1,1,1	4	4+4+2+2+1	y	n	2	y	y
13/o16.62	16	2,1,1,1,1,1,1,1,1,1,1,1	8	4+4+2+1+1+1	y	n	2	y	y
13/o16.63	16	1,1,1,1,1,1,1,1,1,1,1,1,1	16	4+4+2+2+1	y	n	2	y	y
13/o16.64	16	2,1,1,1,1,1,1,1,1,1,1,1	8	4+4+2+2+1	y	n	2	y	y
13/o16.65	16	1,1,1,1,1,1,1,1,1,1,1,1,1	16	4+4+4+1	y	n	2	y	y
13/o16.66	16	2,2,2,2,1,1,1,1,1	1	2+2+2+2+1+1+1+1+1	y	n	2	y	y
13/o16.67	16	2,2,2,1,1,1,1,1,1,1	2	2+2+2+2+2+1+1+1	y	n	2	y	y
13/o16.68	16	2,2,2,1,1,1,1,1,1,1	2	2+2+2+2+2+2+1	y	n	2	y	y
13/o16.69	16	2,2,1,1,1,1,1,1,1,1,1	4	2+2+2+2+2+2+1	y	n	2	y	y
13/o16.70	16	2,1,1,1,1,1,1,1,1,1,1,1	8	8+2+1+1+1	y	n	2	y	y
13/o16.71	16	1,1,1,1,1,1,1,1,1,1,1,1,1	16	8+2+2+1	y	n	2	y	y
13/o16.72	16	2,1,1,1,1,1,1,1,1,1,1,1	8	8+2+2+1	y	n	2	y	y
13/o16.73	16	1,1,1,1,1,1,1,1,1,1,1,1,1	16	8+4+1	y	n	2	y	y
13/o16.74	16	1,1,1,1,1,1,1,1,1,1,1,1,1	16	4+4+1+1+1+1+1	y	n	2	y	y
13/o16.75	16	1,1,1,1,1,1,1,1,1,1,1,1,1	16	4+4+2+1+1+1	y	n	2	y	y
13/o16.76	16	1,1,1,1,1,1,1,1,1,1,1,1,1	16	4+4+2+2+1	y	n	2	y	y
13/o16.77	16	1,1,1,1,1,1,1,1,1,1,1,1,1	16	4+4+2+2+1	y	n	2	y	y
13/o16.78	16	1,1,1,1,1,1,1,1,1,1,1,1,1	16	4+4+2+2+1	y	n	2	y	y
13/o16.79	16	1,1,1,1,1,1,1,1,1,1,1,1,1	16	4+4+4+1	y	n	2	y	y
13/o16.80	16	1,1,1,1,1,1,1,1,1,1,1,1,1	16	4+4+4+1	y	n	2	y	y
13/o18.1	18	1,1,1,1,1,1,1,1,1,1,1,1,1	18	9+1+1+1+1	y	n	9	n	y
13/o18.2	18	1,1,1,1,1,1,1,1,1,1,1,1,1	18	9+3+1	y	n	6	n	n
13/o18.3	18	1,1,1,1,1,1,1,1,1,1,1,1,1	18	6+6+1	y	n	6	n	n
13/o18.4	18	1,1,1,1,1,1,1,1,1,1,1,1,1	18	6+3+3+1	y	n	6	n	n
13/o18.5	18	3,1,1,1,1,1,1,1,1,1,1	3	3+3+3+1+1+1+1	y	n	6	n	n
13/o18.6	18	1,1,1,1,1,1,1,1,1,1,1,1,1	18	3+3+3+3+1	y	n	6	n	n
13/o18.7	18	3,1,1,1,1,1,1,1,1,1,1	3	3+3+3+3+1	y	n	6	n	n
13/o18.8	18	1,1,1,1,1,1,1,1,1,1,1,1,1	18	9+3+1	y	n	9	n	y
13/o18.9	18	1,1,1,1,1,1,1,1,1,1,1,1,1	18	9+1+1+1+1	y	n	3	n	y
13/o18.10	18	1,1,1,1,1,1,1,1,1,1,1,1,1	18	6+6+1	y	n	3	n	y
13/o18.11	18	1,1,1,1,1,1,1,1,1,1,1,1,1	18	9+3+1	y	n	3	n	y
13/o20.1	20	1,1,1,1,1,1,1,1,1,1,1,1,1	20	10+1+1+1	y	n	10	n	y
13/o20.2	20	1,1,1,1,1,1,1,1,1,1,1,1,1	20	10+2+1	y	n	10	n	y
13/o20.3	20	2,1,1,1,1,1,1,1,1,1,1,1	10	5+2+1+1+1+1+1+1	y	n	10	n	y
13/o20.4	20	1,1,1,1,1,1,1,1,1,1,1,1,1	20	5+2+2+1+1+1+1	y	n	10	n	y
13/o20.5	20	1,1,1,1,1,1,1,1,1,1,1,1,1	20	5+2+2+2+1+1	y	n	10	n	y
13/o20.6	20	1,1,1,1,1,1,1,1,1,1,1,1,1	20	5+2+2+2+2	n	n	10	n	y
13/o20.7	20	1,1,1,1,1,1,1,1,1,1,1,1,1	20	10+1+1+1	y	n	5	n	n
13/o20.8	20	1,1,1,1,1,1,1,1,1,1,1,1,1	20	10+2+1	y	n	5	n	n
13/o20.9	20	2,1,1,1,1,1,1,1,1,1,1,1	10	10+2+1	y	n	10	n	y
13/o20.10	20	2,1,1,1,1,1,1,1,1,1,1,1	10	5+5+2+1	y	n	10	n	y
13/o22.1	22	1,1,1,1,1,1,1,1,1,1,1,1,1	22	11+1+1	y	n	11	n	y
13/o24.1	24	2,2,1,1,1,1,1,1,1,1,1	6	4+3+3+1+1+1	y	n	12	n	n
13/o24.2	24	3,1,1,1,1,1,1,1,1,1,1	4	4+4+3+1+1	y	n	12	n	n
13/o24.3	24	2,2,1,1,1,1,1,1,1,1,1	6	4+3+3+2+1	y	n	12	n	n
13/o24.4	24	3,1,1,1,1,1,1,1,1,1,1	4	4+4+3+2	n	n	12	n	n
13/o24.5	24	2,2,1,1,1,1,1,1,1,1,1	6	4+3+3+3	n	n	12	n	n
13/o24.6	24	2,2,1,1,1,1,1,1,1,1,1	6	6+4+3	n	n	12	n	n
13/o24.7	24	1,1,1,1,1,1,1,1,1,1,1,1,1	24	12+1	y	n	12	n	y
13/o24.8	24	1,1,1,1,1,1,1,1,1,1,1,1,1	24	6+4+3	n	n	4	n	y
13/o24.9	24	4,1,1,1,1,1,1,1,1,1	1	4+1+1+1+1+1+1+1+1+1	y	n	4	n	y
13/o24.10	24	1,1,1,1,1,1,1,1,1,1,1,1,1	24	4+4+1+1+1+1+1	y	n	4	n	y
13/o24.11	24	1,1,1,1,1,1,1,1,1,1,1,1,1	24	6+4+1+1+1	y	n	4	n	y
13/o24.12	24	1,1,1,1,1,1,1,1,1,1,1,1,1	24	4+4+4+1	y	n	4	n	y
13/o24.13	24	2,2,2,1,1,1,1,1,1,1	3	6+3+1+1+1+1	y	n	6	n	n
13/o24.14	24	2,2,2,1,1,1,1,1,1,1	3	6+3+3+1	y	n	6	n	n
13/o24.15	24	1,1,1,1,1,1,1,1,1,1,1,1,1	24	6+6+1	y	n	6	n	n
13/o24.16	24	1,1,1,1,1,1,1,1,1,1,1,1,1	24	12+1	y	n	6	n	n
13/o24.17	24	1,1,1,1,1,1,1,1,1,1,1,1,1	24	12+1	y	n	4	n	y
13/o24.18	24	2,2,1,1,1,1,1,1,1,1,1	6	6+4+3	n	n	6	n	n
13/o24.19	24	3,1,1,1,1,1,1,1,1,1,1	4	4+3+1+1+1+1+1+1	y	n	6	n	y
13/o24.20	24	3,1,1,1,1,1,1,1,1,1,1	4	4+3+2+1+1+1+1	y	n	6	n	y
13/o24.21	24	1,1,1,1,1,1,1,1,1,1,1,1,1	24	4+3+3+1+1+1	y	n	6	n	y
13/o24.22	24	3,1,1,1,1,1,1,1,1,1,1	4	4+3+2+2+1+1	y	n	6	n	y
13/o24.23	24	3,1,1,1,1,1,1,1,1,1,1	4	4+3+2+2+1+1	y	n	6	n	y
13/o24.24	24	3,1,1,1,1,1,1,1,1,1,1	4	4+4+3+1+1	y	n	6	n	y
13/o24.25	24	1,1,1,1,1,1,1,1,1,1,1,1,1	24	4+3+3+2+1	y	n	6	n	y
13/o24.26	24	3,1,1,1,1,1,1,1,1,1,1	4	4+3+2+2+2	n	n	6	n	y
13/o24.27	24	3,1,1,1,1,1,1,1,1,1,1	4	4+3+2+2+2	n	n	6	n	y
13/o24.28	24	3,1,1,1,1,1,1,1,1,1,1	4	4+3+2+2+2	n	n	6	n	y
13/o24.29	24	3,1,1,1,1,1,1,1,1,1,1	4	4+4+3+2	n	n	6	n	y
13/o24.30	24	1,1,1,1,1,1,1,1,1,1,1,1,1	24	4+3+3+3	n	n	6	n	y
13/o24.31	24	1,1,1,1,1,1,1,1,1,1,1,1,1	24	6+4+3	n	n	6	n	y
13/o24.32	24	2,2,1,1,1,1,1,1,1,1,1	6	6+4+1+1+1	y	n	6	n	n
13/o24.33	24	2,2,1,1,1,1,1,1,1,1,1	6	6+4+2+1	y	n	6	n	n
13/o24.34	24	2,2,2,1,1,1,1,1,1,1	3	3+3+2+2+2+1	y	n	6	y	n
13/o24.35	24	2,2,1,1,1,1,1,1,1,1,1	6	6+2+2+2+1	y	n	6	n	y
13/o24.36	24	3,2,2,1,1,1,1,1,1	1	3+2+2+1+1+1+1+1+1	y	n	6	n	y
13/o24.37	24	3,2,1,1,1,1,1,1,1,1	2	3+2+2+2+1+1+1+1	y	n	6	n	y
13/o24.38	24	2,2,1,1,1,1,1,1,1,1,1	6	3+3+2+2+1+1+1	y	n	6	n	y
13/o24.39	24	2,2,1,1,1,1,1,1,1,1,1	6	6+2+2+1+1+1	y	n	6	n	y
13/o24.40	24	3,2,1,1,1,1,1,1,1,1	2	3+2+2+2+2+1+1	y	n	6	n	y
13/o24.41	24	3,1,1,1,1,1,1,1,1,1,1	4	3+2+2+2+2+1+1	y	n	6	n	y
13/o24.42	24	2,1,1,1,1,1,1,1,1,1,1,1	12	3+3+2+2+2+1	y	n	6	n	y
13/o24.43	24	2,1,1,1,1,1,1,1,1,1,1,1	12	6+2+2+2+1	y	n	6	n	y
13/o24.44	24	3,2,1,1,1,1,1,1,1,1	2	3+2+2+2+2+2	n	n	6	n	y
13/o24.45	24	3,1,1,1,1,1,1,1,1,1,1	4	3+2+2+2+2+2	n	n	6	n	y
13/o24.46	24	2,2,1,1,1,1,1,1,1,1,1	6	6+3+2+2	n	n	6	y	n
13/o24.47	24	2,2,1,1,1,1,1,1,1,1,1	6	3+3+3+2+2	n	n	6	n	y
13/o24.48	24	2,1,1,1,1,1,1,1,1,1,1,1	12	6+3+2+2	n	n	6	n	y
13/o24.49	24	2,2,1,1,1,1,1,1,1,1,1	6	6+3+2+2	n	n	6	n	y
13/o24.50	24	2,1,1,1,1,1,1,1,1,1,1,1	12	6+2+2+1+1+1	y	n	6	n	y
13/o24.51	24	2,1,1,1,1,1,1,1,1,1,1,1	12	6+2+2+2+1	y	n	6	n	y
13/o24.52	24	1,1,1,1,1,1,1,1,1,1,1,1,1	24	6+2+2+2+1	y	n	6	n	y
13/o24.53	24	1,1,1,1,1,1,1,1,1,1,1,1,1	24	6+4+2+1	y	n	6	n	y
13/o24.54	24	2,1,1,1,1,1,1,1,1,1,1,1	12	6+2+1+1+1+1+1	y	n	6	n	y
13/o24.55	24	1,1,1,1,1,1,1,1,1,1,1,1,1	24	6+4+1+1+1	y	n	6	n	y
13/o24.56	24	1,1,1,1,1,1,1,1,1,1,1,1,1	24	6+2+2+1+1+1	y	n	6	n	y
13/o24.57	24	2,1,1,1,1,1,1,1,1,1,1,1	12	6+3+2+1+1	y	n	6	n	y
13/o24.58	24	1,1,1,1,1,1,1,1,1,1,1,1,1	24	6+4+2+1	y	n	6	n	y
13/o24.59	24	1,1,1,1,1,1,1,1,1,1,1,1,1	24	6+2+2+2+1	y	n	6	n	y
13/o24.60	24	1,1,1,1,1,1,1,1,1,1,1,1,1	24	6+3+2+2	n	n	6	n	y
13/o24.61	24	1,1,1,1,1,1,1,1,1,1,1,1,1	24	12+1	y	n	6	n	y
13/o24.62	24	1,1,1,1,1,1,1,1,1,1,1,1,1	24	12+1	y	n	6	n	n
13/o24.63	24	2,1,1,1,1,1,1,1,1,1,1,1	12	4+3+3+2+1	y	n	6	y	n
13/o24.64	24	1,1,1,1,1,1,1,1,1,1,1,1,1	24	6+4+2+1	y	n	6	n	y
13/o24.65	24	1,1,1,1,1,1,1,1,1,1,1,1,1	24	6+4+1+1+1	y	n	6	n	y
13/o24.66	24	1,1,1,1,1,1,1,1,1,1,1,1,1	24	6+4+2+1	y	n	6	n	y
13/o24.67	24	1,1,1,1,1,1,1,1,1,1,1,1,1	24	6+4+3	n	n	6	y	n
13/o24.68	24	1,1,1,1,1,1,1,1,1,1,1,1,1	24	6+4+3	n	n	6	n	y
13/o24.69	24	2,1,1,1,1,1,1,1,1,1,1,1	12	6+4+2+1	y	n	6	n	y
13/o24.70	24	1,1,1,1,1,1,1,1,1,1,1,1,1	24	6+6+1	y	n	6	n	y
13/o26.1	26	1,1,1,1,1,1,1,1,1,1,1,1,1	26	13	n	n	13	n	y
13/o28.1	28	2,1,1,1,1,1,1,1,1,1,1,1	14	7+2+1+1+1+1	y	n	14	n	y
13/o28.2	28	1,1,1,1,1,1,1,1,1,1,1,1,1	28	7+2+2+1+1	y	n	14	n	y
13/o28.3	28	1,1,1,1,1,1,1,1,1,1,1,1,1	28	7+2+2+2	n	n	14	n	y
13/o30.1	30	1,1,1,1,1,1,1,1,1,1,1,1,1	30	5+3+3+1+1	y	n	15	n	n
13/o30.2	30	3,1,1,1,1,1,1,1,1,1,1	5	5+5+3	n	n	15	n	n
13/o32.1	32	1,1,1,1,1,1,1,1,1,1,1,1,1	32	8+1+1+1+1+1	y	n	4	n	y
13/o32.2	32	1,1,1,1,1,1,1,1,1,1,1,1,1	32	8+2+1+1+1	y	n	4	n	y
13/o32.3	32	1,1,1,1,1,1,1,1,1,1,1,1,1	32	8+4+1	y	n	4	n	y
13/o32.4	32	1,1,1,1,1,1,1,1,1,1,1,1,1	32	8+2+2+1	y	n	4	n	y
13/o32.5	32	1,1,1,1,1,1,1,1,1,1,1,1,1	32	8+4+1	y	n	4	n	y
13/o32.6	32	2,1,1,1,1,1,1,1,1,1,1,1	16	8+2+1+1+1	y	n	8	n	y
13/o32.7	32	1,1,1,1,1,1,1,1,1,1,1,1,1	32	8+2+2+1	y	n	8	n	y
13/o32.8	32	2,1,1,1,1,1,1,1,1,1,1,1	16	8+2+2+1	y	n	8	n	y
13/o32.9	32	1,1,1,1,1,1,1,1,1,1,1,1,1	32	8+4+1	y	n	8	n	y
13/o32.10	32	2,2,1,1,1,1,1,1,1,1,1	8	8+4+1	y	n	4	n	n
13/o32.11	32	2,2,1,1,1,1,1,1,1,1,1	8	8+4+1	y	n	4	n	y
13/o32.12	32	2,2,1,1,1,1,1,1,1,1,1	8	4+4+4+1	y	n	4	n	n
13/o32.13	32	2,2,1,1,1,1,1,1,1,1,1	8	4+4+4+1	y	n	4	n	y
13/o32.14	32	2,2,2,2,1,1,1,1,1	2	4+2+2+1+1+1+1+1	y	n	4	n	y
13/o32.15	32	2,2,2,1,1,1,1,1,1,1	4	4+2+2+2+1+1+1	y	n	4	n	y
13/o32.16	32	2,2,2,2,1,1,1,1,1	2	4+2+2+2+1+1+1	y	n	4	n	y
13/o32.17	32	2,2,2,1,1,1,1,1,1,1	4	4+2+2+2+2+1	y	n	4	n	y
13/o32.18	32	2,2,1,1,1,1,1,1,1,1,1	8	4+2+2+2+2+1	y	n	4	n	y
13/o32.19	32	2,2,2,1,1,1,1,1,1,1	4	4+2+2+2+2+1	y	n	4	n	y
13/o32.20	32	2,2,2,2,1,1,1,1,1	2	4+2+2+2+2+1	y	n	4	n	y
13/o32.21	32	2,2,1,1,1,1,1,1,1,1,1	8	4+4+2+2+1	y	n	4	n	y
13/o32.22	32	2,2,2,2,1,1,1,1,1	2	4+4+1+1+1+1+1	y	n	4	n	y
13/o32.23	32	2,2,2,2,1,1,1,1,1	2	4+4+2+1+1+1	y	n	4	n	y
13/o32.24	32	2,2,2,2,1,1,1,1,1	2	4+4+2+2+1	y	n	4	n	y
13/o32.25	32	2,2,1,1,1,1,1,1,1,1,1	8	4+4+4+1	y	n	4	n	y
13/o32.26	32	2,1,1,1,1,1,1,1,1,1,1,1	16	8+2+1+1+1	y	n	4	n	y
13/o32.27	32	1,1,1,1,1,1,1,1,1,1,1,1,1	32	8+2+2+1	y	n	4	n	y
13/o32.28	32	2,1,1,1,1,1,1,1,1,1,1,1	16	8+2+2+1	y	n	4	n	y
13/o32.29	32	2,1,1,1,1,1,1,1,1,1,1,1	16	8+2+2+1	y	n	4	n	y
13/o32.30	32	1,1,1,1,1,1,1,1,1,1,1,1,1	32	8+4+1	y	n	4	n	y
13/o32.31	32	1,1,1,1,1,1,1,1,1,1,1,1,1	32	8+4+1	y	n	4	n	y
13/o32.32	32	2,2,1,1,1,1,1,1,1,1,1	8	8+2+2+1	y	n	4	n	y
13/o32.33	32	2,2,1,1,1,1,1,1,1,1,1	8	4+4+1+1+1+1+1	y	n	4	n	y
13/o32.34	32	2,2,1,1,1,1,1,1,1,1,1	8	4+4+2+1+1+1	y	n	4	n	y
13/o32.35	32	2,2,1,1,1,1,1,1,1,1,1	8	4+4+2+1+1+1	y	n	4	n	y
13/o32.36	32	2,2,1,1,1,1,1,1,1,1,1	8	4+4+2+2+1	y	n	4	n	y
13/o32.37	32	2,2,1,1,1,1,1,1,1,1,1	8	4+4+2+2+1	y	n	4	n	y
13/o32.38	32	2,2,1,1,1,1,1,1,1,1,1	8	4+4+2+2+1	y	n	4	n	y
13/o32.39	32	2,2,1,1,1,1,1,1,1,1,1	8	4+4+4+1	y	n	4	n	y
13/o32.40	32	1,1,1,1,1,1,1,1,1,1,1,1,1	32	4+4+4+1	y	n	4	n	y
13/o32.41	32	2,2,1,1,1,1,1,1,1,1,1	8	4+4+2+2+1	y	n	4	n	y
13/o32.42	32	2,2,1,1,1,1,1,1,1,1,1	8	4+4+4+1	y	n	4	n	y
13/o32.43	32	1,1,1,1,1,1,1,1,1,1,1,1,1	32	4+4+4+1	y	n	4	n	y
13/o32.44	32	2,2,1,1,1,1,1,1,1,1,1	8	4+4+2+2+1	y	n	4	n	y
13/o32.45	32	2,2,2,1,1,1,1,1,1,1	4	4+4+2+2+1	y	n	4	n	y
13/o32.46	32	2,2,2,1,1,1,1,1,1,1	4	4+4+2+1+1+1	y	n	4	n	y
13/o32.47	32	2,2,1,1,1,1,1,1,1,1,1	8	4+4+2+2+1	y	n	4	n	y
13/o32.48	32	2,2,2,1,1,1,1,1,1,1	4	4+4+2+2+1	y	n	4	n	y
13/o32.49	32	2,2,1,1,1,1,1,1,1,1,1	8	8+4+1	y	n	4	n	y
13/o32.50	32	2,2,1,1,1,1,1,1,1,1,1	8	4+4+4+1	y	n	4	n	y
13/o32.51	32	2,2,2,1,1,1,1,1,1,1	4	4+2+2+2+1+1+1	y	n	2	y	y
13/o32.52	32	2,2,1,1,1,1,1,1,1,1,1	8	4+2+2+2+2+1	y	n	2	y	y
13/o32.53	32	2,2,2,1,1,1,1,1,1,1	4	4+2+2+2+2+1	y	n	2	y	y
13/o32.54	32	2,2,1,1,1,1,1,1,1,1,1	8	4+4+2+2+1	y	n	2	y	y
13/o32.55	32	2,2,2,2,2,1,1,1	1	2+2+2+2+2+1+1+1	y	n	2	y	y
13/o32.56	32	2,2,2,2,1,1,1,1,1	2	2+2+2+2+2+2+1	y	n	2	y	y
13/o32.57	32	1,1,1,1,1,1,1,1,1,1,1,1,1	32	8+4+1	y	n	4	n	y
13/o32.58	32	2,2,1,1,1,1,1,1,1,1,1	8	8+2+2+1	y	n	2	y	y
13/o32.59	32	2,1,1,1,1,1,1,1,1,1,1,1	16	4+4+2+1+1+1	y	n	2	y	y
13/o32.60	32	1,1,1,1,1,1,1,1,1,1,1,1,1	32	4+4+2+2+1	y	n	2	y	y
13/o32.61	32	2,1,1,1,1,1,1,1,1,1,1,1	16	4+4+2+2+1	y	n	2	y	y
13/o32.62	32	1,1,1,1,1,1,1,1,1,1,1,1,1	32	4+4+4+1	y	n	2	y	y
13/o32.63	32	1,1,1,1,1,1,1,1,1,1,1,1,1	32	8+4+1	y	n	2	y	y
13/o36.1	36	2,1,1,1,1,1,1,1,1,1,1,1	18	9+2+1+1	y	n	18	n	y
13/o36.2	36	1,1,1,1,1,1,1,1,1,1,1,1,1	36	9+2+2	n	n	18	n	y
13/o36.3	36	1,1,1,1,1,1,1,1,1,1,1,1,1	36	9+1+1+1+1	y	n	6	n	y
13/o36.4	36	1,1,1,1,1,1,1,1,1,1,1,1,1	36	9+3+1	y	n	6	n	y
13/o36.5	36	1,1,1,1,1,1,1,1,1,1,1,1,1	36	12+1	y	n	6	n	y
13/o36.6	36	3,1,1,1,1,1,1,1,1,1,1	6	6+3+3+1	y	n	6	n	n
13/o36.7	36	1,1,1,1,1,1,1,1,1,1,1,1,1	36	6+3+3+1	y	n	6	n	n
13/o36.8	36	3,1,1,1,1,1,1,1,1,1,1	6	6+3+1+1+1+1	y	n	6	n	y
13/o36.9	36	3,1,1,1,1,1,1,1,1,1,1	6	6+3+2+1+1	y	n	6	n	y
13/o36.10	36	3,1,1,1,1,1,1,1,1,1,1	6	6+3+3+1	y	n	6	n	y
13/o36.11	36	1,1,1,1,1,1,1,1,1,1,1,1,1	36	6+3+3+1	y	n	6	n	y
13/o36.12	36	1,1,1,1,1,1,1,1,1,1,1,1,1	36	6+6+1	y	n	6	n	y
13/o36.13	36	3,1,1,1,1,1,1,1,1,1,1	6	6+3+2+2	n	n	6	n	y
13/o36.14	36	3,2,1,1,1,1,1,1,1,1	3	3+3+3+2+1+1	y	n	6	n	n
13/o36.15	36	3,1,1,1,1,1,1,1,1,1,1	6	3+3+3+2+2	n	n	6	n	n
13/o36.16	36	3,3,1,1,1,1,1,1,1	1	3+3+1+1+1+1+1+1+1	y	n	6	n	y
13/o36.17	36	3,1,1,1,1,1,1,1,1,1,1	6	3+3+3+1+1+1+1	y	n	6	n	y
13/o36.18	36	1,1,1,1,1,1,1,1,1,1,1,1,1	36	6+6+1	y	n	6	n	y
13/o36.19	36	3,1,1,1,1,1,1,1,1,1,1	6	3+3+3+3+1	y	n	6	n	y
13/o36.20	36	1,1,1,1,1,1,1,1,1,1,1,1,1	36	3+3+3+3+1	y	n	6	n	y
13/o36.21	36	2,1,1,1,1,1,1,1,1,1,1,1	18	9+2+1+1	y	n	6	n	y
13/o36.22	36	1,1,1,1,1,1,1,1,1,1,1,1,1	36	9+2+2	n	n	6	n	y
13/o40.1	40	1,1,1,1,1,1,1,1,1,1,1,1,1	40	5+4+4	n	n	20	n	n
13/o40.2	40	2,1,1,1,1,1,1,1,1,1,1,1	20	10+2+1	y	n	10	n	n
13/o40.3	40	2,1,1,1,1,1,1,1,1,1,1,1	20	10+2+1	y	n	10	n	y
13/o40.4	40	1,1,1,1,1,1,1,1,1,1,1,1,1	40	5+4+1+1+1+1	y	n	10	n	y
13/o40.5	40	1,1,1,1,1,1,1,1,1,1,1,1,1	40	5+4+2+1+1	y	n	10	n	y
13/o40.6	40	1,1,1,1,1,1,1,1,1,1,1,1,1	40	5+4+2+2	n	n	10	n	y
13/o40.7	40	1,1,1,1,1,1,1,1,1,1,1,1,1	40	5+4+2+2	n	n	10	n	y
13/o40.8	40	1,1,1,1,1,1,1,1,1,1,1,1,1	40	5+4+4	n	n	10	n	y
13/o40.9	40	2,2,1,1,1,1,1,1,1,1,1	10	5+2+2+1+1+1+1	y	n	10	n	y
13/o40.10	40	2,1,1,1,1,1,1,1,1,1,1,1	20	5+2+2+2+1+1	y	n	10	n	y
13/o40.11	40	2,1,1,1,1,1,1,1,1,1,1,1	20	5+2+2+2+2	n	n	10	n	y
13/o40.12	40	1,1,1,1,1,1,1,1,1,1,1,1,1	40	5+2+2+2+2	n	n	10	n	y
13/o42.1	42	1,1,1,1,1,1,1,1,1,1,1,1,1	42	7+3+3	n	n	21	n	n
13/o44.1	44	2,1,1,1,1,1,1,1,1,1,1,1	22	11+2	n	n	22	n	y
13/o48.1	48	3,2,2,1,1,1,1,1,1	2	4+3+1+1+1+1+1+1	y	n	12	n	y
13/o48.2	48	3,2,2,1,1,1,1,1,1	2	4+3+2+1+1+1+1	y	n	12	n	y
13/o48.3	48	3,2,2,1,1,1,1,1,1	2	4+3+2+2+1+1	y	n	12	n	y
13/o48.4	48	3,2,2,1,1,1,1,1,1	2	4+3+2+2+2	n	n	12	n	y
13/o48.5	48	2,2,1,1,1,1,1,1,1,1,1	12	6+4+1+1+1	y	n	12	n	y
13/o48.6	48	2,2,1,1,1,1,1,1,1,1,1	12	6+4+2+1	y	n	12	n	y
13/o48.7	48	4,2,1,1,1,1,1,1,1	1	4+2+1+1+1+1+1+1+1	y	n	6	n	y
13/o48.8	48	4,1,1,1,1,1,1,1,1,1	2	4+2+2+1+1+1+1+1	y	n	6	n	y
13/o48.9	48	4,1,1,1,1,1,1,1,1,1	2	4+2+2+2+1+1+1	y	n	6	n	y
13/o48.10	48	2,1,1,1,1,1,1,1,1,1,1,1	24	4+4+2+1+1+1	y	n	6	n	y
13/o48.11	48	4,1,1,1,1,1,1,1,1,1	2	4+2+2+2+2+1	y	n	6	n	y
13/o48.12	48	1,1,1,1,1,1,1,1,1,1,1,1,1	48	4+4+2+2+1	y	n	6	n	y
13/o48.13	48	2,1,1,1,1,1,1,1,1,1,1,1	24	6+4+2+1	y	n	6	n	y
13/o48.14	48	1,1,1,1,1,1,1,1,1,1,1,1,1	48	8+2+1+1+1	y	n	6	n	y
13/o48.15	48	1,1,1,1,1,1,1,1,1,1,1,1,1	48	8+2+2+1	y	n	6	n	y
13/o48.16	48	1,1,1,1,1,1,1,1,1,1,1,1,1	48	8+1+1+1+1+1	y	n	6	n	y
13/o48.17	48	1,1,1,1,1,1,1,1,1,1,1,1,1	48	8+4+1	y	n	6	n	y
13/o48.18	48	2,2,2,2,1,1,1,1,1	3	6+3+2+1+1	y	n	6	n	n
13/o48.19	48	2,2,2,1,1,1,1,1,1,1	6	6+3+2+2	n	n	6	n	n
13/o48.20	48	2,2,2,1,1,1,1,1,1,1	6	6+1+1+1+1+1+1+1	y	n	6	n	y
13/o48.21	48	2,2,2,1,1,1,1,1,1,1	6	6+3+1+1+1+1	y	n	6	n	y
13/o48.22	48	2,2,2,1,1,1,1,1,1,1	6	6+3+3+1	y	n	6	n	y
13/o48.23	48	1,1,1,1,1,1,1,1,1,1,1,1,1	48	6+6+1	y	n	6	n	y
13/o48.24	48	2,2,2,1,1,1,1,1,1,1	6	6+6+1	y	n	6	n	n
13/o48.25	48	2,2,2,1,1,1,1,1,1,1	6	6+6+1	y	n	6	n	y
13/o48.26	48	1,1,1,1,1,1,1,1,1,1,1,1,1	48	12+1	y	n	6	n	y
13/o48.27	48	1,1,1,1,1,1,1,1,1,1,1,1,1	48	12+1	y	n	6	n	y
13/o48.28	48	3,1,1,1,1,1,1,1,1,1,1	8	8+3+1+1	y	n	12	n	y
13/o48.29	48	3,1,1,1,1,1,1,1,1,1,1	8	8+3+2	n	n	12	n	y
13/o48.30	48	3,1,1,1,1,1,1,1,1,1,1	8	8+3+2	n	n	12	n	y
13/o48.31	48	2,2,2,1,1,1,1,1,1,1	6	4+3+3+2+1	y	n	12	n	n
13/o48.32	48	3,1,1,1,1,1,1,1,1,1,1	8	4+4+3+2	n	n	12	n	y
13/o48.33	48	3,2,1,1,1,1,1,1,1,1	4	4+4+3+2	n	n	12	n	n
13/o48.34	48	2,2,1,1,1,1,1,1,1,1,1	12	6+4+2+1	y	n	12	n	y
13/o48.35	48	2,2,1,1,1,1,1,1,1,1,1	12	4+3+3+1+1+1	y	n	12	n	y
13/o48.36	48	2,2,1,1,1,1,1,1,1,1,1	12	6+4+1+1+1	y	n	12	n	y
13/o48.37	48	3,1,1,1,1,1,1,1,1,1,1	8	4+4+3+1+1	y	n	12	n	y
13/o48.38	48	3,1,1,1,1,1,1,1,1,1,1	8	4+4+3+1+1	y	n	12	n	y
13/o48.39	48	2,2,1,1,1,1,1,1,1,1,1	12	4+3+3+2+1	y	n	12	n	y
13/o48.40	48	2,2,1,1,1,1,1,1,1,1,1	12	6+4+2+1	y	n	12	n	y
13/o48.41	48	3,1,1,1,1,1,1,1,1,1,1	8	4+4+3+2	n	n	12	n	y
13/o48.42	48	2,2,1,1,1,1,1,1,1,1,1	12	6+4+3	n	n	12	n	n
13/o48.43	48	2,2,1,1,1,1,1,1,1,1,1	12	4+3+3+3	n	n	12	n	y
13/o48.44	48	2,2,1,1,1,1,1,1,1,1,1	12	6+4+3	n	n	12	n	y
13/o48.45	48	2,2,1,1,1,1,1,1,1,1,1	12	6+4+3	n	n	12	n	y
13/o48.46	48	2,2,2,1,1,1,1,1,1,1	6	6+4+2+1	y	n	6	n	n
13/o48.47	48	3,2,2,2,1,1,1,1	1	3+2+2+2+1+1+1+1	y	n	6	n	y
13/o48.48	48	3,2,2,1,1,1,1,1,1	2	3+2+2+2+2+1+1	y	n	6	n	y
13/o48.49	48	2,2,2,1,1,1,1,1,1,1	6	3+3+2+2+2+1	y	n	6	n	y
13/o48.50	48	3,2,2,1,1,1,1,1,1	2	3+2+2+2+2+2	n	n	6	n	y
13/o48.51	48	3,2,1,1,1,1,1,1,1,1	4	3+2+2+2+2+2	n	n	6	n	y
13/o48.52	48	2,2,1,1,1,1,1,1,1,1,1	12	6+2+2+2+1	y	n	6	n	y
13/o48.53	48	2,2,1,1,1,1,1,1,1,1,1	12	6+2+2+1+1+1	y	n	6	n	y
13/o48.54	48	2,1,1,1,1,1,1,1,1,1,1,1	24	6+2+2+2+1	y	n	6	n	y
13/o48.55	48	2,2,1,1,1,1,1,1,1,1,1	12	6+3+2+2	n	n	6	n	y
13/o48.56	48	1,1,1,1,1,1,1,1,1,1,1,1,1	48	12+1	y	n	12	n	y
13/o48.57	48	3,1,1,1,1,1,1,1,1,1,1	8	8+3+1+1	y	n	6	n	y
13/o48.58	48	3,1,1,1,1,1,1,1,1,1,1	8	8+3+2	n	n	6	n	y
13/o48.59	48	3,2,1,1,1,1,1,1,1,1	4	4+3+2+1+1+1+1	y	n	6	n	y
13/o48.60	48	3,1,1,1,1,1,1,1,1,1,1	8	4+3+2+2+1+1	y	n	6	n	y
13/o48.61	48	3,2,1,1,1,1,1,1,1,1	4	4+3+2+2+1+1	y	n	6	n	y
13/o48.62	48	2,1,1,1,1,1,1,1,1,1,1,1	24	4+3+3+2+1	y	n	6	n	y
13/o48.63	48	2,1,1,1,1,1,1,1,1,1,1,1	24	6+4+2+1	y	n	6	n	y
13/o48.64	48	3,1,1,1,1,1,1,1,1,1,1	8	4+3+2+2+2	n	n	6	n	y
13/o48.65	48	3,1,1,1,1,1,1,1,1,1,1	8	4+3+2+2+2	n	n	6	n	y
13/o48.66	48	3,2,1,1,1,1,1,1,1,1	4	4+3+2+2+2	n	n	6	n	y
13/o48.67	48	3,2,1,1,1,1,1,1,1,1	4	4+3+2+2+2	n	n	6	n	y
13/o48.68	48	3,1,1,1,1,1,1,1,1,1,1	8	4+4+3+2	n	n	6	n	y
13/o48.69	48	3,2,1,1,1,1,1,1,1,1	4	4+4+3+2	n	n	6	n	y
13/o48.70	48	1,1,1,1,1,1,1,1,1,1,1,1,1	48	6+4+2+1	y	n	6	n	y
13/o48.71	48	1,1,1,1,1,1,1,1,1,1,1,1,1	48	6+4+1+1+1	y	n	6	n	y
13/o48.72	48	3,1,1,1,1,1,1,1,1,1,1	8	4+4+3+1+1	y	n	6	n	y
13/o48.73	48	1,1,1,1,1,1,1,1,1,1,1,1,1	48	6+4+2+1	y	n	6	n	y
13/o48.74	48	3,1,1,1,1,1,1,1,1,1,1	8	4+4+3+2	n	n	6	n	y
13/o48.75	48	1,1,1,1,1,1,1,1,1,1,1,1,1	48	6+4+3	n	n	6	n	y
13/o48.76	48	2,1,1,1,1,1,1,1,1,1,1,1	24	6+4+2+1	y	n	6	n	y
13/o48.77	48	2,2,2,1,1,1,1,1,1,1	6	6+2+2+2+1	y	n	6	n	y
13/o52.1	52	1,1,1,1,1,1,1,1,1,1,1,1,1	52	13	n	n	13	n	n
13/o56.1	56	1,1,1,1,1,1,1,1,1,1,1,1,1	56	7+4+1+1	y	n	14	n	y
13/o56.2	56	1,1,1,1,1,1,1,1,1,1,1,1,1	56	7+4+2	n	n	14	n	y
13/o56.3	56	2,2,1,1,1,1,1,1,1,1,1	14	7+2+2+1+1	y	n	14	n	y
13/o56.4	56	2,1,1,1,1,1,1,1,1,1,1,1	28	7+2+2+2	n	n	14	n	y
13/o60.1	60	2,1,1,1,1,1,1,1,1,1,1,1	30	5+3+3+2	n	n	30	n	n
13/o60.2	60	3,1,1,1,1,1,1,1,1,1,1	10	5+3+1+1+1+1+1	y	n	15	n	y
13/o60.3	60	3,1,1,1,1,1,1,1,1,1,1	10	10+3	n	n	15	n	y
13/o60.4	60	1,1,1,1,1,1,1,1,1,1,1,1,1	60	6+5+2	n	n	15	n	y
13/o60.5	60	1,1,1,1,1,1,1,1,1,1,1,1,1	60	5+3+3+1+1	y	n	15	n	y
13/o60.6	60	1,1,1,1,1,1,1,1,1,1,1,1,1	60	6+5+1+1	y	n	15	n	y
13/o60.7	60	3,1,1,1,1,1,1,1,1,1,1	10	5+5+3	n	n	15	n	y
13/o64.1	64	2,2,2,2,1,1,1,1,1	4	8+4+1	y	n	8	n	n
13/o64.2	64	2,1,1,1,1,1,1,1,1,1,1,1	32	8+2+1+1+1	y	n	4	n	y
13/o64.3	64	1,1,1,1,1,1,1,1,1,1,1,1,1	64	8+2+2+1	y	n	4	n	y
13/o64.4	64	2,1,1,1,1,1,1,1,1,1,1,1	32	8+2+2+1	y	n	4	n	y
13/o64.5	64	1,1,1,1,1,1,1,1,1,1,1,1,1	64	8+4+1	y	n	4	n	y
13/o64.6	64	2,2,1,1,1,1,1,1,1,1,1	16	8+2+2+1	y	n	8	n	y
13/o64.7	64	2,2,1,1,1,1,1,1,1,1,1	16	8+4+1	y	n	8	n	y
13/o64.8	64	2,2,2,2,1,1,1,1,1	4	8+1+1+1+1+1	y	n	4	n	y
13/o64.9	64	2,2,2,2,1,1,1,1,1	4	8+2+1+1+1	y	n	4	n	y
13/o64.10	64	2,2,2,2,1,1,1,1,1	4	8+2+2+1	y	n	4	n	y
13/o64.11	64	2,2,2,2,1,1,1,1,1	4	8+2+2+1	y	n	4	n	y
13/o64.12	64	2,2,2,2,1,1,1,1,1	4	8+4+1	y	n	4	n	y
13/o64.13	64	2,2,1,1,1,1,1,1,1,1,1	16	8+4+1	y	n	4	n	y
13/o64.14	64	2,2,1,1,1,1,1,1,1,1,1	16	8+4+1	y	n	4	n	y
13/o64.15	64	2,2,2,2,1,1,1,1,1	4	4+4+1+1+1+1+1	y	n	4	n	y
13/o64.16	64	2,2,2,2,1,1,1,1,1	4	4+4+2+1+1+1	y	n	4	n	y
13/o64.17	64	2,2,1,1,1,1,1,1,1,1,1	16	4+4+4+1	y	n	4	n	y
13/o64.18	64	2,2,2,2,1,1,1,1,1	4	4+4+2+2+1	y	n	4	n	y
13/o64.19	64	2,2,2,2,1,1,1,1,1	4	4+4+2+2+1	y	n	4	n	y
13/o64.20	64	2,2,1,1,1,1,1,1,1,1,1	16	4+4+4+1	y	n	4	n	y
13/o64.21	64	2,2,2,2,1,1,1,1,1	4	4+4+4+1	y	n	4	n	y
13/o64.22	64	2,2,2,2,2,1,1,1	2	4+4+2+1+1+1	y	n	4	n	y
13/o64.23	64	2,2,2,2,1,1,1,1,1	4	4+4+2+2+1	y	n	4	n	y
13/o64.24	64	2,2,2,2,2,1,1,1	2	4+4+2+2+1	y	n	4	n	y
13/o64.25	64	2,2,2,2,1,1,1,1,1	4	4+4+4+1	y	n	4	n	y
13/o64.26	64	1,1,1,1,1,1,1,1,1,1,1,1,1	64	8+4+1	y	n	8	n	y
13/o64.27	64	2,2,1,1,1,1,1,1,1,1,1	16	8+2+2+1	y	n	4	n	y
13/o64.28	64	2,2,1,1,1,1,1,1,1,1,1	16	8+4+1	y	n	4	n	y
13/o64.29	64	2,2,2,1,1,1,1,1,1,1	8	4+4+2+1+1+1	y	n	4	n	y
13/o64.30	64	2,2,1,1,1,1,1,1,1,1,1	16	4+4+2+2+1	y	n	4	n	y
13/o64.31	64	2,2,2,1,1,1,1,1,1,1	8	4+4+2+2+1	y	n	4	n	y
13/o64.32	64	2,2,2,1,1,1,1,1,1,1	8	4+4+2+2+1	y	n	4	n	y
13/o64.33	64	2,2,1,1,1,1,1,1,1,1,1	16	4+4+4+1	y	n	4	n	y
13/o64.34	64	2,2,2,2,2,1,1,1	2	4+2+2+2+1+1+1	y	n	4	n	y
13/o64.35	64	2,2,2,2,1,1,1,1,1	4	4+2+2+2+2+1	y	n	4	n	y
13/o64.36	64	2,2,2,2,2,1,1,1	2	4+2+2+2+2+1	y	n	4	n	y
13/o64.37	64	2,2,2,2,1,1,1,1,1	4	4+4+2+2+1	y	n	4	n	y
13/o64.38	64	2,2,2,2,1,1,1,1,1	4	4+2+2+2+2+1	y	n	2	y	y
13/o64.39	64	2,2,2,2,2,2,1	1	2+2+2+2+2+2+1	y	n	2	y	y
13/o64.40	64	1,1,1,1,1,1,1,1,1,1,1,1,1	64	8+4+1	y	n	4	n	y
13/o64.41	64	2,2,1,1,1,1,1,1,1,1,1	16	8+4+1	y	n	4	n	y
13/o64.42	64	2,2,1,1,1,1,1,1,1,1,1	16	4+4+4+1	y	n	4	n	y
13/o64.43	64	1,1,1,1,1,1,1,1,1,1,1,1,1	64	4+4+4+1	y	n	2	y	y
13/o64.44	64	2,2,1,1,1,1,1,1,1,1,1	16	4+4+2+2+1	y	n	2	y	y
13/o72.1	72	4,1,1,1,1,1,1,1,1,1	3	4+3+3+1+1+1	y	n	12	n	n
13/o72.2	72	4,1,1,1,1,1,1,1,1,1	3	4+3+3+3	n	n	12	n	n
13/o72.3	72	1,1,1,1,1,1,1,1,1,1,1,1,1	72	9+1+1+1+1	y	n	6	n	y
13/o72.4	72	2,1,1,1,1,1,1,1,1,1,1,1	36	9+2+1+1	y	n	6	n	y
13/o72.5	72	1,1,1,1,1,1,1,1,1,1,1,1,1	72	9+2+2	n	n	6	n	y
13/o72.6	72	1,1,1,1,1,1,1,1,1,1,1,1,1	72	12+1	y	n	6	n	y
13/o72.7	72	3,3,1,1,1,1,1,1,1	2	6+1+1+1+1+1+1+1	y	n	6	n	y
13/o72.8	72	3,3,1,1,1,1,1,1,1	2	6+2+1+1+1+1+1	y	n	6	n	y
13/o72.9	72	3,3,1,1,1,1,1,1,1	2	6+2+2+1+1+1	y	n	6	n	y
13/o72.10	72	3,3,1,1,1,1,1,1,1	2	6+2+2+2+1	y	n	6	n	y
13/o72.11	72	1,1,1,1,1,1,1,1,1,1,1,1,1	72	6+6+1	y	n	6	n	y
13/o72.12	72	3,1,1,1,1,1,1,1,1,1,1	12	6+3+1+1+1+1	y	n	6	n	y
13/o72.13	72	3,1,1,1,1,1,1,1,1,1,1	12	6+3+2+1+1	y	n	6	n	y
13/o72.14	72	3,1,1,1,1,1,1,1,1,1,1	12	6+3+3+1	y	n	6	n	y
13/o72.15	72	1,1,1,1,1,1,1,1,1,1,1,1,1	72	6+3+3+1	y	n	6	n	y
13/o72.16	72	1,1,1,1,1,1,1,1,1,1,1,1,1	72	6+6+1	y	n	6	n	y
13/o72.17	72	3,1,1,1,1,1,1,1,1,1,1	12	6+3+2+2	n	n	6	n	y
13/o72.18	72	3,2,1,1,1,1,1,1,1,1	6	6+3+2+1+1	y	n	6	n	y
13/o72.19	72	3,1,1,1,1,1,1,1,1,1,1	12	6+3+2+2	n	n	6	n	y
13/o72.20	72	3,2,1,1,1,1,1,1,1,1	6	6+3+2+2	n	n	6	n	y
13/o72.21	72	3,1,1,1,1,1,1,1,1,1,1	12	6+4+3	n	n	6	n	y
13/o72.22	72	3,1,1,1,1,1,1,1,1,1,1	12	4+3+3+3	n	n	6	n	n
13/o72.23	72	3,2,2,1,1,1,1,1,1	3	3+3+3+2+2	n	n	6	n	n
13/o72.24	72	3,3,2,1,1,1,1,1	1	3+3+2+1+1+1+1+1	y	n	6	n	y
13/o72.25	72	3,3,1,1,1,1,1,1,1	2	3+3+2+2+1+1+1	y	n	6	n	y
13/o72.26	72	3,2,1,1,1,1,1,1,1,1	6	3+3+3+2+1+1	y	n	6	n	y
13/o72.27	72	3,3,1,1,1,1,1,1,1	2	3+3+2+2+2+1	y	n	6	n	y
13/o72.28	72	3,1,1,1,1,1,1,1,1,1,1	12	3+3+3+2+2	n	n	6	n	y
13/o72.29	72	1,1,1,1,1,1,1,1,1,1,1,1,1	72	6+6+1	y	n	6	n	y
13/o72.30	72	1,1,1,1,1,1,1,1,1,1,1,1,1	72	9+4	n	n	6	n	y
13/o72.31	72	1,1,1,1,1,1,1,1,1,1,1,1,1	72	9+4	n	n	18	n	y
13/o72.32	72	2,2,1,1,1,1,1,1,1,1,1	18	9+2+2	n	n	6	n	y
13/o72.33	72	2,2,1,1,1,1,1,1,1,1,1	18	9+2+2	n	n	18	n	y
13/o78.1	78	1,1,1,1,1,1,1,1,1,1,1,1,1	78	13	n	n	13	n	n
13/o80.1	80	2,2,1,1,1,1,1,1,1,1,1	20	5+4+1+1+1+1	y	n	20	n	y
13/o80.2	80	2,2,1,1,1,1,1,1,1,1,1	20	5+4+2+1+1	y	n	20	n	y
13/o80.3	80	2,2,1,1,1,1,1,1,1,1,1	20	5+4+2+2	n	n	20	n	y
13/o80.4	80	1,1,1,1,1,1,1,1,1,1,1,1,1	80	8+5	n	n	20	n	y
13/o80.5	80	1,1,1,1,1,1,1,1,1,1,1,1,1	80	5+4+4	n	n	20	n	y
13/o80.6	80	1,1,1,1,1,1,1,1,1,1,1,1,1	80	5+4+4	n	n	20	n	y
13/o80.7	80	2,2,2,1,1,1,1,1,1,1	10	5+2+2+2+1+1	y	n	10	n	y
13/o80.8	80	2,2,1,1,1,1,1,1,1,1,1	20	5+2+2+2+2	n	n	10	n	y
13/o80.9	80	1,1,1,1,1,1,1,1,1,1,1,1,1	80	8+5	n	n	10	n	y
13/o80.10	80	2,1,1,1,1,1,1,1,1,1,1,1	40	5+4+2+1+1	y	n	10	n	y
13/o80.11	80	1,1,1,1,1,1,1,1,1,1,1,1,1	80	5+4+2+2	n	n	10	n	y
13/o80.12	80	2,1,1,1,1,1,1,1,1,1,1,1	40	5+4+2+2	n	n	10	n	y
13/o80.13	80	1,1,1,1,1,1,1,1,1,1,1,1,1	80	5+4+4	n	n	10	n	y
13/o84.1	84	3,1,1,1,1,1,1,1,1,1,1	14	7+3+1+1+1	y	n	21	n	y
13/o84.2	84	1,1,1,1,1,1,1,1,1,1,1,1,1	84	7+3+3	n	n	21	n	y
13/o84.3	84	1,1,1,1,1,1,1,1,1,1,1,1,1	84	7+6	n	n	21	n	y
13/o96.1	96	3,1,1,1,1,1,1,1,1,1,1	16	8+3+1+1	y	n	24	n	y
13/o96.2	96	3,1,1,1,1,1,1,1,1,1,1	16	8+3+2	n	n	24	n	y
13/o96.3	96	4,1,1,1,1,1,1,1,1,1	4	4+4+4+1	y	n	12	n	n
13/o96.4	96	4,1,1,1,1,1,1,1,1,1	4	4+4+1+1+1+1+1	y	n	6	n	y
13/o96.5	96	4,1,1,1,1,1,1,1,1,1	4	4+4+2+1+1+1	y	n	6	n	y
13/o96.6	96	4,1,1,1,1,1,1,1,1,1	4	4+4+2+2+1	y	n	6	n	y
13/o96.7	96	4,1,1,1,1,1,1,1,1,1	4	4+4+2+2+1	y	n	6	n	y
13/o96.8	96	4,1,1,1,1,1,1,1,1,1	4	4+4+4+1	y	n	6	n	y
13/o96.9	96	1,1,1,1,1,1,1,1,1,1,1,1,1	96	4+4+4+1	y	n	6	n	y
13/o96.10	96	4,2,2,1,1,1,1,1	1	4+2+2+1+1+1+1+1	y	n	6	n	y
13/o96.11	96	4,2,1,1,1,1,1,1,1	2	4+2+2+2+1+1+1	y	n	6	n	y
13/o96.12	96	4,2,1,1,1,1,1,1,1	2	4+2+2+2+2+1	y	n	6	n	y
13/o96.13	96	4,1,1,1,1,1,1,1,1,1	4	4+2+2+2+2+1	y	n	6	n	y
13/o96.14	96	2,2,1,1,1,1,1,1,1,1,1	24	4+4+2+2+1	y	n	6	n	y
13/o96.15	96	2,1,1,1,1,1,1,1,1,1,1,1	48	8+2+2+1	y	n	6	n	y
13/o96.16	96	2,1,1,1,1,1,1,1,1,1,1,1	48	8+2+1+1+1	y	n	6	n	y
13/o96.17	96	1,1,1,1,1,1,1,1,1,1,1,1,1	96	8+4+1	y	n	6	n	y
13/o96.18	96	1,1,1,1,1,1,1,1,1,1,1,1,1	96	8+2+2+1	y	n	6	n	y
13/o96.19	96	2,2,2,1,1,1,1,1,1,1	12	6+4+3	n	n	6	n	n
13/o96.20	96	2,2,2,2,2,1,1,1	3	6+3+2+2	n	n	6	n	n
13/o96.21	96	2,2,2,2,1,1,1,1,1	6	6+2+1+1+1+1+1	y	n	6	n	y
13/o96.22	96	2,2,2,1,1,1,1,1,1,1	12	6+2+2+1+1+1	y	n	6	n	y
13/o96.23	96	2,2,2,2,1,1,1,1,1	6	6+3+2+1+1	y	n	6	n	y
13/o96.24	96	2,2,2,1,1,1,1,1,1,1	12	6+2+2+2+1	y	n	6	n	y
13/o96.25	96	2,2,2,1,1,1,1,1,1,1	12	6+3+2+2	n	n	6	n	y
13/o96.26	96	2,2,2,1,1,1,1,1,1,1	12	6+6+1	y	n	6	n	y
13/o96.27	96	1,1,1,1,1,1,1,1,1,1,1,1,1	96	12+1	y	n	6	n	y
13/o96.28	96	3,1,1,1,1,1,1,1,1,1,1	16	8+3+1+1	y	n	12	n	y
13/o96.29	96	3,1,1,1,1,1,1,1,1,1,1	16	8+3+2	n	n	12	n	y
13/o96.30	96	3,1,1,1,1,1,1,1,1,1,1	16	8+3+2	n	n	12	n	y
13/o96.31	96	3,2,2,2,1,1,1,1	2	4+3+2+1+1+1+1	y	n	12	n	y
13/o96.32	96	3,2,2,1,1,1,1,1,1	4	4+3+2+2+1+1	y	n	12	n	y
13/o96.33	96	3,2,2,2,1,1,1,1	2	4+3+2+2+1+1	y	n	12	n	y
13/o96.34	96	2,2,2,1,1,1,1,1,1,1	12	4+3+3+2+1	y	n	12	n	y
13/o96.35	96	2,2,2,1,1,1,1,1,1,1	12	6+4+2+1	y	n	12	n	y
13/o96.36	96	3,2,2,1,1,1,1,1,1	4	4+3+2+2+2	n	n	12	n	y
13/o96.37	96	3,2,2,1,1,1,1,1,1	4	4+3+2+2+2	n	n	12	n	y
13/o96.38	96	3,2,1,1,1,1,1,1,1,1	8	4+4+3+2	n	n	12	n	y
13/o96.39	96	3,2,2,2,1,1,1,1	2	4+3+2+2+2	n	n	12	n	y
13/o96.40	96	3,2,2,1,1,1,1,1,1	4	4+4+3+2	n	n	12	n	y
13/o96.41	96	3,2,1,1,1,1,1,1,1,1	8	4+4+3+2	n	n	12	n	y
13/o96.42	96	2,2,1,1,1,1,1,1,1,1,1	24	6+4+2+1	y	n	12	n	y
13/o96.43	96	2,2,1,1,1,1,1,1,1,1,1	24	6+4+1+1+1	y	n	12	n	y
13/o96.44	96	3,2,2,1,1,1,1,1,1	4	4+4+3+1+1	y	n	12	n	y
13/o96.45	96	2,2,1,1,1,1,1,1,1,1,1	24	6+4+2+1	y	n	12	n	y
13/o96.46	96	3,2,2,1,1,1,1,1,1	4	4+4+3+2	n	n	12	n	y
13/o96.47	96	2,2,1,1,1,1,1,1,1,1,1	24	6+4+3	n	n	12	n	y
13/o96.48	96	2,2,2,1,1,1,1,1,1,1	12	6+4+2+1	y	n	12	n	y
13/o96.49	96	3,2,1,1,1,1,1,1,1,1	8	8+3+2	n	n	12	n	y
13/o96.50	96	3,2,2,1,1,1,1,1,1	4	4+3+2+2+1+1	y	n	6	n	y
13/o96.51	96	3,2,1,1,1,1,1,1,1,1	8	4+3+2+2+2	n	n	6	n	y
13/o96.52	96	3,2,2,1,1,1,1,1,1	4	4+3+2+2+2	n	n	6	n	y
13/o96.53	96	2,1,1,1,1,1,1,1,1,1,1,1	48	6+4+2+1	y	n	6	n	y
13/o96.54	96	3,2,1,1,1,1,1,1,1,1	8	4+4+3+2	n	n	6	n	y
13/o96.55	96	3,2,2,2,2,1,1	1	3+2+2+2+2+1+1	y	n	6	n	y
13/o96.56	96	3,2,2,2,1,1,1,1	2	3+2+2+2+2+2	n	n	6	n	y
13/o96.57	96	2,2,2,1,1,1,1,1,1,1	12	6+2+2+2+1	y	n	6	n	y
13/o96.58	96	3,2,1,1,1,1,1,1,1,1	8	8+3+2	n	n	6	n	y
13/o96.59	96	3,1,1,1,1,1,1,1,1,1,1	16	4+4+3+1+1	y	n	6	n	y
13/o96.60	96	3,1,1,1,1,1,1,1,1,1,1	16	4+4+3+2	n	n	6	n	y
13/o100.1	100	1,1,1,1,1,1,1,1,1,1,1,1,1	100	5+5+1+1+1	y	n	10	n	y
13/o108.1	108	3,1,1,1,1,1,1,1,1,1,1	18	9+3+1	y	n	6	n	y
13/o108.2	108	3,1,1,1,1,1,1,1,1,1,1	18	9+3+1	y	n	18	n	y
13/o108.3	108	3,3,1,1,1,1,1,1,1	3	3+3+3+3+1	y	n	6	n	n
13/o112.1	112	2,2,1,1,1,1,1,1,1,1,1	28	7+4+1+1	y	n	28	n	y
13/o112.2	112	2,2,1,1,1,1,1,1,1,1,1	28	7+4+2	n	n	28	n	y
13/o112.3	112	2,2,2,1,1,1,1,1,1,1	14	7+2+2+2	n	n	14	n	y
13/o112.4	112	2,1,1,1,1,1,1,1,1,1,1,1	56	7+4+2	n	n	14	n	y
13/o120.1	120	3,1,1,1,1,1,1,1,1,1,1	20	10+3	n	n	30	n	y
13/o120.2	120	3,2,1,1,1,1,1,1,1,1	10	5+3+2+1+1+1	y	n	30	n	y
13/o120.3	120	3,1,1,1,1,1,1,1,1,1,1	20	5+3+2+2+1	y	n	30	n	y
13/o120.4	120	1,1,1,1,1,1,1,1,1,1,1,1,1	120	6+5+2	n	n	30	n	y
13/o120.5	120	1,1,1,1,1,1,1,1,1,1,1,1,1	120	6+5+1+1	y	n	30	n	y
13/o120.6	120	5,1,1,1,1,1,1,1,1	1	5+1+1+1+1+1+1+1+1	y	n	6	n	y
13/o120.7	120	1,1,1,1,1,1,1,1,1,1,1,1,1	120	5+5+1+1+1	y	n	6	n	y
13/o120.8	120	1,1,1,1,1,1,1,1,1,1,1,1,1	120	10+1+1+1	y	n	6	n	y
13/o120.9	120	1,1,1,1,1,1,1,1,1,1,1,1,1	120	12+1	y	n	10	n	y
13/o120.10	120	3,1,1,1,1,1,1,1,1,1,1	20	10+3	n	n	15	n	n
13/o120.11	120	2,1,1,1,1,1,1,1,1,1,1,1	60	5+3+3+2	n	n	30	n	y
13/o120.12	120	2,1,1,1,1,1,1,1,1,1,1,1	60	6+5+2	n	n	30	n	y
13/o128.1	128	2,2,2,2,1,1,1,1,1	8	8+1+1+1+1+1	y	n	8	n	y
13/o128.2	128	2,2,2,2,1,1,1,1,1	8	8+2+1+1+1	y	n	8	n	y
13/o128.3	128	2,2,2,2,1,1,1,1,1	8	8+4+1	y	n	8	n	y
13/o128.4	128	2,2,2,2,1,1,1,1,1	8	8+2+2+1	y	n	8	n	y
13/o128.5	128	2,2,2,2,1,1,1,1,1	8	8+4+1	y	n	8	n	y
13/o128.6	128	2,2,1,1,1,1,1,1,1,1,1	32	8+2+2+1	y	n	4	n	y
13/o128.7	128	2,2,1,1,1,1,1,1,1,1,1	32	8+4+1	y	n	4	n	y
13/o128.8	128	2,2,1,1,1,1,1,1,1,1,1	32	8+4+1	y	n	8	n	y
13/o128.9	128	2,2,2,2,2,1,1,1	4	4+4+2+1+1+1	y	n	4	n	y
13/o128.10	128	2,2,2,2,1,1,1,1,1	8	4+4+2+2+1	y	n	4	n	y
13/o128.11	128	2,2,2,2,2,1,1,1	4	4+4+2+2+1	y	n	4	n	y
13/o128.12	128	2,2,2,2,2,2,1	2	4+4+2+2+1	y	n	4	n	y
13/o128.13	128	2,2,2,2,2,2,1	2	4+4+4+1	y	n	4	n	y
13/o128.14	128	1,1,1,1,1,1,1,1,1,1,1,1,1	128	8+4+1	y	n	4	n	y
13/o128.15	128	2,2,2,2,2,1,1,1	4	8+2+1+1+1	y	n	4	n	y
13/o128.16	128	2,2,2,2,1,1,1,1,1	8	8+2+2+1	y	n	4	n	y
13/o128.17	128	2,2,2,2,2,1,1,1	4	8+2+2+1	y	n	4	n	y
13/o128.18	128	2,2,2,2,1,1,1,1,1	8	8+4+1	y	n	4	n	y
13/o128.19	128	2,2,1,1,1,1,1,1,1,1,1	32	8+4+1	y	n	4	n	y
13/o128.20	128	2,2,2,2,1,1,1,1,1	8	4+4+4+1	y	n	4	n	y
13/o128.21	128	2,2,2,2,1,1,1,1,1	8	4+4+2+2+1	y	n	4	n	y
13/o128.22	128	2,2,2,2,1,1,1,1,1	8	4+4+4+1	y	n	4	n	y
13/o128.23	128	2,2,2,2,2,2,1	2	4+2+2+2+2+1	y	n	4	n	y
13/o128.24	128	2,2,1,1,1,1,1,1,1,1,1	32	4+4+4+1	y	n	4	n	y
13/o140.1	140	1,1,1,1,1,1,1,1,1,1,1,1,1	140	7+5+1	y	n	35	n	y
13/o144.1	144	2,2,1,1,1,1,1,1,1,1,1	36	9+4	n	n	36	n	y
13/o144.2	144	4,1,1,1,1,1,1,1,1,1	6	6+4+3	n	n	12	n	n
13/o144.3	144	4,1,1,1,1,1,1,1,1,1	6	6+4+1+1+1	y	n	12	n	y
13/o144.4	144	4,1,1,1,1,1,1,1,1,1	6	6+4+2+1	y	n	12	n	y
13/o144.5	144	4,1,1,1,1,1,1,1,1,1	6	6+4+3	n	n	12	n	y
13/o144.6	144	4,2,1,1,1,1,1,1,1	3	4+3+3+2+1	y	n	12	n	n
13/o144.7	144	4,3,1,1,1,1,1,1	1	4+3+1+1+1+1+1+1	y	n	12	n	y
13/o144.8	144	4,1,1,1,1,1,1,1,1,1	6	4+3+3+1+1+1	y	n	12	n	y
13/o144.9	144	3,1,1,1,1,1,1,1,1,1,1	24	4+4+3+1+1	y	n	12	n	y
13/o144.10	144	4,1,1,1,1,1,1,1,1,1	6	4+3+3+3	n	n	12	n	y
13/o144.11	144	3,1,1,1,1,1,1,1,1,1,1	24	6+4+3	n	n	12	n	y
13/o144.12	144	1,1,1,1,1,1,1,1,1,1,1,1,1	144	12+1	y	n	12	n	y
13/o144.13	144	2,2,2,1,1,1,1,1,1,1	18	6+3+3+1	y	n	12	n	n
13/o144.14	144	3,2,2,2,1,1,1,1	3	6+3+3+1	y	n	6	n	n
13/o144.15	144	2,1,1,1,1,1,1,1,1,1,1,1	72	9+2+1+1	y	n	6	n	y
13/o144.16	144	1,1,1,1,1,1,1,1,1,1,1,1,1	144	9+2+2	n	n	6	n	y
13/o144.17	144	1,1,1,1,1,1,1,1,1,1,1,1,1	144	9+4	n	n	6	n	y
13/o144.18	144	2,2,1,1,1,1,1,1,1,1,1	36	9+2+2	n	n	6	n	y
13/o144.19	144	3,3,2,1,1,1,1,1	2	6+2+1+1+1+1+1	y	n	6	n	y
13/o144.20	144	3,3,1,1,1,1,1,1,1	4	6+2+2+1+1+1	y	n	6	n	y
13/o144.21	144	3,3,2,1,1,1,1,1	2	6+2+2+1+1+1	y	n	6	n	y
13/o144.22	144	3,3,1,1,1,1,1,1,1	4	6+2+2+2+1	y	n	6	n	y
13/o144.23	144	3,3,1,1,1,1,1,1,1	4	6+2+2+2+1	y	n	6	n	y
13/o144.24	144	3,3,2,1,1,1,1,1	2	6+2+2+2+1	y	n	6	n	y
13/o144.25	144	3,3,1,1,1,1,1,1,1	4	6+4+2+1	y	n	6	n	y
13/o144.26	144	3,3,1,1,1,1,1,1,1	4	6+4+1+1+1	y	n	6	n	y
13/o144.27	144	3,3,1,1,1,1,1,1,1	4	6+4+2+1	y	n	6	n	y
13/o144.28	144	1,1,1,1,1,1,1,1,1,1,1,1,1	144	12+1	y	n	6	n	y
13/o144.29	144	3,2,1,1,1,1,1,1,1,1	12	6+3+2+1+1	y	n	6	n	y
13/o144.30	144	3,1,1,1,1,1,1,1,1,1,1	24	6+3+2+2	n	n	6	n	y
13/o144.31	144	3,2,1,1,1,1,1,1,1,1	12	6+3+2+2	n	n	6	n	y
13/o144.32	144	1,1,1,1,1,1,1,1,1,1,1,1,1	144	6+6+1	y	n	6	n	y
13/o144.33	144	3,1,1,1,1,1,1,1,1,1,1	24	6+4+3	n	n	6	n	y
13/o144.34	144	3,2,2,1,1,1,1,1,1	6	6+3+2+2	n	n	6	n	y
13/o144.35	144	3,2,2,1,1,1,1,1,1	6	6+4+3	n	n	12	n	n
13/o144.36	144	3,2,2,1,1,1,1,1,1	6	4+3+3+3	n	n	12	n	n
13/o144.37	144	3,3,1,1,1,1,1,1,1	4	4+3+3+1+1+1	y	n	6	n	y
13/o144.38	144	3,3,1,1,1,1,1,1,1	4	4+3+3+2+1	y	n	6	n	y
13/o144.39	144	3,1,1,1,1,1,1,1,1,1,1	24	4+3+3+3	n	n	6	n	y
13/o144.40	144	3,3,2,2,1,1,1	1	3+3+2+2+1+1+1	y	n	6	n	y
13/o144.41	144	3,3,2,1,1,1,1,1	2	3+3+2+2+2+1	y	n	6	n	y
13/o144.42	144	3,2,2,1,1,1,1,1,1	6	3+3+3+2+2	n	n	6	n	y
13/o144.43	144	2,2,1,1,1,1,1,1,1,1,1	36	9+4	n	n	12	n	y
13/o144.44	144	3,1,1,1,1,1,1,1,1,1,1	24	6+4+3	n	n	6	n	y
13/o160.1	160	1,1,1,1,1,1,1,1,1,1,1,1,1	160	8+5	n	n	40	n	y
13/o160.2	160	1,1,1,1,1,1,1,1,1,1,1,1,1	160	8+5	n	n	20	n	y
13/o160.3	160	2,2,2,1,1,1,1,1,1,1	20	5+4+2+1+1	y	n	20	n	y
13/o160.4	160	2,2,1,1,1,1,1,1,1,1,1	40	5+4+2+2	n	n	20	n	y
13/o160.5	160	2,2,2,1,1,1,1,1,1,1	20	5+4+2+2	n	n	20	n	y
13/o160.6	160	2,2,1,1,1,1,1,1,1,1,1	40	5+4+4	n	n	20	n	y
13/o160.7	160	2,2,1,1,1,1,1,1,1,1,1	40	5+4+2+2	n	n	10	n	y
13/o160.8	160	2,2,2,2,1,1,1,1,1	10	5+2+2+2+2	n	n	10	n	y
13/o160.9	160	1,1,1,1,1,1,1,1,1,1,1,1,1	160	5+4+4	n	n	10	n	y
13/o168.1	168	3,2,1,1,1,1,1,1,1,1	14	7+3+2+1	y	n	42	n	y
13/o168.2	168	1,1,1,1,1,1,1,1,1,1,1,1,1	168	7+6	n	n	42	n	y
13/o192.1	192	4,1,1,1,1,1,1,1,1,1	8	8+4+1	y	n	12	n	y
13/o192.2	192	4,2,2,1,1,1,1,1	2	4+4+1+1+1+1+1	y	n	12	n	y
13/o192.3	192	4,2,2,1,1,1,1,1	2	4+4+2+1+1+1	y	n	12	n	y
13/o192.4	192	4,1,1,1,1,1,1,1,1,1	8	4+4+4+1	y	n	12	n	y
13/o192.5	192	4,2,2,1,1,1,1,1	2	4+4+2+2+1	y	n	12	n	y
13/o192.6	192	4,1,1,1,1,1,1,1,1,1	8	4+4+4+1	y	n	12	n	y
13/o192.7	192	2,2,1,1,1,1,1,1,1,1,1	48	4+4+4+1	y	n	12	n	y
13/o192.8	192	2,2,1,1,1,1,1,1,1,1,1	48	8+4+1	y	n	12	n	y
13/o192.9	192	4,2,2,2,1,1,1	1	4+2+2+2+1+1+1	y	n	6	n	y
13/o192.10	192	4,2,2,1,1,1,1,1	2	4+2+2+2+2+1	y	n	6	n	y
13/o192.11	192	2,2,1,1,1,1,1,1,1,1,1	48	8+2+2+1	y	n	6	n	y
13/o192.12	192	2,2,2,2,2,1,1,1	6	6+4+3	n	n	12	n	n
13/o192.13	192	2,2,2,1,1,1,1,1,1,1	24	6+4+1+1+1	y	n	6	n	y
13/o192.14	192	2,2,2,1,1,1,1,1,1,1	24	6+4+2+1	y	n	6	n	y
13/o192.15	192	2,2,2,1,1,1,1,1,1,1	24	6+4+3	n	n	6	n	y
13/o192.16	192	2,2,2,2,2,1,1,1	6	6+2+2+1+1+1	y	n	6	n	y
13/o192.17	192	2,2,2,2,1,1,1,1,1	12	6+2+2+2+1	y	n	6	n	y
13/o192.18	192	2,2,2,2,2,1,1,1	6	6+3+2+2	n	n	6	n	y
13/o192.19	192	2,2,2,2,2,2,1	3	6+6+1	y	n	6	n	n
13/o192.20	192	3,1,1,1,1,1,1,1,1,1,1	32	8+3+1+1	y	n	12	n	y
13/o192.21	192	3,1,1,1,1,1,1,1,1,1,1	32	8+3+2	n	n	12	n	y
13/o192.22	192	3,2,1,1,1,1,1,1,1,1	16	8+3+2	n	n	24	n	y
13/o192.23	192	3,2,2,2,2,1,1	2	4+3+2+2+1+1	y	n	12	n	y
13/o192.24	192	3,2,2,2,1,1,1,1	4	4+3+2+2+2	n	n	12	n	y
13/o192.25	192	3,2,2,2,2,1,1	2	4+3+2+2+2	n	n	12	n	y
13/o192.26	192	2,2,2,1,1,1,1,1,1,1	24	6+4+2+1	y	n	12	n	y
13/o192.27	192	3,2,2,2,2,1,1	2	4+4+3+1+1	y	n	12	n	y
13/o192.28	192	3,2,2,2,2,1,1	2	4+4+3+2	n	n	12	n	y
13/o192.29	192	4,1,1,1,1,1,1,1,1,1	8	8+4+1	y	n	6	n	y
13/o192.30	192	4,2,1,1,1,1,1,1,1	4	4+4+2+1+1+1	y	n	6	n	y
13/o192.31	192	4,1,1,1,1,1,1,1,1,1	8	4+4+2+2+1	y	n	6	n	y
13/o192.32	192	4,2,1,1,1,1,1,1,1	4	4+4+2+2+1	y	n	6	n	y
13/o192.33	192	4,1,1,1,1,1,1,1,1,1	8	4+4+4+1	y	n	6	n	y
13/o192.34	192	1,1,1,1,1,1,1,1,1,1,1,1,1	192	8+4+1	y	n	6	n	y
13/o192.35	192	3,2,1,1,1,1,1,1,1,1	16	8+3+2	n	n	12	n	y
13/o192.36	192	3,2,2,1,1,1,1,1,1	8	4+4+3+1+1	y	n	12	n	y
13/o192.37	192	3,2,2,1,1,1,1,1,1	8	4+4+3+2	n	n	12	n	y
13/o192.38	192	3,2,2,1,1,1,1,1,1	8	4+4+3+2	n	n	12	n	y
13/o192.39	192	3,2,2,2,1,1,1,1	4	4+4+3+2	n	n	12	n	y
13/o192.40	192	3,2,2,2,1,1,1,1	4	4+3+2+2+2	n	n	6	n	y
13/o192.41	192	3,2,2,2,2,2	1	3+2+2+2+2+2	n	n	6	n	y
13/o192.42	192	3,2,1,1,1,1,1,1,1,1	16	4+4+3+2	n	n	6	n	y
13/o200.1	200	1,1,1,1,1,1,1,1,1,1,1,1,1	200	10+1+1+1	y	n	10	n	y
13/o200.2	200	1,1,1,1,1,1,1,1,1,1,1,1,1	200	10+2+1	y	n	10	n	y
13/o200.3	200	2,1,1,1,1,1,1,1,1,1,1,1	100	5+5+2+1	y	n	10	n	y
13/o216.1	216	3,1,1,1,1,1,1,1,1,1,1	36	9+3+1	y	n	6	n	y
13/o216.2	216	3,3,1,1,1,1,1,1,1	6	6+3+3+1	y	n	12	n	n
13/o216.3	216	3,3,1,1,1,1,1,1,1	6	6+6+1	y	n	6	n	n
13/o216.4	216	3,3,1,1,1,1,1,1,1	6	6+3+3+1	y	n	6	n	y
13/o216.5	216	3,3,3,1,1,1,1	1	3+3+3+1+1+1+1	y	n	6	n	y
13/o216.6	216	3,3,1,1,1,1,1,1,1	6	3+3+3+3+1	y	n	6	n	y
13/o224.1	224	2,2,2,1,1,1,1,1,1,1	28	7+4+2	n	n	28	n	y
13/o240.1	240	5,2,1,1,1,1,1,1	1	5+2+1+1+1+1+1+1	y	n	10	n	y
13/o240.2	240	5,1,1,1,1,1,1,1,1	2	5+2+2+1+1+1+1	y	n	10	n	y
13/o240.3	240	5,1,1,1,1,1,1,1,1	2	5+2+2+2+1+1	y	n	10	n	y
13/o240.4	240	2,1,1,1,1,1,1,1,1,1,1,1	120	5+5+2+1	y	n	10	n	y
13/o240.5	240	5,1,1,1,1,1,1,1,1	2	5+2+2+2+2	n	n	10	n	y
13/o240.6	240	1,1,1,1,1,1,1,1,1,1,1,1,1	240	10+2+1	y	n	10	n	y
13/o240.7	240	1,1,1,1,1,1,1,1,1,1,1,1,1	240	10+1+1+1	y	n	10	n	y
13/o240.8	240	2,1,1,1,1,1,1,1,1,1,1,1	120	10+2+1	y	n	10	n	y
13/o240.9	240	4,1,1,1,1,1,1,1,1,1	10	5+4+1+1+1+1	y	n	20	n	y
13/o240.10	240	1,1,1,1,1,1,1,1,1,1,1,1,1	240	5+4+4	n	n	20	n	y
13/o240.11	240	3,1,1,1,1,1,1,1,1,1,1	40	5+4+3+1	y	n	30	n	y
13/o240.12	240	3,2,2,1,1,1,1,1,1	10	5+3+2+2+1	y	n	30	n	y
13/o240.13	240	2,1,1,1,1,1,1,1,1,1,1,1	120	6+5+2	n	n	30	n	y
13/o256.1	256	2,2,2,2,2,1,1,1	8	8+2+1+1+1	y	n	8	n	y
13/o256.2	256	2,2,2,2,1,1,1,1,1	16	8+2+2+1	y	n	8	n	y
13/o256.3	256	2,2,2,2,2,1,1,1	8	8+2+2+1	y	n	8	n	y
13/o256.4	256	2,2,2,2,1,1,1,1,1	16	8+4+1	y	n	8	n	y
13/o256.5	256	2,2,1,1,1,1,1,1,1,1,1	64	8+4+1	y	n	4	n	y
13/o256.6	256	2,2,2,2,2,2,1	4	8+4+1	y	n	4	n	y
13/o256.7	256	2,2,2,2,2,2,1	4	4+4+4+1	y	n	4	n	y
13/o256.8	256	2,2,2,2,2,2,1	4	8+2+2+1	y	n	4	n	y
13/o256.9	256	2,2,2,2,1,1,1,1,1	16	4+4+4+1	y	n	4	n	y
13/o256.10	256	2,2,2,2,2,2,1	4	4+4+2+2+1	y	n	4	n	y
13/o256.11	256	2,2,2,2,1,1,1,1,1	16	8+4+1	y	n	4	n	y
13/o288.1	288	4,1,1,1,1,1,1,1,1,1	12	6+4+1+1+1	y	n	12	n	y
13/o288.2	288	4,1,1,1,1,1,1,1,1,1	12	6+4+2+1	y	n	12	n	y
13/o288.3	288	4,1,1,1,1,1,1,1,1,1	12	6+4+3	n	n	12	n	y
13/o288.4	288	4,2,1,1,1,1,1,1,1	6	6+4+2+1	y	n	12	n	y
13/o288.5	288	4,3,2,1,1,1,1	1	4+3+2+1+1+1+1	y	n	12	n	y
13/o288.6	288	4,3,1,1,1,1,1,1	2	4+3+2+2+1+1	y	n	12	n	y
13/o288.7	288	4,2,1,1,1,1,1,1,1	6	4+3+3+2+1	y	n	12	n	y
13/o288.8	288	4,3,1,1,1,1,1,1	2	4+3+2+2+2	n	n	12	n	y
13/o288.9	288	3,2,1,1,1,1,1,1,1,1	24	4+4+3+2	n	n	12	n	y
13/o288.10	288	3,1,1,1,1,1,1,1,1,1,1	48	8+3+2	n	n	12	n	y
13/o288.11	288	3,1,1,1,1,1,1,1,1,1,1	48	8+3+1+1	y	n	12	n	y
13/o288.12	288	2,2,2,1,1,1,1,1,1,1	36	6+6+1	y	n	12	n	y
13/o288.13	288	3,2,2,2,1,1,1,1	6	6+3+1+1+1+1	y	n	12	n	y
13/o288.14	288	2,2,2,1,1,1,1,1,1,1	36	6+3+3+1	y	n	12	n	y
13/o288.15	288	3,2,2,2,1,1,1,1	6	6+3+3+1	y	n	12	n	y
13/o288.16	288	1,1,1,1,1,1,1,1,1,1,1,1,1	288	9+4	n	n	6	n	y
13/o288.17	288	2,2,1,1,1,1,1,1,1,1,1	72	9+2+2	n	n	6	n	y
13/o288.18	288	2,2,1,1,1,1,1,1,1,1,1	72	9+4	n	n	12	n	y
13/o288.19	288	1,1,1,1,1,1,1,1,1,1,1,1,1	288	12+1	y	n	12	n	y
13/o288.20	288	3,3,2,2,1,1,1	2	6+2+2+1+1+1	y	n	6	n	y
13/o288.21	288	3,3,2,1,1,1,1,1	4	6+2+2+2+1	y	n	6	n	y
13/o288.22	288	3,3,2,2,1,1,1	2	6+2+2+2+1	y	n	6	n	y
13/o288.23	288	3,3,2,2,1,1,1	2	6+4+1+1+1	y	n	12	n	y
13/o288.24	288	3,3,2,2,1,1,1	2	6+4+2+1	y	n	12	n	y
13/o288.25	288	3,2,2,1,1,1,1,1,1	12	6+3+2+2	n	n	6	n	y
13/o288.26	288	3,2,2,1,1,1,1,1,1	12	6+4+3	n	n	12	n	y
13/o288.27	288	3,2,2,1,1,1,1,1,1	12	6+4+3	n	n	12	n	y
13/o288.28	288	3,3,2,2,1,1,1	2	4+3+3+1+1+1	y	n	12	n	y
13/o288.29	288	3,3,2,2,1,1,1	2	4+3+3+2+1	y	n	12	n	y
13/o288.30	288	3,2,2,1,1,1,1,1,1	12	4+3+3+3	n	n	12	n	y
13/o288.31	288	3,3,2,2,2,1	1	3+3+2+2+2+1	y	n	6	n	y
13/o288.32	288	3,3,1,1,1,1,1,1,1	8	6+4+1+1+1	y	n	6	n	y
13/o288.33	288	3,3,1,1,1,1,1,1,1	8	6+4+2+1	y	n	6	n	y
13/o288.34	288	3,3,1,1,1,1,1,1,1	8	6+4+2+1	y	n	6	n	y
13/o288.35	288	3,3,2,1,1,1,1,1	4	6+4+2+1	y	n	6	n	y
13/o288.36	288	3,1,1,1,1,1,1,1,1,1,1	48	6+4+3	n	n	6	n	y
13/o288.37	288	3,3,2,1,1,1,1,1	4	4+3+3+2+1	y	n	6	n	y
13/o320.1	320	2,2,2,2,2,1,1,1	10	10+1+1+1	y	n	10	n	y
13/o320.2	320	1,1,1,1,1,1,1,1,1,1,1,1,1	320	8+5	n	n	20	n	y
13/o320.3	320	2,2,2,2,1,1,1,1,1	20	5+4+2+2	n	n	20	n	y
13/o320.4	320	2,2,2,2,1,1,1,1,1	20	5+4+4	n	n	20	n	y
13/o320.5	320	2,2,1,1,1,1,1,1,1,1,1	80	5+4+4	n	n	20	n	y
13/o336.1	336	4,1,1,1,1,1,1,1,1,1	14	7+4+1+1	y	n	28	n	y
13/o360.1	360	5,1,1,1,1,1,1,1,1	3	5+3+3+1+1	y	n	15	n	n
13/o360.2	360	3,3,1,1,1,1,1,1,1	10	5+3+3+1+1	y	n	30	n	y
13/o384.1	384	2,2,2,2,1,1,1,1,1	24	8+1+1+1+1+1	y	n	8	n	y
13/o384.2	384	2,2,2,2,1,1,1,1,1	24	8+4+1	y	n	8	n	y
13/o384.3	384	4,1,1,1,1,1,1,1,1,1	16	8+4+1	y	n	24	n	y
13/o384.4	384	4,1,1,1,1,1,1,1,1,1	16	8+4+1	y	n	12	n	y
13/o384.5	384	4,2,2,2,1,1,1	2	4+4+2+1+1+1	y	n	12	n	y
13/o384.6	384	4,2,2,1,1,1,1,1	4	4+4+2+2+1	y	n	12	n	y
13/o384.7	384	4,2,2,2,1,1,1	2	4+4+2+2+1	y	n	12	n	y
13/o384.8	384	4,2,2,1,1,1,1,1	4	4+4+4+1	y	n	12	n	y
13/o384.9	384	2,2,1,1,1,1,1,1,1,1,1	96	8+4+1	y	n	12	n	y
13/o384.10	384	1,1,1,1,1,1,1,1,1,1,1,1,1	384	12+1	y	n	6	n	y
13/o384.11	384	2,2,2,2,2,1,1,1	12	6+4+1+1+1	y	n	12	n	y
13/o384.12	384	2,2,2,2,2,1,1,1	12	6+4+2+1	y	n	12	n	y
13/o384.13	384	2,2,2,2,2,1,1,1	12	6+4+3	n	n	12	n	y
13/o384.14	384	2,2,2,2,2,2,1	6	6+2+2+2+1	y	n	6	n	y
13/o384.15	384	2,2,2,2,2,2,1	6	6+6+1	y	n	6	n	y
13/o384.16	384	2,2,2,2,2,2,1	6	12+1	y	n	6	n	n
13/o384.17	384	3,2,1,1,1,1,1,1,1,1	32	8+3+2	n	n	12	n	y
13/o384.18	384	3,2,2,2,2,1,1	4	8+3+1+1	y	n	12	n	y
13/o384.19	384	3,2,2,2,2,1,1	4	8+3+2	n	n	12	n	y
13/o384.20	384	3,2,2,2,2,1,1	4	4+4+3+1+1	y	n	12	n	y
13/o384.21	384	3,2,2,2,2,1,1	4	4+4+3+2	n	n	12	n	y
13/o384.22	384	3,2,2,2,2,2	2	4+4+3+2	n	n	12	n	y
13/o384.23	384	4,2,2,1,1,1,1,1	4	4+4+2+2+1	y	n	6	n	y
13/o384.24	384	4,2,2,2,2,1	1	4+2+2+2+2+1	y	n	6	n	y
13/o384.25	384	2,2,2,2,1,1,1,1,1	24	6+4+2+1	y	n	6	n	y
13/o384.26	384	3,2,2,2,1,1,1,1	8	4+4+3+2	n	n	12	n	y
13/o384.27	384	3,2,2,2,2,2	2	4+3+2+2+2	n	n	12	n	y
13/o384.28	384	4,1,1,1,1,1,1,1,1,1	16	4+4+4+1	y	n	6	n	y
13/o400.1	400	2,1,1,1,1,1,1,1,1,1,1,1	200	10+2+1	y	n	10	n	y
13/o432.1	432	4,1,1,1,1,1,1,1,1,1	18	9+4	n	n	12	n	y
13/o432.2	432	4,1,1,1,1,1,1,1,1,1	18	9+4	n	n	36	n	y
13/o432.3	432	4,3,1,1,1,1,1,1	3	4+3+3+3	n	n	12	n	n
13/o432.4	432	3,1,1,1,1,1,1,1,1,1,1	72	9+3+1	y	n	12	n	y
13/o432.5	432	3,3,1,1,1,1,1,1,1	12	6+6+1	y	n	12	n	y
13/o432.6	432	3,3,3,1,1,1,1	2	6+3+1+1+1+1	y	n	12	n	y
13/o432.7	432	3,3,3,1,1,1,1	2	6+3+2+1+1	y	n	12	n	y
13/o432.8	432	3,3,1,1,1,1,1,1,1	12	6+3+3+1	y	n	12	n	y
13/o432.9	432	3,3,3,1,1,1,1	2	6+3+2+2	n	n	12	n	y
13/o432.10	432	3,3,1,1,1,1,1,1,1	12	6+6+1	y	n	12	n	y
13/o432.11	432	3,3,1,1,1,1,1,1,1	12	6+3+3+1	y	n	6	n	y
13/o432.12	432	3,3,3,2,1,1	1	3+3+3+2+1+1	y	n	6	n	y
13/o432.13	432	3,3,3,1,1,1,1	2	3+3+3+2+2	n	n	6	n	y
13/o480.1	480	3,2,2,1,1,1,1,1,1	20	5+4+3+1	y	n	60	n	y
13/o480.2	480	5,1,1,1,1,1,1,1,1	4	5+4+4	n	n	20	n	n
13/o480.3	480	5,1,1,1,1,1,1,1,1	4	5+4+1+1+1+1	y	n	10	n	y
13/o480.4	480	5,1,1,1,1,1,1,1,1	4	5+4+2+1+1	y	n	10	n	y
13/o480.5	480	5,1,1,1,1,1,1,1,1	4	5+4+2+2	n	n	10	n	y
13/o480.6	480	5,1,1,1,1,1,1,1,1	4	5+4+2+2	n	n	10	n	y
13/o480.7	480	5,1,1,1,1,1,1,1,1	4	5+4+4	n	n	10	n	y
13/o480.8	480	5,2,2,1,1,1,1	1	5+2+2+1+1+1+1	y	n	10	n	y
13/o480.9	480	5,2,1,1,1,1,1,1	2	5+2+2+2+1+1	y	n	10	n	y
13/o480.10	480	5,2,1,1,1,1,1,1	2	5+2+2+2+2	n	n	10	n	y
13/o480.11	480	5,1,1,1,1,1,1,1,1	4	5+2+2+2+2	n	n	10	n	y
13/o480.12	480	2,1,1,1,1,1,1,1,1,1,1,1	240	10+2+1	y	n	10	n	y
13/o480.13	480	4,2,1,1,1,1,1,1,1	10	5+4+2+1+1	y	n	30	n	y
13/o480.14	480	4,1,1,1,1,1,1,1,1,1	20	5+4+2+2	n	n	30	n	y
13/o480.15	480	1,1,1,1,1,1,1,1,1,1,1,1,1	480	8+5	n	n	30	n	y
13/o480.16	480	2,2,2,1,1,1,1,1,1,1	60	6+5+1+1	y	n	30	n	y
13/o504.1	504	3,3,1,1,1,1,1,1,1	14	7+3+3	n	n	42	n	y
13/o512.1	512	2,2,2,2,2,2,1	8	8+2+2+1	y	n	8	n	y
13/o512.2	512	2,2,2,2,2,2,1	8	8+4+1	y	n	8	n	y
13/o512.3	512	2,2,2,2,2,2,1	8	4+4+4+1	y	n	4	n	y
13/o512.4	512	2,2,2,2,1,1,1,1,1	32	8+4+1	y	n	8	n	y
13/o512.5	512	2,2,2,2,2,2,1	8	8+4+1	y	n	4	n	y
13/o576.1	576	4,4,1,1,1,1,1	1	4+4+1+1+1+1+1	y	n	12	n	y
13/o576.2	576	4,1,1,1,1,1,1,1,1,1	24	4+4+4+1	y	n	12	n	y
13/o576.3	576	4,2,2,2,1,1,1	3	6+4+3	n	n	12	n	n
13/o576.4	576	4,2,1,1,1,1,1,1,1	12	6+4+2+1	y	n	12	n	y
13/o576.5	576	4,3,1,1,1,1,1,1	4	4+4+3+1+1	y	n	12	n	y
13/o576.6	576	4,3,1,1,1,1,1,1	4	4+4+3+2	n	n	12	n	y
13/o576.7	576	4,3,2,2,1,1	1	4+3+2+2+1+1	y	n	12	n	y
13/o576.8	576	4,3,2,1,1,1,1	2	4+3+2+2+2	n	n	12	n	y
13/o576.9	576	3,2,1,1,1,1,1,1,1,1	48	8+3+2	n	n	12	n	y
13/o576.10	576	2,2,2,1,1,1,1,1,1,1	72	6+6+1	y	n	12	n	y
13/o576.11	576	3,2,2,2,2,1,1	6	6+3+2+1+1	y	n	12	n	y
13/o576.12	576	3,2,2,2,1,1,1,1	12	6+3+2+2	n	n	12	n	y
13/o576.13	576	2,2,1,1,1,1,1,1,1,1,1	144	9+4	n	n	12	n	y
13/o576.14	576	3,3,2,2,1,1,1	4	6+4+1+1+1	y	n	12	n	y
13/o576.15	576	3,3,2,2,1,1,1	4	6+4+2+1	y	n	12	n	y
13/o576.16	576	3,3,2,2,1,1,1	4	6+4+2+1	y	n	12	n	y
13/o576.17	576	3,3,2,2,2,1	2	6+4+2+1	y	n	12	n	y
13/o576.18	576	3,2,2,1,1,1,1,1,1	24	6+4+3	n	n	12	n	y
13/o576.19	576	3,3,2,2,2,1	2	4+3+3+2+1	y	n	12	n	y
13/o576.20	576	3,3,2,1,1,1,1,1	8	6+4+2+1	y	n	6	n	y
13/o576.21	576	3,3,2,2,2,1	2	6+2+2+2+1	y	n	6	n	y
13/o600.1	600	3,1,1,1,1,1,1,1,1,1,1	100	5+5+3	n	n	30	n	y
13/o640.1	640	2,2,2,2,2,2,1	10	10+2+1	y	n	10	n	y
13/o640.2	640	2,2,2,2,1,1,1,1,1	40	8+5	n	n	20	n	y
13/o640.3	640	2,2,2,2,1,1,1,1,1	40	5+4+4	n	n	20	n	y
13/o648.1	648	3,3,3,1,1,1,1	3	9+3+1	y	n	9	n	n
13/o672.1	672	4,2,1,1,1,1,1,1,1	14	7+4+2	n	n	42	n	y
13/o672.2	672	2,2,2,1,1,1,1,1,1,1	84	7+6	n	n	42	n	y
13/o720.1	720	6,1,1,1,1,1,1,1	1	6+1+1+1+1+1+1+1	y	n	6	n	y
13/o720.2	720	1,1,1,1,1,1,1,1,1,1,1,1,1	720	6+6+1	y	n	6	n	y
13/o720.3	720	5,1,1,1,1,1,1,1,1	6	6+5+1+1	y	n	15	n	y
13/o720.4	720	5,1,1,1,1,1,1,1,1	6	6+5+2	n	n	15	n	y
13/o720.5	720	5,2,1,1,1,1,1,1	3	5+3+3+2	n	n	30	n	n
13/o720.6	720	5,3,1,1,1,1,1	1	5+3+1+1+1+1+1	y	n	15	n	y
13/o720.7	720	5,1,1,1,1,1,1,1,1	6	5+3+3+1+1	y	n	15	n	y
13/o720.8	720	3,1,1,1,1,1,1,1,1,1,1	120	5+5+3	n	n	15	n	y
13/o720.9	720	3,1,1,1,1,1,1,1,1,1,1	120	10+3	n	n	15	n	y
13/o720.10	720	3,3,1,1,1,1,1,1,1	20	6+5+1+1	y	n	30	n	y
13/o720.11	720	3,3,1,1,1,1,1,1,1	20	6+5+2	n	n	30	n	y
13/o720.12	720	3,3,2,1,1,1,1,1	10	5+3+3+2	n	n	30	n	y
13/o768.1	768	2,2,2,2,2,1,1,1	24	8+2+1+1+1	y	n	8	n	y
13/o768.2	768	2,2,2,2,1,1,1,1,1	48	8+2+2+1	y	n	8	n	y
13/o768.3	768	4,1,1,1,1,1,1,1,1,1	32	8+4+1	y	n	12	n	y
13/o768.4	768	4,2,2,2,2,1	2	4+4+2+2+1	y	n	12	n	y
13/o768.5	768	4,2,2,2,2,1	2	4+4+4+1	y	n	12	n	y
13/o768.6	768	2,2,2,2,2,2,1	12	6+4+2+1	y	n	12	n	y
13/o768.7	768	2,2,2,2,2,2,1	12	12+1	y	n	12	n	y
13/o768.8	768	3,2,2,2,2,1,1	8	8+3+1+1	y	n	24	n	y
13/o768.9	768	3,2,2,2,2,1,1	8	8+3+2	n	n	24	n	y
13/o768.10	768	3,2,2,2,2,2	4	4+4+3+2	n	n	12	n	y
13/o768.11	768	4,2,2,1,1,1,1,1	8	4+4+4+1	y	n	12	n	y
13/o768.12	768	3,2,2,2,2,2	4	8+3+2	n	n	12	n	y
13/o864.1	864	4,1,1,1,1,1,1,1,1,1	36	9+4	n	n	12	n	y
13/o864.2	864	4,3,1,1,1,1,1,1	6	6+4+3	n	n	12	n	y
13/o864.3	864	4,3,3,1,1,1	1	4+3+3+1+1+1	y	n	12	n	y
13/o864.4	864	4,3,1,1,1,1,1,1	6	4+3+3+3	n	n	12	n	y
13/o864.5	864	3,3,1,1,1,1,1,1,1	24	6+6+1	y	n	12	n	y
13/o864.6	864	3,3,3,2,1,1	2	6+3+2+1+1	y	n	12	n	y
13/o864.7	864	3,3,3,1,1,1,1	4	6+3+2+2	n	n	12	n	y
13/o864.8	864	3,3,3,2,1,1	2	6+3+2+2	n	n	12	n	y
13/o864.9	864	3,3,3,1,1,1,1	4	6+4+3	n	n	12	n	y
13/o864.10	864	3,3,3,1,1,1,1	4	4+3+3+3	n	n	6	n	y
13/o864.11	864	3,3,3,2,2	1	3+3+3+2+2	n	n	6	n	y
13/o960.1	960	5,1,1,1,1,1,1,1,1	8	8+5	n	n	20	n	y
13/o960.2	960	5,2,2,1,1,1,1	2	5+4+1+1+1+1	y	n	20	n	y
13/o960.3	960	5,2,2,1,1,1,1	2	5+4+2+1+1	y	n	20	n	y
13/o960.4	960	5,1,1,1,1,1,1,1,1	8	5+4+4	n	n	20	n	y
13/o960.5	960	5,2,2,1,1,1,1	2	5+4+2+2	n	n	20	n	y
13/o960.6	960	5,1,1,1,1,1,1,1,1	8	5+4+4	n	n	20	n	y
13/o960.7	960	5,2,2,2,1,1	1	5+2+2+2+1+1	y	n	10	n	y
13/o960.8	960	5,2,2,1,1,1,1	2	5+2+2+2+2	n	n	10	n	y
13/o960.9	960	4,1,1,1,1,1,1,1,1,1	40	5+4+4	n	n	30	n	y
13/o960.10	960	4,2,2,1,1,1,1,1	10	5+4+2+2	n	n	30	n	y
13/o960.11	960	2,2,2,2,1,1,1,1,1	60	6+5+2	n	n	30	n	y
13/o960.12	960	5,1,1,1,1,1,1,1,1	8	8+5	n	n	10	n	y
13/o960.13	960	5,2,1,1,1,1,1,1	4	5+4+2+1+1	y	n	10	n	y
13/o960.14	960	5,1,1,1,1,1,1,1,1	8	5+4+2+2	n	n	10	n	y
13/o960.15	960	5,2,1,1,1,1,1,1	4	5+4+2+2	n	n	10	n	y
13/o960.16	960	5,1,1,1,1,1,1,1,1	8	5+4+4	n	n	10	n	y
13/o1008.1	1008	3,3,1,1,1,1,1,1,1	28	7+6	n	n	42	n	y
13/o1024.1	1024	2,2,2,2,2,2,1	16	8+4+1	y	n	8	n	y
13/o1152.1	1152	4,4,1,1,1,1,1	2	8+1+1+1+1+1	y	n	12	n	y
13/o1152.2	1152	4,4,1,1,1,1,1	2	8+2+1+1+1	y	n	12	n	y
13/o1152.3	1152	4,4,1,1,1,1,1	2	8+2+2+1	y	n	12	n	y
13/o1152.4	1152	4,1,1,1,1,1,1,1,1,1	48	8+4+1	y	n	12	n	y
13/o1152.5	1152	4,4,2,1,1,1	1	4+4+2+1+1+1	y	n	12	n	y
13/o1152.6	1152	4,4,1,1,1,1,1	2	4+4+2+2+1	y	n	12	n	y
13/o1152.7	1152	4,2,2,2,1,1,1	6	6+4+1+1+1	y	n	12	n	y
13/o1152.8	1152	4,2,2,2,1,1,1	6	6+4+3	n	n	12	n	y
13/o1152.9	1152	4,3,2,2,1,1	2	4+4+3+1+1	y	n	12	n	y
13/o1152.10	1152	4,3,2,2,1,1	2	4+4+3+2	n	n	12	n	y
13/o1152.11	1152	4,3,2,2,2	1	4+3+2+2+2	n	n	12	n	y
13/o1152.12	1152	3,2,2,2,1,1,1,1	24	6+4+3	n	n	12	n	y
13/o1152.13	1152	3,2,2,2,2,2	6	6+3+2+2	n	n	12	n	y
13/o1152.14	1152	3,3,2,2,2,1	4	6+4+2+1	y	n	12	n	y
13/o1152.15	1152	4,3,2,1,1,1,1	4	4+4+3+2	n	n	12	n	y
13/o1200.1	1200	5,1,1,1,1,1,1,1,1	10	5+5+1+1+1	y	n	30	n	y
13/o1200.2	1200	3,1,1,1,1,1,1,1,1,1,1	200	10+3	n	n	30	n	y
13/o1280.1	1280	2,2,2,2,1,1,1,1,1	80	8+5	n	n	40	n	y
13/o1296.1	1296	3,3,3,1,1,1,1	6	9+1+1+1+1	y	n	12	n	y
13/o1296.2	1296	3,3,3,1,1,1,1	6	9+3+1	y	n	12	n	y
13/o1296.3	1296	3,3,3,3,1	1	3+3+3+3+1	y	n	6	n	y
13/o1440.1	1440	6,2,1,1,1,1,1	1	6+2+1+1+1+1+1	y	n	10	n	y
13/o1440.2	1440	6,1,1,1,1,1,1,1	2	6+2+2+1+1+1	y	n	10	n	y
13/o1440.3	1440	6,1,1,1,1,1,1,1	2	6+2+2+2+1	y	n	10	n	y
13/o1440.4	1440	1,1,1,1,1,1,1,1,1,1,1,1,1	1440	12+1	y	n	10	n	y
13/o1440.5	1440	5,1,1,1,1,1,1,1,1	12	6+5+1+1	y	n	30	n	y
13/o1440.6	1440	5,1,1,1,1,1,1,1,1	12	6+5+2	n	n	30	n	y
13/o1440.7	1440	5,2,1,1,1,1,1,1	6	6+5+2	n	n	30	n	y
13/o1440.8	1440	5,3,2,1,1,1	1	5+3+2+1+1+1	y	n	30	n	y
13/o1440.9	1440	5,3,1,1,1,1,1	2	5+3+2+2+1	y	n	30	n	y
13/o1440.10	1440	5,2,1,1,1,1,1,1	6	5+3+3+2	n	n	30	n	y
13/o1440.11	1440	3,1,1,1,1,1,1,1,1,1,1	240	10+3	n	n	30	n	y
13/o1440.12	1440	4,3,1,1,1,1,1,1	10	5+4+3+1	y	n	60	n	y
13/o1440.13	1440	3,3,2,1,1,1,1,1	20	6+5+2	n	n	30	n	y
13/o1536.1	1536	2,2,2,2,1,1,1,1,1	96	8+4+1	y	n	8	n	y
13/o1536.2	1536	2,2,2,2,2,2,1	24	8+2+2+1	y	n	8	n	y
13/o1536.3	1536	4,2,2,2,2,1	4	8+4+1	y	n	12	n	y
13/o1536.4	1536	4,2,2,2,2,1	4	4+4+4+1	y	n	12	n	y
13/o1536.5	1536	3,2,2,2,2,2	8	8+3+2	n	n	24	n	y
13/o1680.1	1680	5,1,1,1,1,1,1,1,1	14	7+5+1	y	n	42	n	y
13/o1728.1	1728	4,1,1,1,1,1,1,1,1,1	72	9+4	n	n	12	n	y
13/o1728.2	1728	4,3,3,1,1,1	2	6+4+1+1+1	y	n	12	n	y
13/o1728.3	1728	4,3,3,1,1,1	2	6+4+2+1	y	n	12	n	y
13/o1728.4	1728	4,3,1,1,1,1,1,1	12	6+4+3	n	n	12	n	y
13/o1728.5	1728	4,3,3,2,1	1	4+3+3+2+1	y	n	12	n	y
13/o1728.6	1728	3,3,2,2,2,1	6	6+3+3+1	y	n	12	n	y
13/o1728.7	1728	3,3,3,2,2	2	6+3+2+2	n	n	12	n	y
13/o1728.8	1728	3,3,3,2,2	2	6+4+3	n	n	12	n	y
13/o1728.9	1728	3,3,3,2,2	2	4+3+3+3	n	n	12	n	y
13/o1728.10	1728	3,3,3,1,1,1,1	8	6+4+3	n	n	12	n	y
13/o1920.1	1920	5,1,1,1,1,1,1,1,1	16	8+5	n	n	40	n	y
13/o1920.2	1920	5,1,1,1,1,1,1,1,1	16	8+5	n	n	20	n	y
13/o1920.3	1920	5,2,2,2,1,1	2	5+4+2+1+1	y	n	20	n	y
13/o1920.4	1920	5,2,2,1,1,1,1	4	5+4+2+2	n	n	20	n	y
13/o1920.5	1920	5,2,2,2,1,1	2	5+4+2+2	n	n	20	n	y
13/o1920.6	1920	5,2,2,1,1,1,1	4	5+4+4	n	n	20	n	y
13/o1920.7	1920	4,2,2,1,1,1,1,1	20	5+4+4	n	n	60	n	y
13/o1920.8	1920	3,2,2,2,2,2	10	10+3	n	n	30	n	y
13/o1920.9	1920	5,2,2,1,1,1,1	4	5+4+2+2	n	n	10	n	y
13/o1920.10	1920	5,2,2,2,2	1	5+2+2+2+2	n	n	10	n	y
13/o1920.11	1920	5,1,1,1,1,1,1,1,1	16	5+4+4	n	n	10	n	y
13/o2160.1	2160	6,1,1,1,1,1,1,1	3	6+3+3+1	y	n	15	-	-
13/o2304.1	2304	3,2,2,2,2,1,1	24	8+3+1+1	y	n	24	-	-
13/o2304.2	2304	4,4,2,1,1,1	2	8+2+1+1+1	y	n	12	-	-
13/o2304.3	2304	4,4,1,1,1,1,1	4	8+2+2+1	y	n	12	-	-
13/o2304.4	2304	4,4,2,1,1,1	2	8+2+2+1	y	n	12	-	-
13/o2304.5	2304	4,4,1,1,1,1,1	4	8+4+1	y	n	12	-	-
13/o2304.6	2304	4,4,1,1,1,1,1	4	4+4+4+1	y	n	12	-	-
13/o2304.7	2304	4,4,2,2,1	1	4+4+2+2+1	y	n	12	-	-
13/o2304.8	2304	4,2,2,2,2,1	6	6+4+2+1	y	n	12	-	-
13/o2304.9	2304	4,3,2,2,2	2	4+4+3+2	n	n	12	-	-
13/o2304.10	2304	2,2,2,2,2,2,1	36	6+6+1	y	n	12	-	-
13/o2304.11	2304	3,2,2,2,2,2	12	6+4+3	n	n	12	-	-
13/o2400.1	2400	5,2,1,1,1,1,1,1	10	5+5+2+1	y	n	30	-	-
13/o2592.1	2592	3,3,3,2,1,1	6	9+2+1+1	y	n	18	-	-
13/o2592.2	2592	3,3,3,1,1,1,1	12	9+2+2	n	n	18	-	-
13/o2592.3	2592	3,3,3,3,1	2	6+3+3+1	y	n	12	-	-
13/o2592.4	2592	3,3,3,3,1	2	6+6+1	y	n	12	-	-
13/o2880.1	2880	6,1,1,1,1,1,1,1	4	6+4+1+1+1	y	n	10	-	-
13/o2880.2	2880	6,1,1,1,1,1,1,1	4	6+4+2+1	y	n	10	-	-
13/o2880.3	2880	6,2,2,1,1,1	1	6+2+2+1+1+1	y	n	10	-	-
13/o2880.4	2880	6,2,1,1,1,1,1	2	6+2+2+2+1	y	n	10	-	-
13/o2880.5	2880	5,4,1,1,1,1	1	5+4+1+1+1+1	y	n	20	-	-
13/o2880.6	2880	5,1,1,1,1,1,1,1,1	24	5+4+4	n	n	20	-	-
13/o2880.7	2880	5,2,1,1,1,1,1,1	12	6+5+2	n	n	30	-	-
13/o2880.8	2880	5,3,1,1,1,1,1	4	5+4+3+1	y	n	30	-	-
13/o2880.9	2880	5,3,2,2,1	1	5+3+2+2+1	y	n	30	-	-
13/o3072.1	3072	2,2,2,2,2,2,1	48	8+4+1	y	n	12	-	-
13/o3072.2	3072	4,2,2,2,2,1	8	8+4+1	y	n	24	-	-
13/o3072.3	3072	2,2,2,2,2,2,1	48	12+1	y	n	12	-	-
13/o3456.1	3456	4,4,3,1,1	1	4+4+3+1+1	y	n	12	-	-
13/o3456.2	3456	4,3,3,2,1	2	6+4+2+1	y	n	12	-	-
13/o3456.3	3456	3,3,2,2,2,1	12	6+6+1	y	n	12	-	-
13/o3456.4	3456	3,3,3,2,2	4	6+4+3	n	n	12	-	-
13/o3840.1	3840	2,2,2,2,2,1,1,1	120	10+1+1+1	y	n	12	-	-
13/o3840.2	3840	5,1,1,1,1,1,1,1,1	32	8+5	n	n	20	-	-
13/o3840.3	3840	5,2,2,2,2	2	5+4+2+2	n	n	20	-	-
13/o3840.4	3840	5,2,2,2,2	2	5+4+4	n	n	20	-	-
13/o3840.5	3840	2,2,2,2,1,1,1,1,1	240	8+5	n	n	40	-	-
13/o3840.6	3840	5,2,2,1,1,1,1	8	5+4+4	n	n	20	-	-
13/o4320.1	4320	6,1,1,1,1,1,1,1	6	6+6+1	y	n	15	-	-
13/o4320.2	4320	6,3,1,1,1,1	1	6+3+1+1+1+1	y	n	15	-	-
13/o4320.3	4320	6,1,1,1,1,1,1,1	6	6+3+3+1	y	n	15	-	-
13/o4320.4	4320	5,3,3,1,1	1	5+3+3+1+1	y	n	30	-	-
13/o4608.1	4608	3,2,2,2,2,2	24	8+3+2	n	n	24	-	-
13/o4608.2	4608	4,4,2,2,1	2	8+2+2+1	y	n	12	-	-
13/o4608.3	4608	4,4,2,2,1	2	8+4+1	y	n	12	-	-
13/o4608.4	4608	4,4,2,2,1	2	4+4+4+1	y	n	12	-	-
13/o4608.5	4608	2,2,2,2,2,2,1	72	12+1	y	n	12	-	-
13/o4608.6	4608	4,4,1,1,1,1,1	8	8+4+1	y	n	12	-	-
13/o5040.1	5040	7,1,1,1,1,1,1	1	7+1+1+1+1+1+1	y	n	12	-	-
13/o5184.1	5184	4,3,3,3	1	4+3+3+3	n	n	12	-	-
13/o5184.2	5184	3,3,3,1,1,1,1	24	9+4	n	n	18	-	-
13/o5184.3	5184	3,3,3,2,2	6	9+2+2	n	n	18	-	-
13/o5184.4	5184	3,3,3,3,1	4	6+6+1	y	n	12	-	-
13/o5184.5	5184	3,3,3,3,1	4	12+1	y	n	12	-	-
13/o5760.1	5760	6,2,2,1,1,1	2	6+4+1+1+1	y	n	20	-	-
13/o5760.2	5760	6,2,2,1,1,1	2	6+4+2+1	y	n	20	-	-
13/o5760.3	5760	6,2,2,2,1	1	6+2+2+2+1	y	n	10	-	-
13/o5760.4	5760	5,1,1,1,1,1,1,1,1	48	8+5	n	n	30	-	-
13/o5760.5	5760	5,4,2,1,1	1	5+4+2+1+1	y	n	30	-	-
13/o5760.6	5760	5,4,1,1,1,1	2	5+4+2+2	n	n	30	-	-
13/o5760.7	5760	5,2,2,2,1,1	6	6+5+1+1	y	n	30	-	-
13/o5760.8	5760	5,3,2,2,1	2	5+4+3+1	y	n	60	-	-
13/o5760.9	5760	4,4,1,1,1,1,1	10	5+4+4	n	n	60	-	-
13/o5760.10	5760	6,2,1,1,1,1,1	4	6+4+2+1	y	n	10	-	-
13/o6912.1	6912	4,4,3,1,1	2	8+3+1+1	y	n	24	-	-
13/o6912.2	6912	4,4,3,1,1	2	8+3+2	n	n	24	-	-
13/o6912.3	6912	4,4,3,2	1	4+4+3+2	n	n	12	-	-
13/o6912.4	6912	4,3,2,2,2	6	6+4+3	n	n	12	-	-
13/o7200.1	7200	6,1,1,1,1,1,1,1	10	6+5+1+1	y	n	30	-	-
13/o7200.2	7200	5,3,1,1,1,1,1	10	5+5+3	n	n	60	-	-
13/o7680.1	7680	2,2,2,2,2,2,1	120	10+2+1	y	n	12	-	-
13/o7680.2	7680	5,2,2,2,2	4	8+5	n	n	20	-	-
13/o7680.3	7680	5,2,2,2,2	4	5+4+4	n	n	20	-	-
13/o7776.1	7776	3,3,3,3,1	6	9+3+1	y	n	18	-	-
13/o8640.1	8640	6,1,1,1,1,1,1,1	12	6+6+1	y	n	30	-	-
13/o8640.2	8640	6,3,2,1,1	1	6+3+2+1+1	y	n	30	-	-
13/o8640.3	8640	6,3,1,1,1,1	2	6+3+2+2	n	n	30	-	-
13/o8640.4	8640	5,3,3,1,1	2	6+5+1+1	y	n	30	-	-
13/o8640.5	8640	5,3,3,1,1	2	6+5+2	n	n	30	-	-
13/o8640.6	8640	5,3,3,2	1	5+3+3+2	n	n	30	-	-
13/o9216.1	9216	4,2,2,2,2,1	24	8+4+1	y	n	24	-	-
13/o9216.2	9216	4,4,2,2,1	4	8+4+1	y	n	12	-	-
13/o10080.1	10080	7,2,1,1,1,1	1	7+2+1+1+1+1	y	n	14	-	-
13/o10080.2	10080	7,1,1,1,1,1,1	2	7+2+2+1+1	y	n	14	-	-
13/o10080.3	10080	7,1,1,1,1,1,1	2	7+2+2+2	n	n	14	-	-
13/o10080.4	10080	6,1,1,1,1,1,1,1	14	7+6	n	n	42	-	-
13/o10368.1	10368	4,3,3,3	2	6+4+3	n	n	12	-	-
13/o10368.2	10368	3,3,3,2,2	12	9+4	n	n	36	-	-
13/o10368.3	10368	3,3,3,3,1	8	12+1	y	n	12	-	-
13/o11520.1	11520	6,2,2,2,1	2	6+4+2+1	y	n	20	-	-
13/o11520.2	11520	5,4,1,1,1,1	4	5+4+4	n	n	30	-	-
13/o11520.3	11520	5,4,2,2	1	5+4+2+2	n	n	30	-	-
13/o11520.4	11520	5,2,2,2,2	6	6+5+2	n	n	30	-	-
13/o11520.5	11520	4,4,1,1,1,1,1	20	8+5	n	n	60	-	-
13/o13824.1	13824	4,4,3,2	2	8+3+2	n	n	24	-	-
13/o13824.2	13824	4,4,4,1	1	4+4+4+1	y	n	12	-	-
13/o14400.1	14400	6,2,1,1,1,1,1	10	6+5+2	n	n	30	-	-
13/o14400.2	14400	5,5,1,1,1	1	5+5+1+1+1	y	n	30	-	-
13/o15120.1	15120	7,1,1,1,1,1,1	3	7+3+3	n	n	30	-	-
13/o15360.1	15360	5,2,2,2,2	8	8+5	n	n	40	-	-
13/o17280.1	17280	6,4,1,1,1	1	6+4+1+1+1	y	n	20	-	-
13/o17280.2	17280	6,3,1,1,1,1	4	6+4+3	n	n	30	-	-
13/o17280.3	17280	6,3,2,2	1	6+3+2+2	n	n	30	-	-
13/o17280.4	17280	5,4,3,1	1	5+4+3+1	y	n	60	-	-
13/o17280.5	17280	5,3,3,2	2	6+5+2	n	n	30	-	-
13/o20160.1	20160	7,1,1,1,1,1,1	4	7+4+1+1	y	n	14	-	-
13/o20160.2	20160	7,1,1,1,1,1,1	4	7+4+2	n	n	14	-	-
13/o20160.3	20160	7,2,2,1,1	1	7+2+2+1+1	y	n	14	-	-
13/o20160.4	20160	7,2,1,1,1,1	2	7+2+2+2	n	n	14	-	-
13/o23040.1	23040	3,2,2,2,2,2	120	10+3	n	n	30	-	-
13/o23040.2	23040	5,4,2,2	2	5+4+4	n	n	60	-	-
13/o25920.1	25920	6,3,3,1	1	6+3+3+1	y	n	30	-	-
13/o27648.1	27648	4,4,4,1	2	8+4+1	y	n	24	-	-
13/o28800.1	28800	5,5,1,1,1	2	10+1+1+1	y	n	30	-	-
13/o28800.2	28800	5,5,1,1,1	2	10+2+1	y	n	30	-	-
13/o28800.3	28800	5,5,2,1	1	5+5+2+1	y	n	30	-	-
13/o30240.1	30240	7,1,1,1,1,1,1	6	7+6	n	n	30	-	-
13/o30240.2	30240	7,3,1,1,1	1	7+3+1+1+1	y	n	30	-	-
13/o30240.3	30240	7,1,1,1,1,1,1	6	7+3+3	n	n	30	-	-
13/o31104.1	31104	3,3,3,3,1	24	12+1	y	n	18	-	-
13/o31104.2	31104	4,3,3,3	6	9+4	n	n	36	-	-
13/o34560.1	34560	6,4,2,1	1	6+4+2+1	y	n	30	-	-
13/o34560.2	34560	6,2,2,2,1	6	6+6+1	y	n	30	-	-
13/o34560.3	34560	6,3,2,2	2	6+4+3	n	n	60	-	-
13/o40320.1	40320	8,1,1,1,1,1	1	8+1+1+1+1+1	y	n	15	-	-
13/o40320.2	40320	7,2,2,1,1	2	7+4+1+1	y	n	28	-	-
13/o40320.3	40320	7,2,2,1,1	2	7+4+2	n	n	28	-	-
13/o40320.4	40320	7,2,2,2	1	7+2+2+2	n	n	14	-	-
13/o40320.5	40320	7,2,1,1,1,1	4	7+4+2	n	n	14	-	-
13/o46080.1	46080	2,2,2,2,2,2,1	720	12+1	y	n	12	-	-
13/o46080.2	46080	5,2,2,2,2	24	8+5	n	n	40	-	-
13/o50400.1	50400	7,1,1,1,1,1,1	10	7+5+1	y	n	60	-	-
13/o51840.1	51840	6,3,3,1	2	6+6+1	y	n	30	-	-
13/o57600.1	57600	5,5,2,1	2	10+2+1	y	n	30	-	-
13/o60480.1	60480	7,1,1,1,1,1,1	12	7+6	n	n	42	-	-
13/o60480.2	60480	7,3,2,1	1	7+3+2+1	y	n	42	-	-
13/o69120.1	69120	5,4,4	1	5+4+4	n	n	60	-	-
13/o80640.1	80640	8,2,1,1,1	1	8+2+1+1+1	y	n	30	-	-
13/o80640.2	80640	8,1,1,1,1,1	2	8+2+2+1	y	n	30	-	-
13/o80640.3	80640	7,2,2,2	2	7+4+2	n	n	28	-	-
13/o82944.1	82944	4,4,4,1	6	12+1	y	n	24	-	-
13/o86400.1	86400	6,5,1,1	1	6+5+1+1	y	n	30	-	-
13/o86400.2	86400	5,5,3	1	5+5+3	n	n	60	-	-
13/o103680.1	103680	6,4,3	1	6+4+3	n	n	60	-	-
13/o120960.1	120960	7,4,1,1	1	7+4+1+1	y	n	30	-	-
13/o138240.1	138240	5,4,4	2	8+5	n	n	60	-	-
13/o161280.1	161280	8,1,1,1,1,1	4	8+4+1	y	n	30	-	-
13/o161280.2	161280	8,2,2,1	1	8+2+2+1	y	n	30	-	-
13/o172800.1	172800	6,5,2	1	6+5+2	n	n	30	-	-
13/o172800.2	172800	5,5,3	2	10+3	n	n	60	-	-
13/o181440.1	181440	7,3,3	1	7+3+3	n	n	42	-	-
13/o241920.1	241920	8,3,1,1	1	8+3+1+1	y	n	30	-	-
13/o241920.2	241920	7,4,2	1	7+4+2	n	n	42	-	-
13/o241920.3	241920	7,2,2,2	6	7+6	n	n	42	-	-
13/o322560.1	322560	8,2,2,1	2	8+4+1	y	n	60	-	-
13/o362880.1	362880	9,1,1,1,1	1	9+1+1+1+1	y	n	20	-	-
13/o362880.2	362880	7,3,3	2	7+6	n	n	42	-	-
13/o403200.1	403200	8,1,1,1,1,1	10	8+5	n	n	60	-	-
13/o483840.1	483840	8,3,2	1	8+3+2	n	n	42	-	-
13/o518400.1	518400	6,6,1	1	6+6+1	y	n	30	-	-
13/o604800.1	604800	7,5,1	1	7+5+1	y	n	60	-	-
13/o725760.1	725760	9,2,1,1	1	9+2+1+1	y	n	30	-	-
13/o725760.2	725760	9,1,1,1,1	2	9+2+2	n	n	30	-	-
13/o967680.1	967680	8,4,1	1	8+4+1	y	n	60	-	-
13/o1036800.1	1036800	6,6,1	2	12+1	y	n	30	-	-
13/o1451520.1	1451520	9,1,1,1,1	4	9+4	n	n	30	-	-
13/o1451520.2	1451520	9,2,2	1	9+2+2	n	n	30	-	-
13/o2177280.1	2177280	9,3,1	1	9+3+1	y	n	60	-	-
13/o2903040.1	2903040	9,2,2	2	9+4	n	n	60	-	-
13/o3628800.1	3628800	10,1,1,1	1	10+1+1+1	y	n	30	-	-
13/o3628800.2	3628800	7,6	1	7+6	n	n	60	-	-
13/o4838400.1	4838400	8,5	1	8+5	n	n	60	-	-
13/o7257600.1	7257600	10,2,1	1	10+2+1	y	n	42	-	-
13/o8709120.1	8709120	9,4	1	9+4	n	n	60	-	-
13/o21772800.1	21772800	10,3	1	10+3	n	n	60	-	-
13/o39916800.1	39916800	11,1,1	1	11+1+1	y	n	30	-	-
13/o79833600.1	79833600	11,2	1	11+2	n	n	42	-	-
13/o479001600.1	479001600	12,1	1	12+1	y	n	60	-	-
13/o6227020800.1	6227020800	13	1	13	n	n	60	-	-
14/o1.1	1	1,1,1,1,1,1,1,1,1,1,1,1,1,1	1	1+1+1+1+1+1+1+1+1+1+1+1+1+1	y	y	1	y	y
14/o2.1	2	1,1,1,1,1,1,1,1,1,1,1,1,1,1	2	2+2+1+1+1+1+1+1+1+1+1+1	y	y	2	y	y
14/o2.2	2	1,1,1,1,1,1,1,1,1,1,1,1,1,1	2	2+2+2+1+1+1+1+1+1+1+1	y	y	2	y	y
14/o2.3	2	1,1,1,1,1,1,1,1,1,1,1,1,1,1	2	2+2+2+2+1+1+1+1+1+1	y	y	2	y	y
14/o2.4	2	1,1,1,1,1,1,1,1,1,1,1,1,1,1	2	2+2+2+2+2+1+1+1+1	y	y	2	y	y
14/o2.5	2	1,1,1,1,1,1,1,1,1,1,1,1,1,1	2	2+2+2+2+2+2+1+1	y	y	2	y	y
14/o2.6	2	1,1,1,1,1,1,1,1,1,1,1,1,1,1	2	2+2+2+2+2+2+2	n	y	2	y	y
14/o2.7	2	2,1,1,1,1,1,1,1,1,1,1,1,1	1	2+1+1+1+1+1+1+1+1+1+1+1+1	y	y	2	y	y
14/o3.1	3	1,1,1,1,1,1,1,1,1,1,1,1,1,1	3	3+3+1+1+1+1+1+1+1+1	y	y	3	y	n
14/o3.2	3	1,1,1,1,1,1,1,1,1,1,1,1,1,1	3	3+3+3+1+1+1+1+1	y	y	3	y	n
14/o3.3	3	1,1,1,1,1,1,1,1,1,1,1,1,1,1	3	3+3+3+3+1+1	y	y	3	y	n
14/o4.1	4	1,1,1,1,1,1,1,1,1,1,1,1,1,1	4	4+4+1+1+1+1+1+1	y	y	4	y	n
14/o4.2	4	1,1,1,1,1,1,1,1,1,1,1,1,1,1	4	4+4+2+1+1+1+1	y	y	4	y	n
14/o4.3	4	1,1,1,1,1,1,1,1,1,1,1,1,1,1	4	4+4+2+2+1+1	y	y	4	y	n
14/o4.4	4	1,1,1,1,1,1,1,1,1,1,1,1,1,1	4	4+4+4+1+1	y	y	4	y	n
14/o4.5	4	1,1,1,1,1,1,1,1,1,1,1,1,1,1	4	4+4+1+1+1+1+1+1	y	n	2	y	y
14/o4.6	4	1,1,1,1,1,1,1,1,1,1,1,1,1,1	4	4+4+2+2+1+1	y	n	2	y	y
14/o4.7	4	1,1,1,1,1,1,1,1,1,1,1,1,1,1	4	4+4+2+1+1+1+1	y	n	2	y	y
14/o4.8	4	1,1,1,1,1,1,1,1,1,1,1,1,1,1	4	4+4+2+2+1+1	y	n	2	y	y
14/o4.9	4	1,1,1,1,1,1,1,1,1,1,1,1,1,1	4	4+4+4+1+1	y	n	2	y	y
14/o4.10	4	1,1,1,1,1,1,1,1,1,1,1,1,1,1	4	4+2+2+2+1+1+1+1	y	n	2	y	y
14/o4.11	4	1,1,1,1,1,1,1,1,1,1,1,1,1,1	4	4+2+2+2+2+1+1	y	n	2	y	y
14/o4.12	4	1,1,1,1,1,1,1,1,1,1,1,1,1,1	4	2+2+2+2+1+1+1+1+1+1	y	n	2	y	y
14/o4.13	4	1,1,1,1,1,1,1,1,1,1,1,1,1,1	4	4+2+2+1+1+1+1+1+1	y	n	2	y	y
14/o4.14	4	1,1,1,1,1,1,1,1,1,1,1,1,1,1	4	2+2+2+2+2+1+1+1+1	y	n	2	y	y
14/o4.15	4	1,1,1,1,1,1,1,1,1,1,1,1,1,1	4	4+2+2+2+1+1+1+1	y	n	2	y	y
14/o4.16	4	1,1,1,1,1,1,1,1,1,1,1,1,1,1	4	2+2+2+2+2+2+1+1	y	n	2	y	y
14/o4.17	4	1,1,1,1,1,1,1,1,1,1,1,1,1,1	4	4+2+2+2+2+1+1	y	n	2	y	y
14/o4.18	4	2,1,1,1,1,1,1,1,1,1,1,1,1	2	2+2+2+1+1+1+1+1+1+1+1	y	n	2	y	y
14/o4.19	4	1,1,1,1,1,1,1,1,1,1,1,1,1,1	4	4+2+1+1+1+1+1+1+1+1	y	n	2	y	y
14/o4.20	4	1,1,1,1,1,1,1,1,1,1,1,1,1,1	4	2+2+2+2+2+2+1+1	y	n	2	y	y
14/o4.21	4	1,1,1,1,1,1,1,1,1,1,1,1,1,1	4	4+2+2+2+2+1+1	y	n	2	y	y
14/o4.22	4	2,1,1,1,1,1,1,1,1,1,1,1,1	2	2+2+2+2+1+1+1+1+1+1	y	n	2	y	y
14/o4.23	4	1,1,1,1,1,1,1,1,1,1,1,1,1,1	4	4+2+2+1+1+1+1+1+1	y	n	2	y	y
14/o4.24	4	2,1,1,1,1,1,1,1,1,1,1,1,1	2	2+2+2+2+2+1+1+1+1	y	n	2	y	y
14/o4.25	4	1,1,1,1,1,1,1,1,1,1,1,1,1,1	4	4+2+2+2+1+1+1+1	y	n	2	y	y
14/o4.26	4	2,1,1,1,1,1,1,1,1,1,1,1,1	2	2+2+2+2+2+2+1+1	y	n	2	y	y
14/o4.27	4	1,1,1,1,1,1,1,1,1,1,1,1,1,1	4	4+2+2+2+2+1+1	y	n	2	y	y
14/o4.28	4	1,1,1,1,1,1,1,1,1,1,1,1,1,1	4	4+4+2+2+2	n	y	4	y	n
14/o4.29	4	1,1,1,1,1,1,1,1,1,1,1,1,1,1	4	4+4+4+2	n	y	4	y	n
14/o4.30	4	1,1,1,1,1,1,1,1,1,1,1,1,1,1	4	2+2+2+2+2+2+2	n	n	2	y	y
14/o4.31	4	1,1,1,1,1,1,1,1,1,1,1,1,1,1	4	4+2+2+2+2+2	n	n	2	y	y
14/o4.32	4	1,1,1,1,1,1,1,1,1,1,1,1,1,1	4	4+2+2+2+2+2	n	n	2	y	y
14/o4.33	4	1,1,1,1,1,1,1,1,1,1,1,1,1,1	4	4+2+2+2+2+2	n	n	2	y	y
14/o4.34	4	1,1,1,1,1,1,1,1,1,1,1,1,1,1	4	4+2+2+2+2+2	n	n	2	y	y
14/o4.35	4	1,1,1,1,1,1,1,1,1,1,1,1,1,1	4	4+4+2+2+2	n	n	2	y	y
14/o4.36	4	1,1,1,1,1,1,1,1,1,1,1,1,1,1	4	4+4+2+2+2	n	n	2	y	y
14/o4.37	4	1,1,1,1,1,1,1,1,1,1,1,1,1,1	4	4+4+2+2+2	n	n	2	y	y
14/o4.38	4	1,1,1,1,1,1,1,1,1,1,1,1,1,1	4	4+4+4+2	n	n	2	y	y
14/o4.39	4	1,1,1,1,1,1,1,1,1,1,1,1,1,1	4	2+2+2+2+2+2+2	n	n	2	y	y
14/o4.40	4	1,1,1,1,1,1,1,1,1,1,1,1,1,1	4	4+2+2+2+2+2	n	n	2	y	y
14/o4.41	4	2,1,1,1,1,1,1,1,1,1,1,1,1	2	2+2+2+2+2+2+2	n	n	2	y	y
14/o4.42	4	1,1,1,1,1,1,1,1,1,1,1,1,1,1	4	4+1+1+1+1+1+1+1+1+1+1	y	n	2	y	y
14/o4.43	4	2,2,1,1,1,1,1,1,1,1,1,1	1	2+2+1+1+1+1+1+1+1+1+1+1	y	n	2	y	y
14/o5.1	5	1,1,1,1,1,1,1,1,1,1,1,1,1,1	5	5+5+1+1+1+1	y	y	5	y	n
14/o6.1	6	1,1,1,1,1,1,1,1,1,1,1,1,1,1	6	3+3+2+2+2+2	n	y	6	y	n
14/o6.2	6	2,1,1,1,1,1,1,1,1,1,1,1,1	3	3+3+3+3+2	n	y	6	y	n
14/o6.3	6	1,1,1,1,1,1,1,1,1,1,1,1,1,1	6	3+3+2+2+1+1+1+1	y	y	6	y	n
14/o6.4	6	1,1,1,1,1,1,1,1,1,1,1,1,1,1	6	3+3+2+2+2+1+1	y	y	6	y	n
14/o6.5	6	2,1,1,1,1,1,1,1,1,1,1,1,1	3	3+3+2+1+1+1+1+1+1	y	y	6	y	n
14/o6.6	6	1,1,1,1,1,1,1,1,1,1,1,1,1,1	6	3+3+1+1+1+1+1+1+1+1	y	n	3	n	y
14/o6.7	6	1,1,1,1,1,1,1,1,1,1,1,1,1,1	6	6+3+1+1+1+1+1	y	y	6	y	n
14/o6.8	6	1,1,1,1,1,1,1,1,1,1,1,1,1,1	6	6+3+1+1+1+1+1	y	n	3	n	y
14/o6.9	6	1,1,1,1,1,1,1,1,1,1,1,1,1,1	6	3+3+3+1+1+1+1+1	y	n	3	n	y
14/o6.10	6	1,1,1,1,1,1,1,1,1,1,1,1,1,1	6	3+3+3+3+1+1	y	n	3	n	y
14/o6.11	6	1,1,1,1,1,1,1,1,1,1,1,1,1,1	6	3+3+3+2+2+1	y	y	6	y	n
14/o6.12	6	2,1,1,1,1,1,1,1,1,1,1,1,1	3	3+3+3+2+1+1+1	y	y	6	y	n
14/o6.13	6	1,1,1,1,1,1,1,1,1,1,1,1,1,1	6	6+3+3+1+1	y	y	6	y	n
14/o6.14	6	1,1,1,1,1,1,1,1,1,1,1,1,1,1	6	6+3+2+1+1+1	y	y	6	y	n
14/o6.15	6	1,1,1,1,1,1,1,1,1,1,1,1,1,1	6	6+3+2+2+1	y	y	6	y	n
14/o6.16	6	1,1,1,1,1,1,1,1,1,1,1,1,1,1	6	6+6+1+1	y	y	6	y	n
14/o6.17	6	1,1,1,1,1,1,1,1,1,1,1,1,1,1	6	6+3+2+1+1+1	y	n	3	n	y
14/o6.18	6	1,1,1,1,1,1,1,1,1,1,1,1,1,1	6	6+3+2+2+1	y	n	3	n	y
14/o6.19	6	1,1,1,1,1,1,1,1,1,1,1,1,1,1	6	6+3+3+1+1	y	n	3	n	y
14/o6.20	6	1,1,1,1,1,1,1,1,1,1,1,1,1,1	6	6+6+1+1	y	n	3	n	y
14/o6.21	6	1,1,1,1,1,1,1,1,1,1,1,1,1,1	6	6+3+3+2	n	y	6	y	n
14/o6.22	6	1,1,1,1,1,1,1,1,1,1,1,1,1,1	6	6+2+2+1+1+1+1	y	n	3	n	y
14/o6.23	6	1,1,1,1,1,1,1,1,1,1,1,1,1,1	6	6+2+2+2+1+1	y	n	3	n	y
14/o6.24	6	1,1,1,1,1,1,1,1,1,1,1,1,1,1	6	6+6+2	n	y	6	y	n
14/o6.25	6	1,1,1,1,1,1,1,1,1,1,1,1,1,1	6	6+3+3+2	n	n	3	n	y
14/o6.26	6	1,1,1,1,1,1,1,1,1,1,1,1,1,1	6	6+2+2+2+2	n	n	3	n	y
14/o6.27	6	1,1,1,1,1,1,1,1,1,1,1,1,1,1	6	6+6+2	n	n	3	n	y
14/o6.28	6	1,1,1,1,1,1,1,1,1,1,1,1,1,1	6	6+2+1+1+1+1+1+1	y	n	3	n	y
14/o6.29	6	1,1,1,1,1,1,1,1,1,1,1,1,1,1	6	6+1+1+1+1+1+1+1+1	y	n	3	n	y
14/o6.30	6	3,1,1,1,1,1,1,1,1,1,1,1	1	3+1+1+1+1+1+1+1+1+1+1+1	y	n	3	n	y
14/o7.1	7	1,1,1,1,1,1,1,1,1,1,1,1,1,1	7	7+7	n	y	7	y	n
14/o8.1	8	1,1,1,1,1,1,1,1,1,1,1,1,1,1	8	4+4+2+1+1+1+1	y	n	4	n	y
14/o8.2	8	1,1,1,1,1,1,1,1,1,1,1,1,1,1	8	4+4+2+2+1+1	y	n	4	n	y
14/o8.3	8	1,1,1,1,1,1,1,1,1,1,1,1,1,1	8	8+4+1+1	y	y	8	y	n
14/o8.4	8	1,1,1,1,1,1,1,1,1,1,1,1,1,1	8	4+4+2+2+1+1	y	n	4	y	n
14/o8.5	8	1,1,1,1,1,1,1,1,1,1,1,1,1,1	8	4+4+1+1+1+1+1+1	y	n	4	n	y
14/o8.6	8	1,1,1,1,1,1,1,1,1,1,1,1,1,1	8	4+4+1+1+1+1+1+1	y	n	4	n	y
14/o8.7	8	2,1,1,1,1,1,1,1,1,1,1,1,1	4	4+4+2+1+1+1+1	y	n	4	y	n
14/o8.8	8	1,1,1,1,1,1,1,1,1,1,1,1,1,1	8	4+4+4+1+1	y	n	4	y	n
14/o8.9	8	1,1,1,1,1,1,1,1,1,1,1,1,1,1	8	4+4+2+1+1+1+1	y	n	4	n	y
14/o8.10	8	2,1,1,1,1,1,1,1,1,1,1,1,1	4	4+4+2+2+1+1	y	n	4	y	n
14/o8.11	8	1,1,1,1,1,1,1,1,1,1,1,1,1,1	8	4+4+2+2+1+1	y	n	4	n	y
14/o8.12	8	1,1,1,1,1,1,1,1,1,1,1,1,1,1	8	4+4+4+1+1	y	n	4	n	y
14/o8.13	8	1,1,1,1,1,1,1,1,1,1,1,1,1,1	8	4+4+4+1+1	y	n	4	n	y
14/o8.14	8	1,1,1,1,1,1,1,1,1,1,1,1,1,1	8	8+4+1+1	y	n	4	y	n
14/o8.15	8	1,1,1,1,1,1,1,1,1,1,1,1,1,1	8	8+4+1+1	y	n	4	n	y
14/o8.16	8	1,1,1,1,1,1,1,1,1,1,1,1,1,1	8	4+4+2+2+1+1	y	n	2	y	y
14/o8.17	8	1,1,1,1,1,1,1,1,1,1,1,1,1,1	8	4+4+2+2+1+1	y	n	2	y	y
14/o8.18	8	1,1,1,1,1,1,1,1,1,1,1,1,1,1	8	4+4+1+1+1+1+1+1	y	n	2	y	y
14/o8.19	8	1,1,1,1,1,1,1,1,1,1,1,1,1,1	8	4+4+2+1+1+1+1	y	n	2	y	y
14/o8.20	8	2,1,1,1,1,1,1,1,1,1,1,1,1	4	4+4+2+1+1+1+1	y	n	2	y	y
14/o8.21	8	1,1,1,1,1,1,1,1,1,1,1,1,1,1	8	4+4+2+2+1+1	y	n	2	y	y
14/o8.22	8	1,1,1,1,1,1,1,1,1,1,1,1,1,1	8	4+4+4+1+1	y	n	4	n	y
14/o8.23	8	1,1,1,1,1,1,1,1,1,1,1,1,1,1	8	4+4+4+1+1	y	n	2	y	y
14/o8.24	8	1,1,1,1,1,1,1,1,1,1,1,1,1,1	8	4+4+2+2+1+1	y	n	2	y	y
14/o8.25	8	1,1,1,1,1,1,1,1,1,1,1,1,1,1	8	4+4+2+2+1+1	y	n	2	y	y
14/o8.26	8	2,1,1,1,1,1,1,1,1,1,1,1,1	4	4+4+2+2+1+1	y	n	2	y	y
14/o8.27	8	1,1,1,1,1,1,1,1,1,1,1,1,1,1	8	8+4+1+1	y	n	4	n	y
14/o8.28	8	1,1,1,1,1,1,1,1,1,1,1,1,1,1	8	8+4+1+1	y	n	2	y	y
14/o8.29	8	1,1,1,1,1,1,1,1,1,1,1,1,1,1	8	4+4+4+1+1	y	n	2	y	y
14/o8.30	8	1,1,1,1,1,1,1,1,1,1,1,1,1,1	8	4+4+2+2+2	n	n	4	n	y
14/o8.31	8	1,1,1,1,1,1,1,1,1,1,1,1,1,1	8	4+4+4+2	n	n	4	n	y
14/o8.32	8	1,1,1,1,1,1,1,1,1,1,1,1,1,1	8	8+4+2	n	y	8	y	n
14/o8.33	8	1,1,1,1,1,1,1,1,1,1,1,1,1,1	8	8+4+2	n	n	4	y	n
14/o8.34	8	1,1,1,1,1,1,1,1,1,1,1,1,1,1	8	8+4+2	n	n	4	n	y
14/o8.35	8	1,1,1,1,1,1,1,1,1,1,1,1,1,1	8	4+4+2+2+1+1	y	n	4	n	y
14/o8.36	8	1,1,1,1,1,1,1,1,1,1,1,1,1,1	8	2+2+2+2+2+2+1+1	y	n	2	y	y
14/o8.37	8	1,1,1,1,1,1,1,1,1,1,1,1,1,1	8	4+2+2+2+2+1+1	y	n	2	y	y
14/o8.38	8	2,1,1,1,1,1,1,1,1,1,1,1,1	4	4+2+2+2+2+1+1	y	n	2	y	y
14/o8.39	8	2,1,1,1,1,1,1,1,1,1,1,1,1	4	2+2+2+2+2+1+1+1+1	y	n	2	y	y
14/o8.40	8	1,1,1,1,1,1,1,1,1,1,1,1,1,1	8	4+2+2+2+1+1+1+1	y	n	2	y	y
14/o8.41	8	2,1,1,1,1,1,1,1,1,1,1,1,1	4	4+2+2+2+1+1+1+1	y	n	2	y	y
14/o8.42	8	2,1,1,1,1,1,1,1,1,1,1,1,1	4	2+2+2+2+2+2+1+1	y	n	2	y	y
14/o8.43	8	1,1,1,1,1,1,1,1,1,1,1,1,1,1	8	4+2+2+2+2+1+1	y	n	2	y	y
14/o8.44	8	2,1,1,1,1,1,1,1,1,1,1,1,1	4	4+2+2+2+2+1+1	y	n	2	y	y
14/o8.45	8	1,1,1,1,1,1,1,1,1,1,1,1,1,1	8	8+2+2+1+1	y	n	4	n	y
14/o8.46	8	1,1,1,1,1,1,1,1,1,1,1,1,1,1	8	8+2+2+1+1	y	n	4	n	y
14/o8.47	8	1,1,1,1,1,1,1,1,1,1,1,1,1,1	8	8+2+2+1+1	y	n	2	y	y
14/o8.48	8	1,1,1,1,1,1,1,1,1,1,1,1,1,1	8	4+2+2+1+1+1+1+1+1	y	n	2	y	y
14/o8.49	8	2,2,1,1,1,1,1,1,1,1,1,1	2	4+2+1+1+1+1+1+1+1+1	y	n	4	n	y
14/o8.50	8	2,1,1,1,1,1,1,1,1,1,1,1,1	4	4+2+2+1+1+1+1+1+1	y	n	2	y	y
14/o8.51	8	2,2,1,1,1,1,1,1,1,1,1,1	2	2+2+2+2+1+1+1+1+1+1	y	n	2	y	y
14/o8.52	8	1,1,1,1,1,1,1,1,1,1,1,1,1,1	8	8+2+1+1+1+1	y	n	4	n	y
14/o8.53	8	1,1,1,1,1,1,1,1,1,1,1,1,1,1	8	8+2+1+1+1+1	y	n	4	n	y
14/o8.54	8	1,1,1,1,1,1,1,1,1,1,1,1,1,1	8	8+2+1+1+1+1	y	n	2	y	y
14/o8.55	8	1,1,1,1,1,1,1,1,1,1,1,1,1,1	8	4+4+2+1+1+1+1	y	n	2	y	y
14/o8.56	8	1,1,1,1,1,1,1,1,1,1,1,1,1,1	8	4+2+2+2+2+1+1	y	n	2	y	y
14/o8.57	8	1,1,1,1,1,1,1,1,1,1,1,1,1,1	8	4+2+2+2+1+1+1+1	y	n	2	y	y
14/o8.58	8	2,2,1,1,1,1,1,1,1,1,1,1	2	4+2+2+1+1+1+1+1+1	y	n	4	n	y
14/o8.59	8	2,1,1,1,1,1,1,1,1,1,1,1,1	4	4+2+2+2+1+1+1+1	y	n	2	y	y
14/o8.60	8	2,2,1,1,1,1,1,1,1,1,1,1	2	2+2+2+2+2+1+1+1+1	y	n	2	y	y
14/o8.61	8	1,1,1,1,1,1,1,1,1,1,1,1,1,1	8	8+2+2+1+1	y	n	4	n	y
14/o8.62	8	1,1,1,1,1,1,1,1,1,1,1,1,1,1	8	8+2+2+1+1	y	n	4	n	y
14/o8.63	8	1,1,1,1,1,1,1,1,1,1,1,1,1,1	8	8+2+2+1+1	y	n	2	y	y
14/o8.64	8	1,1,1,1,1,1,1,1,1,1,1,1,1,1	8	4+4+2+2+1+1	y	n	2	y	y
14/o8.65	8	1,1,1,1,1,1,1,1,1,1,1,1,1,1	8	4+2+2+2+2+1+1	y	n	2	y	y
14/o8.66	8	2,2,1,1,1,1,1,1,1,1,1,1	2	4+2+2+2+1+1+1+1	y	n	4	n	y
14/o8.67	8	2,1,1,1,1,1,1,1,1,1,1,1,1	4	4+2+2+2+2+1+1	y	n	2	y	y
14/o8.68	8	2,2,1,1,1,1,1,1,1,1,1,1	2	2+2+2+2+2+2+1+1	y	n	2	y	y
14/o8.69	8	2,2,1,1,1,1,1,1,1,1,1,1	2	4+2+2+2+2+1+1	y	n	4	n	y
14/o8.70	8	1,1,1,1,1,1,1,1,1,1,1,1,1,1	8	4+4+2+2+2	n	n	4	y	n
14/o8.71	8	1,1,1,1,1,1,1,1,1,1,1,1,1,1	8	4+4+4+2	n	n	4	y	n
14/o8.72	8	1,1,1,1,1,1,1,1,1,1,1,1,1,1	8	4+4+2+2+2	n	n	4	y	n
14/o8.73	8	1,1,1,1,1,1,1,1,1,1,1,1,1,1	8	4+4+4+2	n	n	4	y	n
14/o8.74	8	1,1,1,1,1,1,1,1,1,1,1,1,1,1	8	4+4+2+2+2	n	n	4	n	y
14/o8.75	8	2,1,1,1,1,1,1,1,1,1,1,1,1	4	4+4+2+2+2	n	n	4	y	n
14/o8.76	8	1,1,1,1,1,1,1,1,1,1,1,1,1,1	8	4+4+4+2	n	n	4	n	y
14/o8.77	8	1,1,1,1,1,1,1,1,1,1,1,1,1,1	8	4+4+4+2	n	n	4	n	y
14/o8.78	8	2,1,1,1,1,1,1,1,1,1,1,1,1	4	4+4+4+2	n	n	4	y	n
14/o8.79	8	1,1,1,1,1,1,1,1,1,1,1,1,1,1	8	4+4+2+2+2	n	n	4	n	y
14/o8.80	8	1,1,1,1,1,1,1,1,1,1,1,1,1,1	8	4+4+2+2+2	n	n	2	y	y
14/o8.81	8	1,1,1,1,1,1,1,1,1,1,1,1,1,1	8	4+2+2+2+2+2	n	n	2	y	y
14/o8.82	8	1,1,1,1,1,1,1,1,1,1,1,1,1,1	8	2+2+2+2+2+2+2	n	n	2	y	y
14/o8.83	8	1,1,1,1,1,1,1,1,1,1,1,1,1,1	8	4+2+2+2+2+2	n	n	2	y	y
14/o8.84	8	2,1,1,1,1,1,1,1,1,1,1,1,1	4	4+2+2+2+2+2	n	n	2	y	y
14/o8.85	8	1,1,1,1,1,1,1,1,1,1,1,1,1,1	8	4+2+2+2+2+2	n	n	2	y	y
14/o8.86	8	2,1,1,1,1,1,1,1,1,1,1,1,1	4	2+2+2+2+2+2+2	n	n	2	y	y
14/o8.87	8	1,1,1,1,1,1,1,1,1,1,1,1,1,1	8	4+2+2+2+2+2	n	n	2	y	y
14/o8.88	8	2,1,1,1,1,1,1,1,1,1,1,1,1	4	4+2+2+2+2+2	n	n	2	y	y
14/o8.89	8	1,1,1,1,1,1,1,1,1,1,1,1,1,1	8	8+2+2+2	n	n	4	n	y
14/o8.90	8	1,1,1,1,1,1,1,1,1,1,1,1,1,1	8	8+2+2+2	n	n	4	n	y
14/o8.91	8	1,1,1,1,1,1,1,1,1,1,1,1,1,1	8	8+2+2+2	n	n	4	n	y
14/o8.92	8	1,1,1,1,1,1,1,1,1,1,1,1,1,1	8	8+2+2+2	n	n	2	y	y
14/o8.93	8	1,1,1,1,1,1,1,1,1,1,1,1,1,1	8	8+2+2+2	n	n	2	y	y
14/o8.94	8	1,1,1,1,1,1,1,1,1,1,1,1,1,1	8	8+2+2+2	n	n	2	y	y
14/o8.95	8	1,1,1,1,1,1,1,1,1,1,1,1,1,1	8	8+4+2	n	n	4	y	n
14/o8.96	8	1,1,1,1,1,1,1,1,1,1,1,1,1,1	8	8+4+2	n	n	4	n	y
14/o8.97	8	1,1,1,1,1,1,1,1,1,1,1,1,1,1	8	4+4+2+2+2	n	n	2	y	y
14/o8.98	8	1,1,1,1,1,1,1,1,1,1,1,1,1,1	8	4+4+2+2+2	n	n	2	y	y
14/o8.99	8	1,1,1,1,1,1,1,1,1,1,1,1,1,1	8	4+4+2+2+2	n	n	2	y	y
14/o8.100	8	1,1,1,1,1,1,1,1,1,1,1,1,1,1	8	4+4+4+2	n	n	4	n	y
14/o8.101	8	1,1,1,1,1,1,1,1,1,1,1,1,1,1	8	4+4+4+2	n	n	2	y	y
14/o8.102	8	1,1,1,1,1,1,1,1,1,1,1,1,1,1	8	4+4+2+2+2	n	n	2	y	y
14/o8.103	8	1,1,1,1,1,1,1,1,1,1,1,1,1,1	8	4+4+2+2+2	n	n	2	y	y
14/o8.104	8	1,1,1,1,1,1,1,1,1,1,1,1,1,1	8	4+4+2+2+2	n	n	2	y	y
14/o8.105	8	1,1,1,1,1,1,1,1,1,1,1,1,1,1	8	4+4+2+2+2	n	n	2	y	y
14/o8.106	8	2,1,1,1,1,1,1,1,1,1,1,1,1	4	4+4+2+2+2	n	n	2	y	y
14/o8.107	8	1,1,1,1,1,1,1,1,1,1,1,1,1,1	8	4+4+4+2	n	n	4	n	y
14/o8.108	8	1,1,1,1,1,1,1,1,1,1,1,1,1,1	8	4+4+4+2	n	n	2	y	y
14/o8.109	8	1,1,1,1,1,1,1,1,1,1,1,1,1,1	8	4+4+4+2	n	n	2	y	y
14/o8.110	8	1,1,1,1,1,1,1,1,1,1,1,1,1,1	8	4+4+2+2+2	n	n	2	y	y
14/o8.111	8	1,1,1,1,1,1,1,1,1,1,1,1,1,1	8	4+4+2+2+2	n	n	2	y	y
14/o8.112	8	2,1,1,1,1,1,1,1,1,1,1,1,1	4	4+4+2+2+2	n	n	2	y	y
14/o8.113	8	1,1,1,1,1,1,1,1,1,1,1,1,1,1	8	4+4+4+2	n	n	2	y	y
14/o8.114	8	1,1,1,1,1,1,1,1,1,1,1,1,1,1	8	8+4+2	n	n	4	n	y
14/o8.115	8	1,1,1,1,1,1,1,1,1,1,1,1,1,1	8	8+4+2	n	n	4	n	y
14/o8.116	8	1,1,1,1,1,1,1,1,1,1,1,1,1,1	8	8+4+2	n	n	2	y	y
14/o8.117	8	1,1,1,1,1,1,1,1,1,1,1,1,1,1	8	4+4+4+2	n	n	2	y	y
14/o8.118	8	2,1,1,1,1,1,1,1,1,1,1,1,1	4	4+4+4+2	n	n	2	y	y
14/o8.119	8	2,1,1,1,1,1,1,1,1,1,1,1,1	4	2+2+2+2+2+2+2	n	n	2	y	y
14/o8.120	8	1,1,1,1,1,1,1,1,1,1,1,1,1,1	8	4+2+2+2+2+2	n	n	2	y	y
14/o8.121	8	2,1,1,1,1,1,1,1,1,1,1,1,1	4	4+2+2+2+2+2	n	n	2	y	y
14/o8.122	8	1,1,1,1,1,1,1,1,1,1,1,1,1,1	8	8+2+2+2	n	n	4	n	y
14/o8.123	8	1,1,1,1,1,1,1,1,1,1,1,1,1,1	8	8+2+2+2	n	n	4	n	y
14/o8.124	8	1,1,1,1,1,1,1,1,1,1,1,1,1,1	8	8+2+2+2	n	n	4	n	y
14/o8.125	8	1,1,1,1,1,1,1,1,1,1,1,1,1,1	8	8+2+2+2	n	n	2	y	y
14/o8.126	8	1,1,1,1,1,1,1,1,1,1,1,1,1,1	8	4+2+2+2+2+2	n	n	2	y	y
14/o8.127	8	1,1,1,1,1,1,1,1,1,1,1,1,1,1	8	4+4+2+2+2	n	n	2	y	y
14/o8.128	8	1,1,1,1,1,1,1,1,1,1,1,1,1,1	8	4+2+2+2+2+2	n	n	2	y	y
14/o8.129	8	2,1,1,1,1,1,1,1,1,1,1,1,1	4	4+2+2+2+2+2	n	n	2	y	y
14/o8.130	8	2,2,1,1,1,1,1,1,1,1,1,1	2	2+2+2+2+2+2+2	n	n	2	y	y
14/o8.131	8	2,2,1,1,1,1,1,1,1,1,1,1	2	4+2+2+2+2+2	n	n	4	n	y
14/o8.132	8	1,1,1,1,1,1,1,1,1,1,1,1,1,1	8	8+4+2	n	n	4	n	y
14/o8.133	8	1,1,1,1,1,1,1,1,1,1,1,1,1,1	8	8+4+2	n	n	2	y	y
14/o8.134	8	1,1,1,1,1,1,1,1,1,1,1,1,1,1	8	8+1+1+1+1+1+1	y	n	4	n	y
14/o8.135	8	1,1,1,1,1,1,1,1,1,1,1,1,1,1	8	8+1+1+1+1+1+1	y	n	2	y	y
14/o8.136	8	2,1,1,1,1,1,1,1,1,1,1,1,1	4	4+2+1+1+1+1+1+1+1+1	y	n	2	y	y
14/o8.137	8	2,2,2,1,1,1,1,1,1,1,1	1	2+2+2+1+1+1+1+1+1+1+1	y	n	2	y	y
14/o8.138	8	2,2,1,1,1,1,1,1,1,1,1,1	2	4+1+1+1+1+1+1+1+1+1+1	y	n	4	n	y
14/o9.1	9	1,1,1,1,1,1,1,1,1,1,1,1,1,1	9	3+3+3+3+1+1	y	n	3	y	n
14/o9.2	9	1,1,1,1,1,1,1,1,1,1,1,1,1,1	9	9+3+1+1	y	n	3	y	n
14/o9.3	9	1,1,1,1,1,1,1,1,1,1,1,1,1,1	9	9+3+1+1	y	y	9	y	n
14/o10.1	10	1,1,1,1,1,1,1,1,1,1,1,1,1,1	10	5+5+1+1+1+1	y	n	5	n	y
14/o10.2	10	2,1,1,1,1,1,1,1,1,1,1,1,1	5	5+5+2+1+1	y	y	10	y	n
14/o10.3	10	1,1,1,1,1,1,1,1,1,1,1,1,1,1	10	5+5+2+2	n	y	10	y	n
14/o10.4	10	1,1,1,1,1,1,1,1,1,1,1,1,1,1	10	10+2+1+1	y	n	5	n	y
14/o10.5	10	1,1,1,1,1,1,1,1,1,1,1,1,1,1	10	10+2+2	n	n	5	n	y
14/o10.6	10	1,1,1,1,1,1,1,1,1,1,1,1,1,1	10	10+1+1+1+1	y	n	5	n	y
14/o10.7	10	1,1,1,1,1,1,1,1,1,1,1,1,1,1	10	5+1+1+1+1+1+1+1+1+1	y	n	5	n	y
14/o12.1	12	1,1,1,1,1,1,1,1,1,1,1,1,1,1	12	4+4+3+3	n	y	12	y	n
14/o12.2	12	1,1,1,1,1,1,1,1,1,1,1,1,1,1	12	4+4+3+3	n	n	6	y	n
14/o12.3	12	1,1,1,1,1,1,1,1,1,1,1,1,1,1	12	3+3+2+2+2+2	n	n	6	y	n
14/o12.4	12	1,1,1,1,1,1,1,1,1,1,1,1,1,1	12	4+3+3+2+2	n	n	6	y	n
14/o12.5	12	1,1,1,1,1,1,1,1,1,1,1,1,1,1	12	4+3+3+2+2	n	n	6	y	n
14/o12.6	12	2,1,1,1,1,1,1,1,1,1,1,1,1	6	3+3+2+2+2+2	n	n	6	y	n
14/o12.7	12	1,1,1,1,1,1,1,1,1,1,1,1,1,1	12	3+3+2+2+2+2	n	n	6	n	y
14/o12.8	12	2,1,1,1,1,1,1,1,1,1,1,1,1	6	3+3+3+3+2	n	n	6	n	y
14/o12.9	12	2,1,1,1,1,1,1,1,1,1,1,1,1	6	6+3+3+2	n	n	6	y	n
14/o12.10	12	1,1,1,1,1,1,1,1,1,1,1,1,1,1	12	3+3+2+2+1+1+1+1	y	n	6	n	y
14/o12.11	12	1,1,1,1,1,1,1,1,1,1,1,1,1,1	12	4+3+3+2+1+1	y	n	6	y	n
14/o12.12	12	2,1,1,1,1,1,1,1,1,1,1,1,1	6	3+3+2+2+2+1+1	y	n	6	y	n
14/o12.13	12	1,1,1,1,1,1,1,1,1,1,1,1,1,1	12	3+3+2+2+2+1+1	y	n	6	n	y
14/o12.14	12	1,1,1,1,1,1,1,1,1,1,1,1,1,1	12	6+3+2+2+1	y	n	6	y	n
14/o12.15	12	1,1,1,1,1,1,1,1,1,1,1,1,1,1	12	6+3+2+2+1	y	n	6	n	y
14/o12.16	12	2,1,1,1,1,1,1,1,1,1,1,1,1	6	6+3+2+1+1+1	y	n	6	y	n
14/o12.17	12	2,1,1,1,1,1,1,1,1,1,1,1,1	6	6+3+2+1+1+1	y	n	6	n	y
14/o12.18	12	1,1,1,1,1,1,1,1,1,1,1,1,1,1	12	4+3+3+1+1+1+1	y	n	6	y	n
14/o12.19	12	2,2,1,1,1,1,1,1,1,1,1,1	3	3+3+2+2+1+1+1+1	y	n	6	y	n
14/o12.20	12	2,1,1,1,1,1,1,1,1,1,1,1,1	6	3+3+2+1+1+1+1+1+1	y	n	6	n	y
14/o12.21	12	1,1,1,1,1,1,1,1,1,1,1,1,1,1	12	6+3+1+1+1+1+1	y	n	6	n	y
14/o12.22	12	1,1,1,1,1,1,1,1,1,1,1,1,1,1	12	3+3+3+2+2+1	y	n	6	n	y
14/o12.23	12	2,1,1,1,1,1,1,1,1,1,1,1,1	6	3+3+3+2+1+1+1	y	n	6	n	y
14/o12.24	12	1,1,1,1,1,1,1,1,1,1,1,1,1,1	12	6+3+3+1+1	y	n	6	n	y
14/o12.25	12	1,1,1,1,1,1,1,1,1,1,1,1,1,1	12	4+3+3+3+1	y	n	6	y	n
14/o12.26	12	2,2,1,1,1,1,1,1,1,1,1,1	3	3+3+3+2+2+1	y	n	6	y	n
14/o12.27	12	1,1,1,1,1,1,1,1,1,1,1,1,1,1	12	6+3+2+1+1+1	y	n	6	n	y
14/o12.28	12	1,1,1,1,1,1,1,1,1,1,1,1,1,1	12	6+3+2+2+1	y	n	6	n	y
14/o12.29	12	1,1,1,1,1,1,1,1,1,1,1,1,1,1	12	6+6+1+1	y	n	6	y	n
14/o12.30	12	1,1,1,1,1,1,1,1,1,1,1,1,1,1	12	6+4+3+1	y	n	6	y	n
14/o12.31	12	2,1,1,1,1,1,1,1,1,1,1,1,1	6	6+3+2+2+1	y	n	6	y	n
14/o12.32	12	1,1,1,1,1,1,1,1,1,1,1,1,1,1	12	6+4+3+1	y	n	3	n	n
14/o12.33	12	1,1,1,1,1,1,1,1,1,1,1,1,1,1	12	6+6+1+1	y	n	6	n	y
14/o12.34	12	1,1,1,1,1,1,1,1,1,1,1,1,1,1	12	6+6+1+1	y	n	6	n	y
14/o12.35	12	1,1,1,1,1,1,1,1,1,1,1,1,1,1	12	6+6+1+1	y	n	6	n	y
14/o12.36	12	1,1,1,1,1,1,1,1,1,1,1,1,1,1	12	6+4+3+1	y	n	6	n	y
14/o12.37	12	2,1,1,1,1,1,1,1,1,1,1,1,1	6	6+3+2+2+1	y	n	6	n	y
14/o12.38	12	1,1,1,1,1,1,1,1,1,1,1,1,1,1	12	6+4+4	n	n	6	n	n
14/o12.39	12	1,1,1,1,1,1,1,1,1,1,1,1,1,1	12	6+3+3+2	n	n	6	n	y
14/o12.40	12	1,1,1,1,1,1,1,1,1,1,1,1,1,1	12	6+6+2	n	n	6	n	y
14/o12.41	12	1,1,1,1,1,1,1,1,1,1,1,1,1,1	12	6+6+2	n	n	6	y	n
14/o12.42	12	1,1,1,1,1,1,1,1,1,1,1,1,1,1	12	6+2+2+2+1+1	y	n	6	n	y
14/o12.43	12	3,1,1,1,1,1,1,1,1,1,1,1	2	3+2+2+1+1+1+1+1+1+1	y	n	6	n	y
14/o12.44	12	1,1,1,1,1,1,1,1,1,1,1,1,1,1	12	6+2+2+1+1+1+1	y	n	6	n	y
14/o12.45	12	1,1,1,1,1,1,1,1,1,1,1,1,1,1	12	6+2+2+1+1+1+1	y	n	6	n	y
14/o12.46	12	1,1,1,1,1,1,1,1,1,1,1,1,1,1	12	6+4+2+1+1	y	n	6	n	y
14/o12.47	12	1,1,1,1,1,1,1,1,1,1,1,1,1,1	12	6+4+2+1+1	y	n	6	n	y
14/o12.48	12	2,1,1,1,1,1,1,1,1,1,1,1,1	6	6+2+2+2+1+1	y	n	6	n	y
14/o12.49	12	3,1,1,1,1,1,1,1,1,1,1,1	2	3+2+2+2+1+1+1+1+1	y	n	6	n	y
14/o12.50	12	1,1,1,1,1,1,1,1,1,1,1,1,1,1	12	6+2+2+2+1+1	y	n	6	n	y
14/o12.51	12	3,1,1,1,1,1,1,1,1,1,1,1	2	3+2+2+2+2+1+1+1	y	n	6	n	y
14/o12.52	12	1,1,1,1,1,1,1,1,1,1,1,1,1,1	12	6+2+2+2+1+1	y	n	6	n	y
14/o12.53	12	3,1,1,1,1,1,1,1,1,1,1,1	2	3+2+2+2+2+2+1	y	n	6	n	y
14/o12.54	12	1,1,1,1,1,1,1,1,1,1,1,1,1,1	12	6+2+2+2+2	n	n	6	n	y
14/o12.55	12	1,1,1,1,1,1,1,1,1,1,1,1,1,1	12	6+6+2	n	n	6	n	y
14/o12.56	12	1,1,1,1,1,1,1,1,1,1,1,1,1,1	12	6+6+2	n	n	6	n	y
14/o12.57	12	2,1,1,1,1,1,1,1,1,1,1,1,1	6	6+6+2	n	n	6	y	n
14/o12.58	12	1,1,1,1,1,1,1,1,1,1,1,1,1,1	12	12+2	n	n	6	n	y
14/o12.59	12	1,1,1,1,1,1,1,1,1,1,1,1,1,1	12	12+2	n	n	6	n	y
14/o12.60	12	1,1,1,1,1,1,1,1,1,1,1,1,1,1	12	12+1+1	y	n	6	n	y
14/o12.61	12	1,1,1,1,1,1,1,1,1,1,1,1,1,1	12	12+1+1	y	n	3	n	n
14/o12.62	12	1,1,1,1,1,1,1,1,1,1,1,1,1,1	12	6+6+2	n	n	6	n	y
14/o12.63	12	2,1,1,1,1,1,1,1,1,1,1,1,1	6	6+3+3+2	n	n	6	n	y
14/o12.64	12	1,1,1,1,1,1,1,1,1,1,1,1,1,1	12	6+4+2+2	n	n	6	n	y
14/o12.65	12	1,1,1,1,1,1,1,1,1,1,1,1,1,1	12	6+4+2+2	n	n	6	n	y
14/o12.66	12	1,1,1,1,1,1,1,1,1,1,1,1,1,1	12	6+4+4	n	n	6	n	y
14/o12.67	12	1,1,1,1,1,1,1,1,1,1,1,1,1,1	12	6+2+2+2+2	n	n	6	n	y
14/o12.68	12	1,1,1,1,1,1,1,1,1,1,1,1,1,1	12	6+4+2+2	n	n	6	n	y
14/o12.69	12	1,1,1,1,1,1,1,1,1,1,1,1,1,1	12	6+4+2+2	n	n	6	n	y
14/o12.70	12	2,1,1,1,1,1,1,1,1,1,1,1,1	6	6+2+2+2+2	n	n	6	n	y
14/o12.71	12	1,1,1,1,1,1,1,1,1,1,1,1,1,1	12	6+2+2+2+2	n	n	6	n	y
14/o12.72	12	1,1,1,1,1,1,1,1,1,1,1,1,1,1	12	6+2+2+2+2	n	n	6	n	y
14/o12.73	12	2,1,1,1,1,1,1,1,1,1,1,1,1	6	6+6+2	n	n	6	n	y
14/o12.74	12	1,1,1,1,1,1,1,1,1,1,1,1,1,1	12	6+4+1+1+1+1	y	n	6	n	y
14/o12.75	12	2,1,1,1,1,1,1,1,1,1,1,1,1	6	6+2+2+1+1+1+1	y	n	6	n	y
14/o12.76	12	1,1,1,1,1,1,1,1,1,1,1,1,1,1	12	6+2+1+1+1+1+1+1	y	n	6	n	y
14/o12.77	12	2,1,1,1,1,1,1,1,1,1,1,1,1	6	6+2+1+1+1+1+1+1	y	n	6	n	y
14/o12.78	12	1,1,1,1,1,1,1,1,1,1,1,1,1,1	12	6+1+1+1+1+1+1+1+1	y	n	6	n	y
14/o12.79	12	3,2,1,1,1,1,1,1,1,1,1	1	3+2+1+1+1+1+1+1+1+1+1	y	n	6	n	y
14/o14.1	14	1,1,1,1,1,1,1,1,1,1,1,1,1,1	14	7+7	n	n	7	n	y
14/o14.2	14	1,1,1,1,1,1,1,1,1,1,1,1,1,1	14	14	n	n	7	n	y
14/o14.3	14	1,1,1,1,1,1,1,1,1,1,1,1,1,1	14	7+1+1+1+1+1+1+1	y	n	7	n	y
14/o16.1	16	1,1,1,1,1,1,1,1,1,1,1,1,1,1	16	4+4+4+1+1	y	n	4	n	y
14/o16.2	16	1,1,1,1,1,1,1,1,1,1,1,1,1,1	16	8+4+1+1	y	n	8	n	y
14/o16.3	16	2,2,1,1,1,1,1,1,1,1,1,1	4	4+4+4+1+1	y	n	4	n	n
14/o16.4	16	1,1,1,1,1,1,1,1,1,1,1,1,1,1	16	4+4+2+2+1+1	y	n	4	n	y
14/o16.5	16	1,1,1,1,1,1,1,1,1,1,1,1,1,1	16	4+4+2+2+1+1	y	n	4	n	y
14/o16.6	16	1,1,1,1,1,1,1,1,1,1,1,1,1,1	16	4+4+4+1+1	y	n	4	y	n
14/o16.7	16	2,2,1,1,1,1,1,1,1,1,1,1	4	4+4+2+2+1+1	y	n	4	y	n
14/o16.8	16	2,1,1,1,1,1,1,1,1,1,1,1,1	8	4+4+2+1+1+1+1	y	n	4	n	y
14/o16.9	16	2,1,1,1,1,1,1,1,1,1,1,1,1	8	4+4+2+1+1+1+1	y	n	4	n	y
14/o16.10	16	2,1,1,1,1,1,1,1,1,1,1,1,1	8	4+4+2+2+1+1	y	n	4	n	y
14/o16.11	16	1,1,1,1,1,1,1,1,1,1,1,1,1,1	16	4+4+4+1+1	y	n	4	n	y
14/o16.12	16	2,1,1,1,1,1,1,1,1,1,1,1,1	8	4+4+2+2+1+1	y	n	4	n	y
14/o16.13	16	1,1,1,1,1,1,1,1,1,1,1,1,1,1	16	8+4+1+1	y	n	8	n	y
14/o16.14	16	1,1,1,1,1,1,1,1,1,1,1,1,1,1	16	8+4+1+1	y	n	4	n	y
14/o16.15	16	1,1,1,1,1,1,1,1,1,1,1,1,1,1	16	8+4+1+1	y	n	4	n	y
14/o16.16	16	1,1,1,1,1,1,1,1,1,1,1,1,1,1	16	8+4+1+1	y	n	4	n	n
14/o16.17	16	1,1,1,1,1,1,1,1,1,1,1,1,1,1	16	4+4+2+2+1+1	y	n	2	y	y
14/o16.18	16	2,2,1,1,1,1,1,1,1,1,1,1	4	4+4+2+2+1+1	y	n	2	y	y
14/o16.19	16	2,2,1,1,1,1,1,1,1,1,1,1	4	4+4+1+1+1+1+1+1	y	n	4	n	y
14/o16.20	16	2,2,1,1,1,1,1,1,1,1,1,1	4	4+4+2+1+1+1+1	y	n	4	n	y
14/o16.21	16	2,1,1,1,1,1,1,1,1,1,1,1,1	8	4+4+2+1+1+1+1	y	n	2	y	y
14/o16.22	16	2,2,1,1,1,1,1,1,1,1,1,1	4	4+4+2+2+1+1	y	n	4	n	y
14/o16.23	16	2,1,1,1,1,1,1,1,1,1,1,1,1	8	4+4+2+2+1+1	y	n	2	y	y
14/o16.24	16	1,1,1,1,1,1,1,1,1,1,1,1,1,1	16	4+4+4+1+1	y	n	2	y	y
14/o16.25	16	1,1,1,1,1,1,1,1,1,1,1,1,1,1	16	4+4+4+1+1	y	n	2	y	y
14/o16.26	16	2,2,1,1,1,1,1,1,1,1,1,1	4	4+4+2+2+1+1	y	n	4	n	y
14/o16.27	16	1,1,1,1,1,1,1,1,1,1,1,1,1,1	16	8+4+1+1	y	n	4	n	y
14/o16.28	16	1,1,1,1,1,1,1,1,1,1,1,1,1,1	16	8+4+1+1	y	n	4	n	y
14/o16.29	16	1,1,1,1,1,1,1,1,1,1,1,1,1,1	16	8+4+1+1	y	n	2	y	y
14/o16.30	16	1,1,1,1,1,1,1,1,1,1,1,1,1,1	16	4+4+4+1+1	y	n	2	y	y
14/o16.31	16	2,2,1,1,1,1,1,1,1,1,1,1	4	4+4+2+2+1+1	y	n	4	n	y
14/o16.32	16	1,1,1,1,1,1,1,1,1,1,1,1,1,1	16	8+4+1+1	y	n	4	n	y
14/o16.33	16	2,2,1,1,1,1,1,1,1,1,1,1	4	4+4+4+1+1	y	n	4	n	y
14/o16.34	16	1,1,1,1,1,1,1,1,1,1,1,1,1,1	16	4+4+2+2+2	n	n	4	n	y
14/o16.35	16	1,1,1,1,1,1,1,1,1,1,1,1,1,1	16	4+4+4+2	n	n	4	n	y
14/o16.36	16	1,1,1,1,1,1,1,1,1,1,1,1,1,1	16	8+4+2	n	n	8	n	y
14/o16.37	16	1,1,1,1,1,1,1,1,1,1,1,1,1,1	16	8+4+2	n	n	4	n	y
14/o16.38	16	1,1,1,1,1,1,1,1,1,1,1,1,1,1	16	4+4+4+2	n	n	4	n	y
14/o16.39	16	2,2,1,1,1,1,1,1,1,1,1,1	4	4+4+4+2	n	n	4	n	n
14/o16.40	16	2,1,1,1,1,1,1,1,1,1,1,1,1	8	8+4+2	n	n	8	y	n
14/o16.41	16	1,1,1,1,1,1,1,1,1,1,1,1,1,1	16	8+4+2	n	n	8	n	y
14/o16.42	16	2,2,1,1,1,1,1,1,1,1,1,1	4	4+2+2+2+2+1+1	y	n	2	y	y
14/o16.43	16	2,2,1,1,1,1,1,1,1,1,1,1	4	4+2+2+2+1+1+1+1	y	n	4	n	y
14/o16.44	16	1,1,1,1,1,1,1,1,1,1,1,1,1,1	16	4+4+2+2+1+1	y	n	2	y	y
14/o16.45	16	1,1,1,1,1,1,1,1,1,1,1,1,1,1	16	4+2+2+2+2+1+1	y	n	2	y	y
14/o16.46	16	2,1,1,1,1,1,1,1,1,1,1,1,1	8	4+2+2+2+2+1+1	y	n	2	y	y
14/o16.47	16	2,2,1,1,1,1,1,1,1,1,1,1	4	2+2+2+2+2+2+1+1	y	n	2	y	y
14/o16.48	16	1,1,1,1,1,1,1,1,1,1,1,1,1,1	16	4+4+2+2+1+1	y	n	2	y	y
14/o16.49	16	2,2,1,1,1,1,1,1,1,1,1,1	4	4+2+2+2+2+1+1	y	n	4	n	y
14/o16.50	16	1,1,1,1,1,1,1,1,1,1,1,1,1,1	16	8+2+2+1+1	y	n	4	n	y
14/o16.51	16	1,1,1,1,1,1,1,1,1,1,1,1,1,1	16	8+2+2+1+1	y	n	4	n	y
14/o16.52	16	1,1,1,1,1,1,1,1,1,1,1,1,1,1	16	8+2+2+1+1	y	n	4	n	y
14/o16.53	16	1,1,1,1,1,1,1,1,1,1,1,1,1,1	16	8+2+2+1+1	y	n	2	y	y
14/o16.54	16	2,2,1,1,1,1,1,1,1,1,1,1	4	4+2+2+2+1+1+1+1	y	n	2	y	y
14/o16.55	16	2,2,1,1,1,1,1,1,1,1,1,1	4	4+2+2+1+1+1+1+1+1	y	n	4	n	y
14/o16.56	16	2,2,2,1,1,1,1,1,1,1,1	2	4+2+2+1+1+1+1+1+1	y	n	4	n	y
14/o16.57	16	1,1,1,1,1,1,1,1,1,1,1,1,1,1	16	4+4+2+1+1+1+1	y	n	2	y	y
14/o16.58	16	2,1,1,1,1,1,1,1,1,1,1,1,1	8	4+2+2+2+1+1+1+1	y	n	2	y	y
14/o16.59	16	2,2,2,1,1,1,1,1,1,1,1	2	2+2+2+2+2+1+1+1+1	y	n	2	y	y
14/o16.60	16	1,1,1,1,1,1,1,1,1,1,1,1,1,1	16	8+2+1+1+1+1	y	n	8	n	y
14/o16.61	16	1,1,1,1,1,1,1,1,1,1,1,1,1,1	16	8+2+1+1+1+1	y	n	4	n	y
14/o16.62	16	1,1,1,1,1,1,1,1,1,1,1,1,1,1	16	8+2+1+1+1+1	y	n	4	n	y
14/o16.63	16	2,1,1,1,1,1,1,1,1,1,1,1,1	8	8+2+2+1+1	y	n	4	n	y
14/o16.64	16	2,1,1,1,1,1,1,1,1,1,1,1,1	8	8+2+2+1+1	y	n	4	n	y
14/o16.65	16	2,1,1,1,1,1,1,1,1,1,1,1,1	8	8+2+2+1+1	y	n	2	y	y
14/o16.66	16	2,2,1,1,1,1,1,1,1,1,1,1	4	4+4+2+1+1+1+1	y	n	4	n	y
14/o16.67	16	2,1,1,1,1,1,1,1,1,1,1,1,1	8	4+4+2+2+1+1	y	n	2	y	y
14/o16.68	16	1,1,1,1,1,1,1,1,1,1,1,1,1,1	16	8+4+2	n	n	4	n	y
14/o16.69	16	2,2,1,1,1,1,1,1,1,1,1,1	4	4+2+2+2+2+1+1	y	n	4	n	y
14/o16.70	16	2,2,1,1,1,1,1,1,1,1,1,1	4	4+2+2+2+2+1+1	y	n	2	y	y
14/o16.71	16	2,2,1,1,1,1,1,1,1,1,1,1	4	4+2+2+2+1+1+1+1	y	n	4	n	y
14/o16.72	16	2,2,2,1,1,1,1,1,1,1,1	2	4+2+2+2+1+1+1+1	y	n	4	n	y
14/o16.73	16	1,1,1,1,1,1,1,1,1,1,1,1,1,1	16	4+4+2+2+1+1	y	n	2	y	y
14/o16.74	16	2,1,1,1,1,1,1,1,1,1,1,1,1	8	4+2+2+2+2+1+1	y	n	2	y	y
14/o16.75	16	2,2,2,1,1,1,1,1,1,1,1	2	2+2+2+2+2+2+1+1	y	n	2	y	y
14/o16.76	16	1,1,1,1,1,1,1,1,1,1,1,1,1,1	16	8+2+2+1+1	y	n	8	n	y
14/o16.77	16	1,1,1,1,1,1,1,1,1,1,1,1,1,1	16	8+2+2+1+1	y	n	4	n	y
14/o16.78	16	1,1,1,1,1,1,1,1,1,1,1,1,1,1	16	8+2+2+1+1	y	n	4	n	y
14/o16.79	16	2,2,1,1,1,1,1,1,1,1,1,1	4	4+4+2+2+1+1	y	n	4	n	y
14/o16.80	16	2,2,1,1,1,1,1,1,1,1,1,1	4	4+2+2+2+2+1+1	y	n	4	n	y
14/o16.81	16	2,2,2,1,1,1,1,1,1,1,1	2	4+2+2+2+2+1+1	y	n	4	n	y
14/o16.82	16	1,1,1,1,1,1,1,1,1,1,1,1,1,1	16	4+4+4+2	n	n	4	y	n
14/o16.83	16	1,1,1,1,1,1,1,1,1,1,1,1,1,1	16	4+4+2+2+2	n	n	4	n	y
14/o16.84	16	1,1,1,1,1,1,1,1,1,1,1,1,1,1	16	4+4+2+2+2	n	n	4	n	y
14/o16.85	16	2,1,1,1,1,1,1,1,1,1,1,1,1	8	4+4+2+2+2	n	n	4	y	n
14/o16.86	16	1,1,1,1,1,1,1,1,1,1,1,1,1,1	16	4+4+4+2	n	n	4	n	y
14/o16.87	16	2,1,1,1,1,1,1,1,1,1,1,1,1	8	4+4+4+2	n	n	4	y	n
14/o16.88	16	1,1,1,1,1,1,1,1,1,1,1,1,1,1	16	4+4+4+2	n	n	4	y	n
14/o16.89	16	1,1,1,1,1,1,1,1,1,1,1,1,1,1	16	4+4+2+2+2	n	n	4	n	y
14/o16.90	16	2,2,1,1,1,1,1,1,1,1,1,1	4	4+4+2+2+2	n	n	4	y	n
14/o16.91	16	1,1,1,1,1,1,1,1,1,1,1,1,1,1	16	4+4+4+2	n	n	4	n	y
14/o16.92	16	2,1,1,1,1,1,1,1,1,1,1,1,1	8	4+4+2+2+2	n	n	4	n	y
14/o16.93	16	2,1,1,1,1,1,1,1,1,1,1,1,1	8	4+4+2+2+2	n	n	4	n	y
14/o16.94	16	1,1,1,1,1,1,1,1,1,1,1,1,1,1	16	8+4+2	n	n	4	n	n
14/o16.95	16	2,1,1,1,1,1,1,1,1,1,1,1,1	8	4+4+4+2	n	n	4	n	y
14/o16.96	16	2,1,1,1,1,1,1,1,1,1,1,1,1	8	4+4+4+2	n	n	4	n	y
14/o16.97	16	2,1,1,1,1,1,1,1,1,1,1,1,1	8	8+4+2	n	n	4	y	n
14/o16.98	16	2,1,1,1,1,1,1,1,1,1,1,1,1	8	8+4+2	n	n	4	n	y
14/o16.99	16	1,1,1,1,1,1,1,1,1,1,1,1,1,1	16	4+4+4+2	n	n	4	n	y
14/o16.100	16	2,1,1,1,1,1,1,1,1,1,1,1,1	8	4+4+2+2+2	n	n	4	n	y
14/o16.101	16	2,2,1,1,1,1,1,1,1,1,1,1	4	4+2+2+2+2+2	n	n	2	y	y
14/o16.102	16	2,1,1,1,1,1,1,1,1,1,1,1,1	8	2+2+2+2+2+2+2	n	n	2	y	y
14/o16.103	16	1,1,1,1,1,1,1,1,1,1,1,1,1,1	16	4+2+2+2+2+2	n	n	2	y	y
14/o16.104	16	2,1,1,1,1,1,1,1,1,1,1,1,1	8	4+2+2+2+2+2	n	n	2	y	y
14/o16.105	16	1,1,1,1,1,1,1,1,1,1,1,1,1,1	16	4+4+2+2+2	n	n	2	y	y
14/o16.106	16	1,1,1,1,1,1,1,1,1,1,1,1,1,1	16	4+4+2+2+2	n	n	2	y	y
14/o16.107	16	2,2,1,1,1,1,1,1,1,1,1,1	4	4+2+2+2+2+2	n	n	2	y	y
14/o16.108	16	1,1,1,1,1,1,1,1,1,1,1,1,1,1	16	4+4+2+2+2	n	n	2	y	y
14/o16.109	16	1,1,1,1,1,1,1,1,1,1,1,1,1,1	16	4+2+2+2+2+2	n	n	2	y	y
14/o16.110	16	2,2,1,1,1,1,1,1,1,1,1,1	4	4+2+2+2+2+2	n	n	4	n	y
14/o16.111	16	2,1,1,1,1,1,1,1,1,1,1,1,1	8	4+2+2+2+2+2	n	n	2	y	y
14/o16.112	16	2,2,1,1,1,1,1,1,1,1,1,1	4	2+2+2+2+2+2+2	n	n	2	y	y
14/o16.113	16	1,1,1,1,1,1,1,1,1,1,1,1,1,1	16	4+4+2+2+2	n	n	2	y	y
14/o16.114	16	1,1,1,1,1,1,1,1,1,1,1,1,1,1	16	8+2+2+2	n	n	4	n	y
14/o16.115	16	1,1,1,1,1,1,1,1,1,1,1,1,1,1	16	8+2+2+2	n	n	4	n	y
14/o16.116	16	1,1,1,1,1,1,1,1,1,1,1,1,1,1	16	8+2+2+2	n	n	2	y	y
14/o16.117	16	1,1,1,1,1,1,1,1,1,1,1,1,1,1	16	8+2+2+2	n	n	4	n	y
14/o16.118	16	1,1,1,1,1,1,1,1,1,1,1,1,1,1	16	8+2+2+2	n	n	4	n	y
14/o16.119	16	1,1,1,1,1,1,1,1,1,1,1,1,1,1	16	8+2+2+2	n	n	4	n	y
14/o16.120	16	2,1,1,1,1,1,1,1,1,1,1,1,1	8	8+2+2+2	n	n	4	n	y
14/o16.121	16	2,1,1,1,1,1,1,1,1,1,1,1,1	8	8+2+2+2	n	n	4	n	y
14/o16.122	16	2,1,1,1,1,1,1,1,1,1,1,1,1	8	8+2+2+2	n	n	2	y	y
14/o16.123	16	1,1,1,1,1,1,1,1,1,1,1,1,1,1	16	8+4+2	n	n	8	n	y
14/o16.124	16	1,1,1,1,1,1,1,1,1,1,1,1,1,1	16	8+4+2	n	n	4	n	y
14/o16.125	16	1,1,1,1,1,1,1,1,1,1,1,1,1,1	16	8+4+2	n	n	4	n	y
14/o16.126	16	1,1,1,1,1,1,1,1,1,1,1,1,1,1	16	8+4+2	n	n	4	n	y
14/o16.127	16	1,1,1,1,1,1,1,1,1,1,1,1,1,1	16	8+4+2	n	n	4	n	y
14/o16.128	16	1,1,1,1,1,1,1,1,1,1,1,1,1,1	16	8+4+2	n	n	4	n	y
14/o16.129	16	1,1,1,1,1,1,1,1,1,1,1,1,1,1	16	8+4+2	n	n	2	y	y
14/o16.130	16	1,1,1,1,1,1,1,1,1,1,1,1,1,1	16	8+4+2	n	n	2	y	y
14/o16.131	16	1,1,1,1,1,1,1,1,1,1,1,1,1,1	16	4+4+2+2+2	n	n	2	y	y
14/o16.132	16	1,1,1,1,1,1,1,1,1,1,1,1,1,1	16	4+4+4+2	n	n	2	y	y
14/o16.133	16	1,1,1,1,1,1,1,1,1,1,1,1,1,1	16	8+4+2	n	n	4	n	y
14/o16.134	16	1,1,1,1,1,1,1,1,1,1,1,1,1,1	16	8+4+2	n	n	4	n	y
14/o16.135	16	1,1,1,1,1,1,1,1,1,1,1,1,1,1	16	4+4+4+2	n	n	2	y	y
14/o16.136	16	1,1,1,1,1,1,1,1,1,1,1,1,1,1	16	4+4+2+2+2	n	n	2	y	y
14/o16.137	16	1,1,1,1,1,1,1,1,1,1,1,1,1,1	16	4+4+2+2+2	n	n	2	y	y
14/o16.138	16	2,1,1,1,1,1,1,1,1,1,1,1,1	8	4+4+2+2+2	n	n	2	y	y
14/o16.139	16	2,1,1,1,1,1,1,1,1,1,1,1,1	8	4+4+2+2+2	n	n	2	y	y
14/o16.140	16	1,1,1,1,1,1,1,1,1,1,1,1,1,1	16	4+4+4+2	n	n	2	y	y
14/o16.141	16	2,2,1,1,1,1,1,1,1,1,1,1	4	4+4+2+2+2	n	n	4	n	y
14/o16.142	16	2,1,1,1,1,1,1,1,1,1,1,1,1	8	4+4+2+2+2	n	n	2	y	y
14/o16.143	16	1,1,1,1,1,1,1,1,1,1,1,1,1,1	16	4+4+4+2	n	n	2	y	y
14/o16.144	16	1,1,1,1,1,1,1,1,1,1,1,1,1,1	16	8+4+2	n	n	4	n	y
14/o16.145	16	1,1,1,1,1,1,1,1,1,1,1,1,1,1	16	8+4+2	n	n	4	n	y
14/o16.146	16	1,1,1,1,1,1,1,1,1,1,1,1,1,1	16	8+4+2	n	n	2	y	y
14/o16.147	16	2,1,1,1,1,1,1,1,1,1,1,1,1	8	4+4+4+2	n	n	4	n	y
14/o16.148	16	1,1,1,1,1,1,1,1,1,1,1,1,1,1	16	4+4+4+2	n	n	2	y	y
14/o16.149	16	2,1,1,1,1,1,1,1,1,1,1,1,1	8	4+4+4+2	n	n	2	y	y
14/o16.150	16	2,2,1,1,1,1,1,1,1,1,1,1	4	4+4+2+2+2	n	n	4	n	y
14/o16.151	16	2,2,1,1,1,1,1,1,1,1,1,1	4	4+4+2+2+2	n	n	4	n	y
14/o16.152	16	2,1,1,1,1,1,1,1,1,1,1,1,1	8	4+4+2+2+2	n	n	2	y	y
14/o16.153	16	2,2,1,1,1,1,1,1,1,1,1,1	4	4+4+2+2+2	n	n	4	n	y
14/o16.154	16	1,1,1,1,1,1,1,1,1,1,1,1,1,1	16	8+4+2	n	n	4	n	y
14/o16.155	16	2,2,1,1,1,1,1,1,1,1,1,1	4	4+4+2+2+2	n	n	2	y	y
14/o16.156	16	2,1,1,1,1,1,1,1,1,1,1,1,1	8	4+4+2+2+2	n	n	2	y	y
14/o16.157	16	1,1,1,1,1,1,1,1,1,1,1,1,1,1	16	4+4+4+2	n	n	2	y	y
14/o16.158	16	2,2,1,1,1,1,1,1,1,1,1,1	4	4+4+2+2+2	n	n	4	n	y
14/o16.159	16	1,1,1,1,1,1,1,1,1,1,1,1,1,1	16	4+4+4+2	n	n	2	y	y
14/o16.160	16	2,2,1,1,1,1,1,1,1,1,1,1	4	4+4+4+2	n	n	4	n	y
14/o16.161	16	1,1,1,1,1,1,1,1,1,1,1,1,1,1	16	8+4+2	n	n	4	n	y
14/o16.162	16	2,1,1,1,1,1,1,1,1,1,1,1,1	8	8+4+2	n	n	4	n	y
14/o16.163	16	1,1,1,1,1,1,1,1,1,1,1,1,1,1	16	8+4+2	n	n	4	n	y
14/o16.164	16	2,1,1,1,1,1,1,1,1,1,1,1,1	8	8+4+2	n	n	2	y	y
14/o16.165	16	2,2,1,1,1,1,1,1,1,1,1,1	4	4+4+4+2	n	n	4	n	y
14/o16.166	16	2,1,1,1,1,1,1,1,1,1,1,1,1	8	4+4+4+2	n	n	2	y	y
14/o16.167	16	1,1,1,1,1,1,1,1,1,1,1,1,1,1	16	8+2+2+2	n	n	4	n	y
14/o16.168	16	1,1,1,1,1,1,1,1,1,1,1,1,1,1	16	8+2+2+2	n	n	2	y	y
14/o16.169	16	2,2,1,1,1,1,1,1,1,1,1,1	4	4+2+2+2+2+2	n	n	4	n	y
14/o16.170	16	2,1,1,1,1,1,1,1,1,1,1,1,1	8	4+2+2+2+2+2	n	n	2	y	y
14/o16.171	16	1,1,1,1,1,1,1,1,1,1,1,1,1,1	16	8+2+2+2	n	n	8	n	y
14/o16.172	16	1,1,1,1,1,1,1,1,1,1,1,1,1,1	16	8+2+2+2	n	n	4	n	y
14/o16.173	16	2,1,1,1,1,1,1,1,1,1,1,1,1	8	8+2+2+2	n	n	4	n	y
14/o16.174	16	1,1,1,1,1,1,1,1,1,1,1,1,1,1	16	8+2+2+2	n	n	4	n	y
14/o16.175	16	1,1,1,1,1,1,1,1,1,1,1,1,1,1	16	8+2+2+2	n	n	4	n	y
14/o16.176	16	2,1,1,1,1,1,1,1,1,1,1,1,1	8	8+2+2+2	n	n	4	n	y
14/o16.177	16	2,1,1,1,1,1,1,1,1,1,1,1,1	8	8+2+2+2	n	n	2	y	y
14/o16.178	16	2,1,1,1,1,1,1,1,1,1,1,1,1	8	4+4+2+2+2	n	n	2	y	y
14/o16.179	16	2,2,1,1,1,1,1,1,1,1,1,1	4	4+2+2+2+2+2	n	n	4	n	y
14/o16.180	16	2,2,1,1,1,1,1,1,1,1,1,1	4	4+2+2+2+2+2	n	n	2	y	y
14/o16.181	16	1,1,1,1,1,1,1,1,1,1,1,1,1,1	16	4+4+2+2+2	n	n	2	y	y
14/o16.182	16	2,2,1,1,1,1,1,1,1,1,1,1	4	4+4+2+2+2	n	n	4	n	y
14/o16.183	16	2,2,1,1,1,1,1,1,1,1,1,1	4	4+2+2+2+2+2	n	n	4	n	y
14/o16.184	16	2,1,1,1,1,1,1,1,1,1,1,1,1	8	4+2+2+2+2+2	n	n	2	y	y
14/o16.185	16	2,2,2,1,1,1,1,1,1,1,1	2	2+2+2+2+2+2+2	n	n	2	y	y
14/o16.186	16	2,2,2,1,1,1,1,1,1,1,1	2	4+2+2+2+2+2	n	n	4	n	y
14/o16.187	16	2,1,1,1,1,1,1,1,1,1,1,1,1	8	8+2+1+1+1+1	y	n	4	n	y
14/o16.188	16	2,1,1,1,1,1,1,1,1,1,1,1,1	8	8+2+1+1+1+1	y	n	2	y	y
14/o16.189	16	1,1,1,1,1,1,1,1,1,1,1,1,1,1	16	8+1+1+1+1+1+1	y	n	8	n	y
14/o16.190	16	1,1,1,1,1,1,1,1,1,1,1,1,1,1	16	8+1+1+1+1+1+1	y	n	4	n	y
14/o16.191	16	1,1,1,1,1,1,1,1,1,1,1,1,1,1	16	4+4+1+1+1+1+1+1	y	n	2	y	y
14/o16.192	16	2,2,1,1,1,1,1,1,1,1,1,1	4	4+2+2+1+1+1+1+1+1	y	n	2	y	y
14/o16.193	16	2,2,2,2,1,1,1,1,1,1	1	2+2+2+2+1+1+1+1+1+1	y	n	2	y	y
14/o16.194	16	2,2,2,1,1,1,1,1,1,1,1	2	4+2+1+1+1+1+1+1+1+1	y	n	4	n	y
14/o18.1	18	2,1,1,1,1,1,1,1,1,1,1,1,1	9	3+3+3+3+2	n	n	6	y	n
14/o18.2	18	1,1,1,1,1,1,1,1,1,1,1,1,1,1	18	6+3+3+2	n	n	6	n	n
14/o18.3	18	2,1,1,1,1,1,1,1,1,1,1,1,1	9	9+3+2	n	n	6	y	n
14/o18.4	18	2,1,1,1,1,1,1,1,1,1,1,1,1	9	9+3+2	n	y	18	y	n
14/o18.5	18	1,1,1,1,1,1,1,1,1,1,1,1,1,1	18	6+6+2	n	n	6	n	n
14/o18.6	18	1,1,1,1,1,1,1,1,1,1,1,1,1,1	18	3+3+3+3+1+1	y	n	6	n	n
14/o18.7	18	1,1,1,1,1,1,1,1,1,1,1,1,1,1	18	6+3+3+1+1	y	n	6	n	n
14/o18.8	18	3,1,1,1,1,1,1,1,1,1,1,1	3	3+3+3+1+1+1+1+1	y	n	6	n	n
14/o18.9	18	1,1,1,1,1,1,1,1,1,1,1,1,1,1	18	9+3+1+1	y	n	6	n	n
14/o18.10	18	3,1,1,1,1,1,1,1,1,1,1,1	3	3+3+3+3+1+1	y	n	6	n	n
14/o18.11	18	1,1,1,1,1,1,1,1,1,1,1,1,1,1	18	6+6+1+1	y	n	6	n	n
14/o18.12	18	1,1,1,1,1,1,1,1,1,1,1,1,1,1	18	6+6+2	n	n	3	n	y
14/o18.13	18	1,1,1,1,1,1,1,1,1,1,1,1,1,1	18	9+3+1+1	y	n	3	n	y
14/o18.14	18	1,1,1,1,1,1,1,1,1,1,1,1,1,1	18	9+3+1+1	y	n	9	n	y
14/o18.15	18	1,1,1,1,1,1,1,1,1,1,1,1,1,1	18	6+6+1+1	y	n	3	n	y
14/o18.16	18	1,1,1,1,1,1,1,1,1,1,1,1,1,1	18	9+1+1+1+1+1	y	n	3	n	y
14/o18.17	18	1,1,1,1,1,1,1,1,1,1,1,1,1,1	18	9+1+1+1+1+1	y	n	9	n	y
14/o20.1	20	2,1,1,1,1,1,1,1,1,1,1,1,1	10	5+5+2+1+1	y	n	10	n	y
14/o20.2	20	1,1,1,1,1,1,1,1,1,1,1,1,1,1	20	5+5+2+2	n	n	10	n	y
14/o20.3	20	2,2,1,1,1,1,1,1,1,1,1,1	5	5+5+2+2	n	n	10	y	n
14/o20.4	20	1,1,1,1,1,1,1,1,1,1,1,1,1,1	20	5+5+4	n	n	10	y	n
14/o20.5	20	1,1,1,1,1,1,1,1,1,1,1,1,1,1	20	5+2+2+1+1+1+1+1	y	n	10	n	y
14/o20.6	20	1,1,1,1,1,1,1,1,1,1,1,1,1,1	20	10+2+1+1	y	n	5	n	n
14/o20.7	20	1,1,1,1,1,1,1,1,1,1,1,1,1,1	20	10+2+1+1	y	n	10	n	y
14/o20.8	20	1,1,1,1,1,1,1,1,1,1,1,1,1,1	20	5+2+2+2+1+1+1	y	n	10	n	y
14/o20.9	20	1,1,1,1,1,1,1,1,1,1,1,1,1,1	20	5+2+2+2+2+1	y	n	10	n	y
14/o20.10	20	1,1,1,1,1,1,1,1,1,1,1,1,1,1	20	10+2+2	n	n	10	n	y
14/o20.11	20	1,1,1,1,1,1,1,1,1,1,1,1,1,1	20	10+2+2	n	n	5	n	n
14/o20.12	20	1,1,1,1,1,1,1,1,1,1,1,1,1,1	20	10+2+2	n	n	10	n	y
14/o20.13	20	2,1,1,1,1,1,1,1,1,1,1,1,1	10	10+2+2	n	n	10	n	y
14/o20.14	20	2,1,1,1,1,1,1,1,1,1,1,1,1	10	10+2+1+1	y	n	10	n	y
14/o20.15	20	1,1,1,1,1,1,1,1,1,1,1,1,1,1	20	10+4	n	n	10	n	y
14/o20.16	20	1,1,1,1,1,1,1,1,1,1,1,1,1,1	20	10+1+1+1+1	y	n	5	n	n
14/o20.17	20	1,1,1,1,1,1,1,1,1,1,1,1,1,1	20	10+1+1+1+1	y	n	10	n	y
14/o20.18	20	2,1,1,1,1,1,1,1,1,1,1,1,1	10	5+2+1+1+1+1+1+1+1	y	n	10	n	y
14/o21.1	21	1,1,1,1,1,1,1,1,1,1,1,1,1,1	21	7+7	n	n	7	n	n
14/o22.1	22	1,1,1,1,1,1,1,1,1,1,1,1,1,1	22	11+1+1+1	y	n	11	n	y
14/o24.1	24	1,1,1,1,1,1,1,1,1,1,1,1,1,1	24	4+4+3+3	n	n	12	n	n
14/o24.2	24	1,1,1,1,1,1,1,1,1,1,1,1,1,1	24	4+4+3+3	n	n	12	n	n
14/o24.3	24	1,1,1,1,1,1,1,1,1,1,1,1,1,1	24	4+4+3+3	n	n	12	n	n
14/o24.4	24	1,1,1,1,1,1,1,1,1,1,1,1,1,1	24	4+4+3+3	n	n	6	y	n
14/o24.5	24	1,1,1,1,1,1,1,1,1,1,1,1,1,1	24	4+4+3+3	n	n	6	n	y
14/o24.6	24	1,1,1,1,1,1,1,1,1,1,1,1,1,1	24	8+3+3	n	n	12	n	n
14/o24.7	24	1,1,1,1,1,1,1,1,1,1,1,1,1,1	24	8+3+3	n	n	6	y	n
14/o24.8	24	1,1,1,1,1,1,1,1,1,1,1,1,1,1	24	3+3+2+2+2+2	n	n	6	n	y
14/o24.9	24	2,1,1,1,1,1,1,1,1,1,1,1,1	12	4+3+3+2+2	n	n	6	y	n
14/o24.10	24	1,1,1,1,1,1,1,1,1,1,1,1,1,1	24	4+3+3+2+2	n	n	6	n	y
14/o24.11	24	1,1,1,1,1,1,1,1,1,1,1,1,1,1	24	4+3+3+2+2	n	n	6	y	n
14/o24.12	24	2,2,1,1,1,1,1,1,1,1,1,1	6	3+3+2+2+2+2	n	n	6	y	n
14/o24.13	24	2,2,1,1,1,1,1,1,1,1,1,1	6	4+3+3+2+2	n	n	12	n	n
14/o24.14	24	1,1,1,1,1,1,1,1,1,1,1,1,1,1	24	4+3+3+2+2	n	n	6	n	y
14/o24.15	24	2,1,1,1,1,1,1,1,1,1,1,1,1	12	3+3+2+2+2+2	n	n	6	n	y
14/o24.16	24	2,1,1,1,1,1,1,1,1,1,1,1,1	12	6+3+3+2	n	n	6	n	y
14/o24.17	24	1,1,1,1,1,1,1,1,1,1,1,1,1,1	24	4+4+1+1+1+1+1+1	y	n	4	n	y
14/o24.18	24	1,1,1,1,1,1,1,1,1,1,1,1,1,1	24	4+4+4+1+1	y	n	4	n	y
14/o24.19	24	1,1,1,1,1,1,1,1,1,1,1,1,1,1	24	6+4+3+1	y	n	6	y	n
14/o24.20	24	1,1,1,1,1,1,1,1,1,1,1,1,1,1	24	6+4+3+1	y	n	6	n	y
14/o24.21	24	2,2,1,1,1,1,1,1,1,1,1,1	6	6+3+2+2+1	y	n	6	y	n
14/o24.22	24	2,2,1,1,1,1,1,1,1,1,1,1	6	6+3+2+2+1	y	n	6	n	y
14/o24.23	24	2,2,1,1,1,1,1,1,1,1,1,1	6	4+3+3+2+1+1	y	n	12	n	n
14/o24.24	24	1,1,1,1,1,1,1,1,1,1,1,1,1,1	24	4+3+3+2+1+1	y	n	6	n	y
14/o24.25	24	2,1,1,1,1,1,1,1,1,1,1,1,1	12	3+3+2+2+2+1+1	y	n	6	n	y
14/o24.26	24	1,1,1,1,1,1,1,1,1,1,1,1,1,1	24	6+3+2+2+1	y	n	6	n	y
14/o24.27	24	2,1,1,1,1,1,1,1,1,1,1,1,1	12	4+3+3+2+1+1	y	n	6	y	n
14/o24.28	24	2,2,2,1,1,1,1,1,1,1,1	3	3+3+2+2+2+1+1	y	n	6	y	n
14/o24.29	24	2,1,1,1,1,1,1,1,1,1,1,1,1	12	6+3+2+1+1+1	y	n	6	n	y
14/o24.30	24	2,2,1,1,1,1,1,1,1,1,1,1	6	4+3+3+1+1+1+1	y	n	12	n	n
14/o24.31	24	1,1,1,1,1,1,1,1,1,1,1,1,1,1	24	4+3+3+1+1+1+1	y	n	6	n	y
14/o24.32	24	2,2,1,1,1,1,1,1,1,1,1,1	6	3+3+2+2+1+1+1+1	y	n	6	n	y
14/o24.33	24	2,2,2,1,1,1,1,1,1,1,1	3	6+3+1+1+1+1+1	y	n	6	n	n
14/o24.34	24	1,1,1,1,1,1,1,1,1,1,1,1,1,1	24	4+3+3+3+1	y	n	6	n	y
14/o24.35	24	2,2,1,1,1,1,1,1,1,1,1,1	6	3+3+3+2+2+1	y	n	6	n	y
14/o24.36	24	2,2,1,1,1,1,1,1,1,1,1,1	6	4+3+3+3+1	y	n	12	n	n
14/o24.37	24	2,2,2,1,1,1,1,1,1,1,1	3	6+3+3+1+1	y	n	6	n	n
14/o24.38	24	1,1,1,1,1,1,1,1,1,1,1,1,1,1	24	6+6+1+1	y	n	6	n	y
14/o24.39	24	1,1,1,1,1,1,1,1,1,1,1,1,1,1	24	6+4+3+1	y	n	6	n	y
14/o24.40	24	2,1,1,1,1,1,1,1,1,1,1,1,1	12	6+3+2+2+1	y	n	6	n	y
14/o24.41	24	2,2,1,1,1,1,1,1,1,1,1,1	6	6+4+3+1	y	n	12	n	n
14/o24.42	24	1,1,1,1,1,1,1,1,1,1,1,1,1,1	24	6+4+1+1+1+1	y	n	4	n	y
14/o24.43	24	1,1,1,1,1,1,1,1,1,1,1,1,1,1	24	6+6+1+1	y	n	6	n	n
14/o24.44	24	1,1,1,1,1,1,1,1,1,1,1,1,1,1	24	6+4+3+1	y	n	4	n	y
14/o24.45	24	3,1,1,1,1,1,1,1,1,1,1,1	4	4+4+3+1+1+1	y	n	12	n	n
14/o24.46	24	3,1,1,1,1,1,1,1,1,1,1,1	4	4+4+3+2+1	y	n	12	n	n
14/o24.47	24	2,2,1,1,1,1,1,1,1,1,1,1	6	6+4+3+1	y	n	6	n	n
14/o24.48	24	3,1,1,1,1,1,1,1,1,1,1,1	4	4+4+3+1+1+1	y	n	6	n	y
14/o24.49	24	3,1,1,1,1,1,1,1,1,1,1,1	4	4+4+3+2+1	y	n	6	n	y
14/o24.50	24	1,1,1,1,1,1,1,1,1,1,1,1,1,1	24	6+4+4	n	n	6	n	n
14/o24.51	24	1,1,1,1,1,1,1,1,1,1,1,1,1,1	24	6+4+4	n	n	6	n	n
14/o24.52	24	1,1,1,1,1,1,1,1,1,1,1,1,1,1	24	6+4+4	n	n	12	n	n
14/o24.53	24	1,1,1,1,1,1,1,1,1,1,1,1,1,1	24	6+6+2	n	n	6	n	y
14/o24.54	24	2,1,1,1,1,1,1,1,1,1,1,1,1	12	6+6+2	n	n	6	y	n
14/o24.55	24	3,1,1,1,1,1,1,1,1,1,1,1	4	4+3+2+2+2+1	y	n	6	n	y
14/o24.56	24	3,1,1,1,1,1,1,1,1,1,1,1	4	3+2+2+2+2+1+1+1	y	n	6	n	y
14/o24.57	24	3,1,1,1,1,1,1,1,1,1,1,1	4	4+3+2+2+1+1+1	y	n	6	n	y
14/o24.58	24	3,1,1,1,1,1,1,1,1,1,1,1	4	3+2+2+2+2+2+1	y	n	6	n	y
14/o24.59	24	3,1,1,1,1,1,1,1,1,1,1,1	4	4+3+2+2+2+1	y	n	6	n	y
14/o24.60	24	1,1,1,1,1,1,1,1,1,1,1,1,1,1	24	6+2+2+2+1+1	y	n	6	n	y
14/o24.61	24	3,1,1,1,1,1,1,1,1,1,1,1	4	4+3+2+1+1+1+1+1	y	n	6	n	y
14/o24.62	24	3,2,1,1,1,1,1,1,1,1,1	2	3+2+2+2+1+1+1+1+1	y	n	6	n	y
14/o24.63	24	1,1,1,1,1,1,1,1,1,1,1,1,1,1	24	6+2+2+1+1+1+1	y	n	6	n	y
14/o24.64	24	2,2,1,1,1,1,1,1,1,1,1,1	6	6+4+2+1+1	y	n	6	n	n
14/o24.65	24	1,1,1,1,1,1,1,1,1,1,1,1,1,1	24	6+4+2+1+1	y	n	6	n	y
14/o24.66	24	1,1,1,1,1,1,1,1,1,1,1,1,1,1	24	6+4+2+1+1	y	n	6	n	y
14/o24.67	24	1,1,1,1,1,1,1,1,1,1,1,1,1,1	24	6+4+2+1+1	y	n	6	n	y
14/o24.68	24	2,1,1,1,1,1,1,1,1,1,1,1,1	12	6+2+2+2+1+1	y	n	6	n	y
14/o24.69	24	2,1,1,1,1,1,1,1,1,1,1,1,1	12	6+2+2+2+1+1	y	n	6	n	y
14/o24.70	24	3,1,1,1,1,1,1,1,1,1,1,1	4	4+3+2+2+1+1+1	y	n	6	n	y
14/o24.71	24	3,2,1,1,1,1,1,1,1,1,1	2	3+2+2+2+2+1+1+1	y	n	6	n	y
14/o24.72	24	1,1,1,1,1,1,1,1,1,1,1,1,1,1	24	6+2+2+2+1+1	y	n	6	n	y
14/o24.73	24	3,1,1,1,1,1,1,1,1,1,1,1	4	4+3+2+2+2+1	y	n	6	n	y
14/o24.74	24	3,2,1,1,1,1,1,1,1,1,1	2	3+2+2+2+2+2+1	y	n	6	n	y
14/o24.75	24	1,1,1,1,1,1,1,1,1,1,1,1,1,1	24	6+4+4	n	n	4	n	y
14/o24.76	24	1,1,1,1,1,1,1,1,1,1,1,1,1,1	24	6+4+4	n	n	12	n	n
14/o24.77	24	1,1,1,1,1,1,1,1,1,1,1,1,1,1	24	6+4+2+2	n	n	6	n	y
14/o24.78	24	2,1,1,1,1,1,1,1,1,1,1,1,1	12	12+2	n	n	6	n	y
14/o24.79	24	2,1,1,1,1,1,1,1,1,1,1,1,1	12	12+2	n	n	6	n	n
14/o24.80	24	1,1,1,1,1,1,1,1,1,1,1,1,1,1	24	6+2+2+2+2	n	n	6	n	y
14/o24.81	24	1,1,1,1,1,1,1,1,1,1,1,1,1,1	24	6+2+2+2+2	n	n	6	n	y
14/o24.82	24	1,1,1,1,1,1,1,1,1,1,1,1,1,1	24	6+4+2+2	n	n	6	n	y
14/o24.83	24	2,1,1,1,1,1,1,1,1,1,1,1,1	12	6+2+2+2+2	n	n	6	n	y
14/o24.84	24	1,1,1,1,1,1,1,1,1,1,1,1,1,1	24	6+4+2+2	n	n	6	n	y
14/o24.85	24	2,1,1,1,1,1,1,1,1,1,1,1,1	12	6+6+2	n	n	6	n	y
14/o24.86	24	2,1,1,1,1,1,1,1,1,1,1,1,1	12	6+6+2	n	n	6	n	y
14/o24.87	24	1,1,1,1,1,1,1,1,1,1,1,1,1,1	24	12+1+1	y	n	6	n	y
14/o24.88	24	1,1,1,1,1,1,1,1,1,1,1,1,1,1	24	12+1+1	y	n	12	n	y
14/o24.89	24	1,1,1,1,1,1,1,1,1,1,1,1,1,1	24	12+1+1	y	n	6	n	n
14/o24.90	24	1,1,1,1,1,1,1,1,1,1,1,1,1,1	24	12+1+1	y	n	4	n	y
14/o24.91	24	1,1,1,1,1,1,1,1,1,1,1,1,1,1	24	12+2	n	n	6	n	n
14/o24.92	24	1,1,1,1,1,1,1,1,1,1,1,1,1,1	24	12+2	n	n	12	n	y
14/o24.93	24	1,1,1,1,1,1,1,1,1,1,1,1,1,1	24	12+2	n	n	6	n	y
14/o24.94	24	2,1,1,1,1,1,1,1,1,1,1,1,1	12	6+4+2+1+1	y	n	6	n	y
14/o24.95	24	1,1,1,1,1,1,1,1,1,1,1,1,1,1	24	12+1+1	y	n	6	n	n
14/o24.96	24	2,1,1,1,1,1,1,1,1,1,1,1,1	12	6+4+2+2	n	n	6	n	y
14/o24.97	24	2,1,1,1,1,1,1,1,1,1,1,1,1	12	6+4+2+2	n	n	6	n	y
14/o24.98	24	1,1,1,1,1,1,1,1,1,1,1,1,1,1	24	6+4+2+1+1	y	n	6	n	y
14/o24.99	24	2,2,1,1,1,1,1,1,1,1,1,1	6	6+2+2+2+1+1	y	n	6	n	y
14/o24.100	24	2,1,1,1,1,1,1,1,1,1,1,1,1	12	6+6+2	n	n	6	n	y
14/o24.101	24	1,1,1,1,1,1,1,1,1,1,1,1,1,1	24	6+4+2+2	n	n	6	n	y
14/o24.102	24	1,1,1,1,1,1,1,1,1,1,1,1,1,1	24	6+4+4	n	n	6	n	y
14/o24.103	24	1,1,1,1,1,1,1,1,1,1,1,1,1,1	24	6+4+4	n	n	6	n	y
14/o24.104	24	1,1,1,1,1,1,1,1,1,1,1,1,1,1	24	6+4+2+2	n	n	6	n	y
14/o24.105	24	1,1,1,1,1,1,1,1,1,1,1,1,1,1	24	6+4+4	n	n	6	n	y
14/o24.106	24	1,1,1,1,1,1,1,1,1,1,1,1,1,1	24	6+4+4	n	n	6	n	y
14/o24.107	24	1,1,1,1,1,1,1,1,1,1,1,1,1,1	24	6+4+2+2	n	n	6	n	y
14/o24.108	24	2,2,1,1,1,1,1,1,1,1,1,1	6	6+2+2+2+2	n	n	6	n	y
14/o24.109	24	1,1,1,1,1,1,1,1,1,1,1,1,1,1	24	6+2+2+2+2	n	n	6	n	y
14/o24.110	24	2,2,1,1,1,1,1,1,1,1,1,1	6	6+4+2+2	n	n	6	n	n
14/o24.111	24	1,1,1,1,1,1,1,1,1,1,1,1,1,1	24	6+4+2+2	n	n	6	n	y
14/o24.112	24	1,1,1,1,1,1,1,1,1,1,1,1,1,1	24	6+4+2+2	n	n	6	n	y
14/o24.113	24	1,1,1,1,1,1,1,1,1,1,1,1,1,1	24	6+4+2+2	n	n	6	n	y
14/o24.114	24	2,1,1,1,1,1,1,1,1,1,1,1,1	12	6+2+2+2+2	n	n	6	n	y
14/o24.115	24	2,1,1,1,1,1,1,1,1,1,1,1,1	12	6+2+2+2+2	n	n	6	n	y
14/o24.116	24	1,1,1,1,1,1,1,1,1,1,1,1,1,1	24	6+2+2+2+2	n	n	6	n	y
14/o24.117	24	1,1,1,1,1,1,1,1,1,1,1,1,1,1	24	8+6	n	n	12	n	y
14/o24.118	24	1,1,1,1,1,1,1,1,1,1,1,1,1,1	24	8+6	n	n	6	n	n
14/o24.119	24	1,1,1,1,1,1,1,1,1,1,1,1,1,1	24	8+6	n	n	6	n	y
14/o24.120	24	2,2,1,1,1,1,1,1,1,1,1,1	6	6+4+1+1+1+1	y	n	6	n	n
14/o24.121	24	1,1,1,1,1,1,1,1,1,1,1,1,1,1	24	6+4+1+1+1+1	y	n	6	n	y
14/o24.122	24	1,1,1,1,1,1,1,1,1,1,1,1,1,1	24	6+4+1+1+1+1	y	n	6	n	y
14/o24.123	24	2,2,1,1,1,1,1,1,1,1,1,1	6	6+2+2+1+1+1+1	y	n	6	n	y
14/o24.124	24	2,1,1,1,1,1,1,1,1,1,1,1,1	12	6+2+2+1+1+1+1	y	n	6	n	y
14/o24.125	24	2,1,1,1,1,1,1,1,1,1,1,1,1	12	6+2+1+1+1+1+1+1	y	n	6	n	y
14/o24.126	24	3,1,1,1,1,1,1,1,1,1,1,1	4	4+3+1+1+1+1+1+1+1	y	n	6	n	y
14/o24.127	24	3,2,2,1,1,1,1,1,1,1	1	3+2+2+1+1+1+1+1+1+1	y	n	6	n	y
14/o24.128	24	4,1,1,1,1,1,1,1,1,1,1	1	4+1+1+1+1+1+1+1+1+1+1	y	n	4	n	y
14/o26.1	26	1,1,1,1,1,1,1,1,1,1,1,1,1,1	26	13+1	y	n	13	n	y
14/o28.1	28	1,1,1,1,1,1,1,1,1,1,1,1,1,1	28	7+2+2+1+1+1	y	n	14	n	y
14/o28.2	28	1,1,1,1,1,1,1,1,1,1,1,1,1,1	28	7+2+2+2+1	y	n	14	n	y
14/o28.3	28	1,1,1,1,1,1,1,1,1,1,1,1,1,1	28	14	n	n	14	n	y
14/o28.4	28	2,1,1,1,1,1,1,1,1,1,1,1,1	14	7+2+1+1+1+1+1	y	n	14	n	y
14/o30.1	30	1,1,1,1,1,1,1,1,1,1,1,1,1,1	30	5+3+3+3	n	n	15	n	n
14/o30.2	30	1,1,1,1,1,1,1,1,1,1,1,1,1,1	30	5+3+3+1+1+1	y	n	15	n	n
14/o30.3	30	3,1,1,1,1,1,1,1,1,1,1,1	5	5+5+3+1	y	n	15	n	n
14/o32.1	32	2,2,2,2,1,1,1,1,1,1	2	4+4+1+1+1+1+1+1	y	n	4	n	y
14/o32.2	32	2,2,1,1,1,1,1,1,1,1,1,1	8	4+4+4+1+1	y	n	4	n	y
14/o32.3	32	2,2,1,1,1,1,1,1,1,1,1,1	8	8+4+1+1	y	n	4	n	n
14/o32.4	32	2,2,1,1,1,1,1,1,1,1,1,1	8	8+4+1+1	y	n	4	n	y
14/o32.5	32	2,2,1,1,1,1,1,1,1,1,1,1	8	4+4+4+1+1	y	n	4	n	y
14/o32.6	32	1,1,1,1,1,1,1,1,1,1,1,1,1,1	32	4+4+4+1+1	y	n	4	n	y
14/o32.7	32	1,1,1,1,1,1,1,1,1,1,1,1,1,1	32	4+4+4+1+1	y	n	4	n	y
14/o32.8	32	2,2,1,1,1,1,1,1,1,1,1,1	8	4+4+2+2+1+1	y	n	4	n	y
14/o32.9	32	2,2,1,1,1,1,1,1,1,1,1,1	8	4+4+2+2+1+1	y	n	4	n	y
14/o32.10	32	2,2,1,1,1,1,1,1,1,1,1,1	8	4+4+4+1+1	y	n	4	n	n
14/o32.11	32	1,1,1,1,1,1,1,1,1,1,1,1,1,1	32	8+4+1+1	y	n	4	n	y
14/o32.12	32	1,1,1,1,1,1,1,1,1,1,1,1,1,1	32	8+4+1+1	y	n	4	n	y
14/o32.13	32	1,1,1,1,1,1,1,1,1,1,1,1,1,1	32	8+4+2	n	n	4	n	y
14/o32.14	32	2,2,1,1,1,1,1,1,1,1,1,1	8	4+4+2+2+1+1	y	n	4	n	y
14/o32.15	32	2,2,1,1,1,1,1,1,1,1,1,1	8	4+4+2+2+1+1	y	n	2	y	y
14/o32.16	32	2,2,2,1,1,1,1,1,1,1,1	4	4+4+2+1+1+1+1	y	n	4	n	y
14/o32.17	32	2,2,2,1,1,1,1,1,1,1,1	4	4+4+2+2+1+1	y	n	4	n	y
14/o32.18	32	1,1,1,1,1,1,1,1,1,1,1,1,1,1	32	4+4+4+1+1	y	n	2	y	y
14/o32.19	32	2,2,1,1,1,1,1,1,1,1,1,1	8	4+4+4+1+1	y	n	4	n	y
14/o32.20	32	2,2,1,1,1,1,1,1,1,1,1,1	8	4+4+4+1+1	y	n	4	n	y
14/o32.21	32	1,1,1,1,1,1,1,1,1,1,1,1,1,1	32	8+4+1+1	y	n	8	n	y
14/o32.22	32	1,1,1,1,1,1,1,1,1,1,1,1,1,1	32	8+4+1+1	y	n	4	n	y
14/o32.23	32	1,1,1,1,1,1,1,1,1,1,1,1,1,1	32	8+4+1+1	y	n	4	n	y
14/o32.24	32	2,2,1,1,1,1,1,1,1,1,1,1	8	4+4+4+1+1	y	n	4	n	y
14/o32.25	32	2,2,1,1,1,1,1,1,1,1,1,1	8	8+4+1+1	y	n	4	n	y
14/o32.26	32	2,1,1,1,1,1,1,1,1,1,1,1,1	16	4+4+4+2	n	n	4	n	y
14/o32.27	32	1,1,1,1,1,1,1,1,1,1,1,1,1,1	32	8+4+2	n	n	4	n	y
14/o32.28	32	2,2,1,1,1,1,1,1,1,1,1,1	8	4+4+4+2	n	n	4	n	y
14/o32.29	32	2,2,1,1,1,1,1,1,1,1,1,1	8	4+4+4+2	n	n	4	n	y
14/o32.30	32	2,1,1,1,1,1,1,1,1,1,1,1,1	16	8+4+2	n	n	8	n	y
14/o32.31	32	2,2,2,1,1,1,1,1,1,1,1	4	4+4+4+2	n	n	4	n	n
14/o32.32	32	2,2,1,1,1,1,1,1,1,1,1,1	8	4+4+2+2+1+1	y	n	4	n	y
14/o32.33	32	2,2,1,1,1,1,1,1,1,1,1,1	8	4+2+2+2+2+1+1	y	n	4	n	y
14/o32.34	32	2,2,2,1,1,1,1,1,1,1,1	4	4+2+2+2+2+1+1	y	n	4	n	y
14/o32.35	32	2,2,1,1,1,1,1,1,1,1,1,1	8	4+4+2+2+1+1	y	n	4	n	y
14/o32.36	32	1,1,1,1,1,1,1,1,1,1,1,1,1,1	32	8+2+2+1+1	y	n	8	n	y
14/o32.37	32	1,1,1,1,1,1,1,1,1,1,1,1,1,1	32	8+2+2+1+1	y	n	4	n	y
14/o32.38	32	2,2,2,1,1,1,1,1,1,1,1	4	4+2+2+2+2+1+1	y	n	2	y	y
14/o32.39	32	2,1,1,1,1,1,1,1,1,1,1,1,1	16	4+4+2+2+1+1	y	n	2	y	y
14/o32.40	32	2,2,1,1,1,1,1,1,1,1,1,1	8	4+4+2+1+1+1+1	y	n	4	n	y
14/o32.41	32	2,2,2,2,1,1,1,1,1,1	2	4+2+2+2+1+1+1+1	y	n	4	n	y
14/o32.42	32	2,2,1,1,1,1,1,1,1,1,1,1	8	4+4+2+1+1+1+1	y	n	4	n	y
14/o32.43	32	2,2,2,1,1,1,1,1,1,1,1	4	4+2+2+2+1+1+1+1	y	n	4	n	y
14/o32.44	32	1,1,1,1,1,1,1,1,1,1,1,1,1,1	32	8+2+1+1+1+1	y	n	4	n	y
14/o32.45	32	2,1,1,1,1,1,1,1,1,1,1,1,1	16	8+2+2+1+1	y	n	8	n	y
14/o32.46	32	2,1,1,1,1,1,1,1,1,1,1,1,1	16	8+2+2+1+1	y	n	4	n	y
14/o32.47	32	2,1,1,1,1,1,1,1,1,1,1,1,1	16	8+2+2+1+1	y	n	4	n	y
14/o32.48	32	1,1,1,1,1,1,1,1,1,1,1,1,1,1	32	4+4+2+2+1+1	y	n	2	y	y
14/o32.49	32	2,2,1,1,1,1,1,1,1,1,1,1	8	4+2+2+2+2+1+1	y	n	2	y	y
14/o32.50	32	2,2,2,2,1,1,1,1,1,1	2	2+2+2+2+2+2+1+1	y	n	2	y	y
14/o32.51	32	2,2,2,2,1,1,1,1,1,1	2	4+4+2+1+1+1+1	y	n	4	n	y
14/o32.52	32	2,2,2,1,1,1,1,1,1,1,1	4	4+4+2+2+1+1	y	n	4	n	y
14/o32.53	32	2,2,1,1,1,1,1,1,1,1,1,1	8	4+4+2+2+1+1	y	n	4	n	y
14/o32.54	32	2,2,2,2,1,1,1,1,1,1	2	4+2+2+2+2+1+1	y	n	4	n	y
14/o32.55	32	2,2,1,1,1,1,1,1,1,1,1,1	8	4+4+2+2+1+1	y	n	4	n	y
14/o32.56	32	2,2,2,1,1,1,1,1,1,1,1	4	4+2+2+2+2+1+1	y	n	4	n	y
14/o32.57	32	1,1,1,1,1,1,1,1,1,1,1,1,1,1	32	8+2+2+1+1	y	n	4	n	y
14/o32.58	32	2,2,2,2,1,1,1,1,1,1	2	4+4+2+2+1+1	y	n	4	n	y
14/o32.59	32	2,2,1,1,1,1,1,1,1,1,1,1	8	8+4+2	n	n	4	n	y
14/o32.60	32	2,1,1,1,1,1,1,1,1,1,1,1,1	16	4+4+4+2	n	n	4	y	n
14/o32.61	32	2,2,2,1,1,1,1,1,1,1,1	4	4+4+2+2+2	n	n	4	y	n
14/o32.62	32	2,2,1,1,1,1,1,1,1,1,1,1	8	4+4+4+2	n	n	4	n	n
14/o32.63	32	1,1,1,1,1,1,1,1,1,1,1,1,1,1	32	4+4+4+2	n	n	4	n	y
14/o32.64	32	1,1,1,1,1,1,1,1,1,1,1,1,1,1	32	4+4+4+2	n	n	4	n	y
14/o32.65	32	2,1,1,1,1,1,1,1,1,1,1,1,1	16	4+4+2+2+2	n	n	4	n	y
14/o32.66	32	2,1,1,1,1,1,1,1,1,1,1,1,1	16	4+4+2+2+2	n	n	4	n	y
14/o32.67	32	2,2,1,1,1,1,1,1,1,1,1,1	8	4+4+4+2	n	n	4	n	y
14/o32.68	32	2,1,1,1,1,1,1,1,1,1,1,1,1	16	4+4+4+2	n	n	4	n	y
14/o32.69	32	1,1,1,1,1,1,1,1,1,1,1,1,1,1	32	4+4+4+2	n	n	4	n	y
14/o32.70	32	1,1,1,1,1,1,1,1,1,1,1,1,1,1	32	4+4+4+2	n	n	4	n	y
14/o32.71	32	2,2,1,1,1,1,1,1,1,1,1,1	8	4+4+2+2+2	n	n	4	n	y
14/o32.72	32	2,2,1,1,1,1,1,1,1,1,1,1	8	4+4+2+2+2	n	n	4	n	y
14/o32.73	32	1,1,1,1,1,1,1,1,1,1,1,1,1,1	32	8+4+2	n	n	4	n	y
14/o32.74	32	2,2,1,1,1,1,1,1,1,1,1,1	8	4+4+4+2	n	n	4	n	n
14/o32.75	32	2,1,1,1,1,1,1,1,1,1,1,1,1	16	8+4+2	n	n	8	n	y
14/o32.76	32	2,1,1,1,1,1,1,1,1,1,1,1,1	16	8+4+2	n	n	4	n	y
14/o32.77	32	2,1,1,1,1,1,1,1,1,1,1,1,1	16	8+4+2	n	n	4	n	y
14/o32.78	32	2,1,1,1,1,1,1,1,1,1,1,1,1	16	8+4+2	n	n	4	n	n
14/o32.79	32	1,1,1,1,1,1,1,1,1,1,1,1,1,1	32	4+4+4+2	n	n	2	y	y
14/o32.80	32	2,2,1,1,1,1,1,1,1,1,1,1	8	4+4+4+2	n	n	4	n	y
14/o32.81	32	1,1,1,1,1,1,1,1,1,1,1,1,1,1	32	8+4+2	n	n	4	n	y
14/o32.82	32	1,1,1,1,1,1,1,1,1,1,1,1,1,1	32	8+4+2	n	n	2	y	y
14/o32.83	32	2,2,2,1,1,1,1,1,1,1,1	4	4+2+2+2+2+2	n	n	2	y	y
14/o32.84	32	2,2,1,1,1,1,1,1,1,1,1,1	8	4+2+2+2+2+2	n	n	4	n	y
14/o32.85	32	2,1,1,1,1,1,1,1,1,1,1,1,1	16	4+4+2+2+2	n	n	2	y	y
14/o32.86	32	2,2,1,1,1,1,1,1,1,1,1,1	8	4+4+2+2+2	n	n	4	n	y
14/o32.87	32	2,1,1,1,1,1,1,1,1,1,1,1,1	16	4+4+2+2+2	n	n	2	y	y
14/o32.88	32	2,2,1,1,1,1,1,1,1,1,1,1	8	4+4+2+2+2	n	n	4	n	y
14/o32.89	32	2,2,1,1,1,1,1,1,1,1,1,1	8	4+2+2+2+2+2	n	n	2	y	y
14/o32.90	32	2,2,1,1,1,1,1,1,1,1,1,1	8	4+4+2+2+2	n	n	4	n	y
14/o32.91	32	2,2,1,1,1,1,1,1,1,1,1,1	8	4+2+2+2+2+2	n	n	4	n	y
14/o32.92	32	2,2,2,1,1,1,1,1,1,1,1	4	4+2+2+2+2+2	n	n	4	n	y
14/o32.93	32	1,1,1,1,1,1,1,1,1,1,1,1,1,1	32	4+4+2+2+2	n	n	2	y	y
14/o32.94	32	2,1,1,1,1,1,1,1,1,1,1,1,1	16	4+2+2+2+2+2	n	n	2	y	y
14/o32.95	32	2,2,2,1,1,1,1,1,1,1,1	4	2+2+2+2+2+2+2	n	n	2	y	y
14/o32.96	32	2,2,1,1,1,1,1,1,1,1,1,1	8	4+4+2+2+2	n	n	4	n	y
14/o32.97	32	1,1,1,1,1,1,1,1,1,1,1,1,1,1	32	8+2+2+2	n	n	8	n	y
14/o32.98	32	1,1,1,1,1,1,1,1,1,1,1,1,1,1	32	8+2+2+2	n	n	4	n	y
14/o32.99	32	2,2,1,1,1,1,1,1,1,1,1,1	8	8+2+2+2	n	n	4	n	y
14/o32.100	32	1,1,1,1,1,1,1,1,1,1,1,1,1,1	32	8+2+2+2	n	n	4	n	y
14/o32.101	32	2,2,1,1,1,1,1,1,1,1,1,1	8	8+2+2+2	n	n	4	n	y
14/o32.102	32	2,2,1,1,1,1,1,1,1,1,1,1	8	8+2+2+2	n	n	2	y	y
14/o32.103	32	2,1,1,1,1,1,1,1,1,1,1,1,1	16	8+2+2+2	n	n	4	n	y
14/o32.104	32	2,1,1,1,1,1,1,1,1,1,1,1,1	16	8+2+2+2	n	n	4	n	y
14/o32.105	32	1,1,1,1,1,1,1,1,1,1,1,1,1,1	32	8+4+2	n	n	4	n	y
14/o32.106	32	1,1,1,1,1,1,1,1,1,1,1,1,1,1	32	8+4+2	n	n	8	n	y
14/o32.107	32	1,1,1,1,1,1,1,1,1,1,1,1,1,1	32	8+4+2	n	n	4	n	y
14/o32.108	32	1,1,1,1,1,1,1,1,1,1,1,1,1,1	32	8+4+2	n	n	4	n	y
14/o32.109	32	2,2,1,1,1,1,1,1,1,1,1,1	8	8+4+2	n	n	4	n	n
14/o32.110	32	1,1,1,1,1,1,1,1,1,1,1,1,1,1	32	8+4+2	n	n	4	n	y
14/o32.111	32	1,1,1,1,1,1,1,1,1,1,1,1,1,1	32	8+4+2	n	n	4	n	y
14/o32.112	32	1,1,1,1,1,1,1,1,1,1,1,1,1,1	32	8+4+2	n	n	4	n	y
14/o32.113	32	2,2,1,1,1,1,1,1,1,1,1,1	8	8+4+2	n	n	4	n	n
14/o32.114	32	2,2,1,1,1,1,1,1,1,1,1,1	8	8+4+2	n	n	4	n	y
14/o32.115	32	1,1,1,1,1,1,1,1,1,1,1,1,1,1	32	8+4+2	n	n	2	y	y
14/o32.116	32	2,2,1,1,1,1,1,1,1,1,1,1	8	8+4+2	n	n	4	n	y
14/o32.117	32	1,1,1,1,1,1,1,1,1,1,1,1,1,1	32	8+4+1+1	y	n	4	n	y
14/o32.118	32	1,1,1,1,1,1,1,1,1,1,1,1,1,1	32	8+4+1+1	y	n	2	y	y
14/o32.119	32	2,2,1,1,1,1,1,1,1,1,1,1	8	4+4+2+2+2	n	n	4	n	y
14/o32.120	32	2,2,1,1,1,1,1,1,1,1,1,1	8	4+4+2+2+2	n	n	2	y	y
14/o32.121	32	1,1,1,1,1,1,1,1,1,1,1,1,1,1	32	4+4+4+2	n	n	2	y	y
14/o32.122	32	2,2,1,1,1,1,1,1,1,1,1,1	8	4+4+4+2	n	n	4	n	y
14/o32.123	32	2,2,1,1,1,1,1,1,1,1,1,1	8	8+2+2+1+1	y	n	4	n	y
14/o32.124	32	2,2,1,1,1,1,1,1,1,1,1,1	8	8+2+2+1+1	y	n	2	y	y
14/o32.125	32	2,2,2,1,1,1,1,1,1,1,1	4	4+4+2+2+2	n	n	2	y	y
14/o32.126	32	2,2,1,1,1,1,1,1,1,1,1,1	8	4+4+2+2+2	n	n	4	n	y
14/o32.127	32	2,2,1,1,1,1,1,1,1,1,1,1	8	4+4+2+2+2	n	n	4	n	y
14/o32.128	32	2,1,1,1,1,1,1,1,1,1,1,1,1	16	4+4+2+2+2	n	n	2	y	y
14/o32.129	32	2,1,1,1,1,1,1,1,1,1,1,1,1	16	4+4+4+2	n	n	2	y	y
14/o32.130	32	2,2,1,1,1,1,1,1,1,1,1,1	8	4+4+4+2	n	n	4	n	y
14/o32.131	32	2,1,1,1,1,1,1,1,1,1,1,1,1	16	4+4+4+2	n	n	2	y	y
14/o32.132	32	2,2,2,1,1,1,1,1,1,1,1	4	4+4+2+2+2	n	n	4	n	y
14/o32.133	32	2,2,1,1,1,1,1,1,1,1,1,1	8	4+4+4+2	n	n	4	n	y
14/o32.134	32	1,1,1,1,1,1,1,1,1,1,1,1,1,1	32	8+4+2	n	n	8	n	y
14/o32.135	32	1,1,1,1,1,1,1,1,1,1,1,1,1,1	32	8+4+2	n	n	4	n	y
14/o32.136	32	1,1,1,1,1,1,1,1,1,1,1,1,1,1	32	8+4+2	n	n	4	n	y
14/o32.137	32	2,2,1,1,1,1,1,1,1,1,1,1	8	4+4+4+2	n	n	4	n	y
14/o32.138	32	2,2,1,1,1,1,1,1,1,1,1,1	8	4+4+2+2+2	n	n	2	y	y
14/o32.139	32	2,2,2,1,1,1,1,1,1,1,1	4	4+4+2+2+2	n	n	4	n	y
14/o32.140	32	1,1,1,1,1,1,1,1,1,1,1,1,1,1	32	4+4+4+2	n	n	2	y	y
14/o32.141	32	2,2,1,1,1,1,1,1,1,1,1,1	8	4+4+4+2	n	n	4	n	y
14/o32.142	32	2,1,1,1,1,1,1,1,1,1,1,1,1	16	8+4+2	n	n	4	n	y
14/o32.143	32	1,1,1,1,1,1,1,1,1,1,1,1,1,1	32	8+4+2	n	n	4	n	y
14/o32.144	32	2,1,1,1,1,1,1,1,1,1,1,1,1	16	8+4+2	n	n	4	n	y
14/o32.145	32	2,1,1,1,1,1,1,1,1,1,1,1,1	16	8+4+2	n	n	2	y	y
14/o32.146	32	2,1,1,1,1,1,1,1,1,1,1,1,1	16	4+4+4+2	n	n	2	y	y
14/o32.147	32	2,2,2,1,1,1,1,1,1,1,1	4	4+4+2+2+2	n	n	4	n	y
14/o32.148	32	2,2,1,1,1,1,1,1,1,1,1,1	8	4+4+4+2	n	n	4	n	y
14/o32.149	32	2,2,1,1,1,1,1,1,1,1,1,1	8	4+4+4+2	n	n	4	n	y
14/o32.150	32	2,1,1,1,1,1,1,1,1,1,1,1,1	16	8+4+2	n	n	4	n	y
14/o32.151	32	2,2,2,1,1,1,1,1,1,1,1	4	4+4+4+2	n	n	4	n	y
14/o32.152	32	1,1,1,1,1,1,1,1,1,1,1,1,1,1	32	8+2+2+2	n	n	8	n	y
14/o32.153	32	1,1,1,1,1,1,1,1,1,1,1,1,1,1	32	8+2+2+2	n	n	4	n	y
14/o32.154	32	2,1,1,1,1,1,1,1,1,1,1,1,1	16	8+2+2+2	n	n	4	n	y
14/o32.155	32	2,1,1,1,1,1,1,1,1,1,1,1,1	16	8+2+2+2	n	n	2	y	y
14/o32.156	32	2,2,2,1,1,1,1,1,1,1,1	4	4+2+2+2+2+2	n	n	2	y	y
14/o32.157	32	2,2,1,1,1,1,1,1,1,1,1,1	8	4+4+2+2+2	n	n	4	n	y
14/o32.158	32	2,2,2,1,1,1,1,1,1,1,1	4	4+2+2+2+2+2	n	n	4	n	y
14/o32.159	32	2,1,1,1,1,1,1,1,1,1,1,1,1	16	4+4+2+2+2	n	n	2	y	y
14/o32.160	32	2,1,1,1,1,1,1,1,1,1,1,1,1	16	8+2+2+2	n	n	8	n	y
14/o32.161	32	2,1,1,1,1,1,1,1,1,1,1,1,1	16	8+2+2+2	n	n	4	n	y
14/o32.162	32	2,1,1,1,1,1,1,1,1,1,1,1,1	16	8+2+2+2	n	n	4	n	y
14/o32.163	32	2,2,2,1,1,1,1,1,1,1,1	4	4+4+2+2+2	n	n	4	n	y
14/o32.164	32	1,1,1,1,1,1,1,1,1,1,1,1,1,1	32	4+4+2+2+2	n	n	2	y	y
14/o32.165	32	2,2,1,1,1,1,1,1,1,1,1,1	8	4+4+2+2+2	n	n	4	n	y
14/o32.166	32	2,2,1,1,1,1,1,1,1,1,1,1	8	4+2+2+2+2+2	n	n	2	y	y
14/o32.167	32	2,2,2,2,1,1,1,1,1,1	2	2+2+2+2+2+2+2	n	n	2	y	y
14/o32.168	32	2,2,2,2,1,1,1,1,1,1	2	4+2+2+2+2+2	n	n	4	n	y
14/o32.169	32	1,1,1,1,1,1,1,1,1,1,1,1,1,1	32	8+2+2+2	n	n	4	n	y
14/o32.170	32	2,2,2,2,1,1,1,1,1,1	2	4+4+2+2+2	n	n	4	n	y
14/o32.171	32	2,2,1,1,1,1,1,1,1,1,1,1	8	4+4+2+2+2	n	n	4	n	y
14/o32.172	32	2,2,2,1,1,1,1,1,1,1,1	4	4+2+2+2+2+2	n	n	4	n	y
14/o32.173	32	2,2,1,1,1,1,1,1,1,1,1,1	8	8+4+2	n	n	4	n	y
14/o32.174	32	2,2,1,1,1,1,1,1,1,1,1,1	8	8+4+2	n	n	4	n	y
14/o32.175	32	2,1,1,1,1,1,1,1,1,1,1,1,1	16	8+2+1+1+1+1	y	n	8	n	y
14/o32.176	32	2,1,1,1,1,1,1,1,1,1,1,1,1	16	8+2+1+1+1+1	y	n	4	n	y
14/o32.177	32	2,1,1,1,1,1,1,1,1,1,1,1,1	16	4+4+2+1+1+1+1	y	n	2	y	y
14/o32.178	32	2,2,2,1,1,1,1,1,1,1,1	4	4+2+2+2+1+1+1+1	y	n	2	y	y
14/o32.179	32	2,2,2,2,2,1,1,1,1	1	2+2+2+2+2+1+1+1+1	y	n	2	y	y
14/o32.180	32	1,1,1,1,1,1,1,1,1,1,1,1,1,1	32	8+1+1+1+1+1+1	y	n	4	n	y
14/o32.181	32	2,2,1,1,1,1,1,1,1,1,1,1	8	4+4+1+1+1+1+1+1	y	n	4	n	y
14/o32.182	32	2,2,2,2,1,1,1,1,1,1	2	4+2+2+1+1+1+1+1+1	y	n	4	n	y
14/o36.1	36	2,1,1,1,1,1,1,1,1,1,1,1,1	18	3+3+3+3+2	n	n	6	n	n
14/o36.2	36	2,1,1,1,1,1,1,1,1,1,1,1,1	18	6+3+3+2	n	n	6	n	n
14/o36.3	36	1,1,1,1,1,1,1,1,1,1,1,1,1,1	36	6+3+3+2	n	n	6	n	n
14/o36.4	36	1,1,1,1,1,1,1,1,1,1,1,1,1,1	36	6+3+3+2	n	n	6	n	y
14/o36.5	36	2,1,1,1,1,1,1,1,1,1,1,1,1	18	9+3+2	n	n	6	n	n
14/o36.6	36	3,1,1,1,1,1,1,1,1,1,1,1	6	6+3+3+2	n	n	6	n	n
14/o36.7	36	3,1,1,1,1,1,1,1,1,1,1,1	6	6+3+3+2	n	n	6	n	y
14/o36.8	36	3,2,1,1,1,1,1,1,1,1,1	3	3+3+3+3+2	n	n	6	n	n
14/o36.9	36	2,1,1,1,1,1,1,1,1,1,1,1,1	18	6+6+2	n	n	6	n	n
14/o36.10	36	1,1,1,1,1,1,1,1,1,1,1,1,1,1	36	3+3+3+3+1+1	y	n	6	n	y
14/o36.11	36	3,1,1,1,1,1,1,1,1,1,1,1	6	3+3+3+2+2+1	y	n	6	n	n
14/o36.12	36	1,1,1,1,1,1,1,1,1,1,1,1,1,1	36	6+3+3+1+1	y	n	6	n	n
14/o36.13	36	1,1,1,1,1,1,1,1,1,1,1,1,1,1	36	6+3+3+1+1	y	n	6	n	y
14/o36.14	36	3,2,1,1,1,1,1,1,1,1,1	3	3+3+3+2+1+1+1	y	n	6	n	n
14/o36.15	36	3,1,1,1,1,1,1,1,1,1,1,1	6	3+3+3+1+1+1+1+1	y	n	6	n	y
14/o36.16	36	1,1,1,1,1,1,1,1,1,1,1,1,1,1	36	9+3+1+1	y	n	6	n	y
14/o36.17	36	3,1,1,1,1,1,1,1,1,1,1,1	6	6+3+3+1+1	y	n	6	n	n
14/o36.18	36	3,1,1,1,1,1,1,1,1,1,1,1	6	6+3+3+1+1	y	n	6	n	y
14/o36.19	36	3,1,1,1,1,1,1,1,1,1,1,1	6	3+3+3+3+1+1	y	n	6	n	y
14/o36.20	36	3,1,1,1,1,1,1,1,1,1,1,1	6	6+3+2+1+1+1	y	n	6	n	y
14/o36.21	36	1,1,1,1,1,1,1,1,1,1,1,1,1,1	36	9+2+2+1	y	n	6	n	y
14/o36.22	36	1,1,1,1,1,1,1,1,1,1,1,1,1,1	36	9+2+2+1	y	n	18	n	y
14/o36.23	36	3,1,1,1,1,1,1,1,1,1,1,1	6	6+3+2+2+1	y	n	6	n	y
14/o36.24	36	2,1,1,1,1,1,1,1,1,1,1,1,1	18	9+3+2	n	n	6	n	y
14/o36.25	36	2,1,1,1,1,1,1,1,1,1,1,1,1	18	9+3+2	n	n	18	n	y
14/o36.26	36	2,1,1,1,1,1,1,1,1,1,1,1,1	18	6+6+2	n	n	6	n	y
14/o36.27	36	1,1,1,1,1,1,1,1,1,1,1,1,1,1	36	6+6+2	n	n	6	n	y
14/o36.28	36	1,1,1,1,1,1,1,1,1,1,1,1,1,1	36	6+6+2	n	n	6	n	y
14/o36.29	36	1,1,1,1,1,1,1,1,1,1,1,1,1,1	36	12+2	n	n	6	n	y
14/o36.30	36	1,1,1,1,1,1,1,1,1,1,1,1,1,1	36	6+6+1+1	y	n	6	n	y
14/o36.31	36	1,1,1,1,1,1,1,1,1,1,1,1,1,1	36	12+2	n	n	6	n	y
14/o36.32	36	1,1,1,1,1,1,1,1,1,1,1,1,1,1	36	6+6+1+1	y	n	6	n	y
14/o36.33	36	1,1,1,1,1,1,1,1,1,1,1,1,1,1	36	12+1+1	y	n	6	n	y
14/o36.34	36	2,1,1,1,1,1,1,1,1,1,1,1,1	18	9+2+1+1+1	y	n	6	n	y
14/o36.35	36	2,1,1,1,1,1,1,1,1,1,1,1,1	18	9+2+1+1+1	y	n	18	n	y
14/o36.36	36	1,1,1,1,1,1,1,1,1,1,1,1,1,1	36	9+1+1+1+1+1	y	n	6	n	y
14/o36.37	36	3,1,1,1,1,1,1,1,1,1,1,1	6	6+3+1+1+1+1+1	y	n	6	n	y
14/o36.38	36	3,3,1,1,1,1,1,1,1,1	1	3+3+1+1+1+1+1+1+1+1	y	n	6	n	y
14/o40.1	40	1,1,1,1,1,1,1,1,1,1,1,1,1,1	40	5+4+4+1	y	n	20	n	n
14/o40.2	40	1,1,1,1,1,1,1,1,1,1,1,1,1,1	40	5+4+4+1	y	n	10	n	y
14/o40.3	40	2,2,1,1,1,1,1,1,1,1,1,1	10	5+5+2+2	n	n	10	n	y
14/o40.4	40	1,1,1,1,1,1,1,1,1,1,1,1,1,1	40	5+5+4	n	n	10	n	y
14/o40.5	40	2,2,1,1,1,1,1,1,1,1,1,1	10	5+5+4	n	n	20	n	n
14/o40.6	40	1,1,1,1,1,1,1,1,1,1,1,1,1,1	40	5+4+2+2+1	y	n	10	n	y
14/o40.7	40	1,1,1,1,1,1,1,1,1,1,1,1,1,1	40	5+2+2+2+2+1	y	n	10	n	y
14/o40.8	40	1,1,1,1,1,1,1,1,1,1,1,1,1,1	40	5+4+2+1+1+1	y	n	10	n	y
14/o40.9	40	2,1,1,1,1,1,1,1,1,1,1,1,1	20	5+2+2+2+1+1+1	y	n	10	n	y
14/o40.10	40	1,1,1,1,1,1,1,1,1,1,1,1,1,1	40	5+4+2+2+1	y	n	10	n	y
14/o40.11	40	2,1,1,1,1,1,1,1,1,1,1,1,1	20	5+2+2+2+2+1	y	n	10	n	y
14/o40.12	40	1,1,1,1,1,1,1,1,1,1,1,1,1,1	40	10+2+2	n	n	10	n	n
14/o40.13	40	1,1,1,1,1,1,1,1,1,1,1,1,1,1	40	10+2+2	n	n	10	n	y
14/o40.14	40	2,2,1,1,1,1,1,1,1,1,1,1	10	10+2+2	n	n	10	n	y
14/o40.15	40	2,1,1,1,1,1,1,1,1,1,1,1,1	20	10+2+2	n	n	10	n	n
14/o40.16	40	2,1,1,1,1,1,1,1,1,1,1,1,1	20	10+2+2	n	n	10	n	y
14/o40.17	40	2,1,1,1,1,1,1,1,1,1,1,1,1	20	10+2+1+1	y	n	10	n	n
14/o40.18	40	2,1,1,1,1,1,1,1,1,1,1,1,1	20	10+2+1+1	y	n	10	n	y
14/o40.19	40	1,1,1,1,1,1,1,1,1,1,1,1,1,1	40	10+4	n	n	10	n	n
14/o40.20	40	1,1,1,1,1,1,1,1,1,1,1,1,1,1	40	10+4	n	n	10	n	y
14/o40.21	40	1,1,1,1,1,1,1,1,1,1,1,1,1,1	40	10+4	n	n	10	n	y
14/o40.22	40	2,2,1,1,1,1,1,1,1,1,1,1	10	10+4	n	n	10	n	n
14/o40.23	40	1,1,1,1,1,1,1,1,1,1,1,1,1,1	40	5+4+1+1+1+1+1	y	n	10	n	y
14/o40.24	40	2,2,1,1,1,1,1,1,1,1,1,1	10	5+2+2+1+1+1+1+1	y	n	10	n	y
14/o42.1	42	1,1,1,1,1,1,1,1,1,1,1,1,1,1	42	7+3+3+1	y	n	21	n	n
14/o42.2	42	1,1,1,1,1,1,1,1,1,1,1,1,1,1	42	14	n	n	7	n	n
14/o44.1	44	2,1,1,1,1,1,1,1,1,1,1,1,1	22	11+2+1	y	n	22	n	y
14/o48.1	48	1,1,1,1,1,1,1,1,1,1,1,1,1,1	48	4+4+2+2+2	n	n	6	n	y
14/o48.2	48	2,1,1,1,1,1,1,1,1,1,1,1,1	24	4+4+4+2	n	n	6	n	y
14/o48.3	48	1,1,1,1,1,1,1,1,1,1,1,1,1,1	48	8+3+3	n	n	24	n	n
14/o48.4	48	1,1,1,1,1,1,1,1,1,1,1,1,1,1	48	4+4+3+3	n	n	12	n	y
14/o48.5	48	1,1,1,1,1,1,1,1,1,1,1,1,1,1	48	4+4+3+3	n	n	12	n	y
14/o48.6	48	1,1,1,1,1,1,1,1,1,1,1,1,1,1	48	8+3+3	n	n	12	n	n
14/o48.7	48	1,1,1,1,1,1,1,1,1,1,1,1,1,1	48	4+4+3+3	n	n	6	y	n
14/o48.8	48	2,2,1,1,1,1,1,1,1,1,1,1	12	4+4+3+3	n	n	12	n	n
14/o48.9	48	1,1,1,1,1,1,1,1,1,1,1,1,1,1	48	4+4+3+3	n	n	6	n	y
14/o48.10	48	1,1,1,1,1,1,1,1,1,1,1,1,1,1	48	8+3+3	n	n	12	n	y
14/o48.11	48	1,1,1,1,1,1,1,1,1,1,1,1,1,1	48	8+3+3	n	n	6	n	y
14/o48.12	48	2,2,1,1,1,1,1,1,1,1,1,1	12	4+3+3+2+2	n	n	6	y	n
14/o48.13	48	2,2,2,2,1,1,1,1,1,1	3	3+3+2+2+2+2	n	n	6	y	n
14/o48.14	48	2,2,2,1,1,1,1,1,1,1,1	6	4+3+3+2+2	n	n	12	n	n
14/o48.15	48	2,1,1,1,1,1,1,1,1,1,1,1,1	24	4+3+3+2+2	n	n	6	n	y
14/o48.16	48	2,2,1,1,1,1,1,1,1,1,1,1	12	4+3+3+2+2	n	n	12	n	n
14/o48.17	48	1,1,1,1,1,1,1,1,1,1,1,1,1,1	48	4+3+3+2+2	n	n	6	n	y
14/o48.18	48	2,2,1,1,1,1,1,1,1,1,1,1	12	3+3+2+2+2+2	n	n	6	n	y
14/o48.19	48	2,2,1,1,1,1,1,1,1,1,1,1	12	4+3+3+2+2	n	n	12	n	y
14/o48.20	48	2,2,2,2,1,1,1,1,1,1	3	6+3+3+2	n	n	6	n	n
14/o48.21	48	1,1,1,1,1,1,1,1,1,1,1,1,1,1	48	4+4+2+2+1+1	y	n	6	n	y
14/o48.22	48	2,1,1,1,1,1,1,1,1,1,1,1,1	24	4+4+2+1+1+1+1	y	n	6	n	y
14/o48.23	48	1,1,1,1,1,1,1,1,1,1,1,1,1,1	48	8+4+1+1	y	n	6	n	y
14/o48.24	48	1,1,1,1,1,1,1,1,1,1,1,1,1,1	48	6+6+1+1	y	n	6	n	y
14/o48.25	48	1,1,1,1,1,1,1,1,1,1,1,1,1,1	48	8+4+2	n	n	6	n	y
14/o48.26	48	2,2,1,1,1,1,1,1,1,1,1,1	12	6+4+3+1	y	n	12	n	n
14/o48.27	48	2,2,1,1,1,1,1,1,1,1,1,1	12	6+4+3+1	y	n	12	n	y
14/o48.28	48	1,1,1,1,1,1,1,1,1,1,1,1,1,1	48	6+4+3+1	y	n	6	n	y
14/o48.29	48	2,2,1,1,1,1,1,1,1,1,1,1	12	6+3+2+2+1	y	n	6	n	y
14/o48.30	48	2,2,1,1,1,1,1,1,1,1,1,1	12	4+3+3+2+1+1	y	n	12	n	y
14/o48.31	48	2,2,2,1,1,1,1,1,1,1,1	6	6+3+2+2+1	y	n	6	n	n
14/o48.32	48	2,2,2,1,1,1,1,1,1,1,1	6	4+3+3+2+1+1	y	n	12	n	n
14/o48.33	48	2,1,1,1,1,1,1,1,1,1,1,1,1	24	4+3+3+2+1+1	y	n	6	n	y
14/o48.34	48	2,2,2,1,1,1,1,1,1,1,1	6	3+3+2+2+2+1+1	y	n	6	n	y
14/o48.35	48	2,2,2,2,1,1,1,1,1,1	3	6+3+2+1+1+1	y	n	6	n	n
14/o48.36	48	2,2,1,1,1,1,1,1,1,1,1,1	12	4+3+3+1+1+1+1	y	n	12	n	y
14/o48.37	48	2,2,2,1,1,1,1,1,1,1,1	6	6+3+1+1+1+1+1	y	n	6	n	y
14/o48.38	48	2,2,1,1,1,1,1,1,1,1,1,1	12	4+3+3+3+1	y	n	12	n	y
14/o48.39	48	2,2,2,1,1,1,1,1,1,1,1	6	6+3+3+1+1	y	n	6	n	y
14/o48.40	48	2,2,1,1,1,1,1,1,1,1,1,1	12	6+4+3+1	y	n	12	n	y
14/o48.41	48	2,2,2,1,1,1,1,1,1,1,1	6	6+6+1+1	y	n	6	n	n
14/o48.42	48	2,1,1,1,1,1,1,1,1,1,1,1,1	24	6+4+2+1+1	y	n	6	n	y
14/o48.43	48	3,2,1,1,1,1,1,1,1,1,1	4	4+4+3+2+1	y	n	12	n	n
14/o48.44	48	3,1,1,1,1,1,1,1,1,1,1,1	8	4+4+3+1+1+1	y	n	12	n	y
14/o48.45	48	3,1,1,1,1,1,1,1,1,1,1,1	8	4+4+3+1+1+1	y	n	12	n	y
14/o48.46	48	3,1,1,1,1,1,1,1,1,1,1,1	8	4+4+3+2+1	y	n	12	n	y
14/o48.47	48	3,1,1,1,1,1,1,1,1,1,1,1	8	4+4+3+2+1	y	n	12	n	y
14/o48.48	48	2,2,2,1,1,1,1,1,1,1,1	6	6+6+1+1	y	n	6	n	y
14/o48.49	48	3,2,1,1,1,1,1,1,1,1,1	4	4+4+3+2+1	y	n	6	n	y
14/o48.50	48	3,1,1,1,1,1,1,1,1,1,1,1	8	4+4+3+1+1+1	y	n	6	n	y
14/o48.51	48	3,1,1,1,1,1,1,1,1,1,1,1	8	4+4+3+2+1	y	n	6	n	y
14/o48.52	48	1,1,1,1,1,1,1,1,1,1,1,1,1,1	48	6+4+4	n	n	12	n	y
14/o48.53	48	1,1,1,1,1,1,1,1,1,1,1,1,1,1	48	6+4+4	n	n	12	n	y
14/o48.54	48	2,1,1,1,1,1,1,1,1,1,1,1,1	24	6+6+2	n	n	6	n	y
14/o48.55	48	2,2,2,1,1,1,1,1,1,1,1	6	6+6+2	n	n	6	n	n
14/o48.56	48	1,1,1,1,1,1,1,1,1,1,1,1,1,1	48	8+6	n	n	12	n	n
14/o48.57	48	3,2,1,1,1,1,1,1,1,1,1	4	4+3+2+2+2+1	y	n	6	n	y
14/o48.58	48	3,1,1,1,1,1,1,1,1,1,1,1	8	4+3+2+2+2+1	y	n	6	n	y
14/o48.59	48	3,2,1,1,1,1,1,1,1,1,1	4	3+2+2+2+2+2+1	y	n	6	n	y
14/o48.60	48	3,2,1,1,1,1,1,1,1,1,1	4	4+3+2+2+1+1+1	y	n	6	n	y
14/o48.61	48	4,1,1,1,1,1,1,1,1,1,1	2	4+2+2+1+1+1+1+1+1	y	n	6	n	y
14/o48.62	48	3,2,2,1,1,1,1,1,1,1	2	4+3+2+1+1+1+1+1	y	n	12	n	y
14/o48.63	48	3,1,1,1,1,1,1,1,1,1,1,1	8	4+3+2+2+1+1+1	y	n	6	n	y
14/o48.64	48	3,2,2,1,1,1,1,1,1,1	2	3+2+2+2+2+1+1+1	y	n	6	n	y
14/o48.65	48	2,2,1,1,1,1,1,1,1,1,1,1	12	6+4+2+1+1	y	n	12	n	y
14/o48.66	48	2,2,1,1,1,1,1,1,1,1,1,1	12	6+4+2+1+1	y	n	12	n	y
14/o48.67	48	1,1,1,1,1,1,1,1,1,1,1,1,1,1	48	6+4+2+1+1	y	n	6	n	y
14/o48.68	48	2,1,1,1,1,1,1,1,1,1,1,1,1	24	6+2+2+2+1+1	y	n	6	n	y
14/o48.69	48	3,1,1,1,1,1,1,1,1,1,1,1	8	8+3+2+1	y	n	12	n	y
14/o48.70	48	3,1,1,1,1,1,1,1,1,1,1,1	8	8+3+2+1	y	n	12	n	y
14/o48.71	48	3,1,1,1,1,1,1,1,1,1,1,1	8	8+3+2+1	y	n	6	n	y
14/o48.72	48	3,1,1,1,1,1,1,1,1,1,1,1	8	4+4+3+2+1	y	n	6	n	y
14/o48.73	48	1,1,1,1,1,1,1,1,1,1,1,1,1,1	48	8+6	n	n	6	n	n
14/o48.74	48	3,2,1,1,1,1,1,1,1,1,1	4	4+3+2+2+2+1	y	n	6	n	y
14/o48.75	48	4,1,1,1,1,1,1,1,1,1,1	2	4+2+2+2+1+1+1+1	y	n	6	n	y
14/o48.76	48	3,2,2,1,1,1,1,1,1,1	2	4+3+2+2+1+1+1	y	n	12	n	y
14/o48.77	48	1,1,1,1,1,1,1,1,1,1,1,1,1,1	48	8+2+2+1+1	y	n	6	n	y
14/o48.78	48	3,1,1,1,1,1,1,1,1,1,1,1	8	4+3+2+2+2+1	y	n	6	n	y
14/o48.79	48	3,2,2,1,1,1,1,1,1,1	2	3+2+2+2+2+2+1	y	n	6	n	y
14/o48.80	48	4,1,1,1,1,1,1,1,1,1,1	2	4+2+2+2+2+1+1	y	n	6	n	y
14/o48.81	48	3,2,2,1,1,1,1,1,1,1	2	4+3+2+2+2+1	y	n	12	n	y
14/o48.82	48	1,1,1,1,1,1,1,1,1,1,1,1,1,1	48	6+4+2+2	n	n	6	n	y
14/o48.83	48	2,1,1,1,1,1,1,1,1,1,1,1,1	24	6+6+2	n	n	6	n	n
14/o48.84	48	1,1,1,1,1,1,1,1,1,1,1,1,1,1	48	8+6	n	n	6	n	y
14/o48.85	48	1,1,1,1,1,1,1,1,1,1,1,1,1,1	48	8+6	n	n	6	n	y
14/o48.86	48	1,1,1,1,1,1,1,1,1,1,1,1,1,1	48	6+4+4	n	n	12	n	y
14/o48.87	48	1,1,1,1,1,1,1,1,1,1,1,1,1,1	48	6+4+4	n	n	12	n	y
14/o48.88	48	1,1,1,1,1,1,1,1,1,1,1,1,1,1	48	6+4+4	n	n	12	n	n
14/o48.89	48	2,1,1,1,1,1,1,1,1,1,1,1,1	24	12+2	n	n	6	n	y
14/o48.90	48	2,1,1,1,1,1,1,1,1,1,1,1,1	24	12+2	n	n	12	n	y
14/o48.91	48	2,1,1,1,1,1,1,1,1,1,1,1,1	24	12+2	n	n	6	n	n
14/o48.92	48	2,1,1,1,1,1,1,1,1,1,1,1,1	24	12+2	n	n	6	n	y
14/o48.93	48	2,2,1,1,1,1,1,1,1,1,1,1	12	6+4+2+2	n	n	6	n	y
14/o48.94	48	1,1,1,1,1,1,1,1,1,1,1,1,1,1	48	6+4+2+2	n	n	6	n	y
14/o48.95	48	2,1,1,1,1,1,1,1,1,1,1,1,1	24	12+2	n	n	6	n	n
14/o48.96	48	2,1,1,1,1,1,1,1,1,1,1,1,1	24	6+4+2+2	n	n	6	n	y
14/o48.97	48	2,2,2,1,1,1,1,1,1,1,1	6	6+2+2+2+2	n	n	6	n	y
14/o48.98	48	1,1,1,1,1,1,1,1,1,1,1,1,1,1	48	6+2+2+2+2	n	n	6	n	y
14/o48.99	48	2,2,1,1,1,1,1,1,1,1,1,1	12	6+4+2+2	n	n	12	n	y
14/o48.100	48	2,2,2,1,1,1,1,1,1,1,1	6	6+4+2+2	n	n	6	n	n
14/o48.101	48	2,1,1,1,1,1,1,1,1,1,1,1,1	24	6+4+2+2	n	n	6	n	y
14/o48.102	48	1,1,1,1,1,1,1,1,1,1,1,1,1,1	48	6+4+2+2	n	n	6	n	y
14/o48.103	48	2,1,1,1,1,1,1,1,1,1,1,1,1	24	6+2+2+2+2	n	n	6	n	y
14/o48.104	48	1,1,1,1,1,1,1,1,1,1,1,1,1,1	48	6+4+2+2	n	n	6	n	y
14/o48.105	48	1,1,1,1,1,1,1,1,1,1,1,1,1,1	48	12+1+1	y	n	12	n	y
14/o48.106	48	1,1,1,1,1,1,1,1,1,1,1,1,1,1	48	12+2	n	n	6	n	y
14/o48.107	48	1,1,1,1,1,1,1,1,1,1,1,1,1,1	48	12+1+1	y	n	6	n	y
14/o48.108	48	1,1,1,1,1,1,1,1,1,1,1,1,1,1	48	12+2	n	n	12	n	y
14/o48.109	48	1,1,1,1,1,1,1,1,1,1,1,1,1,1	48	12+1+1	y	n	6	n	y
14/o48.110	48	2,1,1,1,1,1,1,1,1,1,1,1,1	24	6+4+2+1+1	y	n	6	n	y
14/o48.111	48	2,1,1,1,1,1,1,1,1,1,1,1,1	24	6+4+2+2	n	n	6	n	y
14/o48.112	48	2,1,1,1,1,1,1,1,1,1,1,1,1	24	6+4+2+2	n	n	6	n	y
14/o48.113	48	1,1,1,1,1,1,1,1,1,1,1,1,1,1	48	8+6	n	n	12	n	y
14/o48.114	48	2,2,2,1,1,1,1,1,1,1,1	6	6+4+2+1+1	y	n	6	n	n
14/o48.115	48	2,2,1,1,1,1,1,1,1,1,1,1	12	6+4+2+1+1	y	n	12	n	y
14/o48.116	48	2,1,1,1,1,1,1,1,1,1,1,1,1	24	6+4+2+1+1	y	n	6	n	y
14/o48.117	48	1,1,1,1,1,1,1,1,1,1,1,1,1,1	48	6+4+2+1+1	y	n	6	n	y
14/o48.118	48	2,2,2,1,1,1,1,1,1,1,1	6	6+2+2+2+1+1	y	n	6	n	y
14/o48.119	48	2,2,1,1,1,1,1,1,1,1,1,1	12	6+2+2+2+1+1	y	n	6	n	y
14/o48.120	48	2,2,2,1,1,1,1,1,1,1,1	6	6+6+2	n	n	6	n	y
14/o48.121	48	1,1,1,1,1,1,1,1,1,1,1,1,1,1	48	6+4+4	n	n	6	n	y
14/o48.122	48	2,2,1,1,1,1,1,1,1,1,1,1	12	6+4+4	n	n	12	n	y
14/o48.123	48	1,1,1,1,1,1,1,1,1,1,1,1,1,1	48	6+4+4	n	n	6	n	y
14/o48.124	48	2,2,1,1,1,1,1,1,1,1,1,1	12	6+4+4	n	n	6	n	n
14/o48.125	48	1,1,1,1,1,1,1,1,1,1,1,1,1,1	48	6+4+4	n	n	6	n	y
14/o48.126	48	1,1,1,1,1,1,1,1,1,1,1,1,1,1	48	6+4+4	n	n	6	n	y
14/o48.127	48	1,1,1,1,1,1,1,1,1,1,1,1,1,1	48	6+4+4	n	n	6	n	y
14/o48.128	48	2,2,1,1,1,1,1,1,1,1,1,1	12	6+4+2+2	n	n	6	n	n
14/o48.129	48	2,2,1,1,1,1,1,1,1,1,1,1	12	6+4+2+2	n	n	12	n	y
14/o48.130	48	1,1,1,1,1,1,1,1,1,1,1,1,1,1	48	6+4+2+2	n	n	6	n	y
14/o48.131	48	1,1,1,1,1,1,1,1,1,1,1,1,1,1	48	6+4+2+2	n	n	6	n	y
14/o48.132	48	2,2,1,1,1,1,1,1,1,1,1,1	12	6+2+2+2+2	n	n	6	n	y
14/o48.133	48	2,2,1,1,1,1,1,1,1,1,1,1	12	6+2+2+2+2	n	n	6	n	y
14/o48.134	48	2,2,1,1,1,1,1,1,1,1,1,1	12	6+4+2+2	n	n	12	n	y
14/o48.135	48	2,2,1,1,1,1,1,1,1,1,1,1	12	6+4+2+2	n	n	12	n	y
14/o48.136	48	1,1,1,1,1,1,1,1,1,1,1,1,1,1	48	6+4+2+2	n	n	6	n	y
14/o48.137	48	2,1,1,1,1,1,1,1,1,1,1,1,1	24	6+2+2+2+2	n	n	6	n	y
14/o48.138	48	1,1,1,1,1,1,1,1,1,1,1,1,1,1	48	8+2+2+2	n	n	6	n	y
14/o48.139	48	4,1,1,1,1,1,1,1,1,1,1	2	4+2+2+2+2+2	n	n	6	n	y
14/o48.140	48	1,1,1,1,1,1,1,1,1,1,1,1,1,1	48	8+6	n	n	12	n	y
14/o48.141	48	1,1,1,1,1,1,1,1,1,1,1,1,1,1	48	8+6	n	n	12	n	y
14/o48.142	48	3,1,1,1,1,1,1,1,1,1,1,1	8	8+3+1+1+1	y	n	12	n	y
14/o48.143	48	3,1,1,1,1,1,1,1,1,1,1,1	8	8+3+1+1+1	y	n	6	n	y
14/o48.144	48	1,1,1,1,1,1,1,1,1,1,1,1,1,1	48	8+2+1+1+1+1	y	n	6	n	y
14/o48.145	48	1,1,1,1,1,1,1,1,1,1,1,1,1,1	48	8+6	n	n	12	n	y
14/o48.146	48	1,1,1,1,1,1,1,1,1,1,1,1,1,1	48	8+6	n	n	6	n	y
14/o48.147	48	1,1,1,1,1,1,1,1,1,1,1,1,1,1	48	8+6	n	n	6	n	y
14/o48.148	48	2,2,1,1,1,1,1,1,1,1,1,1	12	6+4+1+1+1+1	y	n	12	n	y
14/o48.149	48	2,2,1,1,1,1,1,1,1,1,1,1	12	6+4+1+1+1+1	y	n	12	n	y
14/o48.150	48	1,1,1,1,1,1,1,1,1,1,1,1,1,1	48	6+4+1+1+1+1	y	n	6	n	y
14/o48.151	48	2,2,1,1,1,1,1,1,1,1,1,1	12	6+2+2+1+1+1+1	y	n	6	n	y
14/o48.152	48	3,2,1,1,1,1,1,1,1,1,1	4	4+3+2+1+1+1+1+1	y	n	6	n	y
14/o48.153	48	3,2,2,2,1,1,1,1,1	1	3+2+2+2+1+1+1+1+1	y	n	6	n	y
14/o48.154	48	1,1,1,1,1,1,1,1,1,1,1,1,1,1	48	8+1+1+1+1+1+1	y	n	6	n	y
14/o48.155	48	3,2,2,1,1,1,1,1,1,1	2	4+3+1+1+1+1+1+1+1	y	n	12	n	y
14/o48.156	48	2,2,2,1,1,1,1,1,1,1,1	6	6+1+1+1+1+1+1+1+1	y	n	6	n	y
14/o48.157	48	4,2,1,1,1,1,1,1,1,1	1	4+2+1+1+1+1+1+1+1+1	y	n	6	n	y
14/o52.1	52	1,1,1,1,1,1,1,1,1,1,1,1,1,1	52	13+1	y	n	13	n	n
14/o56.1	56	1,1,1,1,1,1,1,1,1,1,1,1,1,1	56	7+4+2+1	y	n	14	n	y
14/o56.2	56	2,1,1,1,1,1,1,1,1,1,1,1,1	28	7+2+2+2+1	y	n	14	n	y
14/o56.3	56	1,1,1,1,1,1,1,1,1,1,1,1,1,1	56	7+4+1+1+1	y	n	14	n	y
14/o56.4	56	2,2,1,1,1,1,1,1,1,1,1,1	14	7+2+2+1+1+1	y	n	14	n	y
14/o60.1	60	1,1,1,1,1,1,1,1,1,1,1,1,1,1	60	6+5+3	n	n	30	n	n
14/o60.2	60	1,1,1,1,1,1,1,1,1,1,1,1,1,1	60	6+5+3	n	n	15	n	y
14/o60.3	60	1,1,1,1,1,1,1,1,1,1,1,1,1,1	60	5+3+3+3	n	n	15	n	y
14/o60.4	60	2,1,1,1,1,1,1,1,1,1,1,1,1	30	5+3+3+2+1	y	n	30	n	n
14/o60.5	60	1,1,1,1,1,1,1,1,1,1,1,1,1,1	60	5+3+3+1+1+1	y	n	15	n	y
14/o60.6	60	3,1,1,1,1,1,1,1,1,1,1,1	10	5+5+3+1	y	n	15	n	y
14/o60.7	60	3,1,1,1,1,1,1,1,1,1,1,1	10	10+3+1	y	n	15	n	y
14/o60.8	60	1,1,1,1,1,1,1,1,1,1,1,1,1,1	60	6+5+2+1	y	n	15	n	y
14/o60.9	60	1,1,1,1,1,1,1,1,1,1,1,1,1,1	60	6+5+1+1+1	y	n	15	n	y
14/o60.10	60	3,1,1,1,1,1,1,1,1,1,1,1	10	5+3+1+1+1+1+1+1	y	n	15	n	y
14/o64.1	64	2,2,2,2,1,1,1,1,1,1	4	4+4+2+2+1+1	y	n	4	n	y
14/o64.2	64	2,2,2,2,2,1,1,1,1	2	4+4+2+1+1+1+1	y	n	4	n	y
14/o64.3	64	2,2,1,1,1,1,1,1,1,1,1,1	16	8+4+1+1	y	n	8	n	y
14/o64.4	64	2,2,1,1,1,1,1,1,1,1,1,1	16	8+4+1+1	y	n	4	n	y
14/o64.5	64	2,2,1,1,1,1,1,1,1,1,1,1	16	8+4+1+1	y	n	4	n	y
14/o64.6	64	2,2,1,1,1,1,1,1,1,1,1,1	16	4+4+4+1+1	y	n	4	n	y
14/o64.7	64	2,2,1,1,1,1,1,1,1,1,1,1	16	4+4+4+1+1	y	n	4	n	y
14/o64.8	64	2,2,2,2,1,1,1,1,1,1	4	8+4+1+1	y	n	8	n	n
14/o64.9	64	2,2,1,1,1,1,1,1,1,1,1,1	16	4+4+4+1+1	y	n	4	n	y
14/o64.10	64	2,2,2,2,1,1,1,1,1,1	4	4+4+2+2+1+1	y	n	4	n	y
14/o64.11	64	2,2,2,2,1,1,1,1,1,1	4	4+4+4+1+1	y	n	4	n	y
14/o64.12	64	2,2,1,1,1,1,1,1,1,1,1,1	16	4+4+4+1+1	y	n	4	n	y
14/o64.13	64	1,1,1,1,1,1,1,1,1,1,1,1,1,1	64	8+4+1+1	y	n	4	n	y
14/o64.14	64	2,2,2,2,1,1,1,1,1,1	4	4+4+4+1+1	y	n	4	n	y
14/o64.15	64	2,2,2,2,1,1,1,1,1,1	4	8+4+1+1	y	n	4	n	y
14/o64.16	64	2,2,2,2,1,1,1,1,1,1	4	4+4+2+2+2	n	n	4	n	y
14/o64.17	64	2,2,2,1,1,1,1,1,1,1,1	8	4+4+4+2	n	n	4	n	y
14/o64.18	64	2,2,2,1,1,1,1,1,1,1,1	8	8+4+2	n	n	4	n	n
14/o64.19	64	2,2,2,1,1,1,1,1,1,1,1	8	8+4+2	n	n	4	n	y
14/o64.20	64	2,2,2,1,1,1,1,1,1,1,1	8	4+4+4+2	n	n	4	n	y
14/o64.21	64	2,2,2,2,1,1,1,1,1,1	4	4+4+2+2+1+1	y	n	4	n	y
14/o64.22	64	2,2,2,2,1,1,1,1,1,1	4	8+2+2+1+1	y	n	4	n	y
14/o64.23	64	2,2,1,1,1,1,1,1,1,1,1,1	16	8+4+2	n	n	4	n	y
14/o64.24	64	1,1,1,1,1,1,1,1,1,1,1,1,1,1	64	8+2+2+1+1	y	n	4	n	y
14/o64.25	64	2,2,2,1,1,1,1,1,1,1,1	8	4+4+2+2+1+1	y	n	4	n	y
14/o64.26	64	2,2,2,2,2,1,1,1,1	2	4+2+2+2+2+1+1	y	n	4	n	y
14/o64.27	64	2,2,2,1,1,1,1,1,1,1,1	8	4+4+2+2+1+1	y	n	4	n	y
14/o64.28	64	2,2,2,2,1,1,1,1,1,1	4	4+4+2+1+1+1+1	y	n	4	n	y
14/o64.29	64	2,2,2,2,1,1,1,1,1,1	4	8+2+1+1+1+1	y	n	4	n	y
14/o64.30	64	2,1,1,1,1,1,1,1,1,1,1,1,1	32	8+2+2+1+1	y	n	4	n	y
14/o64.31	64	2,2,1,1,1,1,1,1,1,1,1,1	16	4+4+2+2+1+1	y	n	4	n	y
14/o64.32	64	2,2,2,2,1,1,1,1,1,1	4	4+2+2+2+2+1+1	y	n	4	n	y
14/o64.33	64	2,2,2,2,2,1,1,1,1	2	4+4+2+2+1+1	y	n	4	n	y
14/o64.34	64	2,2,2,2,1,1,1,1,1,1	4	4+4+2+2+1+1	y	n	4	n	y
14/o64.35	64	2,2,2,2,1,1,1,1,1,1	4	8+2+2+1+1	y	n	4	n	y
14/o64.36	64	2,1,1,1,1,1,1,1,1,1,1,1,1	32	4+4+4+2	n	n	4	n	y
14/o64.37	64	2,1,1,1,1,1,1,1,1,1,1,1,1	32	4+4+4+2	n	n	4	n	y
14/o64.38	64	2,2,2,1,1,1,1,1,1,1,1	8	4+4+2+2+2	n	n	4	n	y
14/o64.39	64	2,2,2,1,1,1,1,1,1,1,1	8	4+4+2+2+2	n	n	4	n	y
14/o64.40	64	2,2,1,1,1,1,1,1,1,1,1,1	16	4+4+4+2	n	n	4	n	y
14/o64.41	64	2,2,2,1,1,1,1,1,1,1,1	8	4+4+4+2	n	n	4	n	n
14/o64.42	64	2,2,1,1,1,1,1,1,1,1,1,1	16	4+4+4+2	n	n	4	n	y
14/o64.43	64	2,2,1,1,1,1,1,1,1,1,1,1	16	4+4+4+2	n	n	4	n	y
14/o64.44	64	2,2,2,2,1,1,1,1,1,1	4	8+4+2	n	n	8	n	n
14/o64.45	64	2,1,1,1,1,1,1,1,1,1,1,1,1	32	8+4+2	n	n	4	n	y
14/o64.46	64	2,1,1,1,1,1,1,1,1,1,1,1,1	32	8+4+2	n	n	4	n	y
14/o64.47	64	1,1,1,1,1,1,1,1,1,1,1,1,1,1	64	8+4+2	n	n	8	n	y
14/o64.48	64	2,2,1,1,1,1,1,1,1,1,1,1	16	4+4+4+2	n	n	4	n	y
14/o64.49	64	1,1,1,1,1,1,1,1,1,1,1,1,1,1	64	8+4+2	n	n	4	n	y
14/o64.50	64	2,2,1,1,1,1,1,1,1,1,1,1	16	4+4+4+2	n	n	4	n	y
14/o64.51	64	2,1,1,1,1,1,1,1,1,1,1,1,1	32	8+4+2	n	n	4	n	y
14/o64.52	64	2,2,1,1,1,1,1,1,1,1,1,1	16	8+4+2	n	n	4	n	y
14/o64.53	64	2,1,1,1,1,1,1,1,1,1,1,1,1	32	8+4+2	n	n	2	y	y
14/o64.54	64	2,2,1,1,1,1,1,1,1,1,1,1	16	8+4+2	n	n	4	n	y
14/o64.55	64	2,2,2,1,1,1,1,1,1,1,1	8	8+2+2+2	n	n	4	n	y
14/o64.56	64	2,2,2,1,1,1,1,1,1,1,1	8	8+2+2+2	n	n	2	y	y
14/o64.57	64	2,2,2,2,1,1,1,1,1,1	4	4+2+2+2+2+2	n	n	2	y	y
14/o64.58	64	2,2,2,1,1,1,1,1,1,1,1	8	4+4+2+2+2	n	n	4	n	y
14/o64.59	64	2,2,1,1,1,1,1,1,1,1,1,1	16	4+4+2+2+2	n	n	2	y	y
14/o64.60	64	2,2,2,1,1,1,1,1,1,1,1	8	4+4+2+2+2	n	n	4	n	y
14/o64.61	64	2,2,1,1,1,1,1,1,1,1,1,1	16	4+4+2+2+2	n	n	4	n	y
14/o64.62	64	2,2,2,2,1,1,1,1,1,1	4	4+2+2+2+2+2	n	n	4	n	y
14/o64.63	64	2,2,2,2,1,1,1,1,1,1	4	4+4+2+2+2	n	n	4	n	y
14/o64.64	64	2,2,1,1,1,1,1,1,1,1,1,1	16	4+4+2+2+2	n	n	4	n	y
14/o64.65	64	2,2,2,1,1,1,1,1,1,1,1	8	4+2+2+2+2+2	n	n	4	n	y
14/o64.66	64	2,2,1,1,1,1,1,1,1,1,1,1	16	8+2+2+2	n	n	8	n	y
14/o64.67	64	2,2,1,1,1,1,1,1,1,1,1,1	16	8+2+2+2	n	n	4	n	y
14/o64.68	64	1,1,1,1,1,1,1,1,1,1,1,1,1,1	64	8+2+2+2	n	n	4	n	y
14/o64.69	64	2,2,1,1,1,1,1,1,1,1,1,1	16	8+2+2+2	n	n	4	n	y
14/o64.70	64	2,2,2,2,1,1,1,1,1,1	4	8+2+2+2	n	n	4	n	y
14/o64.71	64	2,2,2,2,1,1,1,1,1,1	4	8+2+2+2	n	n	4	n	y
14/o64.72	64	2,2,1,1,1,1,1,1,1,1,1,1	16	8+4+2	n	n	4	n	y
14/o64.73	64	1,1,1,1,1,1,1,1,1,1,1,1,1,1	64	8+4+1+1	y	n	8	n	y
14/o64.74	64	1,1,1,1,1,1,1,1,1,1,1,1,1,1	64	8+4+2	n	n	8	n	y
14/o64.75	64	2,2,1,1,1,1,1,1,1,1,1,1	16	8+4+2	n	n	8	n	y
14/o64.76	64	1,1,1,1,1,1,1,1,1,1,1,1,1,1	64	8+4+2	n	n	4	n	y
14/o64.77	64	2,2,1,1,1,1,1,1,1,1,1,1	16	8+4+2	n	n	4	n	y
14/o64.78	64	2,2,1,1,1,1,1,1,1,1,1,1	16	8+4+2	n	n	4	n	y
14/o64.79	64	1,1,1,1,1,1,1,1,1,1,1,1,1,1	64	8+4+1+1	y	n	4	n	y
14/o64.80	64	1,1,1,1,1,1,1,1,1,1,1,1,1,1	64	8+4+2	n	n	4	n	y
14/o64.81	64	2,2,1,1,1,1,1,1,1,1,1,1	16	8+4+2	n	n	4	n	y
14/o64.82	64	2,2,1,1,1,1,1,1,1,1,1,1	16	8+4+2	n	n	4	n	y
14/o64.83	64	2,2,1,1,1,1,1,1,1,1,1,1	16	8+4+2	n	n	4	n	y
14/o64.84	64	2,2,1,1,1,1,1,1,1,1,1,1	16	8+4+2	n	n	4	n	y
14/o64.85	64	1,1,1,1,1,1,1,1,1,1,1,1,1,1	64	4+4+4+1+1	y	n	2	y	y
14/o64.86	64	2,2,1,1,1,1,1,1,1,1,1,1	16	8+4+1+1	y	n	4	n	y
14/o64.87	64	2,2,1,1,1,1,1,1,1,1,1,1	16	8+4+1+1	y	n	4	n	y
14/o64.88	64	2,2,2,2,1,1,1,1,1,1	4	4+4+2+2+2	n	n	4	n	y
14/o64.89	64	1,1,1,1,1,1,1,1,1,1,1,1,1,1	64	4+4+4+2	n	n	2	y	y
14/o64.90	64	2,2,1,1,1,1,1,1,1,1,1,1	16	4+4+4+2	n	n	4	n	y
14/o64.91	64	2,2,2,2,1,1,1,1,1,1	4	4+4+2+2+2	n	n	4	n	y
14/o64.92	64	1,1,1,1,1,1,1,1,1,1,1,1,1,1	64	8+4+2	n	n	4	n	y
14/o64.93	64	2,2,2,2,1,1,1,1,1,1	4	4+4+4+2	n	n	4	n	y
14/o64.94	64	2,2,1,1,1,1,1,1,1,1,1,1	16	4+4+4+2	n	n	4	n	y
14/o64.95	64	2,2,1,1,1,1,1,1,1,1,1,1	16	8+2+2+1+1	y	n	8	n	y
14/o64.96	64	2,2,1,1,1,1,1,1,1,1,1,1	16	8+2+2+1+1	y	n	4	n	y
14/o64.97	64	2,2,1,1,1,1,1,1,1,1,1,1	16	4+4+2+2+1+1	y	n	2	y	y
14/o64.98	64	2,2,2,2,1,1,1,1,1,1	4	4+2+2+2+2+1+1	y	n	2	y	y
14/o64.99	64	2,2,2,2,2,2,1,1	1	2+2+2+2+2+2+1+1	y	n	2	y	y
14/o64.100	64	2,2,2,1,1,1,1,1,1,1,1	8	4+4+2+2+2	n	n	2	y	y
14/o64.101	64	2,2,1,1,1,1,1,1,1,1,1,1	16	4+4+4+2	n	n	4	n	y
14/o64.102	64	2,2,2,1,1,1,1,1,1,1,1	8	4+4+2+2+2	n	n	4	n	y
14/o64.103	64	2,1,1,1,1,1,1,1,1,1,1,1,1	32	4+4+4+2	n	n	2	y	y
14/o64.104	64	2,2,2,1,1,1,1,1,1,1,1	8	4+4+4+2	n	n	4	n	y
14/o64.105	64	2,2,2,1,1,1,1,1,1,1,1	8	4+4+4+2	n	n	4	n	y
14/o64.106	64	2,2,2,2,1,1,1,1,1,1	4	4+4+4+2	n	n	4	n	y
14/o64.107	64	1,1,1,1,1,1,1,1,1,1,1,1,1,1	64	8+4+2	n	n	4	n	y
14/o64.108	64	2,2,2,2,1,1,1,1,1,1	4	4+4+4+2	n	n	4	n	y
14/o64.109	64	2,2,1,1,1,1,1,1,1,1,1,1	16	4+4+4+2	n	n	4	n	y
14/o64.110	64	2,2,2,2,1,1,1,1,1,1	4	4+4+2+2+2	n	n	4	n	y
14/o64.111	64	2,2,1,1,1,1,1,1,1,1,1,1	16	4+4+4+2	n	n	4	n	y
14/o64.112	64	2,1,1,1,1,1,1,1,1,1,1,1,1	32	8+4+2	n	n	8	n	y
14/o64.113	64	2,1,1,1,1,1,1,1,1,1,1,1,1	32	8+4+2	n	n	4	n	y
14/o64.114	64	2,1,1,1,1,1,1,1,1,1,1,1,1	32	8+4+2	n	n	4	n	y
14/o64.115	64	2,2,2,1,1,1,1,1,1,1,1	8	4+4+4+2	n	n	4	n	y
14/o64.116	64	2,2,2,2,1,1,1,1,1,1	4	4+4+4+2	n	n	4	n	y
14/o64.117	64	2,2,2,2,1,1,1,1,1,1	4	8+4+2	n	n	4	n	y
14/o64.118	64	2,1,1,1,1,1,1,1,1,1,1,1,1	32	8+2+2+2	n	n	8	n	y
14/o64.119	64	2,1,1,1,1,1,1,1,1,1,1,1,1	32	8+2+2+2	n	n	4	n	y
14/o64.120	64	1,1,1,1,1,1,1,1,1,1,1,1,1,1	64	8+2+2+2	n	n	4	n	y
14/o64.121	64	2,1,1,1,1,1,1,1,1,1,1,1,1	32	4+4+2+2+2	n	n	2	y	y
14/o64.122	64	2,2,2,1,1,1,1,1,1,1,1	8	4+4+2+2+2	n	n	4	n	y
14/o64.123	64	2,2,2,1,1,1,1,1,1,1,1	8	4+2+2+2+2+2	n	n	2	y	y
14/o64.124	64	2,2,2,2,2,1,1,1,1	2	2+2+2+2+2+2+2	n	n	2	y	y
14/o64.125	64	2,2,2,2,2,1,1,1,1	2	4+2+2+2+2+2	n	n	4	n	y
14/o64.126	64	2,2,2,1,1,1,1,1,1,1,1	8	4+4+2+2+2	n	n	4	n	y
14/o64.127	64	2,2,2,2,1,1,1,1,1,1	4	8+2+2+2	n	n	4	n	y
14/o64.128	64	2,1,1,1,1,1,1,1,1,1,1,1,1	32	8+2+2+2	n	n	4	n	y
14/o64.129	64	2,2,2,2,2,1,1,1,1	2	4+4+2+2+2	n	n	4	n	y
14/o64.130	64	2,2,1,1,1,1,1,1,1,1,1,1	16	4+4+2+2+2	n	n	4	n	y
14/o64.131	64	2,2,2,2,1,1,1,1,1,1	4	4+2+2+2+2+2	n	n	4	n	y
14/o64.132	64	2,2,2,2,1,1,1,1,1,1	4	4+4+2+2+2	n	n	4	n	y
14/o64.133	64	2,2,2,1,1,1,1,1,1,1,1	8	8+4+2	n	n	4	n	y
14/o64.134	64	2,1,1,1,1,1,1,1,1,1,1,1,1	32	8+2+1+1+1+1	y	n	4	n	y
14/o64.135	64	2,2,2,1,1,1,1,1,1,1,1	8	4+4+2+1+1+1+1	y	n	4	n	y
14/o64.136	64	2,2,2,2,2,1,1,1,1	2	4+2+2+2+1+1+1+1	y	n	4	n	y
14/o64.137	64	2,2,2,2,1,1,1,1,1,1	4	8+1+1+1+1+1+1	y	n	4	n	y
14/o64.138	64	2,2,2,2,1,1,1,1,1,1	4	4+4+1+1+1+1+1+1	y	n	4	n	y
14/o72.1	72	1,1,1,1,1,1,1,1,1,1,1,1,1,1	72	4+4+3+3	n	n	12	n	n
14/o72.2	72	2,1,1,1,1,1,1,1,1,1,1,1,1	36	3+3+3+3+2	n	n	6	n	y
14/o72.3	72	2,1,1,1,1,1,1,1,1,1,1,1,1	36	6+3+3+2	n	n	6	n	n
14/o72.4	72	2,1,1,1,1,1,1,1,1,1,1,1,1	36	6+3+3+2	n	n	6	n	y
14/o72.5	72	1,1,1,1,1,1,1,1,1,1,1,1,1,1	72	6+3+3+2	n	n	6	n	y
14/o72.6	72	2,1,1,1,1,1,1,1,1,1,1,1,1	36	9+3+2	n	n	6	n	y
14/o72.7	72	3,1,1,1,1,1,1,1,1,1,1,1	12	6+3+3+2	n	n	6	n	y
14/o72.8	72	3,2,1,1,1,1,1,1,1,1,1	6	6+3+3+2	n	n	6	n	n
14/o72.9	72	3,2,1,1,1,1,1,1,1,1,1	6	6+3+3+2	n	n	6	n	y
14/o72.10	72	3,2,1,1,1,1,1,1,1,1,1	6	3+3+3+3+2	n	n	6	n	y
14/o72.11	72	1,1,1,1,1,1,1,1,1,1,1,1,1,1	72	6+6+2	n	n	6	n	y
14/o72.12	72	3,1,1,1,1,1,1,1,1,1,1,1	12	4+3+3+3+1	y	n	6	n	n
14/o72.13	72	3,2,2,1,1,1,1,1,1,1	3	3+3+3+2+2+1	y	n	6	n	n
14/o72.14	72	3,1,1,1,1,1,1,1,1,1,1,1	12	3+3+3+2+2+1	y	n	6	n	y
14/o72.15	72	1,1,1,1,1,1,1,1,1,1,1,1,1,1	72	6+3+3+1+1	y	n	6	n	y
14/o72.16	72	3,2,1,1,1,1,1,1,1,1,1	6	3+3+3+2+1+1+1	y	n	6	n	y
14/o72.17	72	4,1,1,1,1,1,1,1,1,1,1	3	4+3+3+1+1+1+1	y	n	12	n	n
14/o72.18	72	3,1,1,1,1,1,1,1,1,1,1,1	12	6+3+3+1+1	y	n	6	n	y
14/o72.19	72	4,1,1,1,1,1,1,1,1,1,1	3	4+3+3+3+1	y	n	12	n	n
14/o72.20	72	1,1,1,1,1,1,1,1,1,1,1,1,1,1	72	6+6+1+1	y	n	6	n	y
14/o72.21	72	1,1,1,1,1,1,1,1,1,1,1,1,1,1	72	9+4+1	y	n	6	n	y
14/o72.22	72	1,1,1,1,1,1,1,1,1,1,1,1,1,1	72	9+4+1	y	n	18	n	y
14/o72.23	72	3,1,1,1,1,1,1,1,1,1,1,1	12	6+4+3+1	y	n	6	n	y
14/o72.24	72	2,2,1,1,1,1,1,1,1,1,1,1	18	9+2+2+1	y	n	6	n	y
14/o72.25	72	2,2,1,1,1,1,1,1,1,1,1,1	18	9+2+2+1	y	n	18	n	y
14/o72.26	72	3,2,1,1,1,1,1,1,1,1,1	6	6+3+2+2+1	y	n	6	n	y
14/o72.27	72	3,3,1,1,1,1,1,1,1,1	2	6+2+1+1+1+1+1+1	y	n	6	n	y
14/o72.28	72	3,3,1,1,1,1,1,1,1,1	2	3+3+2+2+1+1+1+1	y	n	6	n	y
14/o72.29	72	3,1,1,1,1,1,1,1,1,1,1,1	12	6+3+2+1+1+1	y	n	6	n	y
14/o72.30	72	1,1,1,1,1,1,1,1,1,1,1,1,1,1	72	9+2+2+1	y	n	6	n	y
14/o72.31	72	3,1,1,1,1,1,1,1,1,1,1,1	12	6+3+2+2+1	y	n	6	n	y
14/o72.32	72	3,3,1,1,1,1,1,1,1,1	2	6+2+2+1+1+1+1	y	n	6	n	y
14/o72.33	72	3,3,1,1,1,1,1,1,1,1	2	3+3+2+2+2+1+1	y	n	6	n	y
14/o72.34	72	3,1,1,1,1,1,1,1,1,1,1,1	12	6+3+2+2+1	y	n	6	n	y
14/o72.35	72	3,3,1,1,1,1,1,1,1,1	2	6+2+2+2+1+1	y	n	6	n	y
14/o72.36	72	2,1,1,1,1,1,1,1,1,1,1,1,1	36	6+6+2	n	n	6	n	y
14/o72.37	72	1,1,1,1,1,1,1,1,1,1,1,1,1,1	72	6+6+2	n	n	6	n	y
14/o72.38	72	2,1,1,1,1,1,1,1,1,1,1,1,1	36	6+6+2	n	n	6	n	y
14/o72.39	72	2,1,1,1,1,1,1,1,1,1,1,1,1	36	12+2	n	n	6	n	y
14/o72.40	72	1,1,1,1,1,1,1,1,1,1,1,1,1,1	72	6+6+2	n	n	6	n	y
14/o72.41	72	1,1,1,1,1,1,1,1,1,1,1,1,1,1	72	6+6+2	n	n	6	n	y
14/o72.42	72	1,1,1,1,1,1,1,1,1,1,1,1,1,1	72	6+6+1+1	y	n	6	n	y
14/o72.43	72	1,1,1,1,1,1,1,1,1,1,1,1,1,1	72	6+6+1+1	y	n	6	n	y
14/o72.44	72	1,1,1,1,1,1,1,1,1,1,1,1,1,1	72	12+2	n	n	6	n	y
14/o72.45	72	1,1,1,1,1,1,1,1,1,1,1,1,1,1	72	12+1+1	y	n	6	n	y
14/o72.46	72	3,3,1,1,1,1,1,1,1,1	2	3+3+2+2+2+2	n	n	6	n	y
14/o72.47	72	3,3,1,1,1,1,1,1,1,1	2	6+2+2+2+2	n	n	6	n	y
14/o72.48	72	2,1,1,1,1,1,1,1,1,1,1,1,1	36	9+2+1+1+1	y	n	6	n	y
14/o72.49	72	3,2,1,1,1,1,1,1,1,1,1	6	6+3+2+1+1+1	y	n	6	n	y
14/o72.50	72	1,1,1,1,1,1,1,1,1,1,1,1,1,1	72	9+1+1+1+1+1	y	n	6	n	y
14/o72.51	72	3,1,1,1,1,1,1,1,1,1,1,1	12	6+3+1+1+1+1+1	y	n	6	n	y
14/o72.52	72	3,3,2,1,1,1,1,1,1	1	3+3+2+1+1+1+1+1+1	y	n	6	n	y
14/o72.53	72	3,3,1,1,1,1,1,1,1,1	2	6+1+1+1+1+1+1+1+1	y	n	6	n	y
14/o78.1	78	1,1,1,1,1,1,1,1,1,1,1,1,1,1	78	13+1	y	n	13	n	n
14/o80.1	80	1,1,1,1,1,1,1,1,1,1,1,1,1,1	80	5+4+4+1	y	n	20	n	y
14/o80.2	80	1,1,1,1,1,1,1,1,1,1,1,1,1,1	80	5+4+4+1	y	n	20	n	y
14/o80.3	80	1,1,1,1,1,1,1,1,1,1,1,1,1,1	80	5+4+4+1	y	n	10	n	y
14/o80.4	80	1,1,1,1,1,1,1,1,1,1,1,1,1,1	80	8+5+1	y	n	20	n	y
14/o80.5	80	1,1,1,1,1,1,1,1,1,1,1,1,1,1	80	8+5+1	y	n	10	n	y
14/o80.6	80	2,2,1,1,1,1,1,1,1,1,1,1	20	5+5+4	n	n	20	n	y
14/o80.7	80	2,1,1,1,1,1,1,1,1,1,1,1,1	40	5+4+2+2+1	y	n	10	n	y
14/o80.8	80	2,2,1,1,1,1,1,1,1,1,1,1	20	5+4+2+1+1+1	y	n	20	n	y
14/o80.9	80	1,1,1,1,1,1,1,1,1,1,1,1,1,1	80	5+4+2+2+1	y	n	10	n	y
14/o80.10	80	2,2,1,1,1,1,1,1,1,1,1,1	20	5+4+2+2+1	y	n	20	n	y
14/o80.11	80	2,2,1,1,1,1,1,1,1,1,1,1	20	5+2+2+2+2+1	y	n	10	n	y
14/o80.12	80	2,2,1,1,1,1,1,1,1,1,1,1	20	10+2+2	n	n	10	n	n
14/o80.13	80	2,2,1,1,1,1,1,1,1,1,1,1	20	10+2+2	n	n	10	n	y
14/o80.14	80	2,2,1,1,1,1,1,1,1,1,1,1	20	10+4	n	n	10	n	n
14/o80.15	80	1,1,1,1,1,1,1,1,1,1,1,1,1,1	80	10+4	n	n	10	n	n
14/o80.16	80	1,1,1,1,1,1,1,1,1,1,1,1,1,1	80	10+4	n	n	10	n	y
14/o80.17	80	2,2,1,1,1,1,1,1,1,1,1,1	20	10+4	n	n	20	n	y
14/o80.18	80	2,2,1,1,1,1,1,1,1,1,1,1	20	10+4	n	n	20	n	y
14/o80.19	80	2,1,1,1,1,1,1,1,1,1,1,1,1	40	5+4+2+1+1+1	y	n	10	n	y
14/o80.20	80	2,2,2,1,1,1,1,1,1,1,1	10	5+2+2+2+1+1+1	y	n	10	n	y
14/o80.21	80	2,2,1,1,1,1,1,1,1,1,1,1	20	5+4+1+1+1+1+1	y	n	20	n	y
14/o84.1	84	1,1,1,1,1,1,1,1,1,1,1,1,1,1	84	7+3+3+1	y	n	21	n	y
14/o84.2	84	1,1,1,1,1,1,1,1,1,1,1,1,1,1	84	7+6+1	y	n	21	n	y
14/o84.3	84	3,1,1,1,1,1,1,1,1,1,1,1	14	7+3+1+1+1+1	y	n	21	n	y
14/o96.1	96	1,1,1,1,1,1,1,1,1,1,1,1,1,1	96	4+4+4+2	n	n	6	n	y
14/o96.2	96	2,1,1,1,1,1,1,1,1,1,1,1,1	48	4+4+2+2+2	n	n	6	n	y
14/o96.3	96	2,1,1,1,1,1,1,1,1,1,1,1,1	48	8+4+2	n	n	6	n	y
14/o96.4	96	2,1,1,1,1,1,1,1,1,1,1,1,1	48	6+6+2	n	n	6	n	y
14/o96.5	96	2,2,2,2,1,1,1,1,1,1	6	4+4+3+3	n	n	12	n	n
14/o96.6	96	1,1,1,1,1,1,1,1,1,1,1,1,1,1	96	8+3+3	n	n	24	n	y
14/o96.7	96	1,1,1,1,1,1,1,1,1,1,1,1,1,1	96	8+3+3	n	n	12	n	y
14/o96.8	96	1,1,1,1,1,1,1,1,1,1,1,1,1,1	96	8+3+3	n	n	12	n	n
14/o96.9	96	2,2,1,1,1,1,1,1,1,1,1,1	24	4+4+3+3	n	n	12	n	n
14/o96.10	96	1,1,1,1,1,1,1,1,1,1,1,1,1,1	96	4+4+3+3	n	n	6	n	y
14/o96.11	96	2,2,1,1,1,1,1,1,1,1,1,1	24	4+4+3+3	n	n	12	n	y
14/o96.12	96	2,2,2,2,1,1,1,1,1,1	6	4+3+3+2+2	n	n	12	n	n
14/o96.13	96	2,2,1,1,1,1,1,1,1,1,1,1	24	4+3+3+2+2	n	n	6	n	y
14/o96.14	96	2,2,2,2,1,1,1,1,1,1	6	3+3+2+2+2+2	n	n	6	n	y
14/o96.15	96	2,2,2,1,1,1,1,1,1,1,1	12	4+3+3+2+2	n	n	12	n	y
14/o96.16	96	2,2,1,1,1,1,1,1,1,1,1,1	24	4+3+3+2+2	n	n	12	n	y
14/o96.17	96	2,2,2,2,1,1,1,1,1,1	6	6+3+3+2	n	n	6	n	y
14/o96.18	96	1,1,1,1,1,1,1,1,1,1,1,1,1,1	96	4+4+4+1+1	y	n	6	n	y
14/o96.19	96	2,2,1,1,1,1,1,1,1,1,1,1	24	4+4+2+2+1+1	y	n	6	n	y
14/o96.20	96	2,2,1,1,1,1,1,1,1,1,1,1	24	6+4+3+1	y	n	12	n	y
14/o96.21	96	2,2,2,1,1,1,1,1,1,1,1	12	6+4+3+1	y	n	6	n	n
14/o96.22	96	2,2,2,2,2,1,1,1,1	3	6+3+2+2+1	y	n	6	n	n
14/o96.23	96	2,2,2,1,1,1,1,1,1,1,1	12	6+3+2+2+1	y	n	6	n	y
14/o96.24	96	2,2,2,1,1,1,1,1,1,1,1	12	4+3+3+2+1+1	y	n	12	n	y
14/o96.25	96	2,2,2,2,1,1,1,1,1,1	6	6+3+2+1+1+1	y	n	6	n	y
14/o96.26	96	2,2,2,1,1,1,1,1,1,1,1	12	6+6+1+1	y	n	6	n	y
14/o96.27	96	3,2,1,1,1,1,1,1,1,1,1	8	4+4+3+2+1	y	n	12	n	y
14/o96.28	96	3,2,1,1,1,1,1,1,1,1,1	8	4+4+3+2+1	y	n	12	n	y
14/o96.29	96	4,1,1,1,1,1,1,1,1,1,1	4	4+4+4+1+1	y	n	12	n	n
14/o96.30	96	1,1,1,1,1,1,1,1,1,1,1,1,1,1	96	8+6	n	n	6	n	n
14/o96.31	96	3,2,1,1,1,1,1,1,1,1,1	8	4+4+3+2+1	y	n	6	n	y
14/o96.32	96	3,2,2,1,1,1,1,1,1,1	4	4+4+3+1+1+1	y	n	12	n	y
14/o96.33	96	4,1,1,1,1,1,1,1,1,1,1	4	4+4+4+1+1	y	n	6	n	y
14/o96.34	96	3,2,2,1,1,1,1,1,1,1	4	4+4+3+2+1	y	n	12	n	y
14/o96.35	96	2,2,1,1,1,1,1,1,1,1,1,1	24	6+4+4	n	n	6	n	n
14/o96.36	96	2,2,2,2,1,1,1,1,1,1	6	6+4+4	n	n	6	n	n
14/o96.37	96	2,2,2,1,1,1,1,1,1,1,1	12	6+6+2	n	n	6	n	y
14/o96.38	96	2,2,2,2,1,1,1,1,1,1	6	6+6+2	n	n	6	n	n
14/o96.39	96	1,1,1,1,1,1,1,1,1,1,1,1,1,1	96	8+6	n	n	24	n	y
14/o96.40	96	1,1,1,1,1,1,1,1,1,1,1,1,1,1	96	8+6	n	n	24	n	y
14/o96.41	96	3,2,1,1,1,1,1,1,1,1,1	8	8+3+2+1	y	n	12	n	y
14/o96.42	96	3,2,1,1,1,1,1,1,1,1,1	8	8+3+2+1	y	n	6	n	y
14/o96.43	96	3,2,2,1,1,1,1,1,1,1	4	4+3+2+2+2+1	y	n	6	n	y
14/o96.44	96	4,1,1,1,1,1,1,1,1,1,1	4	4+2+2+2+2+1+1	y	n	6	n	y
14/o96.45	96	4,1,1,1,1,1,1,1,1,1,1	4	4+4+2+2+1+1	y	n	6	n	y
14/o96.46	96	3,2,2,1,1,1,1,1,1,1	4	4+3+2+2+2+1	y	n	12	n	y
14/o96.47	96	3,2,2,2,1,1,1,1,1	2	4+3+2+2+1+1+1	y	n	12	n	y
14/o96.48	96	4,1,1,1,1,1,1,1,1,1,1	4	4+4+2+1+1+1+1	y	n	6	n	y
14/o96.49	96	2,2,2,1,1,1,1,1,1,1,1	12	6+2+2+1+1+1+1	y	n	6	n	y
14/o96.50	96	4,2,1,1,1,1,1,1,1,1	2	4+2+2+2+1+1+1+1	y	n	6	n	y
14/o96.51	96	3,2,2,1,1,1,1,1,1,1	4	4+3+2+2+1+1+1	y	n	12	n	y
14/o96.52	96	2,2,1,1,1,1,1,1,1,1,1,1	24	6+4+2+1+1	y	n	12	n	y
14/o96.53	96	1,1,1,1,1,1,1,1,1,1,1,1,1,1	96	8+2+2+1+1	y	n	6	n	y
14/o96.54	96	3,1,1,1,1,1,1,1,1,1,1,1	16	8+3+2+1	y	n	24	n	y
14/o96.55	96	3,1,1,1,1,1,1,1,1,1,1,1	16	8+3+2+1	y	n	12	n	y
14/o96.56	96	3,1,1,1,1,1,1,1,1,1,1,1	16	8+3+2+1	y	n	12	n	y
14/o96.57	96	3,1,1,1,1,1,1,1,1,1,1,1	16	4+4+3+2+1	y	n	6	n	y
14/o96.58	96	3,2,2,1,1,1,1,1,1,1	4	4+4+3+2+1	y	n	12	n	y
14/o96.59	96	1,1,1,1,1,1,1,1,1,1,1,1,1,1	96	8+6	n	n	12	n	y
14/o96.60	96	3,2,1,1,1,1,1,1,1,1,1	8	4+3+2+2+2+1	y	n	6	n	y
14/o96.61	96	3,2,2,2,1,1,1,1,1	2	3+2+2+2+2+2+1	y	n	6	n	y
14/o96.62	96	3,2,2,2,1,1,1,1,1	2	4+3+2+2+2+1	y	n	12	n	y
14/o96.63	96	4,1,1,1,1,1,1,1,1,1,1	4	4+4+2+2+1+1	y	n	6	n	y
14/o96.64	96	2,2,2,1,1,1,1,1,1,1,1	12	6+2+2+2+1+1	y	n	6	n	y
14/o96.65	96	4,2,1,1,1,1,1,1,1,1	2	4+2+2+2+2+1+1	y	n	6	n	y
14/o96.66	96	3,2,2,1,1,1,1,1,1,1	4	4+3+2+2+2+1	y	n	12	n	y
14/o96.67	96	1,1,1,1,1,1,1,1,1,1,1,1,1,1	96	6+4+4	n	n	6	n	y
14/o96.68	96	2,2,1,1,1,1,1,1,1,1,1,1	24	6+4+2+2	n	n	6	n	y
14/o96.69	96	4,1,1,1,1,1,1,1,1,1,1	4	4+4+4+2	n	n	12	n	n
14/o96.70	96	1,1,1,1,1,1,1,1,1,1,1,1,1,1	96	6+4+4	n	n	12	n	y
14/o96.71	96	1,1,1,1,1,1,1,1,1,1,1,1,1,1	96	6+4+4	n	n	12	n	y
14/o96.72	96	2,1,1,1,1,1,1,1,1,1,1,1,1	48	12+2	n	n	12	n	y
14/o96.73	96	2,1,1,1,1,1,1,1,1,1,1,1,1	48	12+2	n	n	6	n	y
14/o96.74	96	2,1,1,1,1,1,1,1,1,1,1,1,1	48	12+2	n	n	6	n	y
14/o96.75	96	2,2,1,1,1,1,1,1,1,1,1,1	24	6+4+2+2	n	n	6	n	y
14/o96.76	96	2,2,2,2,1,1,1,1,1,1	6	6+4+2+2	n	n	6	n	n
14/o96.77	96	2,2,2,1,1,1,1,1,1,1,1	12	6+4+2+2	n	n	12	n	y
14/o96.78	96	2,2,1,1,1,1,1,1,1,1,1,1	24	6+4+2+2	n	n	6	n	y
14/o96.79	96	2,1,1,1,1,1,1,1,1,1,1,1,1	48	6+4+2+2	n	n	6	n	y
14/o96.80	96	2,2,2,2,1,1,1,1,1,1	6	6+2+2+2+2	n	n	6	n	y
14/o96.81	96	2,2,2,1,1,1,1,1,1,1,1	12	6+2+2+2+2	n	n	6	n	y
14/o96.82	96	4,1,1,1,1,1,1,1,1,1,1	4	4+4+2+2+2	n	n	6	n	y
14/o96.83	96	4,1,1,1,1,1,1,1,1,1,1	4	4+2+2+2+2+2	n	n	6	n	y
14/o96.84	96	4,1,1,1,1,1,1,1,1,1,1	4	4+4+2+2+2	n	n	6	n	y
14/o96.85	96	2,2,2,1,1,1,1,1,1,1,1	12	6+4+2+2	n	n	12	n	y
14/o96.86	96	2,2,1,1,1,1,1,1,1,1,1,1	24	6+4+2+2	n	n	12	n	y
14/o96.87	96	2,2,2,1,1,1,1,1,1,1,1	12	6+4+2+2	n	n	12	n	y
14/o96.88	96	2,1,1,1,1,1,1,1,1,1,1,1,1	48	6+4+2+2	n	n	6	n	y
14/o96.89	96	1,1,1,1,1,1,1,1,1,1,1,1,1,1	96	8+2+2+2	n	n	6	n	y
14/o96.90	96	1,1,1,1,1,1,1,1,1,1,1,1,1,1	96	12+2	n	n	6	n	y
14/o96.91	96	1,1,1,1,1,1,1,1,1,1,1,1,1,1	96	8+4+1+1	y	n	6	n	y
14/o96.92	96	1,1,1,1,1,1,1,1,1,1,1,1,1,1	96	12+1+1	y	n	6	n	y
14/o96.93	96	1,1,1,1,1,1,1,1,1,1,1,1,1,1	96	8+4+2	n	n	6	n	y
14/o96.94	96	1,1,1,1,1,1,1,1,1,1,1,1,1,1	96	8+4+2	n	n	6	n	y
14/o96.95	96	1,1,1,1,1,1,1,1,1,1,1,1,1,1	96	8+6	n	n	12	n	y
14/o96.96	96	1,1,1,1,1,1,1,1,1,1,1,1,1,1	96	8+6	n	n	12	n	y
14/o96.97	96	2,2,2,1,1,1,1,1,1,1,1	12	6+4+2+1+1	y	n	12	n	y
14/o96.98	96	2,2,2,1,1,1,1,1,1,1,1	12	6+4+2+1+1	y	n	12	n	y
14/o96.99	96	2,2,1,1,1,1,1,1,1,1,1,1	24	6+4+2+1+1	y	n	12	n	y
14/o96.100	96	2,1,1,1,1,1,1,1,1,1,1,1,1	48	6+4+2+1+1	y	n	6	n	y
14/o96.101	96	2,2,2,1,1,1,1,1,1,1,1	12	6+2+2+2+1+1	y	n	6	n	y
14/o96.102	96	2,1,1,1,1,1,1,1,1,1,1,1,1	48	8+2+2+1+1	y	n	6	n	y
14/o96.103	96	2,2,2,2,1,1,1,1,1,1	6	6+6+2	n	n	6	n	y
14/o96.104	96	2,2,1,1,1,1,1,1,1,1,1,1	24	6+4+4	n	n	12	n	y
14/o96.105	96	1,1,1,1,1,1,1,1,1,1,1,1,1,1	96	6+4+4	n	n	6	n	y
14/o96.106	96	1,1,1,1,1,1,1,1,1,1,1,1,1,1	96	6+4+4	n	n	6	n	y
14/o96.107	96	2,2,1,1,1,1,1,1,1,1,1,1	24	6+4+4	n	n	12	n	y
14/o96.108	96	2,2,1,1,1,1,1,1,1,1,1,1	24	6+4+4	n	n	12	n	y
14/o96.109	96	2,2,1,1,1,1,1,1,1,1,1,1	24	6+4+4	n	n	12	n	y
14/o96.110	96	1,1,1,1,1,1,1,1,1,1,1,1,1,1	96	6+4+4	n	n	6	n	y
14/o96.111	96	4,1,1,1,1,1,1,1,1,1,1	4	4+4+4+2	n	n	6	n	y
14/o96.112	96	2,2,1,1,1,1,1,1,1,1,1,1	24	6+4+2+2	n	n	12	n	y
14/o96.113	96	2,2,1,1,1,1,1,1,1,1,1,1	24	6+4+2+2	n	n	12	n	y
14/o96.114	96	2,2,1,1,1,1,1,1,1,1,1,1	24	6+4+2+2	n	n	12	n	y
14/o96.115	96	1,1,1,1,1,1,1,1,1,1,1,1,1,1	96	6+4+2+2	n	n	6	n	y
14/o96.116	96	2,2,1,1,1,1,1,1,1,1,1,1	24	6+2+2+2+2	n	n	6	n	y
14/o96.117	96	2,1,1,1,1,1,1,1,1,1,1,1,1	48	8+2+2+2	n	n	6	n	y
14/o96.118	96	2,2,1,1,1,1,1,1,1,1,1,1	24	6+4+2+2	n	n	12	n	y
14/o96.119	96	1,1,1,1,1,1,1,1,1,1,1,1,1,1	96	8+2+2+2	n	n	6	n	y
14/o96.120	96	4,1,1,1,1,1,1,1,1,1,1	4	4+4+2+2+2	n	n	6	n	y
14/o96.121	96	2,2,2,1,1,1,1,1,1,1,1	12	6+2+2+2+2	n	n	6	n	y
14/o96.122	96	4,2,1,1,1,1,1,1,1,1	2	4+2+2+2+2+2	n	n	6	n	y
14/o96.123	96	1,1,1,1,1,1,1,1,1,1,1,1,1,1	96	8+6	n	n	12	n	y
14/o96.124	96	3,1,1,1,1,1,1,1,1,1,1,1	16	8+3+1+1+1	y	n	24	n	y
14/o96.125	96	3,1,1,1,1,1,1,1,1,1,1,1	16	8+3+1+1+1	y	n	12	n	y
14/o96.126	96	3,1,1,1,1,1,1,1,1,1,1,1	16	4+4+3+1+1+1	y	n	6	n	y
14/o96.127	96	3,2,2,1,1,1,1,1,1,1	4	4+3+2+2+1+1+1	y	n	6	n	y
14/o96.128	96	3,2,2,2,2,1,1,1	1	3+2+2+2+2+1+1+1	y	n	6	n	y
14/o96.129	96	1,1,1,1,1,1,1,1,1,1,1,1,1,1	96	8+6	n	n	6	n	y
14/o96.130	96	2,2,1,1,1,1,1,1,1,1,1,1	24	6+4+1+1+1+1	y	n	12	n	y
14/o96.131	96	2,1,1,1,1,1,1,1,1,1,1,1,1	48	8+2+1+1+1+1	y	n	6	n	y
14/o96.132	96	3,2,2,2,1,1,1,1,1	2	4+3+2+1+1+1+1+1	y	n	12	n	y
14/o96.133	96	4,1,1,1,1,1,1,1,1,1,1	4	4+4+1+1+1+1+1+1	y	n	6	n	y
14/o96.134	96	2,2,2,2,1,1,1,1,1,1	6	6+2+1+1+1+1+1+1	y	n	6	n	y
14/o96.135	96	4,2,2,1,1,1,1,1,1	1	4+2+2+1+1+1+1+1+1	y	n	6	n	y
14/o100.1	100	1,1,1,1,1,1,1,1,1,1,1,1,1,1	100	5+5+1+1+1+1	y	n	10	n	y
14/o108.1	108	3,3,1,1,1,1,1,1,1,1	3	3+3+3+3+1+1	y	n	6	n	n
14/o108.2	108	3,1,1,1,1,1,1,1,1,1,1,1	18	9+3+1+1	y	n	6	n	y
14/o108.3	108	3,1,1,1,1,1,1,1,1,1,1,1	18	9+3+1+1	y	n	18	n	y
14/o112.1	112	2,1,1,1,1,1,1,1,1,1,1,1,1	56	7+4+2+1	y	n	14	n	y
14/o112.2	112	2,2,1,1,1,1,1,1,1,1,1,1	28	7+4+2+1	y	n	28	n	y
14/o112.3	112	2,2,2,1,1,1,1,1,1,1,1	14	7+2+2+2+1	y	n	14	n	y
14/o112.4	112	2,2,1,1,1,1,1,1,1,1,1,1	28	7+4+1+1+1	y	n	28	n	y
14/o120.1	120	1,1,1,1,1,1,1,1,1,1,1,1,1,1	120	6+5+3	n	n	30	n	y
14/o120.2	120	1,1,1,1,1,1,1,1,1,1,1,1,1,1	120	5+5+1+1+1+1	y	n	6	n	y
14/o120.3	120	2,1,1,1,1,1,1,1,1,1,1,1,1	60	5+3+3+2+1	y	n	30	n	y
14/o120.4	120	3,1,1,1,1,1,1,1,1,1,1,1	20	10+3+1	y	n	15	n	n
14/o120.5	120	3,1,1,1,1,1,1,1,1,1,1,1	20	10+3+1	y	n	30	n	y
14/o120.6	120	4,1,1,1,1,1,1,1,1,1,1	5	5+5+4	n	n	20	n	n
14/o120.7	120	2,1,1,1,1,1,1,1,1,1,1,1,1	60	6+5+2+1	y	n	30	n	y
14/o120.8	120	1,1,1,1,1,1,1,1,1,1,1,1,1,1	120	6+5+2+1	y	n	30	n	y
14/o120.9	120	3,1,1,1,1,1,1,1,1,1,1,1	20	5+3+2+2+1+1	y	n	30	n	y
14/o120.10	120	1,1,1,1,1,1,1,1,1,1,1,1,1,1	120	12+1+1	y	n	10	n	y
14/o120.11	120	3,1,1,1,1,1,1,1,1,1,1,1	20	5+3+2+2+2	n	n	30	n	y
14/o120.12	120	1,1,1,1,1,1,1,1,1,1,1,1,1,1	120	6+5+1+1+1	y	n	30	n	y
14/o120.13	120	1,1,1,1,1,1,1,1,1,1,1,1,1,1	120	10+1+1+1+1	y	n	6	n	y
14/o120.14	120	3,2,1,1,1,1,1,1,1,1,1	10	5+3+2+1+1+1+1	y	n	30	n	y
14/o120.15	120	5,1,1,1,1,1,1,1,1,1	1	5+1+1+1+1+1+1+1+1+1	y	n	6	n	y
14/o128.1	128	2,2,2,2,1,1,1,1,1,1	8	4+4+4+1+1	y	n	4	n	y
14/o128.2	128	2,2,2,2,2,2,1,1	2	4+4+2+2+1+1	y	n	4	n	y
14/o128.3	128	2,2,1,1,1,1,1,1,1,1,1,1	32	8+4+1+1	y	n	4	n	y
14/o128.4	128	2,2,2,2,2,2,1,1	2	4+4+4+1+1	y	n	4	n	y
14/o128.5	128	2,2,2,2,1,1,1,1,1,1	8	8+4+1+1	y	n	8	n	y
14/o128.6	128	2,2,2,2,1,1,1,1,1,1	8	8+4+1+1	y	n	8	n	y
14/o128.7	128	2,2,2,2,1,1,1,1,1,1	8	4+4+4+1+1	y	n	4	n	y
14/o128.8	128	2,2,2,2,1,1,1,1,1,1	8	8+4+1+1	y	n	4	n	y
14/o128.9	128	2,2,2,2,1,1,1,1,1,1	8	4+4+4+2	n	n	4	n	y
14/o128.10	128	2,2,2,2,2,1,1,1,1	4	4+4+2+2+2	n	n	4	n	y
14/o128.11	128	2,2,2,2,1,1,1,1,1,1	8	8+4+2	n	n	8	n	y
14/o128.12	128	2,2,2,1,1,1,1,1,1,1,1	16	8+4+2	n	n	8	n	y
14/o128.13	128	2,2,2,1,1,1,1,1,1,1,1	16	8+4+2	n	n	4	n	y
14/o128.14	128	2,2,2,1,1,1,1,1,1,1,1	16	8+4+2	n	n	4	n	y
14/o128.15	128	2,2,2,2,1,1,1,1,1,1	8	8+2+2+1+1	y	n	4	n	y
14/o128.16	128	2,2,2,2,2,1,1,1,1	4	4+4+2+2+1+1	y	n	4	n	y
14/o128.17	128	2,2,2,2,1,1,1,1,1,1	8	8+2+1+1+1+1	y	n	8	n	y
14/o128.18	128	2,2,2,2,2,1,1,1,1	4	8+2+2+1+1	y	n	4	n	y
14/o128.19	128	2,2,2,2,1,1,1,1,1,1	8	4+4+2+2+1+1	y	n	4	n	y
14/o128.20	128	2,2,2,2,1,1,1,1,1,1	8	8+2+2+1+1	y	n	8	n	y
14/o128.21	128	2,2,2,1,1,1,1,1,1,1,1	16	4+4+4+2	n	n	4	n	y
14/o128.22	128	2,2,2,1,1,1,1,1,1,1,1	16	4+4+4+2	n	n	4	n	y
14/o128.23	128	2,2,2,2,1,1,1,1,1,1	8	8+4+2	n	n	8	n	y
14/o128.24	128	2,2,2,2,2,1,1,1,1	4	8+4+2	n	n	8	n	n
14/o128.25	128	2,1,1,1,1,1,1,1,1,1,1,1,1	64	8+4+2	n	n	8	n	y
14/o128.26	128	2,2,1,1,1,1,1,1,1,1,1,1	32	8+4+2	n	n	8	n	y
14/o128.27	128	2,2,2,2,1,1,1,1,1,1	8	8+4+2	n	n	8	n	y
14/o128.28	128	2,1,1,1,1,1,1,1,1,1,1,1,1	64	8+4+2	n	n	4	n	y
14/o128.29	128	2,2,1,1,1,1,1,1,1,1,1,1	32	8+4+2	n	n	4	n	y
14/o128.30	128	1,1,1,1,1,1,1,1,1,1,1,1,1,1	128	8+4+2	n	n	4	n	y
14/o128.31	128	2,1,1,1,1,1,1,1,1,1,1,1,1	64	4+4+4+2	n	n	2	y	y
14/o128.32	128	2,2,1,1,1,1,1,1,1,1,1,1	32	4+4+4+2	n	n	4	n	y
14/o128.33	128	2,2,2,2,1,1,1,1,1,1	8	4+4+4+2	n	n	4	n	y
14/o128.34	128	2,2,2,1,1,1,1,1,1,1,1	16	8+4+2	n	n	4	n	y
14/o128.35	128	2,2,2,1,1,1,1,1,1,1,1	16	8+4+2	n	n	4	n	y
14/o128.36	128	2,2,2,1,1,1,1,1,1,1,1	16	8+2+2+2	n	n	8	n	y
14/o128.37	128	2,2,2,1,1,1,1,1,1,1,1	16	8+2+2+2	n	n	4	n	y
14/o128.38	128	2,2,2,1,1,1,1,1,1,1,1	16	4+4+2+2+2	n	n	2	y	y
14/o128.39	128	2,2,2,2,1,1,1,1,1,1	8	4+4+2+2+2	n	n	4	n	y
14/o128.40	128	2,2,2,2,2,1,1,1,1	4	4+2+2+2+2+2	n	n	2	y	y
14/o128.41	128	2,2,2,2,2,2,2	1	2+2+2+2+2+2+2	n	n	2	y	y
14/o128.42	128	2,2,2,2,2,2,1,1	2	4+2+2+2+2+2	n	n	4	n	y
14/o128.43	128	2,2,2,2,2,1,1,1,1	4	4+4+2+2+2	n	n	4	n	y
14/o128.44	128	2,2,2,2,1,1,1,1,1,1	8	4+4+2+2+2	n	n	4	n	y
14/o128.45	128	2,2,2,2,1,1,1,1,1,1	8	4+4+2+2+2	n	n	4	n	y
14/o128.46	128	2,2,2,2,1,1,1,1,1,1	8	8+2+2+2	n	n	4	n	y
14/o128.47	128	2,2,1,1,1,1,1,1,1,1,1,1	32	8+2+2+2	n	n	4	n	y
14/o128.48	128	2,2,2,2,2,1,1,1,1	4	8+2+2+2	n	n	4	n	y
14/o128.49	128	2,2,2,2,1,1,1,1,1,1	8	8+4+2	n	n	4	n	y
14/o128.50	128	2,2,1,1,1,1,1,1,1,1,1,1	32	8+4+1+1	y	n	8	n	y
14/o128.51	128	2,2,2,2,1,1,1,1,1,1	8	8+4+2	n	n	4	n	y
14/o128.52	128	2,2,1,1,1,1,1,1,1,1,1,1	32	8+4+2	n	n	8	n	y
14/o128.53	128	2,2,1,1,1,1,1,1,1,1,1,1	32	8+4+2	n	n	4	n	y
14/o128.54	128	2,2,1,1,1,1,1,1,1,1,1,1	32	8+4+1+1	y	n	4	n	y
14/o128.55	128	1,1,1,1,1,1,1,1,1,1,1,1,1,1	128	8+4+1+1	y	n	4	n	y
14/o128.56	128	1,1,1,1,1,1,1,1,1,1,1,1,1,1	128	8+4+2	n	n	4	n	y
14/o128.57	128	2,2,1,1,1,1,1,1,1,1,1,1	32	8+4+2	n	n	4	n	y
14/o128.58	128	2,2,1,1,1,1,1,1,1,1,1,1	32	4+4+4+1+1	y	n	4	n	y
14/o128.59	128	2,2,2,2,1,1,1,1,1,1	8	4+4+4+2	n	n	4	n	y
14/o128.60	128	2,2,2,2,2,2,1,1	2	4+4+2+2+2	n	n	4	n	y
14/o128.61	128	2,2,1,1,1,1,1,1,1,1,1,1	32	8+4+2	n	n	4	n	y
14/o128.62	128	2,2,2,2,2,2,1,1	2	4+4+4+2	n	n	4	n	y
14/o128.63	128	2,2,1,1,1,1,1,1,1,1,1,1	32	4+4+4+2	n	n	4	n	y
14/o128.64	128	2,2,2,2,1,1,1,1,1,1	8	4+4+4+2	n	n	4	n	y
14/o128.65	128	2,2,1,1,1,1,1,1,1,1,1,1	32	8+2+2+1+1	y	n	4	n	y
14/o128.66	128	2,2,2,2,1,1,1,1,1,1	8	4+4+2+2+1+1	y	n	4	n	y
14/o128.67	128	2,2,2,2,2,2,1,1	2	4+2+2+2+2+1+1	y	n	4	n	y
14/o128.68	128	2,2,2,1,1,1,1,1,1,1,1	16	4+4+4+2	n	n	4	n	y
14/o128.69	128	2,2,2,2,2,1,1,1,1	4	4+4+2+2+2	n	n	4	n	y
14/o128.70	128	2,2,2,2,2,1,1,1,1	4	4+4+4+2	n	n	4	n	y
14/o128.71	128	2,2,2,1,1,1,1,1,1,1,1	16	4+4+4+2	n	n	4	n	y
14/o128.72	128	2,2,2,2,1,1,1,1,1,1	8	8+4+2	n	n	4	n	y
14/o128.73	128	2,2,2,2,1,1,1,1,1,1	8	4+4+4+2	n	n	4	n	y
14/o128.74	128	2,1,1,1,1,1,1,1,1,1,1,1,1	64	8+4+2	n	n	4	n	y
14/o128.75	128	2,2,2,2,2,1,1,1,1	4	4+4+4+2	n	n	4	n	y
14/o128.76	128	2,2,2,2,2,1,1,1,1	4	8+4+2	n	n	4	n	y
14/o128.77	128	2,2,2,2,1,1,1,1,1,1	8	8+2+2+2	n	n	4	n	y
14/o128.78	128	2,1,1,1,1,1,1,1,1,1,1,1,1	64	8+2+2+2	n	n	4	n	y
14/o128.79	128	2,2,2,1,1,1,1,1,1,1,1	16	4+4+2+2+2	n	n	4	n	y
14/o128.80	128	2,2,2,2,2,1,1,1,1	4	4+2+2+2+2+2	n	n	4	n	y
14/o128.81	128	2,2,2,2,2,1,1,1,1	4	4+4+2+2+2	n	n	4	n	y
14/o128.82	128	2,2,2,2,2,1,1,1,1	4	8+2+2+2	n	n	4	n	y
14/o128.83	128	2,2,2,2,1,1,1,1,1,1	8	4+4+2+2+2	n	n	4	n	y
14/o128.84	128	2,2,2,2,1,1,1,1,1,1	8	8+2+2+2	n	n	8	n	y
14/o128.85	128	2,2,2,2,2,1,1,1,1	4	8+2+1+1+1+1	y	n	4	n	y
14/o128.86	128	2,2,2,2,2,1,1,1,1	4	4+4+2+1+1+1+1	y	n	4	n	y
14/o128.87	128	2,2,2,2,1,1,1,1,1,1	8	8+1+1+1+1+1+1	y	n	8	n	y
14/o132.1	132	3,1,1,1,1,1,1,1,1,1,1,1	22	11+3	n	n	33	n	y
14/o140.1	140	1,1,1,1,1,1,1,1,1,1,1,1,1,1	140	7+5+1+1	y	n	35	n	y
14/o144.1	144	1,1,1,1,1,1,1,1,1,1,1,1,1,1	144	4+4+3+3	n	n	12	n	y
14/o144.2	144	1,1,1,1,1,1,1,1,1,1,1,1,1,1	144	6+4+4	n	n	12	n	y
14/o144.3	144	2,1,1,1,1,1,1,1,1,1,1,1,1	72	6+3+3+2	n	n	6	n	y
14/o144.4	144	4,1,1,1,1,1,1,1,1,1,1	6	4+3+3+2+2	n	n	12	n	n
14/o144.5	144	3,2,1,1,1,1,1,1,1,1,1	12	6+3+3+2	n	n	6	n	y
14/o144.6	144	1,1,1,1,1,1,1,1,1,1,1,1,1,1	144	8+3+3	n	n	12	n	n
14/o144.7	144	3,1,1,1,1,1,1,1,1,1,1,1	24	4+4+3+1+1+1	y	n	12	n	y
14/o144.8	144	2,1,1,1,1,1,1,1,1,1,1,1,1	72	6+6+2	n	n	6	n	y
14/o144.9	144	3,2,2,1,1,1,1,1,1,1	6	4+3+3+3+1	y	n	12	n	n
14/o144.10	144	3,1,1,1,1,1,1,1,1,1,1,1	24	4+3+3+3+1	y	n	6	n	y
14/o144.11	144	3,2,2,1,1,1,1,1,1,1	6	3+3+3+2+2+1	y	n	6	n	y
14/o144.12	144	3,2,2,2,1,1,1,1,1	3	6+3+3+1+1	y	n	6	n	n
14/o144.13	144	4,2,1,1,1,1,1,1,1,1	3	4+3+3+2+1+1	y	n	12	n	n
14/o144.14	144	4,1,1,1,1,1,1,1,1,1,1	6	4+3+3+1+1+1+1	y	n	12	n	y
14/o144.15	144	2,2,2,1,1,1,1,1,1,1,1	18	6+3+3+1+1	y	n	12	n	n
14/o144.16	144	4,1,1,1,1,1,1,1,1,1,1	6	4+3+3+3+1	y	n	12	n	y
14/o144.17	144	4,1,1,1,1,1,1,1,1,1,1	6	6+4+3+1	y	n	12	n	n
14/o144.18	144	4,1,1,1,1,1,1,1,1,1,1	6	6+4+3+1	y	n	12	n	y
14/o144.19	144	3,2,2,1,1,1,1,1,1,1	6	6+4+3+1	y	n	12	n	n
14/o144.20	144	3,1,1,1,1,1,1,1,1,1,1,1	24	6+4+3+1	y	n	12	n	y
14/o144.21	144	2,2,1,1,1,1,1,1,1,1,1,1	36	9+4+1	y	n	12	n	y
14/o144.22	144	2,2,1,1,1,1,1,1,1,1,1,1	36	9+4+1	y	n	36	n	y
14/o144.23	144	1,1,1,1,1,1,1,1,1,1,1,1,1,1	144	9+4+1	y	n	6	n	y
14/o144.24	144	3,1,1,1,1,1,1,1,1,1,1,1	24	6+4+3+1	y	n	6	n	y
14/o144.25	144	3,3,1,1,1,1,1,1,1,1	4	6+4+1+1+1+1	y	n	6	n	y
14/o144.26	144	3,3,1,1,1,1,1,1,1,1	4	6+4+2+1+1	y	n	6	n	y
14/o144.27	144	3,1,1,1,1,1,1,1,1,1,1,1	24	6+4+3+1	y	n	6	n	y
14/o144.28	144	3,3,1,1,1,1,1,1,1,1	4	6+4+4	n	n	12	n	n
14/o144.29	144	2,2,1,1,1,1,1,1,1,1,1,1	36	9+2+2+1	y	n	6	n	y
14/o144.30	144	3,2,2,1,1,1,1,1,1,1	6	6+3+2+2+1	y	n	6	n	y
14/o144.31	144	3,3,1,1,1,1,1,1,1,1	4	6+2+2+2+1+1	y	n	6	n	y
14/o144.32	144	3,2,1,1,1,1,1,1,1,1,1	12	6+3+2+2+1	y	n	6	n	y
14/o144.33	144	3,3,2,1,1,1,1,1,1	2	6+2+2+1+1+1+1	y	n	6	n	y
14/o144.34	144	3,3,1,1,1,1,1,1,1,1	4	6+2+2+1+1+1+1	y	n	6	n	y
14/o144.35	144	4,1,1,1,1,1,1,1,1,1,1	6	6+4+2+1+1	y	n	12	n	y
14/o144.36	144	3,3,1,1,1,1,1,1,1,1	4	4+3+3+2+1+1	y	n	6	n	y
14/o144.37	144	3,3,2,1,1,1,1,1,1	2	3+3+2+2+2+1+1	y	n	6	n	y
14/o144.38	144	3,3,1,1,1,1,1,1,1,1	4	6+4+2+1+1	y	n	6	n	y
14/o144.39	144	1,1,1,1,1,1,1,1,1,1,1,1,1,1	144	9+2+2+1	y	n	6	n	y
14/o144.40	144	3,1,1,1,1,1,1,1,1,1,1,1	24	6+3+2+2+1	y	n	6	n	y
14/o144.41	144	3,3,2,1,1,1,1,1,1	2	6+2+2+2+1+1	y	n	6	n	y
14/o144.42	144	3,3,1,1,1,1,1,1,1,1	4	6+2+2+2+1+1	y	n	6	n	y
14/o144.43	144	3,3,1,1,1,1,1,1,1,1	4	4+4+3+3	n	n	12	n	n
14/o144.44	144	2,1,1,1,1,1,1,1,1,1,1,1,1	72	6+6+2	n	n	6	n	y
14/o144.45	144	2,1,1,1,1,1,1,1,1,1,1,1,1	72	6+6+2	n	n	6	n	y
14/o144.46	144	1,1,1,1,1,1,1,1,1,1,1,1,1,1	144	6+6+2	n	n	6	n	y
14/o144.47	144	2,1,1,1,1,1,1,1,1,1,1,1,1	72	12+2	n	n	6	n	y
14/o144.48	144	3,3,1,1,1,1,1,1,1,1	4	6+2+2+2+2	n	n	6	n	y
14/o144.49	144	3,3,1,1,1,1,1,1,1,1	4	3+3+2+2+2+2	n	n	6	n	y
14/o144.50	144	3,3,1,1,1,1,1,1,1,1	4	4+3+3+2+2	n	n	6	n	y
14/o144.51	144	1,1,1,1,1,1,1,1,1,1,1,1,1,1	144	12+1+1	y	n	12	n	y
14/o144.52	144	1,1,1,1,1,1,1,1,1,1,1,1,1,1	144	12+2	n	n	6	n	y
14/o144.53	144	1,1,1,1,1,1,1,1,1,1,1,1,1,1	144	12+2	n	n	6	n	y
14/o144.54	144	1,1,1,1,1,1,1,1,1,1,1,1,1,1	144	6+6+1+1	y	n	6	n	y
14/o144.55	144	1,1,1,1,1,1,1,1,1,1,1,1,1,1	144	12+1+1	y	n	6	n	y
14/o144.56	144	3,3,1,1,1,1,1,1,1,1	4	6+4+2+2	n	n	6	n	y
14/o144.57	144	3,3,1,1,1,1,1,1,1,1	4	6+4+2+2	n	n	6	n	y
14/o144.58	144	3,3,1,1,1,1,1,1,1,1	4	6+4+2+2	n	n	6	n	y
14/o144.59	144	3,3,1,1,1,1,1,1,1,1	4	4+4+3+3	n	n	6	n	y
14/o144.60	144	3,3,1,1,1,1,1,1,1,1	4	6+4+4	n	n	6	n	y
14/o144.61	144	3,3,1,1,1,1,1,1,1,1	4	6+2+2+2+2	n	n	6	n	y
14/o144.62	144	4,1,1,1,1,1,1,1,1,1,1	6	6+4+2+2	n	n	12	n	y
14/o144.63	144	3,3,1,1,1,1,1,1,1,1	4	4+3+3+2+2	n	n	6	n	y
14/o144.64	144	3,3,1,1,1,1,1,1,1,1	4	6+4+2+2	n	n	6	n	y
14/o144.65	144	3,3,2,1,1,1,1,1,1	2	3+3+2+2+2+2	n	n	6	n	y
14/o144.66	144	3,3,2,1,1,1,1,1,1	2	6+2+2+2+2	n	n	6	n	y
14/o144.67	144	3,3,1,1,1,1,1,1,1,1	4	6+2+2+2+2	n	n	6	n	y
14/o144.68	144	1,1,1,1,1,1,1,1,1,1,1,1,1,1	144	8+6	n	n	12	n	y
14/o144.69	144	2,1,1,1,1,1,1,1,1,1,1,1,1	72	9+2+1+1+1	y	n	6	n	y
14/o144.70	144	3,2,1,1,1,1,1,1,1,1,1	12	6+3+2+1+1+1	y	n	6	n	y
14/o144.71	144	3,3,1,1,1,1,1,1,1,1	4	4+3+3+1+1+1+1	y	n	6	n	y
14/o144.72	144	4,1,1,1,1,1,1,1,1,1,1	6	6+4+1+1+1+1	y	n	12	n	y
14/o144.73	144	3,3,2,2,1,1,1,1	1	3+3+2+2+1+1+1+1	y	n	6	n	y
14/o144.74	144	3,3,2,1,1,1,1,1,1	2	6+2+1+1+1+1+1+1	y	n	6	n	y
14/o144.75	144	4,3,1,1,1,1,1,1,1	1	4+3+1+1+1+1+1+1+1	y	n	12	n	y
14/o160.1	160	1,1,1,1,1,1,1,1,1,1,1,1,1,1	160	8+5+1	y	n	40	n	y
14/o160.2	160	1,1,1,1,1,1,1,1,1,1,1,1,1,1	160	8+5+1	y	n	20	n	y
14/o160.3	160	1,1,1,1,1,1,1,1,1,1,1,1,1,1	160	5+4+4+1	y	n	10	n	y
14/o160.4	160	2,2,1,1,1,1,1,1,1,1,1,1	40	5+4+4+1	y	n	20	n	y
14/o160.5	160	2,2,1,1,1,1,1,1,1,1,1,1	40	5+4+2+2+1	y	n	10	n	y
14/o160.6	160	2,2,2,1,1,1,1,1,1,1,1	20	5+4+2+2+1	y	n	20	n	y
14/o160.7	160	2,2,2,2,1,1,1,1,1,1	10	5+2+2+2+2+1	y	n	10	n	y
14/o160.8	160	2,2,1,1,1,1,1,1,1,1,1,1	40	5+4+2+2+1	y	n	20	n	y
14/o160.9	160	2,2,1,1,1,1,1,1,1,1,1,1	40	10+4	n	n	20	n	n
14/o160.10	160	2,2,1,1,1,1,1,1,1,1,1,1	40	10+4	n	n	20	n	y
14/o160.11	160	2,2,2,1,1,1,1,1,1,1,1	20	5+4+2+1+1+1	y	n	20	n	y
14/o168.1	168	1,1,1,1,1,1,1,1,1,1,1,1,1,1	168	7+7	n	n	7	n	n
14/o168.2	168	1,1,1,1,1,1,1,1,1,1,1,1,1,1	168	7+6+1	y	n	42	n	y
14/o168.3	168	3,2,1,1,1,1,1,1,1,1,1	14	7+3+2+1+1	y	n	42	n	y
14/o168.4	168	3,1,1,1,1,1,1,1,1,1,1,1	28	7+3+2+2	n	n	42	n	y
14/o180.1	180	3,1,1,1,1,1,1,1,1,1,1,1	30	5+3+3+3	n	n	30	n	n
14/o180.2	180	1,1,1,1,1,1,1,1,1,1,1,1,1,1	180	9+5	n	n	15	n	y
14/o180.3	180	1,1,1,1,1,1,1,1,1,1,1,1,1,1	180	9+5	n	n	45	n	y
14/o192.1	192	2,1,1,1,1,1,1,1,1,1,1,1,1	96	4+4+4+2	n	n	6	n	y
14/o192.2	192	2,2,2,1,1,1,1,1,1,1,1	24	4+4+2+2+2	n	n	6	n	y
14/o192.3	192	2,2,1,1,1,1,1,1,1,1,1,1	48	4+4+4+2	n	n	12	n	y
14/o192.4	192	2,2,2,2,1,1,1,1,1,1	12	4+4+3+3	n	n	12	n	y
14/o192.5	192	2,2,2,2,1,1,1,1,1,1	12	8+3+3	n	n	12	n	n
14/o192.6	192	2,2,2,2,1,1,1,1,1,1	12	4+4+3+3	n	n	12	n	n
14/o192.7	192	1,1,1,1,1,1,1,1,1,1,1,1,1,1	192	8+3+3	n	n	12	n	y
14/o192.8	192	2,2,1,1,1,1,1,1,1,1,1,1	48	4+4+3+3	n	n	12	n	y
14/o192.9	192	2,2,2,2,1,1,1,1,1,1	12	4+3+3+2+2	n	n	12	n	y
14/o192.10	192	2,2,1,1,1,1,1,1,1,1,1,1	48	4+4+4+1+1	y	n	12	n	y
14/o192.11	192	2,2,2,2,2,1,1,1,1	6	6+4+3+1	y	n	12	n	n
14/o192.12	192	2,2,2,1,1,1,1,1,1,1,1	24	6+4+3+1	y	n	6	n	y
14/o192.13	192	2,2,2,2,2,1,1,1,1	6	6+3+2+2+1	y	n	6	n	y
14/o192.14	192	2,2,2,2,2,2,1,1	3	6+6+1+1	y	n	6	n	n
14/o192.15	192	3,2,2,2,2,1,1,1	2	4+4+3+1+1+1	y	n	12	n	y
14/o192.16	192	4,1,1,1,1,1,1,1,1,1,1	8	4+4+4+1+1	y	n	12	n	y
14/o192.17	192	4,1,1,1,1,1,1,1,1,1,1	8	4+4+4+1+1	y	n	12	n	y
14/o192.18	192	1,1,1,1,1,1,1,1,1,1,1,1,1,1	192	8+6	n	n	12	n	y
14/o192.19	192	3,2,2,2,1,1,1,1,1	4	4+4+3+2+1	y	n	12	n	y
14/o192.20	192	4,1,1,1,1,1,1,1,1,1,1	8	4+4+4+1+1	y	n	6	n	y
14/o192.21	192	2,2,2,2,1,1,1,1,1,1	12	6+4+4	n	n	12	n	n
14/o192.22	192	2,2,1,1,1,1,1,1,1,1,1,1	48	6+4+4	n	n	12	n	y
14/o192.23	192	2,2,2,2,1,1,1,1,1,1	12	6+4+4	n	n	12	n	y
14/o192.24	192	2,2,2,2,1,1,1,1,1,1	12	6+4+4	n	n	12	n	y
14/o192.25	192	2,2,2,2,1,1,1,1,1,1	12	6+6+2	n	n	6	n	y
14/o192.26	192	1,1,1,1,1,1,1,1,1,1,1,1,1,1	192	8+6	n	n	24	n	y
14/o192.27	192	2,2,2,2,1,1,1,1,1,1	12	8+6	n	n	12	n	n
14/o192.28	192	3,2,1,1,1,1,1,1,1,1,1	16	8+3+2+1	y	n	24	n	y
14/o192.29	192	3,2,1,1,1,1,1,1,1,1,1	16	8+3+2+1	y	n	12	n	y
14/o192.30	192	3,2,1,1,1,1,1,1,1,1,1	16	4+4+3+2+1	y	n	6	n	y
14/o192.31	192	3,2,2,1,1,1,1,1,1,1	8	4+4+3+2+1	y	n	12	n	y
14/o192.32	192	3,2,2,2,1,1,1,1,1	4	4+3+2+2+2+1	y	n	6	n	y
14/o192.33	192	3,2,2,2,2,2,1	1	3+2+2+2+2+2+1	y	n	6	n	y
14/o192.34	192	3,2,2,2,2,1,1,1	2	4+3+2+2+2+1	y	n	12	n	y
14/o192.35	192	4,2,1,1,1,1,1,1,1,1	4	4+4+2+2+1+1	y	n	6	n	y
14/o192.36	192	4,2,2,1,1,1,1,1,1	2	4+4+2+1+1+1+1	y	n	12	n	y
14/o192.37	192	2,2,2,1,1,1,1,1,1,1,1	24	6+4+2+1+1	y	n	6	n	y
14/o192.38	192	4,1,1,1,1,1,1,1,1,1,1	8	4+4+2+2+1+1	y	n	6	n	y
14/o192.39	192	2,2,2,2,1,1,1,1,1,1	12	6+2+2+2+1+1	y	n	6	n	y
14/o192.40	192	4,2,2,1,1,1,1,1,1	2	4+2+2+2+2+1+1	y	n	6	n	y
14/o192.41	192	3,1,1,1,1,1,1,1,1,1,1,1	32	8+3+2+1	y	n	12	n	y
14/o192.42	192	3,2,2,2,2,1,1,1	2	4+4+3+2+1	y	n	12	n	y
14/o192.43	192	3,2,2,1,1,1,1,1,1,1	8	4+4+3+2+1	y	n	12	n	y
14/o192.44	192	3,2,2,2,1,1,1,1,1	4	4+3+2+2+2+1	y	n	12	n	y
14/o192.45	192	4,2,2,1,1,1,1,1,1	2	4+4+2+2+1+1	y	n	12	n	y
14/o192.46	192	2,2,1,1,1,1,1,1,1,1,1,1	48	6+4+4	n	n	12	n	y
14/o192.47	192	4,2,1,1,1,1,1,1,1,1	4	4+4+4+2	n	n	12	n	n
14/o192.48	192	4,1,1,1,1,1,1,1,1,1,1	8	4+4+4+2	n	n	12	n	y
14/o192.49	192	4,1,1,1,1,1,1,1,1,1,1	8	4+4+4+2	n	n	12	n	y
14/o192.50	192	2,2,2,1,1,1,1,1,1,1,1	24	6+4+4	n	n	12	n	n
14/o192.51	192	1,1,1,1,1,1,1,1,1,1,1,1,1,1	192	8+4+2	n	n	6	n	y
14/o192.52	192	2,1,1,1,1,1,1,1,1,1,1,1,1	96	12+2	n	n	6	n	y
14/o192.53	192	2,2,2,2,1,1,1,1,1,1	12	6+4+2+2	n	n	12	n	y
14/o192.54	192	2,2,2,2,1,1,1,1,1,1	12	6+4+2+2	n	n	12	n	y
14/o192.55	192	2,2,2,1,1,1,1,1,1,1,1	24	6+4+2+2	n	n	12	n	y
14/o192.56	192	2,2,1,1,1,1,1,1,1,1,1,1	48	6+4+2+2	n	n	6	n	y
14/o192.57	192	2,2,2,2,1,1,1,1,1,1	12	6+2+2+2+2	n	n	6	n	y
14/o192.58	192	2,2,1,1,1,1,1,1,1,1,1,1	48	8+2+2+2	n	n	6	n	y
14/o192.59	192	4,2,1,1,1,1,1,1,1,1	4	4+4+2+2+2	n	n	6	n	y
14/o192.60	192	4,1,1,1,1,1,1,1,1,1,1	8	4+4+2+2+2	n	n	6	n	y
14/o192.61	192	2,2,2,1,1,1,1,1,1,1,1	24	6+2+2+2+2	n	n	6	n	y
14/o192.62	192	4,2,1,1,1,1,1,1,1,1	4	4+2+2+2+2+2	n	n	6	n	y
14/o192.63	192	2,2,2,1,1,1,1,1,1,1,1	24	6+4+2+2	n	n	12	n	y
14/o192.64	192	2,2,2,1,1,1,1,1,1,1,1	24	6+4+2+2	n	n	6	n	y
14/o192.65	192	2,2,1,1,1,1,1,1,1,1,1,1	48	8+4+1+1	y	n	12	n	y
14/o192.66	192	4,1,1,1,1,1,1,1,1,1,1	8	8+4+2	n	n	12	n	y
14/o192.67	192	4,1,1,1,1,1,1,1,1,1,1	8	8+4+2	n	n	12	n	y
14/o192.68	192	4,1,1,1,1,1,1,1,1,1,1	8	8+4+2	n	n	6	n	y
14/o192.69	192	1,1,1,1,1,1,1,1,1,1,1,1,1,1	192	8+4+1+1	y	n	6	n	y
14/o192.70	192	4,1,1,1,1,1,1,1,1,1,1	8	8+4+1+1	y	n	12	n	y
14/o192.71	192	4,1,1,1,1,1,1,1,1,1,1	8	8+4+1+1	y	n	6	n	y
14/o192.72	192	2,2,1,1,1,1,1,1,1,1,1,1	48	8+4+2	n	n	12	n	y
14/o192.73	192	1,1,1,1,1,1,1,1,1,1,1,1,1,1	192	8+4+2	n	n	6	n	y
14/o192.74	192	4,1,1,1,1,1,1,1,1,1,1	8	4+4+4+2	n	n	6	n	y
14/o192.75	192	1,1,1,1,1,1,1,1,1,1,1,1,1,1	192	8+6	n	n	12	n	y
14/o192.76	192	2,2,2,1,1,1,1,1,1,1,1	24	6+4+2+1+1	y	n	12	n	y
14/o192.77	192	2,2,1,1,1,1,1,1,1,1,1,1	48	8+2+2+1+1	y	n	6	n	y
14/o192.78	192	1,1,1,1,1,1,1,1,1,1,1,1,1,1	192	8+6	n	n	12	n	y
14/o192.79	192	2,2,1,1,1,1,1,1,1,1,1,1	48	6+4+4	n	n	12	n	y
14/o192.80	192	2,2,1,1,1,1,1,1,1,1,1,1	48	6+4+4	n	n	12	n	y
14/o192.81	192	1,1,1,1,1,1,1,1,1,1,1,1,1,1	192	6+4+4	n	n	6	n	y
14/o192.82	192	2,1,1,1,1,1,1,1,1,1,1,1,1	96	8+4+2	n	n	6	n	y
14/o192.83	192	4,2,1,1,1,1,1,1,1,1	4	4+4+4+2	n	n	6	n	y
14/o192.84	192	4,1,1,1,1,1,1,1,1,1,1	8	4+4+4+2	n	n	6	n	y
14/o192.85	192	2,2,1,1,1,1,1,1,1,1,1,1	48	6+4+4	n	n	12	n	y
14/o192.86	192	2,2,2,1,1,1,1,1,1,1,1	24	6+4+4	n	n	6	n	y
14/o192.87	192	2,2,1,1,1,1,1,1,1,1,1,1	48	6+4+2+2	n	n	12	n	y
14/o192.88	192	2,1,1,1,1,1,1,1,1,1,1,1,1	96	8+2+2+2	n	n	6	n	y
14/o192.89	192	4,2,1,1,1,1,1,1,1,1	4	4+4+2+2+2	n	n	6	n	y
14/o192.90	192	2,2,2,1,1,1,1,1,1,1,1	24	6+4+2+2	n	n	6	n	y
14/o192.91	192	4,1,1,1,1,1,1,1,1,1,1	8	4+4+2+2+2	n	n	6	n	y
14/o192.92	192	2,2,2,2,1,1,1,1,1,1	12	6+2+2+2+2	n	n	6	n	y
14/o192.93	192	4,2,2,1,1,1,1,1,1	2	4+2+2+2+2+2	n	n	6	n	y
14/o192.94	192	4,2,2,1,1,1,1,1,1	2	4+4+2+2+2	n	n	12	n	y
14/o192.95	192	3,1,1,1,1,1,1,1,1,1,1,1	32	8+3+1+1+1	y	n	12	n	y
14/o192.96	192	3,2,2,1,1,1,1,1,1,1	8	4+4+3+1+1+1	y	n	12	n	y
14/o192.97	192	3,2,2,2,2,1,1,1	2	4+3+2+2+1+1+1	y	n	12	n	y
14/o192.98	192	2,2,2,1,1,1,1,1,1,1,1	24	6+4+1+1+1+1	y	n	6	n	y
14/o192.99	192	4,2,1,1,1,1,1,1,1,1	4	4+4+2+1+1+1+1	y	n	6	n	y
14/o192.100	192	2,2,2,2,2,1,1,1,1	6	6+2+2+1+1+1+1	y	n	6	n	y
14/o192.101	192	4,2,2,2,1,1,1,1	1	4+2+2+2+1+1+1+1	y	n	6	n	y
14/o192.102	192	4,2,2,1,1,1,1,1,1	2	4+4+1+1+1+1+1+1	y	n	12	n	y
14/o196.1	196	1,1,1,1,1,1,1,1,1,1,1,1,1,1	196	7+7	n	n	14	n	y
14/o200.1	200	1,1,1,1,1,1,1,1,1,1,1,1,1,1	200	10+2+1+1	y	n	10	n	y
14/o200.2	200	2,1,1,1,1,1,1,1,1,1,1,1,1	100	5+5+2+1+1	y	n	10	n	y
14/o200.3	200	1,1,1,1,1,1,1,1,1,1,1,1,1,1	200	5+5+2+2	n	n	10	n	y
14/o200.4	200	1,1,1,1,1,1,1,1,1,1,1,1,1,1	200	10+2+2	n	n	10	n	y
14/o200.5	200	1,1,1,1,1,1,1,1,1,1,1,1,1,1	200	10+1+1+1+1	y	n	10	n	y
14/o216.1	216	3,3,2,1,1,1,1,1,1	3	3+3+3+3+2	n	n	6	n	n
14/o216.2	216	3,3,1,1,1,1,1,1,1,1	6	3+3+3+3+1+1	y	n	6	n	y
14/o216.3	216	3,3,1,1,1,1,1,1,1,1	6	6+3+3+1+1	y	n	12	n	n
14/o216.4	216	3,3,1,1,1,1,1,1,1,1	6	6+6+1+1	y	n	6	n	n
14/o216.5	216	3,2,1,1,1,1,1,1,1,1,1	18	9+3+2	n	n	6	n	y
14/o216.6	216	3,3,1,1,1,1,1,1,1,1	6	6+3+3+2	n	n	12	n	n
14/o216.7	216	3,3,1,1,1,1,1,1,1,1	6	6+3+3+2	n	n	6	n	y
14/o216.8	216	3,2,1,1,1,1,1,1,1,1,1	18	9+3+2	n	n	18	n	y
14/o216.9	216	3,3,1,1,1,1,1,1,1,1	6	6+6+2	n	n	6	n	n
14/o216.10	216	3,1,1,1,1,1,1,1,1,1,1,1	36	9+3+1+1	y	n	6	n	y
14/o216.11	216	3,3,1,1,1,1,1,1,1,1	6	6+3+3+1+1	y	n	6	n	y
14/o216.12	216	3,3,3,1,1,1,1,1	1	3+3+3+1+1+1+1+1	y	n	6	n	y
14/o224.1	224	2,2,2,1,1,1,1,1,1,1,1	28	7+4+2+1	y	n	28	n	y
14/o240.1	240	1,1,1,1,1,1,1,1,1,1,1,1,1,1	240	5+5+2+2	n	n	10	n	y
14/o240.2	240	2,2,2,1,1,1,1,1,1,1,1	30	6+5+3	n	n	30	n	n
14/o240.3	240	2,1,1,1,1,1,1,1,1,1,1,1,1	120	5+5+2+1+1	y	n	10	n	y
14/o240.4	240	1,1,1,1,1,1,1,1,1,1,1,1,1,1	240	5+4+4+1	y	n	20	n	y
14/o240.5	240	4,1,1,1,1,1,1,1,1,1,1	10	5+5+4	n	n	20	n	y
14/o240.6	240	2,1,1,1,1,1,1,1,1,1,1,1,1	120	6+5+2+1	y	n	30	n	y
14/o240.7	240	5,1,1,1,1,1,1,1,1,1	2	5+2+2+1+1+1+1+1	y	n	10	n	y
14/o240.8	240	1,1,1,1,1,1,1,1,1,1,1,1,1,1	240	10+2+1+1	y	n	10	n	y
14/o240.9	240	5,1,1,1,1,1,1,1,1,1	2	5+2+2+2+1+1+1	y	n	10	n	y
14/o240.10	240	5,1,1,1,1,1,1,1,1,1	2	5+2+2+2+2+1	y	n	10	n	y
14/o240.11	240	2,1,1,1,1,1,1,1,1,1,1,1,1	120	12+2	n	n	10	n	y
14/o240.12	240	3,1,1,1,1,1,1,1,1,1,1,1	40	5+4+3+1+1	y	n	30	n	y
14/o240.13	240	3,1,1,1,1,1,1,1,1,1,1,1	40	5+4+3+2	n	n	30	n	y
14/o240.14	240	2,1,1,1,1,1,1,1,1,1,1,1,1	120	10+2+1+1	y	n	10	n	y
14/o240.15	240	3,2,2,1,1,1,1,1,1,1	10	5+3+2+2+1+1	y	n	30	n	y
14/o240.16	240	1,1,1,1,1,1,1,1,1,1,1,1,1,1	240	10+2+2	n	n	10	n	y
14/o240.17	240	3,2,1,1,1,1,1,1,1,1,1	20	5+3+2+2+2	n	n	30	n	y
14/o240.18	240	1,1,1,1,1,1,1,1,1,1,1,1,1,1	240	10+2+2	n	n	10	n	y
14/o240.19	240	4,1,1,1,1,1,1,1,1,1,1	10	10+4	n	n	20	n	y
14/o240.20	240	1,1,1,1,1,1,1,1,1,1,1,1,1,1	240	10+1+1+1+1	y	n	10	n	y
14/o240.21	240	4,1,1,1,1,1,1,1,1,1,1	10	5+4+1+1+1+1+1	y	n	20	n	y
14/o240.22	240	5,2,1,1,1,1,1,1,1	1	5+2+1+1+1+1+1+1+1	y	n	10	n	y
14/o256.1	256	2,2,2,2,2,2,1,1	4	4+4+4+1+1	y	n	4	n	y
14/o256.2	256	2,2,2,2,2,2,1,1	4	8+4+1+1	y	n	4	n	y
14/o256.3	256	2,2,2,2,1,1,1,1,1,1	16	8+4+1+1	y	n	8	n	y
14/o256.4	256	2,2,2,2,2,1,1,1,1	8	4+4+4+2	n	n	4	n	y
14/o256.5	256	2,2,2,2,2,2,2	2	4+4+2+2+2	n	n	4	n	y
14/o256.6	256	2,2,2,1,1,1,1,1,1,1,1	32	8+4+2	n	n	4	n	y
14/o256.7	256	2,2,2,2,2,2,2	2	4+4+4+2	n	n	4	n	y
14/o256.8	256	2,2,2,2,1,1,1,1,1,1	16	8+2+2+1+1	y	n	8	n	y
14/o256.9	256	2,2,2,2,2,1,1,1,1	8	8+2+2+1+1	y	n	8	n	y
14/o256.10	256	2,2,2,2,2,1,1,1,1	8	8+4+2	n	n	8	n	y
14/o256.11	256	2,2,2,2,2,1,1,1,1	8	8+4+2	n	n	8	n	y
14/o256.12	256	2,2,2,2,2,2,1,1	4	4+4+4+2	n	n	4	n	y
14/o256.13	256	2,2,2,1,1,1,1,1,1,1,1	32	8+4+2	n	n	8	n	y
14/o256.14	256	2,2,2,2,1,1,1,1,1,1	16	8+4+2	n	n	4	n	y
14/o256.15	256	2,2,2,1,1,1,1,1,1,1,1	32	8+4+2	n	n	4	n	y
14/o256.16	256	2,1,1,1,1,1,1,1,1,1,1,1,1	128	8+4+2	n	n	4	n	y
14/o256.17	256	2,2,1,1,1,1,1,1,1,1,1,1	64	8+4+2	n	n	4	n	y
14/o256.18	256	2,2,2,1,1,1,1,1,1,1,1	32	4+4+4+2	n	n	4	n	y
14/o256.19	256	2,2,2,2,1,1,1,1,1,1	16	4+4+4+2	n	n	4	n	y
14/o256.20	256	2,2,2,1,1,1,1,1,1,1,1	32	8+2+2+2	n	n	4	n	y
14/o256.21	256	2,2,2,2,2,1,1,1,1	8	4+4+2+2+2	n	n	4	n	y
14/o256.22	256	2,2,2,2,2,2,2	2	4+2+2+2+2+2	n	n	4	n	y
14/o256.23	256	2,2,2,2,2,2,1,1	4	4+4+2+2+2	n	n	4	n	y
14/o256.24	256	2,2,2,2,1,1,1,1,1,1	16	8+2+2+2	n	n	8	n	y
14/o256.25	256	2,2,2,2,2,2,1,1	4	8+2+2+2	n	n	4	n	y
14/o256.26	256	2,2,2,2,2,2,1,1	4	8+4+2	n	n	4	n	y
14/o256.27	256	2,2,2,2,1,1,1,1,1,1	16	8+4+1+1	y	n	4	n	y
14/o256.28	256	2,2,2,2,1,1,1,1,1,1	16	8+4+2	n	n	4	n	y
14/o256.29	256	2,2,2,2,2,2,1,1	4	8+4+2	n	n	4	n	y
14/o256.30	256	2,2,1,1,1,1,1,1,1,1,1,1	64	8+4+1+1	y	n	4	n	y
14/o256.31	256	2,2,1,1,1,1,1,1,1,1,1,1	64	8+4+2	n	n	4	n	y
14/o256.32	256	2,2,2,2,1,1,1,1,1,1	16	4+4+4+1+1	y	n	4	n	y
14/o256.33	256	2,2,2,2,2,2,1,1	4	4+4+4+2	n	n	4	n	y
14/o256.34	256	2,2,2,2,1,1,1,1,1,1	16	4+4+4+2	n	n	4	n	y
14/o256.35	256	2,2,2,2,1,1,1,1,1,1	16	8+4+2	n	n	8	n	y
14/o256.36	256	2,2,2,2,2,2,1,1	4	8+2+2+1+1	y	n	4	n	y
14/o256.37	256	2,2,2,2,2,2,1,1	4	4+4+2+2+1+1	y	n	4	n	y
14/o256.38	256	2,2,2,2,2,1,1,1,1	8	4+4+4+2	n	n	4	n	y
14/o256.39	256	2,2,2,2,1,1,1,1,1,1	16	8+4+2	n	n	8	n	y
14/o256.40	256	2,2,2,2,2,1,1,1,1	8	8+4+2	n	n	4	n	y
14/o256.41	256	2,2,2,2,2,1,1,1,1	8	8+2+2+2	n	n	4	n	y
14/o256.42	256	2,2,2,2,1,1,1,1,1,1	16	8+2+2+2	n	n	8	n	y
14/o256.43	256	2,2,2,2,2,1,1,1,1	8	4+4+2+2+2	n	n	4	n	y
14/o256.44	256	2,2,2,2,2,1,1,1,1	8	8+2+2+2	n	n	8	n	y
14/o256.45	256	2,2,2,2,2,1,1,1,1	8	8+2+1+1+1+1	y	n	8	n	y
14/o280.1	280	2,1,1,1,1,1,1,1,1,1,1,1,1	140	7+5+2	n	n	70	n	y
14/o288.1	288	1,1,1,1,1,1,1,1,1,1,1,1,1,1	288	6+4+4	n	n	12	n	y
14/o288.2	288	4,1,1,1,1,1,1,1,1,1,1	12	4+4+3+3	n	n	12	n	n
14/o288.3	288	3,2,2,2,2,1,1,1	3	6+3+3+2	n	n	6	n	n
14/o288.4	288	4,2,2,1,1,1,1,1,1	3	4+3+3+2+2	n	n	12	n	n
14/o288.5	288	4,1,1,1,1,1,1,1,1,1,1	12	4+3+3+2+2	n	n	12	n	y
14/o288.6	288	2,2,2,2,1,1,1,1,1,1	18	6+3+3+2	n	n	12	n	n
14/o288.7	288	1,1,1,1,1,1,1,1,1,1,1,1,1,1	288	8+3+3	n	n	12	n	y
14/o288.8	288	3,2,1,1,1,1,1,1,1,1,1	24	4+4+3+2+1	y	n	12	n	y
14/o288.9	288	3,2,2,1,1,1,1,1,1,1	12	4+3+3+3+1	y	n	12	n	y
14/o288.10	288	3,2,2,2,1,1,1,1,1	6	6+3+3+1+1	y	n	12	n	y
14/o288.11	288	4,2,1,1,1,1,1,1,1,1	6	4+3+3+2+1+1	y	n	12	n	y
14/o288.12	288	2,2,2,1,1,1,1,1,1,1,1	36	6+3+3+1+1	y	n	12	n	y
14/o288.13	288	4,1,1,1,1,1,1,1,1,1,1	12	6+4+3+1	y	n	12	n	y
14/o288.14	288	3,3,2,2,1,1,1,1	2	6+4+1+1+1+1	y	n	12	n	y
14/o288.15	288	3,2,2,1,1,1,1,1,1,1	12	6+4+3+1	y	n	12	n	y
14/o288.16	288	2,2,1,1,1,1,1,1,1,1,1,1	72	9+4+1	y	n	12	n	y
14/o288.17	288	3,2,2,1,1,1,1,1,1,1	12	6+4+3+1	y	n	12	n	y
14/o288.18	288	1,1,1,1,1,1,1,1,1,1,1,1,1,1	288	9+4+1	y	n	6	n	y
14/o288.19	288	3,1,1,1,1,1,1,1,1,1,1,1	48	6+4+3+1	y	n	6	n	y
14/o288.20	288	3,3,2,1,1,1,1,1,1	4	6+4+2+1+1	y	n	6	n	y
14/o288.21	288	3,3,1,1,1,1,1,1,1,1	8	6+4+4	n	n	12	n	y
14/o288.22	288	3,3,1,1,1,1,1,1,1,1	8	6+4+4	n	n	12	n	y
14/o288.23	288	3,1,1,1,1,1,1,1,1,1,1,1	48	8+3+2+1	y	n	12	n	y
14/o288.24	288	2,2,1,1,1,1,1,1,1,1,1,1	72	9+2+2+1	y	n	6	n	y
14/o288.25	288	3,2,2,1,1,1,1,1,1,1	12	6+3+2+2+1	y	n	6	n	y
14/o288.26	288	3,3,1,1,1,1,1,1,1,1	8	6+4+2+1+1	y	n	6	n	y
14/o288.27	288	3,3,2,2,1,1,1,1	2	6+2+2+2+1+1	y	n	6	n	y
14/o288.28	288	4,3,1,1,1,1,1,1,1	2	4+3+2+2+1+1+1	y	n	12	n	y
14/o288.29	288	4,1,1,1,1,1,1,1,1,1,1	12	6+4+2+1+1	y	n	12	n	y
14/o288.30	288	3,3,2,2,1,1,1,1	2	4+3+3+2+1+1	y	n	12	n	y
14/o288.31	288	3,3,1,1,1,1,1,1,1,1	8	6+4+2+1+1	y	n	6	n	y
14/o288.32	288	3,3,2,1,1,1,1,1,1	4	6+2+2+2+1+1	y	n	6	n	y
14/o288.33	288	3,3,2,2,1,1,1,1	2	6+4+2+1+1	y	n	12	n	y
14/o288.34	288	4,3,1,1,1,1,1,1,1	2	4+3+2+2+2+1	y	n	12	n	y
14/o288.35	288	3,3,1,1,1,1,1,1,1,1	8	4+4+3+3	n	n	12	n	y
14/o288.36	288	3,3,1,1,1,1,1,1,1,1	8	4+4+3+3	n	n	12	n	y
14/o288.37	288	3,3,1,1,1,1,1,1,1,1	8	6+4+4	n	n	12	n	n
14/o288.38	288	2,1,1,1,1,1,1,1,1,1,1,1,1	144	12+2	n	n	12	n	y
14/o288.39	288	2,1,1,1,1,1,1,1,1,1,1,1,1	144	6+6+2	n	n	6	n	y
14/o288.40	288	2,1,1,1,1,1,1,1,1,1,1,1,1	144	12+2	n	n	6	n	y
14/o288.41	288	3,3,1,1,1,1,1,1,1,1	8	6+4+2+2	n	n	6	n	y
14/o288.42	288	3,3,2,1,1,1,1,1,1	4	6+2+2+2+2	n	n	6	n	y
14/o288.43	288	3,3,1,1,1,1,1,1,1,1	8	6+2+2+2+2	n	n	6	n	y
14/o288.44	288	4,2,1,1,1,1,1,1,1,1	6	6+4+2+2	n	n	12	n	y
14/o288.45	288	3,3,2,1,1,1,1,1,1	4	4+3+3+2+2	n	n	6	n	y
14/o288.46	288	3,3,1,1,1,1,1,1,1,1	8	6+4+2+2	n	n	6	n	y
14/o288.47	288	1,1,1,1,1,1,1,1,1,1,1,1,1,1	288	8+6	n	n	12	n	y
14/o288.48	288	2,2,2,1,1,1,1,1,1,1,1	36	6+6+2	n	n	12	n	y
14/o288.49	288	1,1,1,1,1,1,1,1,1,1,1,1,1,1	288	12+2	n	n	12	n	y
14/o288.50	288	1,1,1,1,1,1,1,1,1,1,1,1,1,1	288	12+1+1	y	n	12	n	y
14/o288.51	288	2,2,2,1,1,1,1,1,1,1,1	36	6+6+1+1	y	n	12	n	y
14/o288.52	288	3,3,2,1,1,1,1,1,1	4	6+4+2+2	n	n	6	n	y
14/o288.53	288	3,3,2,1,1,1,1,1,1	4	4+3+3+2+1+1	y	n	6	n	y
14/o288.54	288	4,2,1,1,1,1,1,1,1,1	6	6+4+2+1+1	y	n	12	n	y
14/o288.55	288	3,3,2,2,2,1,1	1	3+3+2+2+2+1+1	y	n	6	n	y
14/o288.56	288	3,3,1,1,1,1,1,1,1,1	8	6+4+2+2	n	n	6	n	y
14/o288.57	288	3,3,1,1,1,1,1,1,1,1	8	6+4+4	n	n	6	n	y
14/o288.58	288	3,3,2,1,1,1,1,1,1	4	6+4+2+2	n	n	6	n	y
14/o288.59	288	4,1,1,1,1,1,1,1,1,1,1	12	6+4+4	n	n	12	n	y
14/o288.60	288	3,3,1,1,1,1,1,1,1,1	8	4+4+3+3	n	n	6	n	y
14/o288.61	288	3,3,1,1,1,1,1,1,1,1	8	6+4+4	n	n	6	n	y
14/o288.62	288	3,3,1,1,1,1,1,1,1,1	8	6+4+4	n	n	6	n	y
14/o288.63	288	3,3,1,1,1,1,1,1,1,1	8	4+3+3+2+2	n	n	6	n	y
14/o288.64	288	3,3,1,1,1,1,1,1,1,1	8	6+4+2+2	n	n	6	n	y
14/o288.65	288	4,1,1,1,1,1,1,1,1,1,1	12	6+4+2+2	n	n	12	n	y
14/o288.66	288	3,3,2,2,1,1,1,1	2	3+3+2+2+2+2	n	n	6	n	y
14/o288.67	288	3,3,2,2,1,1,1,1	2	6+2+2+2+2	n	n	6	n	y
14/o288.68	288	4,1,1,1,1,1,1,1,1,1,1	12	6+4+2+2	n	n	12	n	y
14/o288.69	288	3,3,2,2,1,1,1,1	2	4+3+3+2+2	n	n	12	n	y
14/o288.70	288	3,3,2,2,1,1,1,1	2	6+4+2+2	n	n	12	n	y
14/o288.71	288	3,3,1,1,1,1,1,1,1,1	8	6+4+2+2	n	n	6	n	y
14/o288.72	288	3,3,2,1,1,1,1,1,1	4	6+2+2+2+2	n	n	6	n	y
14/o288.73	288	1,1,1,1,1,1,1,1,1,1,1,1,1,1	288	8+6	n	n	12	n	y
14/o288.74	288	3,3,1,1,1,1,1,1,1,1	8	8+3+3	n	n	12	n	y
14/o288.75	288	3,3,1,1,1,1,1,1,1,1	8	8+6	n	n	12	n	n
14/o288.76	288	3,1,1,1,1,1,1,1,1,1,1,1	48	8+3+1+1+1	y	n	12	n	y
14/o288.77	288	3,3,1,1,1,1,1,1,1,1	8	8+6	n	n	12	n	y
14/o288.78	288	3,3,1,1,1,1,1,1,1,1	8	8+3+3	n	n	6	n	y
14/o288.79	288	3,3,1,1,1,1,1,1,1,1	8	8+6	n	n	6	n	y
14/o288.80	288	3,3,2,2,1,1,1,1	2	4+3+3+1+1+1+1	y	n	12	n	y
14/o288.81	288	4,1,1,1,1,1,1,1,1,1,1	12	6+4+1+1+1+1	y	n	12	n	y
14/o288.82	288	3,3,1,1,1,1,1,1,1,1	8	6+4+1+1+1+1	y	n	6	n	y
14/o288.83	288	3,3,2,2,1,1,1,1	2	6+2+2+1+1+1+1	y	n	6	n	y
14/o288.84	288	3,2,2,2,1,1,1,1,1	6	6+3+1+1+1+1+1	y	n	12	n	y
14/o288.85	288	4,3,2,1,1,1,1,1	1	4+3+2+1+1+1+1+1	y	n	12	n	y
14/o320.1	320	2,2,2,2,1,1,1,1,1,1	20	5+4+4+1	y	n	20	n	y
14/o320.2	320	1,1,1,1,1,1,1,1,1,1,1,1,1,1	320	8+5+1	y	n	20	n	y
14/o320.3	320	2,2,1,1,1,1,1,1,1,1,1,1	80	5+4+4+1	y	n	20	n	y
14/o320.4	320	2,2,2,2,1,1,1,1,1,1	20	5+4+2+2+1	y	n	20	n	y
14/o320.5	320	2,2,2,2,2,1,1,1,1	10	10+1+1+1+1	y	n	10	n	y
14/o336.1	336	1,1,1,1,1,1,1,1,1,1,1,1,1,1	336	14	n	n	8	n	y
14/o336.2	336	3,2,2,1,1,1,1,1,1,1	14	7+3+2+2	n	n	42	n	y
14/o336.3	336	3,1,1,1,1,1,1,1,1,1,1,1	56	7+4+3	n	n	42	n	y
14/o336.4	336	4,1,1,1,1,1,1,1,1,1,1	14	7+4+1+1+1	y	n	28	n	y
14/o360.1	360	3,1,1,1,1,1,1,1,1,1,1,1	60	5+3+3+3	n	n	30	n	y
14/o360.2	360	5,1,1,1,1,1,1,1,1,1	3	5+3+3+3	n	n	15	n	n
14/o360.3	360	5,1,1,1,1,1,1,1,1,1	3	5+3+3+1+1+1	y	n	15	n	n
14/o360.4	360	1,1,1,1,1,1,1,1,1,1,1,1,1,1	360	9+5	n	n	30	n	y
14/o360.5	360	3,1,1,1,1,1,1,1,1,1,1,1	60	6+5+3	n	n	30	n	y
14/o360.6	360	3,3,1,1,1,1,1,1,1,1	10	5+3+3+1+1+1	y	n	30	n	y
14/o384.1	384	2,2,2,1,1,1,1,1,1,1,1	48	4+4+4+2	n	n	12	n	y
14/o384.2	384	2,2,2,2,1,1,1,1,1,1	24	8+3+3	n	n	12	n	y
14/o384.3	384	2,2,2,2,1,1,1,1,1,1	24	8+3+3	n	n	24	n	n
14/o384.4	384	2,2,2,2,1,1,1,1,1,1	24	4+4+3+3	n	n	12	n	y
14/o384.5	384	2,2,2,2,2,2,2	3	6+6+2	n	n	6	n	n
14/o384.6	384	2,2,2,2,1,1,1,1,1,1	24	8+4+1+1	y	n	8	n	y
14/o384.7	384	2,2,2,2,2,2,1,1	6	6+6+1+1	y	n	6	n	y
14/o384.8	384	2,2,2,2,2,1,1,1,1	12	6+4+3+1	y	n	12	n	y
14/o384.9	384	3,2,2,2,2,2,1	2	4+4+3+2+1	y	n	12	n	y
14/o384.10	384	2,2,2,2,1,1,1,1,1,1	24	8+6	n	n	12	n	n
14/o384.11	384	4,2,2,1,1,1,1,1,1	4	4+4+4+1+1	y	n	12	n	y
14/o384.12	384	2,2,2,2,1,1,1,1,1,1	24	6+4+4	n	n	12	n	y
14/o384.13	384	2,2,2,2,1,1,1,1,1,1	24	6+4+4	n	n	12	n	y
14/o384.14	384	2,2,2,2,1,1,1,1,1,1	24	8+6	n	n	12	n	y
14/o384.15	384	2,2,2,2,1,1,1,1,1,1	24	8+6	n	n	12	n	y
14/o384.16	384	3,2,1,1,1,1,1,1,1,1,1	32	8+3+2+1	y	n	12	n	y
14/o384.17	384	3,2,2,2,1,1,1,1,1	8	4+4+3+2+1	y	n	12	n	y
14/o384.18	384	3,2,2,2,2,2,1	2	4+3+2+2+2+1	y	n	12	n	y
14/o384.19	384	4,2,2,2,1,1,1,1	2	4+4+2+2+1+1	y	n	12	n	y
14/o384.20	384	2,2,2,2,2,1,1,1,1	12	6+4+2+1+1	y	n	12	n	y
14/o384.21	384	4,2,2,1,1,1,1,1,1	4	4+4+2+2+1+1	y	n	12	n	y
14/o384.22	384	3,2,2,2,2,1,1,1	4	8+3+2+1	y	n	12	n	y
14/o384.23	384	3,2,2,2,2,1,1,1	4	4+4+3+2+1	y	n	12	n	y
14/o384.24	384	2,2,2,2,1,1,1,1,1,1	24	8+6	n	n	8	n	y
14/o384.25	384	2,2,2,2,1,1,1,1,1,1	24	6+4+4	n	n	12	n	y
14/o384.26	384	4,2,1,1,1,1,1,1,1,1	8	4+4+4+2	n	n	12	n	y
14/o384.27	384	4,2,1,1,1,1,1,1,1,1	8	4+4+4+2	n	n	12	n	y
14/o384.28	384	2,2,2,1,1,1,1,1,1,1,1	48	6+4+4	n	n	12	n	y
14/o384.29	384	2,2,2,1,1,1,1,1,1,1,1	48	6+4+4	n	n	12	n	y
14/o384.30	384	2,2,2,1,1,1,1,1,1,1,1	48	8+4+2	n	n	12	n	y
14/o384.31	384	2,2,1,1,1,1,1,1,1,1,1,1	96	8+4+2	n	n	12	n	y
14/o384.32	384	2,1,1,1,1,1,1,1,1,1,1,1,1	192	8+4+2	n	n	6	n	y
14/o384.33	384	4,2,1,1,1,1,1,1,1,1	8	8+4+2	n	n	12	n	y
14/o384.34	384	4,2,1,1,1,1,1,1,1,1	8	8+4+2	n	n	6	n	y
14/o384.35	384	2,2,2,2,1,1,1,1,1,1	24	6+4+2+2	n	n	12	n	y
14/o384.36	384	2,2,2,1,1,1,1,1,1,1,1	48	8+2+2+2	n	n	6	n	y
14/o384.37	384	4,2,2,1,1,1,1,1,1	4	4+4+2+2+2	n	n	6	n	y
14/o384.38	384	4,2,2,1,1,1,1,1,1	4	4+4+2+2+2	n	n	12	n	y
14/o384.39	384	2,2,2,2,1,1,1,1,1,1	24	6+4+2+2	n	n	6	n	y
14/o384.40	384	4,1,1,1,1,1,1,1,1,1,1	16	8+4+1+1	y	n	24	n	y
14/o384.41	384	2,2,2,2,2,2,1,1	6	12+1+1	y	n	6	n	n
14/o384.42	384	2,2,2,2,2,2,1,1	6	12+2	n	n	6	n	n
14/o384.43	384	4,1,1,1,1,1,1,1,1,1,1	16	8+4+2	n	n	24	n	y
14/o384.44	384	4,1,1,1,1,1,1,1,1,1,1	16	8+4+2	n	n	12	n	y
14/o384.45	384	2,2,1,1,1,1,1,1,1,1,1,1	96	8+4+1+1	y	n	12	n	y
14/o384.46	384	4,1,1,1,1,1,1,1,1,1,1	16	8+4+1+1	y	n	12	n	y
14/o384.47	384	1,1,1,1,1,1,1,1,1,1,1,1,1,1	384	12+1+1	y	n	6	n	y
14/o384.48	384	4,1,1,1,1,1,1,1,1,1,1	16	8+4+2	n	n	12	n	y
14/o384.49	384	4,1,1,1,1,1,1,1,1,1,1	16	4+4+4+1+1	y	n	6	n	y
14/o384.50	384	2,2,1,1,1,1,1,1,1,1,1,1	96	8+4+2	n	n	12	n	y
14/o384.51	384	4,1,1,1,1,1,1,1,1,1,1	16	4+4+4+2	n	n	6	n	y
14/o384.52	384	4,2,2,1,1,1,1,1,1	4	4+4+4+2	n	n	12	n	y
14/o384.53	384	2,2,2,2,1,1,1,1,1,1	24	6+4+2+1+1	y	n	6	n	y
14/o384.54	384	4,2,2,1,1,1,1,1,1	4	4+4+2+2+1+1	y	n	6	n	y
14/o384.55	384	2,2,2,2,2,2,1,1	6	6+2+2+2+1+1	y	n	6	n	y
14/o384.56	384	4,2,2,2,2,1,1	1	4+2+2+2+2+1+1	y	n	6	n	y
14/o384.57	384	1,1,1,1,1,1,1,1,1,1,1,1,1,1	384	8+6	n	n	12	n	y
14/o384.58	384	2,2,1,1,1,1,1,1,1,1,1,1	96	6+4+4	n	n	12	n	y
14/o384.59	384	4,2,1,1,1,1,1,1,1,1	8	4+4+4+2	n	n	6	n	y
14/o384.60	384	4,2,2,1,1,1,1,1,1	4	4+4+4+2	n	n	12	n	y
14/o384.61	384	2,2,2,1,1,1,1,1,1,1,1	48	6+4+4	n	n	6	n	y
14/o384.62	384	2,2,2,1,1,1,1,1,1,1,1	48	6+4+2+2	n	n	6	n	y
14/o384.63	384	4,2,1,1,1,1,1,1,1,1	8	4+4+2+2+2	n	n	6	n	y
14/o384.64	384	2,2,2,2,2,1,1,1,1	12	6+2+2+2+2	n	n	6	n	y
14/o384.65	384	4,2,2,2,1,1,1,1	2	4+2+2+2+2+2	n	n	6	n	y
14/o384.66	384	4,2,2,2,1,1,1,1	2	4+4+2+2+2	n	n	12	n	y
14/o384.67	384	2,2,2,2,2,1,1,1,1	12	6+4+2+2	n	n	12	n	y
14/o384.68	384	4,2,2,1,1,1,1,1,1	4	4+4+2+2+2	n	n	12	n	y
14/o384.69	384	2,2,2,1,1,1,1,1,1,1,1	48	8+6	n	n	12	n	y
14/o384.70	384	3,2,2,2,2,1,1,1	4	8+3+1+1+1	y	n	12	n	y
14/o384.71	384	3,2,2,2,2,1,1,1	4	4+4+3+1+1+1	y	n	12	n	y
14/o384.72	384	2,2,2,1,1,1,1,1,1,1,1	48	8+6	n	n	6	n	y
14/o384.73	384	2,2,2,2,2,1,1,1,1	12	6+4+1+1+1+1	y	n	12	n	y
14/o384.74	384	4,2,2,2,1,1,1,1	2	4+4+2+1+1+1+1	y	n	12	n	y
14/o384.75	384	2,2,2,2,1,1,1,1,1,1	24	8+1+1+1+1+1+1	y	n	8	n	y
14/o392.1	392	1,1,1,1,1,1,1,1,1,1,1,1,1,1	392	14	n	n	14	n	y
14/o400.1	400	1,1,1,1,1,1,1,1,1,1,1,1,1,1	400	10+2+2	n	n	10	n	y
14/o400.2	400	2,2,1,1,1,1,1,1,1,1,1,1	100	5+5+2+2	n	n	10	n	y
14/o400.3	400	2,1,1,1,1,1,1,1,1,1,1,1,1	200	10+2+1+1	y	n	10	n	y
14/o400.4	400	2,1,1,1,1,1,1,1,1,1,1,1,1	200	10+2+2	n	n	10	n	y
14/o400.5	400	1,1,1,1,1,1,1,1,1,1,1,1,1,1	400	5+5+4	n	n	10	n	y
14/o400.6	400	1,1,1,1,1,1,1,1,1,1,1,1,1,1	400	10+4	n	n	10	n	y
14/o432.1	432	3,3,2,1,1,1,1,1,1	6	3+3+3+3+2	n	n	6	n	y
14/o432.2	432	3,3,2,1,1,1,1,1,1	6	6+3+3+2	n	n	12	n	n
14/o432.3	432	4,1,1,1,1,1,1,1,1,1,1	18	9+4+1	y	n	12	n	y
14/o432.4	432	3,3,1,1,1,1,1,1,1,1	12	6+3+3+1+1	y	n	12	n	y
14/o432.5	432	4,3,1,1,1,1,1,1,1	3	4+3+3+3+1	y	n	12	n	n
14/o432.6	432	4,1,1,1,1,1,1,1,1,1,1	18	9+4+1	y	n	36	n	y
14/o432.7	432	3,3,1,1,1,1,1,1,1,1	12	6+6+1+1	y	n	12	n	y
14/o432.8	432	3,3,3,1,1,1,1,1	2	6+3+2+1+1+1	y	n	12	n	y
14/o432.9	432	3,3,3,1,1,1,1,1	2	3+3+3+2+2+1	y	n	6	n	y
14/o432.10	432	3,3,3,1,1,1,1,1	2	6+3+2+2+1	y	n	12	n	y
14/o432.11	432	3,2,1,1,1,1,1,1,1,1,1	36	9+3+2	n	n	6	n	y
14/o432.12	432	3,3,2,1,1,1,1,1,1	6	6+3+3+2	n	n	6	n	y
14/o432.13	432	3,3,1,1,1,1,1,1,1,1	12	6+3+3+2	n	n	12	n	y
14/o432.14	432	3,3,1,1,1,1,1,1,1,1	12	6+3+3+2	n	n	6	n	y
14/o432.15	432	3,3,1,1,1,1,1,1,1,1	12	6+6+2	n	n	12	n	y
14/o432.16	432	3,3,1,1,1,1,1,1,1,1	12	6+6+2	n	n	12	n	y
14/o432.17	432	3,3,1,1,1,1,1,1,1,1	12	6+6+2	n	n	12	n	y
14/o432.18	432	3,1,1,1,1,1,1,1,1,1,1,1	72	9+3+1+1	y	n	12	n	y
14/o432.19	432	3,3,1,1,1,1,1,1,1,1	12	6+3+3+1+1	y	n	6	n	y
14/o432.20	432	3,3,1,1,1,1,1,1,1,1	12	6+6+1+1	y	n	12	n	y
14/o432.21	432	3,3,2,1,1,1,1,1,1	6	6+6+2	n	n	6	n	n
14/o432.22	432	3,3,3,2,1,1,1	1	3+3+3+2+1+1+1	y	n	6	n	y
14/o432.23	432	3,3,3,1,1,1,1,1	2	6+3+1+1+1+1+1	y	n	12	n	y
14/o480.1	480	1,1,1,1,1,1,1,1,1,1,1,1,1,1	480	5+5+4	n	n	10	n	y
14/o480.2	480	2,2,1,1,1,1,1,1,1,1,1,1	120	5+5+2+2	n	n	10	n	y
14/o480.3	480	2,2,2,1,1,1,1,1,1,1,1	60	6+5+3	n	n	30	n	y
14/o480.4	480	1,1,1,1,1,1,1,1,1,1,1,1,1,1	480	8+5+1	y	n	30	n	y
14/o480.5	480	5,1,1,1,1,1,1,1,1,1	4	5+4+4+1	y	n	20	n	n
14/o480.6	480	5,1,1,1,1,1,1,1,1,1	4	5+4+4+1	y	n	10	n	y
14/o480.7	480	5,1,1,1,1,1,1,1,1,1	4	5+2+2+2+2+1	y	n	10	n	y
14/o480.8	480	5,1,1,1,1,1,1,1,1,1	4	5+4+2+2+1	y	n	10	n	y
14/o480.9	480	5,1,1,1,1,1,1,1,1,1	4	5+4+2+1+1+1	y	n	10	n	y
14/o480.10	480	5,2,1,1,1,1,1,1,1	2	5+2+2+2+1+1+1	y	n	10	n	y
14/o480.11	480	4,1,1,1,1,1,1,1,1,1,1	20	5+4+2+2+1	y	n	30	n	y
14/o480.12	480	5,1,1,1,1,1,1,1,1,1	4	5+4+2+2+1	y	n	10	n	y
14/o480.13	480	5,2,1,1,1,1,1,1,1	2	5+2+2+2+2+1	y	n	10	n	y
14/o480.14	480	3,2,2,1,1,1,1,1,1,1	20	5+4+3+2	n	n	60	n	y
14/o480.15	480	3,2,1,1,1,1,1,1,1,1,1	40	5+4+3+2	n	n	30	n	y
14/o480.16	480	2,2,1,1,1,1,1,1,1,1,1,1	120	10+2+2	n	n	10	n	y
14/o480.17	480	3,2,2,2,1,1,1,1,1	10	5+3+2+2+2	n	n	30	n	y
14/o480.18	480	2,1,1,1,1,1,1,1,1,1,1,1,1	240	10+2+2	n	n	10	n	y
14/o480.19	480	3,2,2,1,1,1,1,1,1,1	20	5+4+3+1+1	y	n	60	n	y
14/o480.20	480	4,1,1,1,1,1,1,1,1,1,1	20	10+4	n	n	20	n	n
14/o480.21	480	4,1,1,1,1,1,1,1,1,1,1	20	10+4	n	n	30	n	y
14/o480.22	480	2,1,1,1,1,1,1,1,1,1,1,1,1	240	10+2+1+1	y	n	10	n	y
14/o480.23	480	1,1,1,1,1,1,1,1,1,1,1,1,1,1	480	10+4	n	n	10	n	y
14/o480.24	480	1,1,1,1,1,1,1,1,1,1,1,1,1,1	480	10+4	n	n	10	n	y
14/o480.25	480	1,1,1,1,1,1,1,1,1,1,1,1,1,1	480	10+2+2	n	n	10	n	y
14/o480.26	480	2,2,2,1,1,1,1,1,1,1,1	60	6+5+1+1+1	y	n	30	n	y
14/o480.27	480	4,2,1,1,1,1,1,1,1,1	10	5+4+2+1+1+1	y	n	30	n	y
14/o480.28	480	5,1,1,1,1,1,1,1,1,1	4	5+4+1+1+1+1+1	y	n	10	n	y
14/o480.29	480	5,2,2,1,1,1,1,1	1	5+2+2+1+1+1+1+1	y	n	10	n	y
14/o504.1	504	3,3,1,1,1,1,1,1,1,1	14	7+3+3+1	y	n	42	n	y
14/o512.1	512	2,2,2,2,2,2,1,1	8	8+4+1+1	y	n	8	n	y
14/o512.2	512	2,2,2,2,2,2,2	4	4+4+4+2	n	n	4	n	y
14/o512.3	512	2,2,2,2,2,2,2	4	8+4+2	n	n	4	n	y
14/o512.4	512	2,2,2,2,2,1,1,1,1	16	8+4+2	n	n	4	n	y
14/o512.5	512	2,2,2,2,2,2,1,1	8	8+4+2	n	n	4	n	y
14/o512.6	512	2,2,2,2,1,1,1,1,1,1	32	8+4+2	n	n	8	n	y
14/o512.7	512	2,2,2,1,1,1,1,1,1,1,1	64	8+4+2	n	n	4	n	y
14/o512.8	512	2,2,2,2,2,1,1,1,1	16	4+4+4+2	n	n	4	n	y
14/o512.9	512	2,2,2,2,2,2,2	4	8+2+2+2	n	n	4	n	y
14/o512.10	512	2,2,2,2,2,2,2	4	4+4+2+2+2	n	n	4	n	y
14/o512.11	512	2,2,2,2,2,2,1,1	8	8+2+2+2	n	n	8	n	y
14/o512.12	512	2,2,2,2,2,2,1,1	8	8+4+1+1	y	n	4	n	y
14/o512.13	512	2,2,2,2,1,1,1,1,1,1	32	8+4+1+1	y	n	8	n	y
14/o512.14	512	2,2,2,2,1,1,1,1,1,1	32	8+4+2	n	n	8	n	y
14/o512.15	512	2,2,2,2,2,2,1,1	8	8+4+2	n	n	4	n	y
14/o512.16	512	2,2,2,2,2,2,1,1	8	4+4+4+1+1	y	n	4	n	y
14/o512.17	512	2,2,2,2,2,2,1,1	8	4+4+4+2	n	n	4	n	y
14/o512.18	512	2,2,2,2,2,2,1,1	8	8+4+2	n	n	8	n	y
14/o512.19	512	2,2,2,2,2,2,1,1	8	8+2+2+1+1	y	n	8	n	y
14/o512.20	512	2,2,2,2,2,1,1,1,1	16	8+4+2	n	n	8	n	y
14/o512.21	512	2,2,2,2,2,1,1,1,1	16	8+2+2+2	n	n	8	n	y
14/o576.1	576	4,2,2,1,1,1,1,1,1	6	4+4+3+3	n	n	12	n	n
14/o576.2	576	4,1,1,1,1,1,1,1,1,1,1	24	4+4+3+3	n	n	12	n	y
14/o576.3	576	3,2,2,2,2,1,1,1	6	6+3+3+2	n	n	12	n	y
14/o576.4	576	4,2,2,1,1,1,1,1,1	6	4+3+3+2+2	n	n	12	n	y
14/o576.5	576	2,2,2,2,1,1,1,1,1,1	36	6+3+3+2	n	n	12	n	y
14/o576.6	576	4,1,1,1,1,1,1,1,1,1,1	24	4+4+4+1+1	y	n	12	n	y
14/o576.7	576	4,2,2,2,1,1,1,1	3	6+4+3+1	y	n	12	n	n
14/o576.8	576	3,3,2,2,2,1,1	2	6+4+2+1+1	y	n	12	n	y
14/o576.9	576	2,2,1,1,1,1,1,1,1,1,1,1	144	9+4+1	y	n	12	n	y
14/o576.10	576	3,2,2,1,1,1,1,1,1,1	24	6+4+3+1	y	n	12	n	y
14/o576.11	576	3,3,2,2,1,1,1,1	4	6+4+2+2	n	n	12	n	y
14/o576.12	576	4,2,2,1,1,1,1,1,1	6	6+4+4	n	n	12	n	n
14/o576.13	576	3,3,1,1,1,1,1,1,1,1	16	8+3+3	n	n	24	n	y
14/o576.14	576	3,3,1,1,1,1,1,1,1,1	16	8+6	n	n	24	n	y
14/o576.15	576	3,2,1,1,1,1,1,1,1,1,1	48	8+3+2+1	y	n	12	n	y
14/o576.16	576	3,3,2,2,1,1,1,1	4	6+4+2+1+1	y	n	12	n	y
14/o576.17	576	3,3,2,2,1,1,1,1	4	6+4+2+1+1	y	n	12	n	y
14/o576.18	576	4,3,1,1,1,1,1,1,1	4	4+4+3+2+1	y	n	12	n	y
14/o576.19	576	3,3,1,1,1,1,1,1,1,1	16	8+6	n	n	12	n	y
14/o576.20	576	3,2,2,2,1,1,1,1,1	12	6+3+2+2+1	y	n	12	n	y
14/o576.21	576	4,3,2,1,1,1,1,1	2	4+3+2+2+2+1	y	n	12	n	y
14/o576.22	576	4,1,1,1,1,1,1,1,1,1,1	24	6+4+4	n	n	12	n	y
14/o576.23	576	3,3,1,1,1,1,1,1,1,1	16	6+4+4	n	n	12	n	y
14/o576.24	576	3,3,1,1,1,1,1,1,1,1	16	6+4+4	n	n	12	n	y
14/o576.25	576	2,1,1,1,1,1,1,1,1,1,1,1,1	288	12+2	n	n	12	n	y
14/o576.26	576	2,2,2,2,1,1,1,1,1,1	36	6+6+2	n	n	12	n	y
14/o576.27	576	3,3,2,2,1,1,1,1	4	4+3+3+2+2	n	n	6	n	y
14/o576.28	576	3,3,2,1,1,1,1,1,1	8	6+4+2+2	n	n	6	n	y
14/o576.29	576	4,2,2,1,1,1,1,1,1	6	6+4+2+2	n	n	12	n	y
14/o576.30	576	3,3,2,2,2,2	1	3+3+2+2+2+2	n	n	6	n	y
14/o576.31	576	3,3,2,2,2,1,1	2	6+2+2+2+2	n	n	6	n	y
14/o576.32	576	3,3,2,2,1,1,1,1	4	6+4+2+2	n	n	12	n	y
14/o576.33	576	4,2,1,1,1,1,1,1,1,1	12	6+4+2+2	n	n	12	n	y
14/o576.34	576	3,3,2,2,2,1,1	2	4+3+3+2+2	n	n	12	n	y
14/o576.35	576	3,3,2,1,1,1,1,1,1	8	6+4+2+2	n	n	6	n	y
14/o576.36	576	1,1,1,1,1,1,1,1,1,1,1,1,1,1	576	8+6	n	n	12	n	y
14/o576.37	576	2,2,2,1,1,1,1,1,1,1,1	72	6+6+2	n	n	12	n	y
14/o576.38	576	2,2,2,1,1,1,1,1,1,1,1	72	6+6+1+1	y	n	12	n	y
14/o576.39	576	3,3,2,2,2,1,1	2	6+4+2+2	n	n	12	n	y
14/o576.40	576	3,3,1,1,1,1,1,1,1,1	16	8+3+3	n	n	12	n	y
14/o576.41	576	3,3,1,1,1,1,1,1,1,1	16	8+6	n	n	12	n	y
14/o576.42	576	3,3,2,2,2,1,1	2	4+3+3+2+1+1	y	n	12	n	y
14/o576.43	576	4,2,1,1,1,1,1,1,1,1	12	6+4+2+1+1	y	n	12	n	y
14/o576.44	576	3,3,2,1,1,1,1,1,1	8	6+4+2+1+1	y	n	6	n	y
14/o576.45	576	3,3,2,2,2,1,1	2	6+2+2+2+1+1	y	n	6	n	y
14/o576.46	576	3,3,1,1,1,1,1,1,1,1	16	4+4+3+3	n	n	6	n	y
14/o576.47	576	3,3,1,1,1,1,1,1,1,1	16	6+4+4	n	n	6	n	y
14/o576.48	576	4,1,1,1,1,1,1,1,1,1,1	24	6+4+4	n	n	12	n	y
14/o576.49	576	3,3,2,2,1,1,1,1	4	6+4+2+2	n	n	6	n	y
14/o576.50	576	3,3,2,2,1,1,1,1	4	6+4+4	n	n	12	n	y
14/o576.51	576	4,1,1,1,1,1,1,1,1,1,1	24	6+4+4	n	n	12	n	y
14/o576.52	576	3,3,2,2,1,1,1,1	4	4+4+3+3	n	n	12	n	y
14/o576.53	576	3,3,2,2,1,1,1,1	4	6+4+4	n	n	12	n	y
14/o576.54	576	3,3,1,1,1,1,1,1,1,1	16	6+4+4	n	n	6	n	y
14/o576.55	576	3,3,2,2,1,1,1,1	4	4+3+3+2+2	n	n	12	n	y
14/o576.56	576	3,3,2,2,1,1,1,1	4	6+4+2+2	n	n	12	n	y
14/o576.57	576	4,1,1,1,1,1,1,1,1,1,1	24	6+4+2+2	n	n	12	n	y
14/o576.58	576	3,3,1,1,1,1,1,1,1,1	16	6+4+2+2	n	n	6	n	y
14/o576.59	576	3,3,2,2,1,1,1,1	4	6+2+2+2+2	n	n	6	n	y
14/o576.60	576	3,3,2,2,1,1,1,1	4	6+4+2+2	n	n	12	n	y
14/o576.61	576	3,3,1,1,1,1,1,1,1,1	16	8+6	n	n	12	n	y
14/o576.62	576	4,3,1,1,1,1,1,1,1	4	4+4+3+1+1+1	y	n	12	n	y
14/o576.63	576	3,2,2,2,2,1,1,1	6	6+3+2+1+1+1	y	n	12	n	y
14/o576.64	576	4,3,2,2,1,1,1	1	4+3+2+2+1+1+1	y	n	12	n	y
14/o576.65	576	3,3,1,1,1,1,1,1,1,1	16	8+6	n	n	6	n	y
14/o576.66	576	3,3,2,2,1,1,1,1	4	6+4+1+1+1+1	y	n	12	n	y
14/o576.67	576	4,4,1,1,1,1,1,1	1	4+4+1+1+1+1+1+1	y	n	12	n	y
14/o600.1	600	3,1,1,1,1,1,1,1,1,1,1,1	100	5+5+3+1	y	n	30	n	y
14/o640.1	640	2,2,2,2,1,1,1,1,1,1	40	5+4+4+1	y	n	20	n	y
14/o640.2	640	2,2,2,2,1,1,1,1,1,1	40	8+5+1	y	n	20	n	y
14/o640.3	640	2,2,2,2,2,1,1,1,1	20	10+2+2	n	n	10	n	y
14/o640.4	640	2,2,2,2,2,2,1,1	10	10+2+1+1	y	n	10	n	y
14/o648.1	648	3,3,3,1,1,1,1,1	3	9+3+1+1	y	n	9	n	n
14/o672.1	672	2,2,2,1,1,1,1,1,1,1,1	84	7+6+1	y	n	42	n	y
14/o672.2	672	3,2,2,1,1,1,1,1,1,1	28	7+4+3	n	n	84	n	y
14/o672.3	672	4,2,1,1,1,1,1,1,1,1	14	7+4+2+1	y	n	42	n	y
14/o720.1	720	5,1,1,1,1,1,1,1,1,1	6	5+3+3+3	n	n	15	n	y
14/o720.2	720	5,1,1,1,1,1,1,1,1,1	6	6+5+3	n	n	30	n	n
14/o720.3	720	5,1,1,1,1,1,1,1,1,1	6	6+5+3	n	n	15	n	y
14/o720.4	720	1,1,1,1,1,1,1,1,1,1,1,1,1,1	720	6+6+1+1	y	n	6	n	y
14/o720.5	720	3,1,1,1,1,1,1,1,1,1,1,1	120	5+5+3+1	y	n	15	n	y
14/o720.6	720	3,1,1,1,1,1,1,1,1,1,1,1	120	10+3+1	y	n	15	n	y
14/o720.7	720	5,2,1,1,1,1,1,1,1	3	5+3+3+2+1	y	n	30	n	n
14/o720.8	720	5,1,1,1,1,1,1,1,1,1	6	5+3+3+1+1+1	y	n	15	n	y
14/o720.9	720	1,1,1,1,1,1,1,1,1,1,1,1,1,1	720	9+5	n	n	30	n	y
14/o720.10	720	3,1,1,1,1,1,1,1,1,1,1,1	120	6+5+3	n	n	30	n	y
14/o720.11	720	3,3,2,1,1,1,1,1,1	10	5+3+3+2+1	y	n	30	n	y
14/o720.12	720	3,3,1,1,1,1,1,1,1,1	20	6+5+2+1	y	n	30	n	y
14/o720.13	720	5,1,1,1,1,1,1,1,1,1	6	6+5+2+1	y	n	15	n	y
14/o720.14	720	3,3,1,1,1,1,1,1,1,1	20	6+5+1+1+1	y	n	30	n	y
14/o720.15	720	5,1,1,1,1,1,1,1,1,1	6	6+5+1+1+1	y	n	15	n	y
14/o720.16	720	5,3,1,1,1,1,1,1	1	5+3+1+1+1+1+1+1	y	n	15	n	y
14/o720.17	720	6,1,1,1,1,1,1,1,1	1	6+1+1+1+1+1+1+1+1	y	n	6	n	y
14/o768.1	768	2,2,2,2,2,1,1,1,1	24	8+4+2	n	n	8	n	y
14/o768.2	768	2,2,2,2,2,2,2	6	6+6+2	n	n	6	n	y
14/o768.3	768	2,2,2,2,1,1,1,1,1,1	48	8+3+3	n	n	24	n	y
14/o768.4	768	4,2,2,2,2,1,1	2	4+4+4+1+1	y	n	12	n	y
14/o768.5	768	2,2,2,2,1,1,1,1,1,1	48	8+6	n	n	24	n	y
14/o768.6	768	2,2,2,1,1,1,1,1,1,1,1	96	8+6	n	n	24	n	y
14/o768.7	768	2,2,2,2,1,1,1,1,1,1	48	8+6	n	n	12	n	y
14/o768.8	768	3,2,2,2,2,2,1	4	8+3+2+1	y	n	12	n	y
14/o768.9	768	3,2,2,2,2,2,1	4	4+4+3+2+1	y	n	12	n	y
14/o768.10	768	2,2,2,2,1,1,1,1,1,1	48	8+2+2+1+1	y	n	8	n	y
14/o768.11	768	3,2,2,2,2,1,1,1	8	8+3+2+1	y	n	24	n	y
14/o768.12	768	2,2,2,2,1,1,1,1,1,1	48	8+6	n	n	24	n	y
14/o768.13	768	2,2,2,2,1,1,1,1,1,1	48	6+4+4	n	n	12	n	y
14/o768.14	768	4,2,1,1,1,1,1,1,1,1	16	8+4+2	n	n	24	n	y
14/o768.15	768	2,2,2,2,2,2,2	6	12+2	n	n	6	n	n
14/o768.16	768	2,2,2,1,1,1,1,1,1,1,1	96	8+4+2	n	n	12	n	y
14/o768.17	768	4,2,1,1,1,1,1,1,1,1	16	8+4+2	n	n	12	n	y
14/o768.18	768	2,1,1,1,1,1,1,1,1,1,1,1,1	384	12+2	n	n	6	n	y
14/o768.19	768	4,2,1,1,1,1,1,1,1,1	16	4+4+4+2	n	n	6	n	y
14/o768.20	768	4,2,2,1,1,1,1,1,1	8	4+4+4+2	n	n	12	n	y
14/o768.21	768	2,2,2,2,2,1,1,1,1	24	6+4+2+2	n	n	6	n	y
14/o768.22	768	4,2,2,2,1,1,1,1	4	4+4+2+2+2	n	n	6	n	y
14/o768.23	768	2,2,2,2,2,2,2	6	6+2+2+2+2	n	n	6	n	y
14/o768.24	768	4,2,2,2,2,2	1	4+2+2+2+2+2	n	n	6	n	y
14/o768.25	768	4,2,2,2,2,1,1	2	4+4+2+2+2	n	n	12	n	y
14/o768.26	768	2,2,2,2,2,2,1,1	12	6+4+2+2	n	n	12	n	y
14/o768.27	768	2,2,2,2,2,2,1,1	12	12+1+1	y	n	12	n	y
14/o768.28	768	2,2,2,2,2,2,1,1	12	12+2	n	n	12	n	y
14/o768.29	768	4,1,1,1,1,1,1,1,1,1,1	32	8+4+1+1	y	n	12	n	y
14/o768.30	768	4,1,1,1,1,1,1,1,1,1,1	32	8+4+2	n	n	12	n	y
14/o768.31	768	4,2,2,1,1,1,1,1,1	8	4+4+4+1+1	y	n	12	n	y
14/o768.32	768	4,2,2,2,2,1,1	2	4+4+4+2	n	n	12	n	y
14/o768.33	768	4,2,2,1,1,1,1,1,1	8	4+4+4+2	n	n	12	n	y
14/o768.34	768	2,2,2,1,1,1,1,1,1,1,1	96	8+6	n	n	12	n	y
14/o768.35	768	2,2,2,2,2,2,1,1	12	6+4+2+1+1	y	n	12	n	y
14/o768.36	768	4,2,2,2,2,1,1	2	4+4+2+2+1+1	y	n	12	n	y
14/o768.37	768	2,2,2,1,1,1,1,1,1,1,1	96	6+4+4	n	n	6	n	y
14/o768.38	768	4,2,2,2,1,1,1,1	4	4+4+4+2	n	n	12	n	y
14/o768.39	768	2,2,2,2,2,1,1,1,1	24	6+4+4	n	n	12	n	y
14/o768.40	768	2,2,2,2,2,1,1,1,1	24	6+4+2+2	n	n	12	n	y
14/o768.41	768	4,2,2,2,1,1,1,1	4	4+4+2+2+2	n	n	12	n	y
14/o768.42	768	2,2,2,2,1,1,1,1,1,1	48	8+2+2+2	n	n	8	n	y
14/o768.43	768	3,2,2,2,2,1,1,1	8	8+3+1+1+1	y	n	24	n	y
14/o768.44	768	2,2,2,2,2,1,1,1,1	24	8+2+1+1+1+1	y	n	8	n	y
14/o800.1	800	2,2,1,1,1,1,1,1,1,1,1,1	200	10+4	n	n	20	n	y
14/o800.2	800	1,1,1,1,1,1,1,1,1,1,1,1,1,1	800	10+4	n	n	10	n	y
14/o800.3	800	2,2,1,1,1,1,1,1,1,1,1,1	200	5+5+4	n	n	20	n	y
14/o800.4	800	2,2,1,1,1,1,1,1,1,1,1,1	200	10+2+2	n	n	10	n	y
14/o864.1	864	3,3,1,1,1,1,1,1,1,1	24	4+4+3+3	n	n	12	n	y
14/o864.2	864	3,3,2,1,1,1,1,1,1	12	6+3+3+2	n	n	12	n	y
14/o864.3	864	4,1,1,1,1,1,1,1,1,1,1	36	9+4+1	y	n	12	n	y
14/o864.4	864	4,3,1,1,1,1,1,1,1	6	6+4+3+1	y	n	12	n	y
14/o864.5	864	4,3,1,1,1,1,1,1,1	6	4+3+3+3+1	y	n	12	n	y
14/o864.6	864	3,3,3,1,1,1,1,1	4	4+3+3+3+1	y	n	6	n	y
14/o864.7	864	3,3,3,1,1,1,1,1	4	6+4+3+1	y	n	12	n	y
14/o864.8	864	3,3,3,2,2,1	1	3+3+3+2+2+1	y	n	6	n	y
14/o864.9	864	3,3,3,2,1,1,1	2	6+3+2+2+1	y	n	12	n	y
14/o864.10	864	3,3,3,1,1,1,1,1	4	6+3+2+2+1	y	n	12	n	y
14/o864.11	864	3,2,1,1,1,1,1,1,1,1,1	72	9+3+2	n	n	12	n	y
14/o864.12	864	3,3,2,1,1,1,1,1,1	12	6+3+3+2	n	n	6	n	y
14/o864.13	864	3,3,1,1,1,1,1,1,1,1	24	6+6+2	n	n	12	n	y
14/o864.14	864	3,3,2,1,1,1,1,1,1	12	6+6+2	n	n	12	n	y
14/o864.15	864	3,3,2,1,1,1,1,1,1	12	6+6+2	n	n	12	n	y
14/o864.16	864	3,3,1,1,1,1,1,1,1,1	24	6+6+2	n	n	12	n	y
14/o864.17	864	3,3,1,1,1,1,1,1,1,1	24	6+6+1+1	y	n	12	n	y
14/o864.18	864	3,3,3,2,1,1,1	2	6+3+2+1+1+1	y	n	12	n	y
14/o864.19	864	4,3,3,1,1,1,1	1	4+3+3+1+1+1+1	y	n	12	n	y
14/o960.1	960	2,2,1,1,1,1,1,1,1,1,1,1	240	5+5+4	n	n	20	n	y
14/o960.2	960	5,1,1,1,1,1,1,1,1,1	8	5+4+4+1	y	n	20	n	y
14/o960.3	960	5,1,1,1,1,1,1,1,1,1	8	5+4+4+1	y	n	20	n	y
14/o960.4	960	4,1,1,1,1,1,1,1,1,1,1	40	5+4+4+1	y	n	30	n	y
14/o960.5	960	5,1,1,1,1,1,1,1,1,1	8	5+4+4+1	y	n	10	n	y
14/o960.6	960	5,1,1,1,1,1,1,1,1,1	8	8+5+1	y	n	20	n	y
14/o960.7	960	5,1,1,1,1,1,1,1,1,1	8	8+5+1	y	n	10	n	y
14/o960.8	960	2,2,1,1,1,1,1,1,1,1,1,1	240	10+4	n	n	20	n	y
14/o960.9	960	2,2,2,2,1,1,1,1,1,1	60	6+5+2+1	y	n	30	n	y
14/o960.10	960	4,2,2,1,1,1,1,1,1	10	5+4+2+2+1	y	n	30	n	y
14/o960.11	960	5,2,1,1,1,1,1,1,1	4	5+4+2+2+1	y	n	10	n	y
14/o960.12	960	5,2,2,1,1,1,1,1	2	5+4+2+1+1+1	y	n	20	n	y
14/o960.13	960	5,1,1,1,1,1,1,1,1,1	8	5+4+2+2+1	y	n	10	n	y
14/o960.14	960	5,2,2,1,1,1,1,1	2	5+2+2+2+2+1	y	n	10	n	y
14/o960.15	960	5,2,2,1,1,1,1,1	2	5+4+2+2+1	y	n	20	n	y
14/o960.16	960	2,2,1,1,1,1,1,1,1,1,1,1	240	10+4	n	n	20	n	y
14/o960.17	960	3,2,2,2,1,1,1,1,1	20	5+4+3+2	n	n	60	n	y
14/o960.18	960	2,2,1,1,1,1,1,1,1,1,1,1	240	10+2+2	n	n	10	n	y
14/o960.19	960	1,1,1,1,1,1,1,1,1,1,1,1,1,1	960	10+4	n	n	10	n	y
14/o960.20	960	5,2,1,1,1,1,1,1,1	4	5+4+2+1+1+1	y	n	10	n	y
14/o960.21	960	5,2,2,2,1,1,1	1	5+2+2+2+1+1+1	y	n	10	n	y
14/o960.22	960	5,2,2,1,1,1,1,1	2	5+4+1+1+1+1+1	y	n	20	n	y
14/o1008.1	1008	3,3,1,1,1,1,1,1,1,1	28	7+6+1	y	n	42	n	y
14/o1024.1	1024	2,2,2,2,2,2,2	8	8+4+2	n	n	8	n	y
14/o1024.2	1024	2,2,2,2,2,2,2	8	8+4+2	n	n	4	n	y
14/o1024.3	1024	2,2,2,2,2,1,1,1,1	32	8+4+2	n	n	8	n	y
14/o1024.4	1024	2,2,2,2,2,2,1,1	16	8+4+2	n	n	8	n	y
14/o1024.5	1024	2,2,2,2,2,2,2	8	4+4+4+2	n	n	4	n	y
14/o1024.6	1024	2,2,2,2,2,2,2	8	8+2+2+2	n	n	8	n	y
14/o1024.7	1024	2,2,2,2,2,2,1,1	16	8+4+1+1	y	n	8	n	y
14/o1024.8	1024	2,2,2,2,2,2,1,1	16	8+4+2	n	n	8	n	y
14/o1152.1	1152	2,2,2,1,1,1,1,1,1,1,1	144	6+4+4	n	n	12	n	y
14/o1152.2	1152	4,2,1,1,1,1,1,1,1,1	24	4+4+4+2	n	n	12	n	y
14/o1152.3	1152	4,2,2,1,1,1,1,1,1	12	4+4+3+3	n	n	12	n	y
14/o1152.4	1152	2,2,2,2,1,1,1,1,1,1	72	8+3+3	n	n	24	n	n
14/o1152.5	1152	4,2,2,2,1,1,1,1	6	6+4+3+1	y	n	12	n	y
14/o1152.6	1152	3,3,1,1,1,1,1,1,1,1	32	8+6	n	n	12	n	y
14/o1152.7	1152	3,2,2,2,1,1,1,1,1	24	6+4+3+1	y	n	12	n	y
14/o1152.8	1152	3,3,2,2,1,1,1,1	8	6+4+4	n	n	12	n	y
14/o1152.9	1152	3,3,2,2,2,2	2	6+4+2+2	n	n	12	n	y
14/o1152.10	1152	4,2,2,1,1,1,1,1,1	12	6+4+4	n	n	12	n	y
14/o1152.11	1152	3,3,2,2,2,2	2	4+4+3+3	n	n	12	n	y
14/o1152.12	1152	3,3,2,2,2,2	2	6+4+4	n	n	12	n	y
14/o1152.13	1152	3,3,1,1,1,1,1,1,1,1	32	8+6	n	n	24	n	y
14/o1152.14	1152	4,3,2,1,1,1,1,1	4	4+4+3+2+1	y	n	12	n	y
14/o1152.15	1152	3,2,2,2,2,2,1	6	6+3+2+2+1	y	n	12	n	y
14/o1152.16	1152	4,3,2,2,2,1	1	4+3+2+2+2+1	y	n	12	n	y
14/o1152.17	1152	4,4,1,1,1,1,1,1	2	8+2+1+1+1+1	y	n	12	n	y
14/o1152.18	1152	4,4,1,1,1,1,1,1	2	4+4+2+2+1+1	y	n	12	n	y
14/o1152.19	1152	4,3,2,2,1,1,1	2	4+4+3+2+1	y	n	12	n	y
14/o1152.20	1152	4,4,1,1,1,1,1,1	2	8+2+2+1+1	y	n	12	n	y
14/o1152.21	1152	4,2,2,1,1,1,1,1,1	12	6+4+4	n	n	12	n	y
14/o1152.22	1152	2,2,2,2,1,1,1,1,1,1	72	6+6+2	n	n	12	n	y
14/o1152.23	1152	3,3,2,2,2,2	2	4+3+3+2+2	n	n	12	n	y
14/o1152.24	1152	3,3,2,2,2,1,1	4	6+4+2+2	n	n	12	n	y
14/o1152.25	1152	4,2,2,1,1,1,1,1,1	12	6+4+2+2	n	n	12	n	y
14/o1152.26	1152	3,3,2,2,1,1,1,1	8	6+4+2+2	n	n	6	n	y
14/o1152.27	1152	3,3,2,2,2,2	2	6+2+2+2+2	n	n	6	n	y
14/o1152.28	1152	3,3,2,2,2,1,1	4	6+4+2+2	n	n	12	n	y
14/o1152.29	1152	4,1,1,1,1,1,1,1,1,1,1	48	8+4+2	n	n	12	n	y
14/o1152.30	1152	4,1,1,1,1,1,1,1,1,1,1	48	8+4+1+1	y	n	12	n	y
14/o1152.31	1152	3,3,1,1,1,1,1,1,1,1	32	8+6	n	n	12	n	y
14/o1152.32	1152	3,3,2,2,2,1,1	4	6+4+2+1+1	y	n	12	n	y
14/o1152.33	1152	3,3,1,1,1,1,1,1,1,1	32	8+3+3	n	n	12	n	y
14/o1152.34	1152	3,3,2,2,1,1,1,1	8	4+4+3+3	n	n	12	n	y
14/o1152.35	1152	3,3,2,2,1,1,1,1	8	6+4+4	n	n	12	n	y
14/o1152.36	1152	4,1,1,1,1,1,1,1,1,1,1	48	6+4+4	n	n	12	n	y
14/o1152.37	1152	3,3,1,1,1,1,1,1,1,1	32	6+4+4	n	n	6	n	y
14/o1152.38	1152	3,3,2,2,1,1,1,1	8	6+4+4	n	n	12	n	y
14/o1152.39	1152	3,3,2,2,1,1,1,1	8	6+4+2+2	n	n	12	n	y
14/o1152.40	1152	4,4,1,1,1,1,1,1	2	4+4+2+2+2	n	n	12	n	y
14/o1152.41	1152	4,4,1,1,1,1,1,1	2	8+2+2+2	n	n	12	n	y
14/o1152.42	1152	4,3,2,2,1,1,1	2	4+4+3+1+1+1	y	n	12	n	y
14/o1152.43	1152	4,2,2,2,1,1,1,1	6	6+4+1+1+1+1	y	n	12	n	y
14/o1152.44	1152	4,4,2,1,1,1,1	1	4+4+2+1+1+1+1	y	n	12	n	y
14/o1152.45	1152	4,4,1,1,1,1,1,1	2	8+1+1+1+1+1+1	y	n	12	n	y
14/o1200.1	1200	3,1,1,1,1,1,1,1,1,1,1,1	200	10+3+1	y	n	30	n	y
14/o1200.2	1200	5,1,1,1,1,1,1,1,1,1	10	5+5+1+1+1+1	y	n	30	n	y
14/o1280.1	1280	2,2,2,2,1,1,1,1,1,1	80	8+5+1	y	n	40	n	y
14/o1280.2	1280	2,2,2,2,2,1,1,1,1	40	10+4	n	n	10	n	y
14/o1280.3	1280	2,2,2,2,2,2,2	10	10+2+2	n	n	10	n	y
14/o1296.1	1296	3,3,3,2,1,1,1	3	9+3+2	n	n	18	n	n
14/o1296.2	1296	3,3,3,1,1,1,1,1	6	9+3+1+1	y	n	12	n	y
14/o1296.3	1296	3,3,3,3,1,1	1	3+3+3+3+1+1	y	n	6	n	y
14/o1296.4	1296	3,3,3,1,1,1,1,1	6	9+1+1+1+1+1	y	n	12	n	y
14/o1440.1	1440	2,1,1,1,1,1,1,1,1,1,1,1,1	720	6+6+2	n	n	10	n	y
14/o1440.2	1440	5,1,1,1,1,1,1,1,1,1	12	6+5+3	n	n	30	n	y
14/o1440.3	1440	3,1,1,1,1,1,1,1,1,1,1,1	240	10+3+1	y	n	30	n	y
14/o1440.4	1440	5,2,1,1,1,1,1,1,1	6	5+3+3+2+1	y	n	30	n	y
14/o1440.5	1440	3,3,2,1,1,1,1,1,1	20	6+5+2+1	y	n	30	n	y
14/o1440.6	1440	5,2,1,1,1,1,1,1,1	6	6+5+2+1	y	n	30	n	y
14/o1440.7	1440	6,1,1,1,1,1,1,1,1	2	6+2+2+1+1+1+1	y	n	10	n	y
14/o1440.8	1440	5,3,1,1,1,1,1,1	2	5+3+2+2+1+1	y	n	30	n	y
14/o1440.9	1440	5,1,1,1,1,1,1,1,1,1	12	6+5+2+1	y	n	30	n	y
14/o1440.10	1440	6,1,1,1,1,1,1,1,1	2	6+2+2+2+1+1	y	n	10	n	y
14/o1440.11	1440	1,1,1,1,1,1,1,1,1,1,1,1,1,1	1440	12+2	n	n	10	n	y
14/o1440.12	1440	4,3,1,1,1,1,1,1,1	10	5+4+3+1+1	y	n	60	n	y
14/o1440.13	1440	1,1,1,1,1,1,1,1,1,1,1,1,1,1	1440	12+1+1	y	n	10	n	y
14/o1440.14	1440	5,3,1,1,1,1,1,1	2	5+3+2+2+2	n	n	30	n	y
14/o1440.15	1440	6,1,1,1,1,1,1,1,1	2	6+2+2+2+2	n	n	10	n	y
14/o1440.16	1440	5,1,1,1,1,1,1,1,1,1	12	6+5+1+1+1	y	n	30	n	y
14/o1440.17	1440	5,3,2,1,1,1,1	1	5+3+2+1+1+1+1	y	n	30	n	y
14/o1440.18	1440	6,2,1,1,1,1,1,1	1	6+2+1+1+1+1+1+1	y	n	10	n	y
14/o1536.1	1536	4,2,2,2,2,2	2	4+4+4+2	n	n	12	n	y
14/o1536.2	1536	2,2,2,2,2,2,2	12	6+4+4	n	n	12	n	y
14/o1536.3	1536	3,2,2,2,2,2,1	8	8+3+2+1	y	n	24	n	y
14/o1536.4	1536	2,2,2,2,1,1,1,1,1,1	96	8+6	n	n	24	n	y
14/o1536.5	1536	2,2,2,2,2,2,2	12	12+2	n	n	12	n	y
14/o1536.6	1536	4,2,1,1,1,1,1,1,1,1	32	8+4+2	n	n	12	n	y
14/o1536.7	1536	4,2,2,2,1,1,1,1	8	4+4+4+2	n	n	12	n	y
14/o1536.8	1536	2,2,2,2,2,2,2	12	6+4+2+2	n	n	12	n	y
14/o1536.9	1536	4,2,2,2,2,2	2	4+4+2+2+2	n	n	12	n	y
14/o1536.10	1536	4,2,2,2,2,1,1	4	8+4+1+1	y	n	12	n	y
14/o1536.11	1536	4,2,2,2,2,1,1	4	8+4+2	n	n	12	n	y
14/o1536.12	1536	4,2,2,2,2,1,1	4	4+4+4+1+1	y	n	12	n	y
14/o1536.13	1536	2,2,2,2,1,1,1,1,1,1	96	8+4+1+1	y	n	8	n	y
14/o1536.14	1536	4,2,2,2,2,1,1	4	4+4+4+2	n	n	12	n	y
14/o1536.15	1536	2,2,2,2,1,1,1,1,1,1	96	8+4+2	n	n	8	n	y
14/o1536.16	1536	2,2,2,2,2,2,1,1	24	8+2+2+1+1	y	n	8	n	y
14/o1536.17	1536	2,2,2,1,1,1,1,1,1,1,1	192	8+6	n	n	12	n	y
14/o1536.18	1536	2,2,2,2,2,1,1,1,1	48	6+4+4	n	n	12	n	y
14/o1536.19	1536	2,2,2,2,2,1,1,1,1	48	8+2+2+2	n	n	8	n	y
14/o1600.1	1600	2,2,1,1,1,1,1,1,1,1,1,1	400	10+4	n	n	20	n	y
14/o1680.1	1680	5,1,1,1,1,1,1,1,1,1	14	7+5+1+1	y	n	42	n	y
14/o1728.1	1728	3,3,1,1,1,1,1,1,1,1	48	6+4+4	n	n	12	n	y
14/o1728.2	1728	3,3,1,1,1,1,1,1,1,1	48	8+3+3	n	n	12	n	y
14/o1728.3	1728	4,4,1,1,1,1,1,1	3	4+4+3+3	n	n	12	n	n
14/o1728.4	1728	4,1,1,1,1,1,1,1,1,1,1	72	9+4+1	y	n	12	n	y
14/o1728.5	1728	3,3,1,1,1,1,1,1,1,1	48	8+6	n	n	12	n	y
14/o1728.6	1728	4,3,1,1,1,1,1,1,1	12	6+4+3+1	y	n	12	n	y
14/o1728.7	1728	3,3,3,2,2,1	2	6+4+3+1	y	n	12	n	y
14/o1728.8	1728	3,3,3,2,2,1	2	4+3+3+3+1	y	n	12	n	y
14/o1728.9	1728	3,3,3,1,1,1,1,1	8	6+4+3+1	y	n	12	n	y
14/o1728.10	1728	3,3,3,2,2,1	2	6+3+2+2+1	y	n	12	n	y
14/o1728.11	1728	4,3,3,1,1,1,1	2	6+4+2+1+1	y	n	12	n	y
14/o1728.12	1728	3,3,2,1,1,1,1,1,1	24	6+6+2	n	n	12	n	y
14/o1728.13	1728	3,3,2,2,2,1,1	6	6+3+3+1+1	y	n	12	n	y
14/o1728.14	1728	4,3,3,2,1,1	1	4+3+3+2+1+1	y	n	12	n	y
14/o1728.15	1728	4,3,3,1,1,1,1	2	4+3+3+2+2	n	n	12	n	y
14/o1728.16	1728	4,3,3,1,1,1,1	2	6+4+2+2	n	n	12	n	y
14/o1728.17	1728	4,3,3,1,1,1,1	2	6+4+1+1+1+1	y	n	12	n	y
14/o1792.1	1792	2,2,2,2,2,2,2	14	14	n	n	14	n	y
14/o1920.1	1920	4,2,2,1,1,1,1,1,1	20	5+4+4+1	y	n	60	n	y
14/o1920.2	1920	5,1,1,1,1,1,1,1,1,1	16	8+5+1	y	n	40	n	y
14/o1920.3	1920	3,2,2,2,2,2,1	10	10+3+1	y	n	30	n	y
14/o1920.4	1920	5,1,1,1,1,1,1,1,1,1	16	8+5+1	y	n	20	n	y
14/o1920.5	1920	5,1,1,1,1,1,1,1,1,1	16	5+4+4+1	y	n	10	n	y
14/o1920.6	1920	5,2,2,1,1,1,1,1	4	5+4+4+1	y	n	20	n	y
14/o1920.7	1920	5,2,2,1,1,1,1,1	4	5+4+2+2+1	y	n	10	n	y
14/o1920.8	1920	5,2,2,2,2,1	1	5+2+2+2+2+1	y	n	10	n	y
14/o1920.9	1920	5,2,2,2,1,1,1	2	5+4+2+2+1	y	n	20	n	y
14/o1920.10	1920	5,2,2,1,1,1,1,1	4	5+4+2+2+1	y	n	20	n	y
14/o1920.11	1920	2,2,1,1,1,1,1,1,1,1,1,1	480	10+4	n	n	20	n	y
14/o1920.12	1920	5,2,2,2,1,1,1	2	5+4+2+1+1+1	y	n	20	n	y
14/o2016.1	2016	4,3,1,1,1,1,1,1,1	14	7+4+3	n	n	84	-	-
14/o2048.1	2048	2,2,2,2,2,2,2	16	8+4+2	n	n	8	-	-
14/o2160.1	2160	5,1,1,1,1,1,1,1,1,1	18	9+5	n	n	15	-	-
14/o2160.2	2160	5,3,1,1,1,1,1,1	3	5+3+3+3	n	n	30	-	-
14/o2160.3	2160	6,1,1,1,1,1,1,1,1	3	6+3+3+1+1	y	n	15	-	-
14/o2160.4	2160	3,3,3,1,1,1,1,1	10	5+3+3+3	n	n	30	-	-
14/o2160.5	2160	5,1,1,1,1,1,1,1,1,1	18	9+5	n	n	45	-	-
14/o2304.1	2304	2,2,2,2,1,1,1,1,1,1	144	8+3+3	n	n	24	-	-
14/o2304.2	2304	3,2,2,2,2,2,1	12	6+4+3+1	y	n	12	-	-
14/o2304.3	2304	4,4,1,1,1,1,1,1	4	8+4+1+1	y	n	12	-	-
14/o2304.4	2304	3,3,2,2,2,2	4	6+4+4	n	n	12	-	-
14/o2304.5	2304	3,3,2,2,2,2	4	6+4+4	n	n	12	-	-
14/o2304.6	2304	3,3,2,2,2,2	4	8+3+3	n	n	12	-	-
14/o2304.7	2304	3,3,2,2,2,2	4	8+6	n	n	12	-	-
14/o2304.8	2304	4,3,2,2,2,1	2	4+4+3+2+1	y	n	12	-	-
14/o2304.9	2304	4,4,2,1,1,1,1	2	8+2+2+1+1	y	n	12	-	-
14/o2304.10	2304	4,4,1,1,1,1,1,1	4	8+2+2+1+1	y	n	12	-	-
14/o2304.11	2304	2,2,2,1,1,1,1,1,1,1,1	288	8+6	n	n	12	-	-
14/o2304.12	2304	3,3,2,2,2,2	4	4+4+3+3	n	n	12	-	-
14/o2304.13	2304	4,2,2,1,1,1,1,1,1	24	6+4+4	n	n	12	-	-
14/o2304.14	2304	4,2,1,1,1,1,1,1,1,1	48	8+4+2	n	n	12	-	-
14/o2304.15	2304	3,3,2,2,2,2	4	6+4+2+2	n	n	12	-	-
14/o2304.16	2304	4,4,1,1,1,1,1,1	4	8+2+2+2	n	n	12	-	-
14/o2304.17	2304	2,2,2,2,2,2,1,1	36	6+6+1+1	y	n	12	-	-
14/o2304.18	2304	4,4,1,1,1,1,1,1	4	4+4+4+1+1	y	n	12	-	-
14/o2304.19	2304	4,4,1,1,1,1,1,1	4	4+4+4+2	n	n	12	-	-
14/o2304.20	2304	4,4,1,1,1,1,1,1	4	8+4+2	n	n	12	-	-
14/o2304.21	2304	4,2,2,2,2,1,1	6	6+4+2+1+1	y	n	12	-	-
14/o2304.22	2304	4,4,2,2,1,1	1	4+4+2+2+1+1	y	n	12	-	-
14/o2304.23	2304	3,3,1,1,1,1,1,1,1,1	64	8+6	n	n	12	-	-
14/o2304.24	2304	3,3,2,2,1,1,1,1	16	6+4+4	n	n	12	-	-
14/o2304.25	2304	4,4,1,1,1,1,1,1	4	8+4+2	n	n	12	-	-
14/o2304.26	2304	4,2,2,2,1,1,1,1	12	6+4+2+2	n	n	12	-	-
14/o2304.27	2304	4,4,2,1,1,1,1	2	4+4+2+2+2	n	n	12	-	-
14/o2304.28	2304	4,4,2,1,1,1,1	2	8+2+2+2	n	n	12	-	-
14/o2304.29	2304	4,4,1,1,1,1,1,1	4	8+2+2+2	n	n	12	-	-
14/o2304.30	2304	2,2,2,2,1,1,1,1,1,1	144	8+6	n	n	24	-	-
14/o2304.31	2304	3,2,2,2,2,1,1,1	24	8+3+1+1+1	y	n	24	-	-
14/o2304.32	2304	4,4,2,1,1,1,1	2	8+2+1+1+1+1	y	n	12	-	-
14/o2400.1	2400	4,1,1,1,1,1,1,1,1,1,1	100	5+5+4	n	n	30	-	-
14/o2400.2	2400	5,2,1,1,1,1,1,1,1	10	5+5+2+1+1	y	n	30	-	-
14/o2400.3	2400	5,1,1,1,1,1,1,1,1,1	20	5+5+2+2	n	n	30	-	-
14/o2560.1	2560	2,2,2,2,2,2,2	20	10+4	n	n	20	-	-
14/o2592.1	2592	3,3,3,2,1,1,1	6	9+3+2	n	n	18	-	-
14/o2592.2	2592	3,3,3,3,1,1	2	6+6+1+1	y	n	12	-	-
14/o2592.3	2592	3,3,3,1,1,1,1,1	12	9+2+2+1	y	n	18	-	-
14/o2592.4	2592	3,3,3,3,2	1	3+3+3+3+2	n	n	6	-	-
14/o2592.5	2592	3,3,3,3,1,1	2	6+3+3+2	n	n	12	-	-
14/o2592.6	2592	3,3,3,3,1,1	2	6+6+2	n	n	12	-	-
14/o2592.7	2592	3,3,3,3,1,1	2	6+3+3+1+1	y	n	12	-	-
14/o2592.8	2592	3,3,3,2,1,1,1	6	9+2+1+1+1	y	n	18	-	-
14/o2880.1	2880	4,1,1,1,1,1,1,1,1,1,1	120	5+5+4	n	n	20	-	-
14/o2880.2	2880	4,1,1,1,1,1,1,1,1,1,1	120	10+4	n	n	20	-	-
14/o2880.3	2880	5,2,2,2,1,1,1	3	6+5+3	n	n	30	-	-
14/o2880.4	2880	5,1,1,1,1,1,1,1,1,1	24	5+4+4+1	y	n	20	-	-
14/o2880.5	2880	3,2,2,2,1,1,1,1,1	60	6+5+3	n	n	60	-	-
14/o2880.6	2880	5,2,1,1,1,1,1,1,1	12	6+5+2+1	y	n	30	-	-
14/o2880.7	2880	6,1,1,1,1,1,1,1,1	4	6+4+2+1+1	y	n	10	-	-
14/o2880.8	2880	6,2,1,1,1,1,1,1	2	6+2+2+2+1+1	y	n	10	-	-
14/o2880.9	2880	6,1,1,1,1,1,1,1,1	4	6+4+4	n	n	20	-	-
14/o2880.10	2880	4,3,2,1,1,1,1,1	10	5+4+3+2	n	n	60	-	-
14/o2880.11	2880	2,1,1,1,1,1,1,1,1,1,1,1,1	1440	12+2	n	n	10	-	-
14/o2880.12	2880	6,1,1,1,1,1,1,1,1	4	6+2+2+2+2	n	n	10	-	-
14/o2880.13	2880	6,1,1,1,1,1,1,1,1	4	6+4+2+2	n	n	10	-	-
14/o2880.14	2880	5,3,1,1,1,1,1,1	4	5+4+3+1+1	y	n	30	-	-
14/o2880.15	2880	5,3,1,1,1,1,1,1	4	5+4+3+2	n	n	30	-	-
14/o2880.16	2880	5,3,2,2,1,1	1	5+3+2+2+1+1	y	n	30	-	-
14/o2880.17	2880	6,1,1,1,1,1,1,1,1	4	6+4+4	n	n	10	-	-
14/o2880.18	2880	5,3,2,1,1,1,1	2	5+3+2+2+2	n	n	30	-	-
14/o2880.19	2880	6,1,1,1,1,1,1,1,1	4	6+4+2+2	n	n	10	-	-
14/o2880.20	2880	6,2,1,1,1,1,1,1	2	6+2+2+2+2	n	n	10	-	-
14/o2880.21	2880	6,1,1,1,1,1,1,1,1	4	6+4+1+1+1+1	y	n	10	-	-
14/o2880.22	2880	6,2,2,1,1,1,1	1	6+2+2+1+1+1+1	y	n	10	-	-
14/o2880.23	2880	5,4,1,1,1,1,1	1	5+4+1+1+1+1+1	y	n	20	-	-
14/o3072.1	3072	2,2,2,2,2,2,2	24	8+6	n	n	12	-	-
14/o3072.2	3072	2,2,2,2,2,2,2	24	6+4+4	n	n	12	-	-
14/o3072.3	3072	4,2,2,2,2,2	4	8+4+2	n	n	12	-	-
14/o3072.4	3072	4,2,2,2,2,2	4	4+4+4+2	n	n	12	-	-
14/o3072.5	3072	2,2,2,2,2,1,1,1,1	96	8+4+2	n	n	8	-	-
14/o3072.6	3072	2,2,2,2,2,2,2	24	8+2+2+2	n	n	8	-	-
14/o3072.7	3072	2,2,2,2,2,2,1,1	48	12+1+1	y	n	12	-	-
14/o3072.8	3072	4,2,2,2,2,1,1	8	8+4+1+1	y	n	24	-	-
14/o3072.9	3072	4,2,2,2,2,1,1	8	8+4+2	n	n	24	-	-
14/o3072.10	3072	2,2,2,2,2,2,1,1	48	8+4+1+1	y	n	12	-	-
14/o3072.11	3072	2,2,2,2,2,2,1,1	48	8+4+2	n	n	12	-	-
14/o3360.1	3360	5,2,1,1,1,1,1,1,1	14	7+5+2	n	n	70	-	-
14/o3456.1	3456	4,4,1,1,1,1,1,1	6	4+4+3+3	n	n	12	-	-
14/o3456.2	3456	4,4,1,1,1,1,1,1	6	8+3+3	n	n	24	-	-
14/o3456.3	3456	3,3,1,1,1,1,1,1,1,1	96	8+6	n	n	12	-	-
14/o3456.4	3456	3,3,3,2,2,1	4	6+4+3+1	y	n	12	-	-
14/o3456.5	3456	3,3,2,2,2,2	6	6+3+3+2	n	n	12	-	-
14/o3456.6	3456	4,3,3,2,2	1	4+3+3+2+2	n	n	12	-	-
14/o3456.7	3456	4,3,3,2,1,1	2	6+4+2+2	n	n	12	-	-
14/o3456.8	3456	3,3,2,2,2,1,1	12	6+6+2	n	n	12	-	-
14/o3456.9	3456	3,3,2,2,2,1,1	12	6+6+1+1	y	n	12	-	-
14/o3456.10	3456	4,3,3,2,1,1	2	6+4+2+1+1	y	n	12	-	-
14/o3456.11	3456	4,3,3,1,1,1,1	4	4+4+3+3	n	n	12	-	-
14/o3456.12	3456	4,3,3,1,1,1,1	4	6+4+4	n	n	12	-	-
14/o3456.13	3456	4,3,3,1,1,1,1	4	6+4+2+2	n	n	12	-	-
14/o3456.14	3456	4,4,1,1,1,1,1,1	6	6+4+4	n	n	12	-	-
14/o3456.15	3456	4,4,1,1,1,1,1,1	6	8+6	n	n	12	-	-
14/o3456.16	3456	4,4,3,1,1,1	1	4+4+3+1+1+1	y	n	12	-	-
14/o3840.1	3840	5,2,2,2,2,1	2	5+4+4+1	y	n	20	-	-
14/o3840.2	3840	2,2,2,2,1,1,1,1,1,1	240	8+5+1	y	n	40	-	-
14/o3840.3	3840	5,1,1,1,1,1,1,1,1,1	32	8+5+1	y	n	20	-	-
14/o3840.4	3840	5,2,2,1,1,1,1,1	8	5+4+4+1	y	n	20	-	-
14/o3840.5	3840	5,2,2,2,2,1	2	5+4+2+2+1	y	n	20	-	-
14/o3840.6	3840	2,2,2,2,2,1,1,1,1	120	10+1+1+1+1	y	n	12	-	-
14/o4320.1	4320	5,3,1,1,1,1,1,1	6	6+5+3	n	n	30	-	-
14/o4320.2	4320	6,2,1,1,1,1,1,1	3	6+3+3+2	n	n	30	-	-
14/o4320.3	4320	5,1,1,1,1,1,1,1,1,1	36	9+5	n	n	30	-	-
14/o4320.4	4320	5,3,1,1,1,1,1,1	6	5+3+3+3	n	n	30	-	-
14/o4320.5	4320	6,1,1,1,1,1,1,1,1	6	6+3+3+1+1	y	n	15	-	-
14/o4320.6	4320	3,3,3,1,1,1,1,1	20	6+5+3	n	n	60	-	-
14/o4320.7	4320	6,1,1,1,1,1,1,1,1	6	6+6+2	n	n	15	-	-
14/o4320.8	4320	6,1,1,1,1,1,1,1,1	6	6+6+1+1	y	n	15	-	-
14/o4320.9	4320	5,3,3,1,1,1	1	5+3+3+1+1+1	y	n	30	-	-
14/o4320.10	4320	6,3,1,1,1,1,1	1	6+3+1+1+1+1+1	y	n	15	-	-
14/o4608.1	4608	4,4,2,2,1,1	2	8+4+1+1	y	n	12	-	-
14/o4608.2	4608	3,3,2,2,2,2	8	8+6	n	n	24	-	-
14/o4608.3	4608	3,3,2,2,2,2	8	8+6	n	n	12	-	-
14/o4608.4	4608	3,2,2,2,2,2,1	24	8+3+2+1	y	n	24	-	-
14/o4608.5	4608	3,3,2,2,2,2	8	8+3+3	n	n	24	-	-
14/o4608.6	4608	3,3,2,2,2,2	8	6+4+4	n	n	12	-	-
14/o4608.7	4608	2,2,2,2,2,2,2	36	6+6+2	n	n	12	-	-
14/o4608.8	4608	4,4,2,1,1,1,1	4	4+4+4+2	n	n	12	-	-
14/o4608.9	4608	4,4,1,1,1,1,1,1	8	8+4+2	n	n	12	-	-
14/o4608.10	4608	4,2,2,2,2,2	6	6+4+2+2	n	n	12	-	-
14/o4608.11	4608	4,4,2,2,2	1	4+4+2+2+2	n	n	12	-	-
14/o4608.12	4608	4,4,2,2,1,1	2	8+2+2+2	n	n	12	-	-
14/o4608.13	4608	2,2,2,2,1,1,1,1,1,1	288	8+6	n	n	24	-	-
14/o4608.14	4608	2,2,2,2,2,2,1,1	72	12+1+1	y	n	12	-	-
14/o4608.15	4608	2,2,2,2,2,2,1,1	72	12+2	n	n	12	-	-
14/o4608.16	4608	4,4,2,2,1,1	2	4+4+4+1+1	y	n	12	-	-
14/o4608.17	4608	4,4,1,1,1,1,1,1	8	8+4+1+1	y	n	12	-	-
14/o4608.18	4608	4,4,2,2,1,1	2	4+4+4+2	n	n	12	-	-
14/o4608.19	4608	4,4,2,2,1,1	2	8+4+2	n	n	12	-	-
14/o4608.20	4608	4,4,1,1,1,1,1,1	8	8+4+2	n	n	12	-	-
14/o4608.21	4608	4,4,2,2,1,1	2	8+2+2+1+1	y	n	12	-	-
14/o4608.22	4608	4,2,2,2,1,1,1,1	24	6+4+4	n	n	12	-	-
14/o4608.23	4608	4,4,2,1,1,1,1	4	8+4+2	n	n	12	-	-
14/o4608.24	4608	4,4,2,1,1,1,1	4	8+2+2+2	n	n	12	-	-
14/o4800.1	4800	4,1,1,1,1,1,1,1,1,1,1	200	10+4	n	n	30	-	-
14/o4800.2	4800	5,2,2,1,1,1,1,1	10	5+5+2+2	n	n	30	-	-
14/o4800.3	4800	5,1,1,1,1,1,1,1,1,1	40	5+5+4	n	n	30	-	-
14/o5040.1	5040	1,1,1,1,1,1,1,1,1,1,1,1,1,1	5040	7+7	n	n	12	-	-
14/o5040.2	5040	7,1,1,1,1,1,1,1	1	7+1+1+1+1+1+1+1	y	n	12	-	-
14/o5184.1	5184	3,3,3,3,2	2	6+6+2	n	n	12	-	-
14/o5184.2	5184	4,3,3,3,1	1	4+3+3+3+1	y	n	12	-	-
14/o5184.3	5184	3,3,3,1,1,1,1,1	24	9+4+1	y	n	18	-	-
14/o5184.4	5184	3,3,3,2,2,1	6	9+2+2+1	y	n	18	-	-
14/o5184.5	5184	3,3,3,3,2	2	6+3+3+2	n	n	12	-	-
14/o5184.6	5184	3,3,3,3,1,1	4	6+6+2	n	n	12	-	-
14/o5184.7	5184	3,3,3,3,1,1	4	12+2	n	n	12	-	-
14/o5184.8	5184	3,3,3,3,1,1	4	6+6+1+1	y	n	12	-	-
14/o5184.9	5184	3,3,3,3,1,1	4	12+1+1	y	n	12	-	-
14/o5760.1	5760	4,1,1,1,1,1,1,1,1,1,1	240	10+4	n	n	30	-	-
14/o5760.2	5760	5,2,2,2,1,1,1	6	6+5+3	n	n	30	-	-
14/o5760.3	5760	4,4,1,1,1,1,1,1	10	5+4+4+1	y	n	60	-	-
14/o5760.4	5760	5,1,1,1,1,1,1,1,1,1	48	8+5+1	y	n	30	-	-
14/o5760.5	5760	6,2,2,1,1,1,1	2	6+4+2+1+1	y	n	20	-	-
14/o5760.6	5760	5,4,1,1,1,1,1	2	5+4+2+2+1	y	n	30	-	-
14/o5760.7	5760	6,1,1,1,1,1,1,1,1	8	6+4+4	n	n	20	-	-
14/o5760.8	5760	6,1,1,1,1,1,1,1,1	8	6+4+4	n	n	20	-	-
14/o5760.9	5760	5,3,2,1,1,1,1	4	5+4+3+2	n	n	30	-	-
14/o5760.10	5760	5,3,2,2,2	1	5+3+2+2+2	n	n	30	-	-
14/o5760.11	5760	6,2,1,1,1,1,1,1	4	6+4+2+2	n	n	10	-	-
14/o5760.12	5760	5,3,2,2,1,1	2	5+4+3+1+1	y	n	60	-	-
14/o5760.13	5760	5,3,2,2,1,1	2	5+4+3+2	n	n	60	-	-
14/o5760.14	5760	6,2,1,1,1,1,1,1	4	6+4+2+1+1	y	n	10	-	-
14/o5760.15	5760	6,2,2,2,1,1	1	6+2+2+2+1+1	y	n	10	-	-
14/o5760.16	5760	6,1,1,1,1,1,1,1,1	8	6+4+4	n	n	10	-	-
14/o5760.17	5760	6,1,1,1,1,1,1,1,1	8	6+4+2+2	n	n	10	-	-
14/o5760.18	5760	6,2,2,1,1,1,1	2	6+2+2+2+2	n	n	10	-	-
14/o5760.19	5760	6,2,2,1,1,1,1	2	6+4+2+2	n	n	20	-	-
14/o5760.20	5760	6,1,1,1,1,1,1,1,1	8	8+6	n	n	20	-	-
14/o5760.21	5760	5,2,2,2,1,1,1	6	6+5+1+1+1	y	n	30	-	-
14/o5760.22	5760	5,4,2,1,1,1	1	5+4+2+1+1+1	y	n	30	-	-
14/o5760.23	5760	6,1,1,1,1,1,1,1,1	8	8+6	n	n	10	-	-
14/o5760.24	5760	6,2,2,1,1,1,1	2	6+4+1+1+1+1	y	n	20	-	-
14/o6144.1	6144	2,2,2,2,2,2,2	48	8+6	n	n	24	-	-
14/o6144.2	6144	2,2,2,2,2,2,2	48	12+2	n	n	12	-	-
14/o6144.3	6144	4,2,2,2,2,2	8	8+4+2	n	n	24	-	-
14/o6144.4	6144	2,2,2,2,2,2,2	48	8+4+2	n	n	12	-	-
14/o6912.1	6912	4,4,1,1,1,1,1,1	12	8+3+3	n	n	24	-	-
14/o6912.2	6912	4,3,2,2,2,1	6	6+4+3+1	y	n	12	-	-
14/o6912.3	6912	4,3,3,2,2	2	6+4+4	n	n	12	-	-
14/o6912.4	6912	4,4,3,2,1	1	4+4+3+2+1	y	n	12	-	-
14/o6912.5	6912	4,4,3,1,1,1	2	8+3+2+1	y	n	24	-	-
14/o6912.6	6912	4,3,3,2,2	2	4+4+3+3	n	n	12	-	-
14/o6912.7	6912	3,3,2,2,2,2	12	6+6+2	n	n	12	-	-
14/o6912.8	6912	4,3,3,2,2	2	6+4+2+2	n	n	12	-	-
14/o6912.9	6912	4,4,1,1,1,1,1,1	12	6+4+4	n	n	12	-	-
14/o6912.10	6912	4,4,1,1,1,1,1,1	12	8+6	n	n	24	-	-
14/o6912.11	6912	4,3,3,1,1,1,1	8	6+4+4	n	n	12	-	-
14/o6912.12	6912	4,4,1,1,1,1,1,1	12	8+6	n	n	24	-	-
14/o6912.13	6912	4,4,3,1,1,1	2	8+3+1+1+1	y	n	24	-	-
14/o7200.1	7200	5,3,1,1,1,1,1,1	10	5+5+3+1	y	n	60	-	-
14/o7200.2	7200	6,1,1,1,1,1,1,1,1	10	6+5+1+1+1	y	n	30	-	-
14/o7680.1	7680	5,2,2,2,2,1	4	8+5+1	y	n	20	-	-
14/o7680.2	7680	5,2,2,2,2,1	4	5+4+4+1	y	n	20	-	-
14/o7680.3	7680	4,2,2,2,2,2	10	10+4	n	n	30	-	-
14/o7680.4	7680	2,2,2,2,2,2,1,1	120	10+2+1+1	y	n	12	-	-
14/o7680.5	7680	2,2,2,2,2,1,1,1,1	240	10+2+2	n	n	12	-	-
14/o7776.1	7776	3,3,3,3,1,1	6	9+3+1+1	y	n	18	-	-
14/o8640.1	8640	5,1,1,1,1,1,1,1,1,1	72	9+5	n	n	30	-	-
14/o8640.2	8640	5,3,1,1,1,1,1,1	12	6+5+3	n	n	30	-	-
14/o8640.3	8640	6,2,1,1,1,1,1,1	6	6+3+3+2	n	n	30	-	-
14/o8640.4	8640	5,3,3,2,1	1	5+3+3+2+1	y	n	30	-	-
14/o8640.5	8640	5,3,3,1,1,1	2	6+5+2+1	y	n	30	-	-
14/o8640.6	8640	6,3,1,1,1,1,1	2	6+3+2+2+1	y	n	30	-	-
14/o8640.7	8640	6,2,1,1,1,1,1,1	6	6+6+2	n	n	30	-	-
14/o8640.8	8640	6,1,1,1,1,1,1,1,1	12	6+6+2	n	n	30	-	-
14/o8640.9	8640	6,1,1,1,1,1,1,1,1	12	6+6+1+1	y	n	30	-	-
14/o8640.10	8640	5,3,3,1,1,1	2	6+5+1+1+1	y	n	30	-	-
14/o8640.11	8640	6,3,2,1,1,1	1	6+3+2+1+1+1	y	n	30	-	-
14/o9216.1	9216	4,4,2,2,2	2	8+4+2	n	n	12	-	-
14/o9216.2	9216	3,3,2,2,2,2	16	8+6	n	n	24	-	-
14/o9216.3	9216	4,2,2,2,2,2	12	6+4+4	n	n	12	-	-
14/o9216.4	9216	2,2,2,2,2,2,2	72	12+2	n	n	12	-	-
14/o9216.5	9216	4,4,2,2,2	2	4+4+4+2	n	n	12	-	-
14/o9216.6	9216	4,4,2,2,1,1	4	8+4+2	n	n	12	-	-
14/o9216.7	9216	4,4,2,1,1,1,1	8	8+4+2	n	n	12	-	-
14/o9216.8	9216	4,4,2,2,2	2	8+2+2+2	n	n	12	-	-
14/o9216.9	9216	4,2,2,2,2,1,1	24	8+4+1+1	y	n	24	-	-
14/o9216.10	9216	4,4,2,2,1,1	4	8+4+1+1	y	n	12	-	-
14/o9216.11	9216	4,4,2,2,1,1	4	8+4+2	n	n	12	-	-
14/o9600.1	9600	5,2,2,1,1,1,1,1	20	5+5+4	n	n	60	-	-
14/o10080.1	10080	6,1,1,1,1,1,1,1,1	14	7+6+1	y	n	42	-	-
14/o10080.2	10080	7,1,1,1,1,1,1,1	2	7+2+2+1+1+1	y	n	14	-	-
14/o10080.3	10080	7,1,1,1,1,1,1,1	2	7+2+2+2+1	y	n	14	-	-
14/o10080.4	10080	1,1,1,1,1,1,1,1,1,1,1,1,1,1	10080	14	n	n	14	-	-
14/o10080.5	10080	7,2,1,1,1,1,1	1	7+2+1+1+1+1+1	y	n	14	-	-
14/o10368.1	10368	4,3,3,3,1	2	6+4+3+1	y	n	12	-	-
14/o10368.2	10368	3,3,3,2,2,1	12	9+4+1	y	n	36	-	-
14/o10368.3	10368	3,3,3,3,2	4	6+6+2	n	n	12	-	-
14/o10368.4	10368	3,3,3,3,2	4	12+2	n	n	12	-	-
14/o10368.5	10368	3,3,3,3,1,1	8	12+2	n	n	12	-	-
14/o10368.6	10368	3,3,3,3,1,1	8	12+1+1	y	n	12	-	-
14/o11520.1	11520	4,4,1,1,1,1,1,1	20	8+5+1	y	n	60	-	-
14/o11520.2	11520	5,4,1,1,1,1,1	4	5+4+4+1	y	n	30	-	-
14/o11520.3	11520	6,1,1,1,1,1,1,1,1	16	8+6	n	n	40	-	-
14/o11520.4	11520	5,2,2,2,2,1	6	6+5+2+1	y	n	30	-	-
14/o11520.5	11520	5,4,2,2,1	1	5+4+2+2+1	y	n	30	-	-
14/o11520.6	11520	5,3,2,2,2	2	5+4+3+2	n	n	60	-	-
14/o11520.7	11520	6,2,2,1,1,1,1	4	6+4+2+2	n	n	10	-	-
14/o11520.8	11520	6,2,2,2,2	1	6+2+2+2+2	n	n	10	-	-
14/o11520.9	11520	6,2,2,2,1,1	2	6+4+2+2	n	n	20	-	-
14/o11520.10	11520	6,1,1,1,1,1,1,1,1	16	8+6	n	n	20	-	-
14/o11520.11	11520	6,2,2,2,1,1	2	6+4+2+1+1	y	n	20	-	-
14/o11520.12	11520	6,1,1,1,1,1,1,1,1	16	6+4+4	n	n	10	-	-
14/o11520.13	11520	6,2,2,1,1,1,1	4	6+4+4	n	n	20	-	-
14/o11520.14	11520	6,2,2,1,1,1,1	4	6+4+2+2	n	n	20	-	-
14/o12960.1	12960	3,3,3,1,1,1,1,1	60	9+5	n	n	60	-	-
14/o13824.1	13824	3,3,2,2,2,2	24	8+3+3	n	n	24	-	-
14/o13824.2	13824	4,4,3,2,1	2	8+3+2+1	y	n	24	-	-
14/o13824.3	13824	4,3,3,2,2	4	6+4+4	n	n	12	-	-
14/o13824.4	13824	4,4,1,1,1,1,1,1	24	8+6	n	n	24	-	-
14/o13824.5	13824	4,4,4,1,1	1	4+4+4+1+1	y	n	12	-	-
14/o14400.1	14400	6,2,1,1,1,1,1,1	10	6+5+2+1	y	n	30	-	-
14/o14400.2	14400	5,5,1,1,1,1	1	5+5+1+1+1+1	y	n	30	-	-
14/o15120.1	15120	7,1,1,1,1,1,1,1	3	7+3+3+1	y	n	30	-	-
14/o15360.1	15360	5,2,2,2,2,1	8	8+5+1	y	n	40	-	-
14/o15360.2	15360	2,2,2,2,2,2,2	120	10+2+2	n	n	12	-	-
14/o15360.3	15360	2,2,2,2,2,1,1,1,1	480	10+4	n	n	12	-	-
14/o15552.1	15552	3,3,3,3,2	6	9+3+2	n	n	18	-	-
14/o17280.1	17280	6,1,1,1,1,1,1,1,1	24	6+4+4	n	n	20	-	-
14/o17280.2	17280	6,3,1,1,1,1,1	4	6+4+3+1	y	n	30	-	-
14/o17280.3	17280	5,3,3,2,1	2	6+5+2+1	y	n	30	-	-
14/o17280.4	17280	6,3,2,2,1	1	6+3+2+2+1	y	n	30	-	-
14/o17280.5	17280	6,2,1,1,1,1,1,1	12	6+6+2	n	n	30	-	-
14/o17280.6	17280	5,4,3,1,1	1	5+4+3+1+1	y	n	60	-	-
14/o17280.7	17280	6,4,1,1,1,1	1	6+4+1+1+1+1	y	n	20	-	-
14/o18432.1	18432	2,2,2,2,2,2,2	144	8+6	n	n	24	-	-
14/o18432.2	18432	4,2,2,2,2,2	24	8+4+2	n	n	24	-	-
14/o18432.3	18432	4,4,2,2,2	4	8+4+2	n	n	12	-	-
14/o20160.1	20160	7,1,1,1,1,1,1,1	4	7+4+2+1	y	n	14	-	-
14/o20160.2	20160	7,2,1,1,1,1,1	2	7+2+2+2+1	y	n	14	-	-
14/o20160.3	20160	7,1,1,1,1,1,1,1	4	7+4+1+1+1	y	n	14	-	-
14/o20160.4	20160	7,2,2,1,1,1	1	7+2+2+1+1+1	y	n	14	-	-
14/o20736.1	20736	4,4,3,3	1	4+4+3+3	n	n	12	-	-
14/o20736.2	20736	3,3,3,3,2	8	12+2	n	n	12	-	-
14/o23040.1	23040	3,2,2,2,2,2,1	120	10+3+1	y	n	30	-	-
14/o23040.2	23040	5,4,2,2,1	2	5+4+4+1	y	n	60	-	-
14/o23040.3	23040	6,2,2,2,2	2	6+4+4	n	n	20	-	-
14/o23040.4	23040	6,2,2,2,2	2	6+4+2+2	n	n	20	-	-
14/o23040.5	23040	6,1,1,1,1,1,1,1,1	32	8+6	n	n	20	-	-
14/o23040.6	23040	6,2,2,1,1,1,1	8	6+4+4	n	n	20	-	-
14/o25920.1	25920	5,3,3,3	1	5+3+3+3	n	n	30	-	-
14/o25920.2	25920	6,3,3,1,1	1	6+3+3+1+1	y	n	30	-	-
14/o27648.1	27648	3,3,2,2,2,2	48	8+6	n	n	24	-	-
14/o27648.2	27648	4,4,2,2,2	6	6+4+4	n	n	12	-	-
14/o27648.3	27648	4,4,4,2	1	4+4+4+2	n	n	12	-	-
14/o27648.4	27648	4,4,4,1,1	2	8+4+2	n	n	24	-	-
14/o27648.5	27648	4,4,4,1,1	2	8+4+1+1	y	n	24	-	-
14/o28800.1	28800	5,4,1,1,1,1,1	10	5+5+4	n	n	60	-	-
14/o28800.2	28800	5,5,1,1,1,1	2	10+2+1+1	y	n	30	-	-
14/o28800.3	28800	5,5,2,1,1	1	5+5+2+1+1	y	n	30	-	-
14/o28800.4	28800	5,5,1,1,1,1	2	5+5+2+2	n	n	30	-	-
14/o28800.5	28800	5,5,1,1,1,1	2	10+2+2	n	n	30	-	-
14/o28800.6	28800	5,5,1,1,1,1	2	10+1+1+1+1	y	n	30	-	-
14/o30240.1	30240	7,1,1,1,1,1,1,1	6	7+3+3+1	y	n	30	-	-
14/o30240.2	30240	7,1,1,1,1,1,1,1	6	7+6+1	y	n	30	-	-
14/o30240.3	30240	7,3,1,1,1,1	1	7+3+1+1+1+1	y	n	30	-	-
14/o30720.1	30720	2,2,2,2,2,2,2	240	10+4	n	n	20	-	-
14/o31104.1	31104	4,3,3,3,1	6	9+4+1	y	n	36	-	-
14/o31104.2	31104	3,3,3,3,1,1	24	12+1+1	y	n	18	-	-
14/o34560.1	34560	5,3,2,2,2	6	6+5+3	n	n	60	-	-
14/o34560.2	34560	6,3,2,2,1	2	6+4+3+1	y	n	60	-	-
14/o34560.3	34560	5,4,3,2	1	5+4+3+2	n	n	60	-	-
14/o34560.4	34560	6,1,1,1,1,1,1,1,1	48	8+6	n	n	30	-	-
14/o34560.5	34560	6,2,2,2,1,1	6	6+6+1+1	y	n	30	-	-
14/o34560.6	34560	6,4,2,1,1	1	6+4+2+1+1	y	n	30	-	-
14/o34560.7	34560	6,4,1,1,1,1	2	6+4+2+2	n	n	30	-	-
14/o40320.1	40320	7,2,1,1,1,1,1	4	7+4+2+1	y	n	14	-	-
14/o40320.2	40320	7,2,2,2,1	1	7+2+2+2+1	y	n	14	-	-
14/o40320.3	40320	7,2,2,1,1,1	2	7+4+2+1	y	n	28	-	-
14/o40320.4	40320	7,2,2,1,1,1	2	7+4+1+1+1	y	n	28	-	-
14/o40320.5	40320	8,1,1,1,1,1,1	1	8+1+1+1+1+1+1	y	n	15	-	-
14/o41472.1	41472	4,4,3,3	2	8+3+3	n	n	24	-	-
14/o41472.2	41472	4,4,3,3	2	6+4+4	n	n	12	-	-
14/o41472.3	41472	4,4,3,3	2	8+6	n	n	24	-	-
14/o43200.1	43200	6,3,1,1,1,1,1	10	6+5+3	n	n	60	-	-
14/o46080.1	46080	5,2,2,2,2,1	24	8+5+1	y	n	40	-	-
14/o46080.2	46080	6,2,2,2,2	4	8+6	n	n	20	-	-
14/o46080.3	46080	6,2,2,2,2	4	6+4+4	n	n	20	-	-
14/o46080.4	46080	2,2,2,2,2,2,1,1	720	12+1+1	y	n	12	-	-
14/o50400.1	50400	7,1,1,1,1,1,1,1	10	7+5+1+1	y	n	60	-	-
14/o51840.1	51840	5,3,3,3	2	6+5+3	n	n	60	-	-
14/o51840.2	51840	6,3,3,2	1	6+3+3+2	n	n	30	-	-
14/o51840.3	51840	6,3,3,1,1	2	6+6+2	n	n	30	-	-
14/o51840.4	51840	6,3,3,1,1	2	6+6+1+1	y	n	30	-	-
14/o55296.1	55296	4,4,2,2,2	12	8+6	n	n	24	-	-
14/o55296.2	55296	4,4,4,2	2	8+4+2	n	n	24	-	-
14/o57600.1	57600	5,5,2,2	1	5+5+2+2	n	n	30	-	-
14/o57600.2	57600	5,5,2,1,1	2	10+2+2	n	n	30	-	-
14/o57600.3	57600	5,5,2,1,1	2	10+2+1+1	y	n	30	-	-
14/o57600.4	57600	5,5,1,1,1,1	4	5+5+4	n	n	30	-	-
14/o57600.5	57600	5,5,1,1,1,1	4	10+4	n	n	30	-	-
14/o57600.6	57600	5,5,1,1,1,1	4	10+2+2	n	n	30	-	-
14/o60480.1	60480	7,1,1,1,1,1,1,1	12	7+6+1	y	n	42	-	-
14/o60480.2	60480	7,3,2,1,1	1	7+3+2+1+1	y	n	42	-	-
14/o60480.3	60480	7,3,1,1,1,1	2	7+3+2+2	n	n	42	-	-
14/o62208.1	62208	3,3,3,3,2	24	12+2	n	n	18	-	-
14/o69120.1	69120	5,4,4,1	1	5+4+4+1	y	n	60	-	-
14/o69120.2	69120	6,2,2,2,2	6	6+6+2	n	n	30	-	-
14/o69120.3	69120	6,4,2,2	1	6+4+2+2	n	n	30	-	-
14/o69120.4	69120	6,4,1,1,1,1	4	6+4+4	n	n	30	-	-
14/o70560.1	70560	7,1,1,1,1,1,1,1	14	7+7	n	n	84	-	-
14/o80640.1	80640	7,2,2,2,1	2	7+4+2+1	y	n	28	-	-
14/o80640.2	80640	8,1,1,1,1,1,1	2	8+2+2+1+1	y	n	30	-	-
14/o80640.3	80640	8,1,1,1,1,1,1	2	8+2+2+2	n	n	30	-	-
14/o80640.4	80640	8,2,1,1,1,1	1	8+2+1+1+1+1	y	n	30	-	-
14/o82944.1	82944	4,4,3,3	4	8+6	n	n	24	-	-
14/o82944.2	82944	4,4,4,1,1	6	12+1+1	y	n	24	-	-
14/o86400.1	86400	5,5,3,1	1	5+5+3+1	y	n	60	-	-
14/o86400.2	86400	6,5,1,1,1	1	6+5+1+1+1	y	n	30	-	-
14/o92160.1	92160	4,2,2,2,2,2	120	10+4	n	n	30	-	-
14/o92160.2	92160	6,2,2,2,2	8	8+6	n	n	40	-	-
14/o92160.3	92160	2,2,2,2,2,2,2	720	12+2	n	n	12	-	-
14/o100800.1	100800	7,2,1,1,1,1,1	10	7+5+2	n	n	70	-	-
14/o103680.1	103680	6,4,3,1	1	6+4+3+1	y	n	60	-	-
14/o103680.2	103680	6,3,3,2	2	6+6+2	n	n	30	-	-
14/o115200.1	115200	5,5,2,2	2	10+4	n	n	30	-	-
14/o115200.2	115200	5,5,2,2	2	5+5+4	n	n	60	-	-
14/o115200.3	115200	5,5,2,2	2	10+2+2	n	n	30	-	-
14/o115200.4	115200	5,5,1,1,1,1	8	10+4	n	n	30	-	-
14/o120960.1	120960	8,1,1,1,1,1,1	3	8+3+3	n	n	30	-	-
14/o120960.2	120960	7,3,2,2	1	7+3+2+2	n	n	42	-	-
14/o120960.3	120960	7,3,1,1,1,1	4	7+4+3	n	n	42	-	-
14/o120960.4	120960	7,4,1,1,1	1	7+4+1+1+1	y	n	30	-	-
14/o138240.1	138240	5,4,4,1	2	8+5+1	y	n	60	-	-
14/o138240.2	138240	6,4,2,2	2	6+4+4	n	n	60	-	-
14/o155520.1	155520	5,3,3,3	6	9+5	n	n	60	-	-
14/o161280.1	161280	8,1,1,1,1,1,1	4	8+4+1+1	y	n	30	-	-
14/o161280.2	161280	8,1,1,1,1,1,1	4	8+4+2	n	n	30	-	-
14/o161280.3	161280	8,2,2,1,1	1	8+2+2+1+1	y	n	30	-	-
14/o161280.4	161280	8,2,1,1,1,1	2	8+2+2+2	n	n	30	-	-
14/o165888.1	165888	4,4,4,2	6	12+2	n	n	24	-	-
14/o172800.1	172800	5,5,3,1	2	10+3+1	y	n	60	-	-
14/o172800.2	172800	6,5,2,1	1	6+5+2+1	y	n	30	-	-
14/o181440.1	181440	7,3,3,1	1	7+3+3+1	y	n	42	-	-
14/o230400.1	230400	5,5,2,2	4	10+4	n	n	60	-	-
14/o241920.1	241920	8,1,1,1,1,1,1	6	8+3+3	n	n	30	-	-
14/o241920.2	241920	7,2,2,2,1	6	7+6+1	y	n	42	-	-
14/o241920.3	241920	7,4,2,1	1	7+4+2+1	y	n	42	-	-
14/o241920.4	241920	7,3,2,2	2	7+4+3	n	n	84	-	-
14/o241920.5	241920	8,1,1,1,1,1,1	6	8+6	n	n	30	-	-
14/o241920.6	241920	8,3,1,1,1	1	8+3+1+1+1	y	n	30	-	-
14/o276480.1	276480	6,2,2,2,2	24	8+6	n	n	40	-	-
14/o322560.1	322560	8,2,1,1,1,1	4	8+4+2	n	n	30	-	-
14/o322560.2	322560	8,2,2,2	1	8+2+2+2	n	n	30	-	-
14/o322560.3	322560	8,2,2,1,1	2	8+4+1+1	y	n	60	-	-
14/o322560.4	322560	8,2,2,1,1	2	8+4+2	n	n	60	-	-
14/o345600.1	345600	5,5,4	1	5+5+4	n	n	60	-	-
14/o362880.1	362880	7,3,3,1	2	7+6+1	y	n	42	-	-
14/o362880.2	362880	9,1,1,1,1,1	1	9+1+1+1+1+1	y	n	20	-	-
14/o403200.1	403200	8,1,1,1,1,1,1	10	8+5+1	y	n	60	-	-
14/o414720.1	414720	6,4,4	1	6+4+4	n	n	60	-	-
14/o483840.1	483840	8,3,2,1	1	8+3+2+1	y	n	42	-	-
14/o483840.2	483840	8,1,1,1,1,1,1	12	8+6	n	n	42	-	-
14/o518400.1	518400	6,5,3	1	6+5+3	n	n	60	-	-
14/o518400.2	518400	6,6,1,1	1	6+6+1+1	y	n	30	-	-
14/o604800.1	604800	7,5,1,1	1	7+5+1+1	y	n	60	-	-
14/o645120.1	645120	2,2,2,2,2,2,2	5040	14	n	n	24	-	-
14/o645120.2	645120	8,2,2,2	2	8+4+2	n	n	60	-	-
14/o691200.1	691200	5,5,4	2	10+4	n	n	60	-	-
14/o725760.1	725760	7,4,3	1	7+4+3	n	n	84	-	-
14/o725760.2	725760	9,1,1,1,1,1	2	9+2+2+1	y	n	30	-	-
14/o725760.3	725760	9,2,1,1,1	1	9+2+1+1+1	y	n	30	-	-
14/o829440.1	829440	6,4,4	2	8+6	n	n	60	-	-
14/o967680.1	967680	8,4,1,1	1	8+4+1+1	y	n	60	-	-
14/o1036800.1	1036800	6,6,2	1	6+6+2	n	n	30	-	-
14/o1036800.2	1036800	6,6,1,1	2	12+2	n	n	30	-	-
14/o1036800.3	1036800	6,6,1,1	2	12+1+1	y	n	30	-	-
14/o1209600.1	1209600	7,5,2	1	7+5+2	n	n	70	-	-
14/o1451520.1	1451520	8,3,3	1	8+3+3	n	n	42	-	-
14/o1451520.2	1451520	9,1,1,1,1,1	4	9+4+1	y	n	30	-	-
14/o1451520.3	1451520	9,2,2,1	1	9+2+2+1	y	n	30	-	-
14/o1935360.1	1935360	8,2,2,2	6	8+6	n	n	60	-	-
14/o1935360.2	1935360	8,4,2	1	8+4+2	n	n	60	-	-
14/o2073600.1	2073600	6,6,2	2	12+2	n	n	30	-	-
14/o2177280.1	2177280	9,3,1,1	1	9+3+1+1	y	n	60	-	-
14/o2903040.1	2903040	8,3,3	2	8+6	n	n	60	-	-
14/o2903040.2	2903040	9,2,2,1	2	9+4+1	y	n	60	-	-
14/o3628800.1	3628800	7,6,1	1	7+6+1	y	n	60	-	-
14/o3628800.2	3628800	9,1,1,1,1,1	10	9+5	n	n	70	-	-
14/o3628800.3	3628800	10,1,1,1,1	1	10+1+1+1+1	y	n	30	-	-
14/o4354560.1	4354560	9,3,2	1	9+3+2	n	n	60	-	-
14/o4838400.1	4838400	8,5,1	1	8+5+1	y	n	60	-	-
14/o7257600.1	7257600	10,2,1,1	1	10+2+1+1	y	n	42	-	-
14/o7257600.2	7257600	10,1,1,1,1	2	10+2+2	n	n	42	-	-
14/o8709120.1	8709120	9,4,1	1	9+4+1	y	n	60	-	-
14/o14515200.1	14515200	10,2,2	1	10+2+2	n	n	42	-	-
14/o14515200.2	14515200	10,1,1,1,1	4	10+4	n	n	42	-	-
14/o21772800.1	21772800	10,3,1	1	10+3+1	y	n	60	-	-
14/o25401600.1	25401600	7,7	1	7+7	n	n	84	-	-
14/o29030400.1	29030400	8,6	1	8+6	n	n	60	-	-
14/o29030400.2	29030400	10,2,2	2	10+4	n	n	84	-	-
14/o39916800.1	39916800	11,1,1,1	1	11+1+1+1	y	n	30	-	-
14/o43545600.1	43545600	9,5	1	9+5	n	n	70	-	-
14/o50803200.1	50803200	7,7	2	14	n	n	84	-	-
14/o79833600.1	79833600	11,2,1	1	11+2+1	y	n	42	-	-
14/o87091200.1	87091200	10,4	1	10+4	n	n	84	-	-
14/o239500800.1	239500800	11,3	1	11+3	n	n	84	-	-
14/o479001600.1	479001600	12,1,1	1	12+1+1	y	n	60	-	-
14/o958003200.1	958003200	12,2	1	12+2	n	n	70	-	-
14/o6227020800.1	6227020800	13,1	1	13+1	y	n	60	-	-
14/o87178291200.1	87178291200	14	1	14	n	n	84	-	-
